sequence_id,canonical_group,token_sha256,CE_L,CE_H,difference
0,0,be8abab1580fb4ac98baa8cea0cb501137fa0b59fffb1d26e5391554beb5ed15,4.475530750786874,4.454341512976214,0.021189237810659733
1,0,4c913a3eee8e504a0b918cdfeddc052dfaf8e348af3731f742cc3bd31c342a47,4.574164852583806,4.567179072228214,0.006985780355591942
2,0,46531ea2f6de005d33209eadf53eec120b5b342e2f9bff1f44c0592874ad8cf3,3.903504697160656,3.8685309408709827,0.034973756289673474
3,0,2df2ea57920e8faecf0c0b8a65a8df1b507dd345a2955be299b37ad07b6a6f15,4.17618787530165,4.159829730091452,0.01635814521019796
4,0,7db0c186c2b261afe7a72ee313be1f64109810fd06e4128153f1f328abcf49e7,3.9919449790554715,4.00481547592149,-0.012870496866018044
5,0,07e793d50fc002a77a30cd64220ea5e574488124360d603e7100c9ecf278c9e6,4.114639836689847,4.125351552341016,-0.01071171565116913
6,0,fd55b0bb563dbb09c00b3ed61bedf711dd453a81717b2fec87aae63e75068829,3.9033812543379014,3.914306425483062,-0.010925171145160562
7,0,0f225ee6015540a26c799e112ccec318b5ff77d86af69fb2ed360dfb7016da85,3.3491471173459786,3.3563671495401053,-0.007220032194126702
8,0,dff2da1f33d575a192192eb95185af50819496f0316a6e6e7913078535caf191,3.4588958536757417,3.4743939933272685,-0.015498139651526799
9,0,3676ccc385079c643c77ac4a09de30f9af765a0b06d77fcf48ea8fbdc2f51185,4.04728862938866,4.076916895125578,-0.02962826573691757
10,0,b14433175ff4ce512bd0914ee0413429a3a165cbbc901cb40b4fc7016b141f90,3.897149289238996,3.9012825396250435,-0.0041332503860473935
11,0,45f51d4ff4c84df1080764abb7bc47a2bde536faa539b3744e8a0a6c9ac804fc,4.532072879366982,4.529195724692329,0.002877154674653326
12,0,4e62e9f8123955b0a8b4152114ed075b1e561b31f2376474fefe47baf1819c53,3.9974543885559797,3.976466396063131,0.02098799249284866
13,0,4f3bbe3264e2f3af80aab4832275e478403a6bb006a1a924090d5cec78a84096,3.7991225540811513,3.812166126992963,-0.013043572911811907
14,0,4e2de331bc45e37362de036a816b043b9b781e41a99cda12f4136661e8eb16b9,3.9336223312009224,3.946011242642385,-0.012388911441462369
15,0,78dc2662acca004d6dc14c40381c6db37e9d9e396acba2e09c0a40c074231c3b,3.7359418367936,3.719612782400702,0.016329054392898
16,0,a97c3c2aeef44950b7a829d0b85060ad775b21bb37df8f5cd0b73270fe1a4477,4.0079131967941635,4.03269083713559,-0.024777640341426377
17,0,665b8cd2208124a7c2eaf455f02d4b1e39a3264a9474c955777b425603966b0c,4.177029769518384,4.184249642894088,-0.007219873375703401
18,0,52c2ea731a1fb80913f9a8924ae6642c7f1fc9692627868c9f859fb0a20d820d,4.222957921554155,4.215375748830752,0.007582172723402891
19,0,38d1d1cb8d07be4f076202057d553d16068c9a79c4ed7dfc418144bc353cfbf4,4.310968940856242,4.31073219292594,0.00023674793030181718
20,0,f5c9bf5d2bb77c64ed3dc2dd05014908f95866448610cc5cafea2f6eaad9f72a,3.485511553570632,3.4618074830693075,0.02370407050132428
21,0,eb5992f0f01432789325a7dbf3886cfec7832a9b053c2b0f660205af80172cf0,4.003060536651674,4.044276626099418,-0.0412160894477438
22,0,e4c3b45635b8292f5e67a12f92d514b4fa10d851b66db083408c018fa8bc90b2,3.8896445257639414,3.9218542195403643,-0.03220969377642291
23,0,c2d035c3869138910622b0b2f3609be9baa5bec4f26afecebe8f836bf1e646eb,3.870289901024705,3.9191904075584176,-0.04890050653371247
24,0,0737f22e5f89194eab53c147cc81adfbe3f2ae0315bcaf1b87cd81dca5d513cc,3.8038707354327617,3.837186024683593,-0.03331528925083127
25,0,a2364b4cb94565deacd81fcb49c0a76d6cafb9543ae364dac677bd1a31a7ccb0,3.838752746937516,3.851283339298618,-0.012530592361102322
26,0,03a9c75d66e80e624902491c0f397157c49e50effa13d7504ee73706a1118133,4.045369236747291,4.049011094765433,-0.0036418580181418747
27,0,5acecfab5662aaa68a19b0f3b895f45ac4e8d743d89dc7df223d2ba7ae59c1b7,3.839947711822475,3.844130414244262,-0.004182702421786644
28,0,00fad2db6640fa75916b1c253ff87145983f674282c2d709077a6b35b8a05971,3.64940081941927,3.6547271098686167,-0.005326290449346516
29,0,6d85f81ef78d7e05745674468fbb1d7183f80f2129bb9f0ea7784623b5777fd3,3.9205231391689495,3.9502719188170516,-0.029748779648102186
30,0,38afaf66b322994211f61764fb786b6134417c6dfe0d1f0b5ceff353a8a7943b,4.048954446821654,4.039034736395934,0.00991971042572004
31,0,fefea07e997ee196c46b2ec8e2a985871cad37b771d3b98642ecba382149d1d2,3.750798626155344,3.732250785765558,0.018547840389786074
32,0,afaebc882189060872c10bea629a8a4c1c50ae8a99dbfad19f41620f801ebcc9,4.10212927394798,4.084425422782033,0.017703851165947526
33,0,3d53d1caabf7fa1251ab51dcc54c7cd715ab00c4cac160e2b91a1db68765eb39,3.972886656605354,3.989733982531419,-0.016847325926065082
34,0,20725f7fd410d10cadb50849dd524dc5f93a2c7fc43c9bb7e20088963314edc3,3.5700385054477692,3.560304328674391,0.009734176773378067
35,0,9ed90f24c02ebe3753eef2c33821d7cefd19d4bab1218b0c3c66e07d12721e2a,2.920471829716554,2.9380844925741485,-0.01761266285759433
36,0,fcf7e4e20854c93cab07bb31c0d0db82a50ea269594179bf9227d78573c4b8f9,3.447264414168444,3.4686815715597135,-0.02141715739126937
37,0,ebc1d09fa788d8209792310d34fa9c75b8bf90b66468d5dd603471bd35a98407,4.014146865906838,4.032579588733952,-0.01843272282711439
38,0,7be24b206cf885d5f6f434c10cddc8141980e530dfc5fa44953203dd398cfd30,3.6125568291829424,3.6197447443932305,-0.007187915210288054
39,0,47fbb0abf2df424d7efe1b63e0e922fc7554303366b9dfd0c12076baaa54dbeb,4.169703293184995,4.1784755383652055,-0.008772245180210803
40,0,f3103f056b4e07c570d813d9392036053949bb19e93213ac2b936f074b8b9309,3.780093778420053,3.7718304322083753,0.008263346211677458
41,0,29727e3254a48d62618cf7e3f67489e6dd91edea06f725edaa26710b3c6167ac,4.177246125612683,4.124794972913321,0.05245115269936207
42,0,aa1f461929a074db8dc3c4ae59f296d4a6f6688f455922a7c72f24223f7b5c57,4.001790109587173,4.009209102814594,-0.007418993227421566
43,0,f5426cd7b0b7ef21c49ad8739c15fa4713b9ee18b63a2182b73f56de3e53c3d4,4.019092230272463,4.010523639983376,0.008568590289087297
44,0,2e625cfa39ad8eeac438ba85930d9ce052e44642839e88e24a21cb08e279b4d2,4.10963311113354,4.1274391505548635,-0.017806039421323305
45,0,a5435a8280591e6c239f06948a436bf3260fda491ff8051ce223ba42ff4a9098,3.7398504679614746,3.7302637258195688,0.009586742141905802
46,0,b963032d872e61d132d7bcaa4a466fc95270b4373e49fa1543e32caeee5dfa7a,3.596566372489729,3.5592689247943383,0.03729744769539067
47,0,6efe959b9ed5091dcc4492105953d52ffbb372479f55df087c602a84a0e1927a,3.5663936840100945,3.573053037810581,-0.006659353800486656
48,0,10c1949382bd25ddf636ff5a7079d2c18f63bb10e52c3a00369598c7f5823d86,3.766370711628497,3.8055407112476587,-0.0391699996191619
49,0,57f048a47574517a844ba887854d11f88aa56b46a9bae6486da3134ec553c810,4.098247086182596,4.114108608544825,-0.015861522362229152
50,0,e839c07e8e2daafb3b9321c7899cdc58ca4127df41862eb3f701e88241ec0dbf,4.026816019218586,3.997431081018874,0.029384938199711996
51,0,d1de082a737b8d3f28de0175f319d775fcb51023d40569ffbd14ea3740d896e3,3.161420907027317,3.1387811992228194,0.022639707804497533
52,0,a738078811e028a2d6383ebf620ccbf1a560f881fe80f5c3d3f1ac2955fc5a6d,3.7437811567391748,3.73091705510177,0.012864101637404701
53,0,b8c799bfa31c72372145b91d76cfbdfa2ecd43d4f907eee9890da63042ac3b4e,3.847769872979164,3.847518644574727,0.00025122840443714267
54,0,102c61e6097c67ca8f700e0fc053c5411a2903f0a1638e2a703cde3ae35f7fc0,4.189120277741154,4.163829451798563,0.0252908259425908
55,0,ca27561804c820a5d9f83e6750eaf8eea9fc6cc1abefec5102d1a49d2d6584e5,3.8199283594718736,3.815539692669276,0.0043886668025976405
56,0,b737f9427acd3044cd1bf262363ed68300bb913bc3548c0b84da42390d1e2ee2,3.7566079694587557,3.8072935267319465,-0.050685557273190796
57,0,72138327eff02151a70f66f1a6dc3e80e22569860a0df623147f9917109d234e,4.00440931963827,4.055678558890477,-0.051269239252206944
58,0,43c82d19df7ea6e7c73d580b1a70a9891d894213327afc80d72a9933f5ff2f03,3.959034215290856,3.988349886000975,-0.02931567071011898
59,0,e1b68ca21a0340bea17b07c534e780ff44f38e391f525477bcc4f4b5782d1175,4.082477748338569,4.11000719904456,-0.02752945070599111
60,0,72b457d0bb50aff8c972844dc534fff8edd4f328c40e44f61e3ee61f63808e7b,3.529652416456358,3.5265576455859886,0.0030947708703692456
61,0,20e81378c6ef738621bc30b1aeeb5a12a34ae45c9b0a9ff8e662e07b6bd85b38,3.280957646040875,3.326602579004401,-0.04564493296352623
62,0,8f960a6242949edb296ef8e7ff437612d6ebd211b1e63a69e662af5e4af976b7,3.7200799786598893,3.7375067449614505,-0.01742676630156126
63,0,595fa6b5b1cec1cf28d41f8b6998a635f05beca3350e7bfd311832b057f0ee4d,3.8044141633923516,3.8127987328638824,-0.008384569471530767
64,1,6ec0842801e2f99efab6369a2b86ec4807f98261a64111c661c105ed3c007c27,4.121654829259924,4.1270986635285,-0.0054438342685756425
65,1,a18663687e6a6c24939ebeb4fc52fc412a01103e4749dcc3b336b85861c7c04a,4.314993274567996,4.353157539766244,-0.03816426519824745
66,1,b492f5f5e3627608c100aa2b220ca5bd48943b73846c0c18f2834eef93c393f2,4.626937895225296,4.575153875099488,0.05178402012580818
67,1,948296dc1ec1a930ad73578730db9e2e198fcf64f61dcebc5bc5aaf466574dc3,4.437052080862713,4.419635439451326,0.01741664141138699
68,1,dde794ffcf71c88808d5aae40f0f6899fc00012d8d8fd36a9677077e1378ac24,4.6622953550728425,4.671753404710216,-0.009458049637373733
69,1,71bd33471070a9d69d1ff723868131055bb615175fb851e4da636a0c0a2477bd,4.934239509064838,4.919296104936137,0.014943404128700877
70,1,fb0e90a8075d6d3e183e9fd89d796e7160a3dff2653437c3a81b9d7cf8f39b37,3.839815598247,3.844281056358426,-0.004465458111425846
71,1,603de87306656e1c0a73181120b01d1f16cef818ec953b9cab33967cb28f1242,5.002253398421544,5.054566161537423,-0.052312763115878624
72,1,3a71a0a8dff3eeba1289fe5e406d51bba7e30bc18c6f03d25c995e3908983061,5.6533060052151995,5.653077898587981,0.00022810662721894914
73,1,f12602de6d1b44d058d984fa43e1de3e7724239e03c95f07459f6297a04cd15e,5.665174965130518,5.647673941704284,0.017501023426234497
74,1,ad0c2b7a237677f9f296a88314bb74e266cfbea7b1d6f4ee8db4db8bfa96131b,5.5514385676242455,5.560011613596544,-0.008573045972298132
75,1,81ae3d14d4dd89e8f3c89947e5147079cedf46c123d9f51e238112f061cc4a4e,5.323328090684754,5.329319258958776,-0.0059911682740221295
76,1,0de2a7e0cef5625c20f81bfb1deea7edff3334c0a339953c6d71d050dfeeb723,5.521893494611959,5.507846131993119,0.014047362618839543
77,1,bad0941d33b7b6f81bedd791b43b7d2cc7333b1e586d2200e4bb36defbeea400,5.179650512742228,5.2105645788885795,-0.030914066146351615
78,1,7460f74c080a523c06d0e7974de81cdaa7dca63dbb0b4c582eb309176103c96c,5.43170798168012,5.431196494411097,0.0005114872690228367
79,1,5cc8c3ebae959b41c9b38f7164c71a39317d615263872bc0876d069c1aae80f2,5.881735165759892,5.900084436566431,-0.018349270806538698
80,1,e988be1a90632cc5771a7c73dabef2610b1b0c4cdab9d9c697ec40ca91526fa3,5.504507423703444,5.5414959103604815,-0.036988486657037356
81,1,28259d61d9f5c9b0c259aa61e0a89824f38097cd19ef976402297511ccd04c55,5.329157774707028,5.340341729397551,-0.011183954690523024
82,1,350e89aec6c273c1309fac9c86d40f75bb27817fbecee025f26ce2df10559f58,5.466309002842877,5.437793619709964,0.028515383132912575
83,1,2fd1ab76522452e85f0c84fa70e625526be229ebf3c16ece08313f51af66481a,5.406854334155923,5.410271017194191,-0.003416683038267365
84,1,ba9d6643a93116b7a1aa2e49aeaf84172f2c50fd276f1c41854d893191543b61,4.885588478199622,4.862195794860099,0.023392683339523046
85,1,c617a1abd81b517cc05bb01e9f93995b154b5c27c4e7356f89d48dc2de255afa,3.7990929929289905,3.7874701592570545,0.01162283367193595
86,1,082b7da2ef5a0f5b51e53cafa74f70fb92de056d5dc3d3049ba64030ef04b08a,3.6485238184100126,3.6878364599106987,-0.03931264150068614
87,1,693297fe1d0f40096df6d26db2eb1130b15898c76625f40d69f078a9cc2d27f3,4.186244467519494,4.19582049087785,-0.009576023358356167
88,1,1364a1c7c0e28add81b3324659173991a74903c2d3a2f1e57a89984a568fcda4,3.6980636372702236,3.6761507939744433,0.02191284329578025
89,1,9c726f16aabc91b48f62b2507c4f7a5dcfabe0cb6481113bb870c3aeb9b7b213,4.712770155142152,4.749788600900956,-0.037018445758803864
90,1,d4405ee42c13c0d5051f514b20bd41efbe4890bd0bd1e0cdabf6c59286e03329,4.496403523644176,4.526407887969981,-0.030004364325805
91,1,50e0bfbcb29a96e0f16f590681249c41af1d735e5068dc9c78a04d71acbbb074,4.74628176137594,4.783013325914453,-0.03673156453851334
92,1,80b7799133526fe525d8f8c2bed7713751a496a18d585ca02b167a0118242273,4.853195133552958,4.851094265078586,0.002100868474371964
93,1,886d09362a5263723f468f9dde1bfd02485368eb1510a9f7c0d3d1079d256ea6,4.777799544098798,4.774265330396702,0.0035342137020961673
94,1,38a8debf8ac1202aee8b50c2b009297db1e22a031bf62134287a6a06628ec739,4.643030933667433,4.617624286820501,0.025406646846931835
95,1,27449c2fd3472a7407c6fb8f2878b3ac5a44adbfb0c4502bf564df81f9c630d9,4.712982085613248,4.7225918979329435,-0.009609812319695266
96,1,af83b7892bef19260688f5f54ef19abaff1a48a74b27d6d2da4ca669c230cf9a,4.641482710882883,4.637307080674873,0.004175630208010261
97,1,9a932e6d1172d5e5d70a444205751a953a1519066eddae141c67232bd4d26702,4.235860544806201,4.2685635696962265,-0.032703024890025745
98,1,c7d1afeb6742c2b56d71c2349e92b23688164125e180a76834098c2bdc7113c6,3.563042111103073,3.6007325098075,-0.03769039870442725
99,1,6fa49f048bd68ed0094c9fb5dc6f67d6d6f32cbc59a5439c98e0800fd1ab7204,4.090305235416963,4.05882314485325,0.03148209056371343
100,1,68a1df5e7da84a61d064e6791046bcc8475b99c6930885dbe8807d410675896a,3.890661630646946,3.89311498802158,-0.0024533573746339243
101,1,fd491dc1611fa25e4fcea414a049f21a8d09568dfc2a0f377f331a18a3851ba4,4.206949267410451,4.19852779319794,0.00842147421251127
102,1,4212496b8a40b81920e47779fe3cba8ad9a40d7b2ae6f05c716518a470864fb2,3.7979123953919043,3.7958087096651525,0.0021036857267517917
103,1,bb79427e440baad810965e43259e77c02ca53eec03fa4fe645b783cb49dda3ae,3.936740706779915,3.939712410639231,-0.0029717038593162215
104,1,802b3779fb6c1953285960e4d537f46d5534e5541e51ddce0a6f2ccee590781d,3.7297932708143122,3.759630781870243,-0.029837511055930577
105,1,cb6301e2f8e5c7df33d94efce7828798af0858050c1563a502506aa9259915a8,4.106296107599064,4.074011111704522,0.03228499589454259
106,1,cf9c2874b88e295476cbc6992f59c4174b773294958db7995a8d025a5628aad5,3.8248988651403124,3.8183788478818315,0.006520017258480948
107,1,ec4ee18225b7b7112d90c3ae88ec6e064423238abb4f812d837425ddd024b57c,4.2842654519317875,4.288645083018878,-0.004379631087090274
108,1,c9cf318d00b2d69dd5f110917300e1d0a079074684dbe2c30e6283b845ec54e8,4.226037735719331,4.2509188900477,-0.024881154328369348
109,1,1a0eb5a0d4bfc99ce33f123c93202e4732b60c4e3d15c50f0e220d0ebb0a21a8,3.4616770778541053,3.4426163727939354,0.01906070506016988
110,1,db5d985f603baff68de0ed53ccd3619c478ad02ea43080c25b0331274795e626,4.091797077406042,4.060195175206786,0.03160190219925596
111,1,23950140c6e24cf3b00ede7d6942b1666face299f332b0fadf68b44bfe000c0b,4.15002601021763,4.132073401494438,0.017952608723192043
112,1,a7dba0efaf665f8d6f30e01f5d43c0c10993e0b586bba95131c8f34aeb1f1abc,4.156629202203021,4.187775348808373,-0.031146146605351532
113,1,c6a359502d04198e67517a1f6e74d09451359caecdbf682c25f7726079ec9434,4.27353326496096,4.296197918025342,-0.022664653064381923
114,1,ff19b73908f3aa5c41b6e55ccf865390c9a36918617d7bb4039485f855756b88,4.32030654029893,4.321388314681144,-0.001081774382214462
115,1,96ecae39d050ef3ca88f091f9b8f5d6f704c13857ef25c17bc58867f9594f64b,4.357765973633377,4.344894476703303,0.0128714969300745
116,1,5a3e37ac5089d8ff67659d677f8521e81b820c57931c157a79cb083d0079fc75,3.8561922852093176,3.823084124111574,0.033108161097743505
117,1,236865bb4f915ce770e3f6666e1ceabe7fb727bf2e0989f2d384130393f0fda7,3.7417706830944297,3.743934549692085,-0.0021638665976553284
118,1,acf486f7b2856cbc26b30b9e84b3a8444342a07f8bcb5760bc138fb4215da28e,3.953352470298114,3.9655258484950764,-0.012173378196962403
119,1,7b7f529a1881ee5d66ea25acc8e63dc1b6ad4290cf312d06298c6864c72e690b,3.519186351539247,3.5052350857309875,0.01395126580825945
120,1,52c2371d7efe513073c89a2507aff3424aa4b4d45196039c3c2056cee2f2b57d,4.095259506687853,4.100732385034007,-0.005472878346154175
121,1,74d3f1acbf4bdfaf36ac074e628243fc552d77ad7d6ba6d863b92f8df2b6956f,3.7213625709965648,3.7289675809488187,-0.007605009952253994
122,1,a818f9c31efb67ce40e0e6f0e6c1818649ae1c56a67d8560b7a92ba5dc721ae1,4.024832069844649,4.036498550253796,-0.011666480409147084
123,1,de622705e9af6ef8b8cb565319e413932cd2cd06c1111e12d9fe82cce9774a1d,4.3300265119144115,4.32661756967309,0.0034089422413217108
124,1,9bcb8868c093d44c17e19e0442f03daba32fb36d1f1d8451a44020432772b37d,3.4791696702726256,3.4800083525625496,-0.0008386822899240087
125,1,96b396ab419b86dad278bdd0b4db905805b311553128f2c460cf7e319f557568,4.013131523533135,4.010686163113803,0.0024453604193315215
126,1,c4e0b5ac4b7e08bf80d782cc330fb9ab42475f8d4403bdc5a22d9896580f06d2,3.8909629752164356,3.9169349421110624,-0.025971966894626775
127,1,2385511f98f7050d81ee7919430cee77b1b9ff3b1d1b1823eac2b523d40f7266,3.5199227284881545,3.5572430571202744,-0.03732032863211998
128,2,f2851fc7b3f9c545676c17758ee521d96fb98657f3769365a178a67f179c5af9,4.303946181886587,4.304535111386571,-0.0005889294999832373
129,2,ccdc09481e4d644c85ad1b907283e37171d83f923f52505aee3dde67e75c1e18,3.967601198563159,3.945359933975908,0.022241264587250953
130,2,54c423ed9420b6abf824ab759fdc495cc9b3e3361246560ea12c945446d488d6,3.3711063877365746,3.384169994815039,-0.013063607078464656
131,2,36c28ad098197b4bb64015b7f6a048738db0e364f745c84204f947f672049c0f,3.401101780222376,3.3987659076764203,0.002335872545955908
132,2,885eb8372cd6658e903697852b94037e2f9d599f5b1358591d56dd0ef5b35635,3.9109608508484826,3.939561862836399,-0.028601011987916536
133,2,ea790cf03c24369ac9283d63ec46eaf7d3537fa5804a8ec6dfef5ff9c0a76e03,3.9884780243958176,4.007628251379401,-0.019150226983583707
134,2,f35baebb8f4ba60a33d970f20ee85aef179fe211b4c46ea199e27c1fce14791d,3.926573830742427,3.909148085803402,0.017425744939025378
135,2,2e93c6281c061831faf5da27ce63f3876e71e4858a6678c5540c128840074e6d,3.6078641407432244,3.627028861987128,-0.01916472124390367
136,2,13ecf1ec3e18474de729342adb669e3a258adc54c54d1bbd8c89be107c1c991c,3.9942193332867646,3.982694414375601,0.011524918911163695
137,2,81a841ab0151bc7c3d2ace1e074dffdafb3fefbe50afc183e93bed576a4d92ba,4.0106021196038455,4.033788844635637,-0.023186725031791866
138,2,ab26715cd0c6992f024d49257fef01707f89ad82f135eecdd3436da6d6840f13,3.953999200356293,3.9516246530874923,0.0023745472688005975
139,2,26a310c763113225d01ef16c4cf0f007ced3d6ed1e5a8cf446265d4b8e478d5a,3.7905688538922107,3.7877785008674323,0.0027903530247783692
140,2,dcd10e89b22dac1839d70f0462b46c8e649d3eb40a85f1f7a98436620ac4af24,3.9366004126683407,3.9009695390428476,0.03563087362549311
141,2,2304abe835b1e9b41f74e0bb6656713b0fd2bdd7831ce82bc146d732c34cd2ce,3.3085418250675502,3.2768919751792964,0.03164984988825381
142,2,76967ddcdbd947651f7b8351bfdf1b1026842846ed87b04e647adb1047cd4f95,3.8053602081143936,3.818365078578097,-0.013004870463703355
143,2,14d886e4e8bec0c553f25a81de60190ca0446d8720fd178cef69f515bdbb0995,3.811322202548581,3.814196587749848,-0.002874385201266705
144,2,a6802bfbb977dbf360a69a511d6f9b55da04c1fbcb24f64fe4de19ec42bc04a2,3.7493741966696206,3.808577015191389,-0.05920281852176856
145,2,b85b5fa909fb586a0b06d71c51f25136bf8256821a93f659a6e6877b63b37057,3.5064818411180383,3.512322978881947,-0.005841137763908932
146,2,228010404d7d8b169dd590e1e5515021b896485993fb80fe594d3f76b9f0ca7a,3.8501293575286297,3.865023050075706,-0.014893692547076398
147,2,7dd28ad96b032fe26d5dec15ad2103ba447ce0ef1e8e8e8f52d07edf456bc0b3,3.7702786403627897,3.7592842270333904,0.010994413329399322
148,2,245a1b357a62bf50e1bdf92117b59202cdf6362a749435ce2aedb2562d47b16d,3.9496240338971234,3.9675479301683367,-0.01792389627121338
149,2,c283cb83bdc9d044e6d9455a798bd42de55580044606db149f377315e8de9f6e,4.12168345404848,4.125063380515513,-0.003379926467033556
150,2,00927105af7e34314fb97cbb8cc8c0e2011de17d03a2456346069f4edbe86f8e,3.96357111816738,3.9893350883307335,-0.025763970163353633
151,2,d929914e3568efa248fa0bf25e0762e09cad2312d639ffc491ae0c5df1c2d558,3.907483206762379,3.9096114034635576,-0.0021281967011788083
152,2,23fb76a152512b17fa221ceea21af7c7cd5d968eb0b46e2917e4e84920369b76,4.2478722394583315,4.241970440156649,0.005901799301682331
153,2,2554ea5b1ebe409263fee92618bd8d364a80696d10f747a3d73d8f20be6597d4,4.057094502594509,4.08843173781554,-0.031337235221030824
154,2,54f7629ed225c223e25fb21612ef73fc10a5182ca21ace7d0a6a71794b51a207,4.353669533679522,4.361694950202434,-0.00802541652291211
155,2,ed52730878c0e802254b3bfbbbfde509c93414dfc9286c044a48f449a0d181b7,3.7245019467323743,3.710997059664251,0.01350488706812314
156,2,2fc9227dbfc7a108d2b0c914a5da5f20672a41ac5f83a774e9ca69b1d0d1dc4e,4.1764979828990505,4.16371775664409,0.01278022625496078
157,2,f403a289cb9da817c5d46d4c9dfab4db33690ecffc52b3181ed4e86f08186626,4.256834576505412,4.266412612118188,-0.009578035612776148
158,2,4833abee1bd8bfb3ac0efa0b9b06d621c573b3836bacc7aa5d9beb62862325a0,4.538646393189424,4.523248829996646,0.015397563192777852
159,2,655078c1386a763ea0e5be97a64cab60186f8f9a7ece5a6ec3e9655de13108a0,4.338421891223049,4.319602071392694,0.0188198198303553
160,2,5d3ccd7b533aa2b2420c13a2d8735378834d68b42b8bbeeaa176e13bf6508607,4.387546025798372,4.387352825428266,0.00019320037010572833
161,2,7e483853d5d2a4dd660eb98f03e67b0050449c98e256f1cf3e45074aa95cebbf,4.3120951742818505,4.319895489283724,-0.007800315001873059
162,2,4ce6d04693314ba978e3ba7818aaf22d50c8482c4a79eef3397859c5be718e05,4.360918095055013,4.360680244049377,0.0002378510056360028
163,2,93168ebb6f56ab03fd9f0b96dad779c9daabdf3cc3683ceac8f81febeff501fa,4.152551511234293,4.135086527868282,0.01746498336601121
164,2,67081aab1039ba9fb7cb07877f8f53a5a04a5103efbacdbdac6a59a3afb4727d,3.845189643315358,3.897499951594625,-0.052310308279267304
165,2,569b26c1338afe46426aeb6029bebb6c072de68e7cdce834ced2a25a69784216,3.797436770315585,3.8086130694366176,-0.011176299121032685
166,2,25cd46dd13632d1f77bbc3b9d1f92e0fecbb337aa09a7dcf5d22ba6fe4ff856e,3.532169896145753,3.5528495289993316,-0.020679632853578767
167,2,7841022f5cbd0c0e409f44723ae5909bdfb48adaf76a95d6bfbdc597bf846972,3.737390873087918,3.769711829452035,-0.03232095636411714
168,2,b0e43c0653b3c1754babefae926c64c12055365670a07127e5bb69dde39b7e35,4.0569817873217815,4.047941217709976,0.009040569611805438
169,2,6c50f51944a5b4d3d87b5f8b996f98ac1279c2a501f5277c7c7f121b69709827,4.268054783448335,4.282453040057419,-0.014398256609084115
170,2,0be02c8b8c9c68234de029771559e5cd6d320982dcd7c7be7a2c5d2590f2815b,3.275044407688142,3.3076872269802493,-0.032642819292107106
171,2,b639b12b957c57cd8d4f84f5e80e6ddba38b4f601f2f1f8e837b7140268a32dd,3.3680362763388914,3.3657702911820024,0.0022659851568889167
172,2,8f0a11130bf769c287ab373825ecc0b6b45fe99b77137f2bf1e47215637c2082,3.8451703511651942,3.857595308725024,-0.012424957559829863
173,2,a8a63129d59fe1fffb1f38c3f1e563b1e9481a96fe49e252e011a6f395fa5490,4.1144557401107065,4.140413817611176,-0.0259580775004693
174,2,5bc661829c38aa20ac2bcda08bc6a853345954a4b5071581dabee2b21214c4c3,4.187846554863654,4.187200512945537,0.0006460419181166799
175,2,ca312237fd938e037154a00225f0fd1578044ab9b273b5f879d87ffd193aede1,4.111522884573638,4.124815718449469,-0.013292833875830468
176,2,aa5c47bed90a7237522b2e943d01c5a513ac556191611013792bc50997ba7701,4.1788730379025765,4.15978431522683,0.019088722675746794
177,2,d0737c378500e59829e083d634ffecdd47c7dafb7a0acd6c312768373249342a,3.9738804402032315,3.9812538130682924,-0.007373372865060901
178,2,792a370be52458d7fafa9ce3665516fd3d77b6ce37110ebf515ee47ecb105302,3.254295500852095,3.2610720563627638,-0.0067765555106689135
179,2,1d310f2f175d92caf63ed4ec8b5a39df0ff0cd3a748c8a7da750f90359816605,4.0842179879034575,4.094054220093099,-0.009836232189641692
180,2,1958e5256db4ada302be3b2cd552a72f08f78999a1364e816450277239d86b6c,3.397732033602381,3.4041571780434055,-0.0064251444410245995
181,2,07c9213cdeb51d0168acb430127bd15b56b08512589cbf23ed9ea78a8daad2b5,3.6879348406882855,3.6673047887236407,0.020630051964644736
182,2,fd00a543d5dedb30348a53dae31c0d5a854c588be531554b64cf415c036f4bbb,3.8836396254332612,3.888824526092776,-0.005184900659514824
183,2,d998072af356b96f15a4515b88bca8b67ba6aa506d0ee0220808d7eea44b0399,3.76215672389867,3.7733726586737077,-0.011215934775037795
184,2,6d9c623bc5437f85d7ba3430b24a552266376219cf07f12cd01dde89a07298e9,4.1542974905106576,4.1781371416366255,-0.023839651125967976
185,2,f8368fcc07a55b7b166f837303ed2e46e612ea2a1930bcf9b3c3776099c6618b,4.14780107959848,4.15187973695879,-0.00407865736030999
186,2,c16f5e9dd69fce47e3a4e47bb7155e1e6de03041bea5a8964073593ae4d59612,4.069607345560911,4.046242816215454,0.023364529345457186
187,2,4a5ff07a49332d5cd8dd595fc2680f51c2d98023e1bf00958a6b9b11d7ffb396,3.882296567531313,3.874172666170665,0.008123901360647778
188,2,847c2ef4bbf03d40f187c7e860d108e80ae158b72aa761a4eb4afbc600fd470b,3.984304276891521,4.040246552417557,-0.0559422755260357
189,2,0dd32a09ae8eeb220447e240b39b795c2d7d2a6a9427068e4ed5aa4f20da642f,4.013334089997869,4.042450444838735,-0.029116354840866165
190,2,707d57c07441b930fef86e8e391c1a7046f0bb97b7c1402a7ca043ce229d1c0f,3.7726457501941795,3.786278850952833,-0.013633100758653427
191,2,eac54d556a6c19bb2c68ea4ccee310f414caf9e7872ea1f4c6bed7ac33a4a01b,4.109256046962031,4.112329639564706,-0.003073592602675035
192,3,140397305070d6abf43c665eea02f10a2c992f575b9013d69eaf1753c4cfbc99,4.13983075443025,4.135206645233438,0.004624109196811332
193,3,87a479c3d861a95790a52718ccf37ce09ac8d480548576dd7c8c8ea275289df4,4.184027461738566,4.166895502215709,0.017131959522856732
194,3,cdd3dfad71f1cf68a0b7ef570efe56099e0dd8ca601a6e6f822a507cce4d2b90,3.906371969808191,3.9227429148807573,-0.0163709450725662
195,3,bc898476a7fdefa232cbbfebb5c81657d1f4132cf0d06b4ffe3af4505cdc5327,3.7129632805939536,3.738387337620395,-0.02542405702644146
196,3,53e2995da1769584ca4bff64d439543bbe852304fee12a36020859a0945cebfe,3.877515149211172,3.877965994509335,-0.0004508452981628608
197,3,15e68712d4c58ba17daaa9d6ffc6f83031acb753f0630d1bdc4a58b551efded0,4.481078810533745,4.462462068724392,0.018616741809353243
198,3,df5808a7b2dd1067ee0ab001266c6cdec7a84a5447c520ae333613fbd4e7da51,4.152293732689486,4.1485896028716525,0.0037041298178337456
199,3,114810664469e713cddfe6bc9742bebfa25697806ef4eb7935eb08811b3e5e7c,3.89141557862618,3.91308731370718,-0.021671735081000065
200,3,c96a7f9fd7663ef6607e81d78ca5d3097b1421b2baf297887736f0f16f5fb6d8,3.9365972976274293,3.952518700774192,-0.015921403146762714
201,3,5625eba229d02884f9c4cd7c7137f1d9c4249714cd70f5563aee2361f2be9657,3.934302773166806,3.8824724795410077,0.05183029362579816
202,3,0d00d50293bfca2d33177c0ca91283dd65a9649ed7e64a63f97e1c73a1ec16cd,3.6389487167864445,3.6200201417184417,0.01892857506800283
203,3,85e8c066cb1ad95ef9d8f223ea63aa3c91550e921af058af6905a78760ae993e,3.451915169875406,3.4642344008711916,-0.012319230995785801
204,3,33bc8f8dd0ae242d2e8035ddfe4e1df2f7d842f611f5b9b541b1fdb630880864,4.190448231706496,4.186705948781622,0.0037422829248736633
205,3,ecf20d44aad3e0dc3ed8c8ef6aebaecf131ee20761d3fc558caa32723f9d00df,3.872487290314041,3.8768038968709106,-0.004316606556869829
206,3,0077c17e4747842fbf09b3663812dbf36db74ecb1758cc251212250564f68e60,4.255611153416567,4.254632699829813,0.000978453586753858
207,3,c37a3067093389352bd48149b38c62d46e0cf1cd7bf4e28a4de91c876b403cb8,3.498674129373768,3.522490652977467,-0.023816523603699125
208,3,896e45bfb4b2869686ceb7f4bce712a53d0adaed2f42d8312ab447e77a0bb16b,3.8243171429455742,3.816835598263424,0.007481544682150343
209,3,55bb24459f0c804cf698cff3618b1d67d9eaea32f90a63e8be5e3984b2a4739e,3.963260454977103,3.9576165746116203,0.005643880365482801
210,3,d61a67a726c3a1a886fc72c7986c1b4a4b23f2f9738e17cf8ba82bce9c186847,3.7323459033140125,3.743532326995023,-0.011186423681010638
211,3,529427bc440dd58a46a9f91aefd986367280e79b89e1289d9d7823e3adb6aebf,3.4004171418882834,3.4112179002258927,-0.010800758337609295
212,3,54ffbd4ae56b502dcba72887e983d44a883c32648fc23c1bf47dfd5a1b9bfbb6,3.5028574732810966,3.5283627250657332,-0.025505251784636584
213,3,d90d8474b960083c9034bd870ae4eef2a2b10456fd55d46a6cd3a1e95b3680f8,3.64344430181049,3.653499549290629,-0.010055247480138974
214,3,f5ae6784b25d65d553f8c1e90f8225bf96eca9e5e6c0cc722c505f6a58fbb906,3.9909300498941036,4.003176176043098,-0.012246126148994563
215,3,64177d3d38c85c3212be4a35e0344803ace66f25137308176e8d859224148f7b,3.4473031667081457,3.4656545823110747,-0.018351415602928967
216,3,72c7c0dd7ef311fc7e822d37c95df4ac8967e318c7316e57d3831c1edf043a3b,3.5650726125665138,3.567533885117939,-0.002461272551425253
217,3,e3d97c4b0bf0fd10064da9a9cf5e4a93f5f7d0c42533f68d5416403a1564f843,3.7165167250544755,3.700580566474244,0.015936158580231563
218,3,96dc6626f530895746b5db9f1e2adc1de1a6771472d723ac4ab9bce388fee1df,3.984732413878021,3.9707054469092284,0.014026966968792465
219,3,334b9fa0a1af5f734a6dd8afe59b2e91f630943559fc786f0733d68ae234a4be,4.882565868315453,4.861152702875415,0.021413165440037574
220,3,8e5b02144d9152f9929c80083254921408b45dcdabad838ad986b8480ec0b3c4,3.9424174269197607,3.9485859957697755,-0.006168568850014822
221,3,1858f96afc70a372e3e0be75052882c7d15beb063cdd5212ed8a4f4da20aa778,4.390245512746333,4.407234219113434,-0.01698870636710126
222,3,007ac5f8610f45643cd142847f144b26da448c63f359491a6582ee9a77fdd50a,4.402362519197936,4.396767134522065,0.005595384675871173
223,3,93304b73066caa3f81fa4808d2789e410adc157355a81be002a987b08e9083f8,4.297044150466263,4.299866155168388,-0.002822004702125014
224,3,8bcfd33a23a7915e9d64da63423e0a0f822c30c4e121af534c7c5bac7a055b67,4.280464938960904,4.284336088895998,-0.003871149935093854
225,3,109aad6329da63d34a5f6e8a9eaa2641a18a949fe85d93e948e0b90d28df8b1e,4.014703709542118,4.001517339656857,0.013186369885261229
226,3,216caa1a3d3eabdb6e167a42f17f131de3d350720d5fae2587c479424b6a4183,3.7659827870003255,3.827895559436655,-0.06191277243632953
227,3,443756e794d1179e5e997fa01c36a6543cfbc408674883ff69231672c12b1d50,3.790514532259543,3.8370425781332074,-0.046528045873664325
228,3,9d0b121dcf075d11dc1462dbaa465f897a3ca11717dd287a24120e621e1fd221,4.246849882553079,4.252620320630513,-0.005770438077433937
229,3,19c512324a0f45bcde4279d016b9e6b6832425e5b89d1a64299e97eacbf81314,4.424334092441313,4.439078584101253,-0.01474449165993974
230,3,f5525351af40db2d4cfbdbcc2fbb978b5640e828de3b6fdfb6d67785b62dd620,3.496694140744834,3.517597898289722,-0.020903757544887824
231,3,7a13e403c9eccf24b01278013146076a3d1409e454c288cbc86af0974ee00b83,3.8328726036349394,3.858055658660362,-0.025183055025422618
232,3,90090a6899fe8414a6d287eaf512ff78005b06301ffff3f2772447b848d16d2f,4.006485254803692,4.009075308515037,-0.0025900537113443534
233,3,99532d8b0498d99d6d2b5cb8d44ba360be91b4a27a151caa4d2b506a1a12e0a6,3.7072304882550213,3.674001515685802,0.033228972569219195
234,3,e91034c667e6f943fae056ca732e1a73b1c4d6f92982592cd0fb96594b89cf80,3.8023050318127503,3.823295343481618,-0.02099031166886789
235,3,735cc55c8f3ce4e99c2b89f77b657ff97333da37b5fb335522ec8ddde5363aea,3.536754823503486,3.560629996644934,-0.02387517314144816
236,3,9d395b5544375d2b1243358161ff3396e31ab49f5809039fb6ac744bb0e23ecc,3.6676396895566086,3.6661703767166784,0.0014693128399301258
237,3,f38cb1ca403ddf53ae4a626e0cd76003f006c3cf05779427fb0e84258a3a1b44,3.3248404116442316,3.3777286613403135,-0.05288824969608186
238,3,3d6108c4c2acf1f1e93cd7b3e961ee989c1cebbf91392faae49464d096717553,4.257127127306646,4.284628124086453,-0.027500996779806997
239,3,e7475cc899d9a69fb11afed71651529c3590e7c7fe9af735cdd6ecf993ac8d6d,4.29760204686653,4.298506491471102,-0.0009044446045720633
240,3,e2ce27816f8e73b82c8605a6f6f519e8ce1e8254617a513dfb700008b0fc4df5,4.267203384058234,4.233332745251914,0.03387063880632013
241,3,b0e7bddac35b7a9eca2a9c1f0923d9f67ff16a5249f821f518bdeb6da85756ff,4.196113788007665,4.189187681451585,0.006926106556079503
242,3,071477932921adb81a1fbe4623d698fd2f77e2bc95b7890b3801bda4d23b1673,4.285204355818642,4.2856170945567555,-0.00041273873811320527
243,3,fb25886606d4b13c03e3e3d8c571cd7f1565bdc93061693da5b7a4fc33226348,4.359323527263427,4.3824520056622305,-0.023128478398803054
244,3,b5683c2d6c92a99d11afcdc0bf7e2aff55e9b0f7bfb9bcc0fe053a6720f94c58,4.229064670981671,4.192739234307737,0.036325436673934064
245,3,485607b3454052e08c478c6d22fd1ee47b0d39ae8348cf5302ebea6cf01a1ab0,3.885068756659223,3.909703907266703,-0.024635150607480227
246,3,b63bdff8e1c797a2816f0fd16d714c237683411c714f0168153b6c90aabeace9,4.366017227797592,4.387932456591962,-0.021915228794370023
247,3,f5d313846bcf9735695b3508fc87573f72dfa70063e59925db65d3bb79f7d34b,3.898560649016872,3.857786152650533,0.04077449636633901
248,3,775cb24492df6ace425fc8a69b8f42edd72fb0d716ec27074fbcb05019f8cd6b,4.17860746885674,4.205615433218497,-0.027007964361757786
249,3,e1f408770df01ccd57a23bf7ff9edfc48584ec193600d6e1b9867734a504be2a,4.4884580148698205,4.514127529419511,-0.025669514549690575
250,3,dbac8447fd654d1867038f0076b8b0b77eddb7738909fed371fb18d325f78044,4.252437088246097,4.27156211188867,-0.01912502364257307
251,3,53d088e6e61066ab2ca9f356839d30d8a97170dc6a88d0d8048f5c141ee0f297,4.3097821490709975,4.356415507775637,-0.04663335870463925
252,3,2d19b3fb135c59ef94b17c3d141e91181d77efeef7d12528896d37ef05d68b91,4.304829400569815,4.325641042210009,-0.020811641640193557
253,3,27945df8a2980fa35bc1865301aad2b5ced23c516f48f1c7a0cee9b224174c67,4.3316942529618245,4.320357381002168,0.011336871959656492
254,3,c8ec2c57748ebf722f20d0055925c047483bba7464b46c367bc1c08a1a2bb61a,4.290544317419062,4.272259561647843,0.018284755771219352
255,3,7b1a1b47ee82b2db2e45cc9d4e65807646085c69537a0f53b336c4d58f70f8be,4.645130816733172,4.606371749502614,0.038759067230557775
256,4,dc4dba5d93e9020a3d9a7a4620769e6b1ccd4486e5620d9e2461bdd20264835d,3.5741363053054442,3.572903661257172,0.001232644048272391
257,4,4308869aba0cb1fd826d91b8f10041d10ff29ca57e857f8641191027b576c1a9,3.732242506306193,3.7260919924776488,0.006150513828544035
258,4,b99e8af2aea5c340f79a1ab5b0e256e5a441d8f13e23b66d48c88f0f6286e395,4.137049006509841,4.131374239787675,0.005674766722165714
259,4,debd0f5782e2f7144daf00c1bc01d1783c409972e46b81ee96629d3c8a5997ef,4.090526487141062,4.097636059927751,-0.007109572786689
260,4,df3bb01580447c7b7524653da0fa7acedfad34d79ddafa40c167c79812a7d66a,4.320274816032487,4.302087357166357,0.018187458866130157
261,4,5c1bba5c719172db864133b74a642456e0e67865eaeb287edfb89d088e9aa0f6,3.959332444680456,3.946855384872876,0.012477059807579849
262,4,56303ad53d894bde2867a07a65a3423e8d3ea6870290f7e12859138d31374e70,3.424029578620271,3.427340157265263,-0.0033105786449922903
263,4,ff51ef45081e43b336d9781bac3f4f0d92859e87ba5161f0d4d60860c961db64,4.481068651836722,4.463998182416319,0.017070469420403356
264,4,f8d5682379e53ea21a9ad3008ce531994993f5d16d3d9cf7d3b752f23a382953,5.350492196112668,5.329568746129269,0.020923449983399678
265,4,0db69cd39220f9978bcd473073f3b5812a573acde9f1cd47a39b4631137ae3ba,3.9119944401268185,3.9115496107715444,0.00044482935527412337
266,4,008d74a0edc1778d0451605488da7ead254a9d2666db4c5e5b14fc66bec24b3b,4.138664310675381,4.1773917761577195,-0.03872746548233863
267,4,093712c8a906d2179e23ab5f56ea4cd4b80f99d76430f17bf613e1d32249cdee,3.8868901714541266,3.8829495463920978,0.003940625062028857
268,4,51dbed25349dc64ea0cbc598048fc821d9a629f70c87d1c1f8ac90a50e4ca072,3.7628210101108266,3.7660103001869913,-0.0031892900761647525
269,4,64f0ea69d5b9d6b3211b79cb88d361b36a23c98a9587ff4f8ab24128c5078f63,3.717465578330348,3.7366127353604384,-0.01914715703009051
270,4,1b63f4be091207605bf5103cb9488ec7cbd4670c0d2bb9062914aa3d268e0098,3.6927207762681746,3.741580683823514,-0.04885990755533953
271,4,659a4ea1c958da7e0caba996534ddfa9ac8f6ccc3bae5f59ae2169d3e22c1f4e,3.6398818435536597,3.6207705221415267,0.01911132141213301
272,4,156bb878ad40b0ae075eda67ffebf8dd43518179128df0891d86b509c59862f8,3.963804996704255,3.9537165712119418,0.010088425492313036
273,4,8c11b0b6bcc21af5b2ebbbd041246fbcea362e4cd48c04185e706abf615317f4,3.905253484049922,3.9244110391649656,-0.01915755511504358
274,4,d25614ceabd3118bebb3af182d522de3901a4fa46633a35e0e461bd00c7262d0,3.9001301561496575,3.933800103354912,-0.0336699472052544
275,4,bc4ce18485a71e6e821dfba6507b9246a3a16b68d5530996fde5a069bb9c0948,3.911093932489166,3.917779827731806,-0.006685895242640072
276,4,268b7eaa9165dd2e7156b0727320126d1d2dc8dcfc0755fade1a66458528d467,4.067326494375628,4.034206238601072,0.033120255774555574
277,4,8ff475777db47de1bcb079eaa7737fd60018f553eadfb95cca37d33a087e7fe9,3.858486555756457,3.832379377303617,0.02610717845283972
278,4,dc5d3ad7290b973dbf08a0a3307915b31238ad4e64d8a6e0c8753b7f7e4c2e08,3.9040899782200853,3.9073977948283556,-0.0033078166082702865
279,4,595d5e6346fba064a5fdaf50d6e55f32f0a374ccb3776d334718ac7bdd0e3edb,3.9904600528988112,4.0147232619465285,-0.024263209047717282
280,4,df8440ccbbc1d67b570e84c2b96515ae07a721e8099767e2e29f08980c9cc3d7,4.110942469082829,4.141461339821944,-0.0305188707391153
281,4,08913558326772a6ed37e6e90499f62b8675dd92cef75dc187402b05d8594d5b,4.234159822010497,4.270453217216527,-0.036293395206030254
282,4,3824d0d7d8d06b1fe0610cc10c43df1e9e8bcf5bd6d6dd90f89cb4b8d42a68c5,4.417138567480791,4.4182282213206605,-0.0010896538398696975
283,4,8a140f181632452057496def92bcfc589c12ca18a38adf8c72a7c120cf506eef,4.620749084481417,4.588251337413567,0.03249774706785047
284,4,25976291e18e540fe04a9bc2c9222107db513c5d0a0912f482da965022d0e677,3.807768530467115,3.8296655161267665,-0.02189698565965159
285,4,1f6dfc2c8489ef78961c21785139704db68c39aac59e889e781d6477682d769d,4.005827970919029,4.0200927790899925,-0.01426480817096376
286,4,478ce2380eceb7fae0830e66dcab66e95c133550878d8811bac71a29fdb16f28,4.195125488854956,4.1995934587059764,-0.0044679698510208254
287,4,0728cab4a7c545683e2f7b10b130ade61f87ddb988d2049623a85cf42a91bdc6,3.854402644101537,3.8943549079528736,-0.03995226385133677
288,4,ba4cfd8d92fcdedd78a95fd6a07c951f2a92df5cff1482742461988ff2cdc42e,4.122632311651614,4.160609821524531,-0.037977509872916926
289,4,9de26e79fdf3e58d9370217f3ae66e692004df7e43e6ed86d6133452a9b3ab19,3.8948783810256202,3.91478428264071,-0.01990590161508976
290,4,015658377a641a8d2d565c7cb81a55e4fc6b2219440f54ac90256c58f54f49f7,4.140327006862293,4.128692440982775,0.011634565879518277
291,4,94195d4997bd57beaaedb89426cbda3acbb00db4b740c2af170c3ac1b94c4895,4.022228456327959,4.046961511791324,-0.024733055463364906
292,4,75184800783a11774ff19d6b990ab7a8d9102a5a76237175b885969a762de2e5,3.9980570658804027,3.988058133249069,0.009998932631333446
293,4,d7daab41c944c23b85de024d42f68cd14ed73835901e3841be193d475f600c6d,4.365683236563655,4.4016078708212945,-0.03592463425763981
294,4,3e6ac12ef86972b76749498976e728aa87bdfacd6d0267e729c3c6c785759eab,4.071618778461669,4.086304591389009,-0.014685812927339725
295,4,7e2764e851af34a2ae7d611b1de4270f7c662fede10c67354ad101d71ab21995,4.167490828221105,4.170664588336763,-0.003173760115657842
296,4,2e76b08a3af4642cb0a5f719d87b5670bbde01d1d270d1679e9c3062300750ff,4.017022682375682,4.0617651629966645,-0.044742480620982406
297,4,6507356c21eb6b466744f322e6648aea1f28f11ad922669f0b47e096a4fd6a00,3.159897750951643,3.1971349428192752,-0.03723719186763219
298,4,d4d43a410565ffb116276daf98dcb1826e9be7da955b20e9bd585ff06f9f6baf,3.7246335705198135,3.7181040506991394,0.006529519820674068
299,4,8797e6665ac257b9433d1dd9727ff9df348eee305d751dafa080a95bc4214c07,3.798524699190807,3.8207926127596465,-0.022267913568839504
300,4,f2e79b98b1c257ee12ca96b2edda004b1cc3f217ac26941dfde93cf77cd5dbe7,3.8259316704243247,3.8149786411677837,0.010953029256540958
301,4,52ed9292d9c32cfb23fad0cc80582ea53cd44787ab74332d85fe3705aafd8631,3.3073194230757963,3.287258990499083,0.020060432576713083
302,4,e57336ee5bf5e78789d3140804fad4d6c64e5b611b7a29d838c1444579f76861,3.210335573459588,3.2142169862840433,-0.0038814128244553103
303,4,8df7e7c4b155252c0937a4b79aeddbacf8526e4c383e799cb4f58ed513e07cab,3.7922148850960866,3.7602131753017147,0.03200170979437189
304,4,e59ff2c5a191cf01be5e3c3ee00430c3add63ea036f87bb35878bf2cc785b5b1,3.943676507936175,3.978323838521078,-0.0346473305849031
305,4,cacffad60e2d11a707950b0c60c03944c0a9a29a8e5d586898be45e586f3ee84,3.8742792926465057,3.9060849185153046,-0.03180562586879887
306,4,edc4f27216a111e76b5326631160343232059132411bf2e2efe9b7aaa81e2dff,4.07905100577652,4.066727203069064,0.012323802707456366
307,4,a7d4438825c30bbba53ca7a7564ffad6362e54e78bbc29a4ba63d2074c6251d2,3.989038196609272,3.992635489501822,-0.0035972928925502856
308,4,34e76cd9e7c9ed96c8ca11f60b00d8d0e869f77975f2582dfc31e489a580d92d,4.12727803800594,4.111872203871371,0.015405834134568863
309,4,640bd97934333ae9e4dc844babaa7c9e7aa06d0f70a472c756cea2f6d2da4e26,4.0892423398214675,4.097633475906861,-0.008391136085393214
310,4,4ac923642976a83a63dd6ebbde37462084d4de4ace6bb4592a9365395ce3e6d5,3.9318757354567992,3.9418734672171922,-0.00999773176039298
311,4,6cc61c9be17399a66262ed783822b80fc8d1fc03677bb1a090e79e791fe69da1,3.874786035398074,3.836945932816363,0.03784010258171122
312,4,888f5c1dce2f96df4e69f47f148fe92c0e101ca7013397fc60f7b28e67708bc1,3.5598257432456393,3.5805298478917393,-0.020704104646100063
313,4,9b8b2bf3e62da9b935e0e7f1fef9395bb92ddcd89ffa8ee7d9d0fe2f9a405f34,4.027899285123084,4.016965779540648,0.010933505582435998
314,4,59a25f95ca233f37ab142e4a6db45153d296ed05d5fb30e7bd259b5148806f6f,3.952878470359572,3.961374678404674,-0.008496208045102094
315,4,df83e4ebcb4781b10a61bf5e750f8efdeda591a491c1cb883286e5efb4704271,3.9796405496020597,4.003645122051509,-0.024004572449449313
316,4,c9301e17d3ab5b6f0b0839083f3e334fe79685eaf1e9df3e7aa121513af3d12d,3.545957109458456,3.524148743624295,0.021808365834161236
317,4,da008183884db253d49f991bbd2f7c77b02c7f1e6de79f5c6a03dea1d2e0849f,4.084470584498661,4.111542354113226,-0.027071769614565255
318,4,fab4ac7b43083ea8b642919d570881bf5ff25ccea760d04614dd591570e5ce50,4.025779488027183,4.034754863646754,-0.008975375619570514
319,4,ce750f758b183fd397d1165ac8c520224f532eaba8f19ba9c3d36626b57e960a,3.1353915874528866,3.1473652790523374,-0.01197369159945083
320,5,dc528a1db7209c9cf74437f936d0d0d28d929fc9e3d1c5a6ac14d531d9e81b44,4.026317534977494,4.05063306205551,-0.02431552707801643
321,5,6d631b55ad9d9c2cd7a6edd86a1231e56032bb17cbfa12bb69778a3117f306bb,3.5947594848383915,3.5920640051459714,0.002695479692420122
322,5,e84dc3cb09e938f82d7c785ae93713016f37c32d2880ddeb22b7a09a52331286,4.226241148155964,4.194504692763871,0.031736455392092466
323,5,8ceabb76080b22795bf72f923792fa04fe90143f3e0598a920e07c0d166ea50b,4.3904877509164635,4.423858859323218,-0.0333711084067545
324,5,8f3f201917ae3969c56ca7fad91e866c719f6d3df3b9bc975e98ed7c351e5ea7,3.53141104104202,3.5116211160828925,0.019789924959127347
325,5,d1cbfaa9e7ff56eac82f0ed92cec6f760822ceb34303e2a3ea0b1f91d1466ab7,3.813629133401264,3.7737223315307347,0.03990680187052931
326,5,aabb999f5fdc8f5d4108be08da538bcd7d9e5cee9bbb7095032b998516eb8881,4.139207506606567,4.160131193528315,-0.02092368692174773
327,5,fc85265be6d0d1ccc4d1ca8721a54454441be0321a6324d92f781575786f2182,3.8917024924173234,3.925795450534025,-0.034092958116701766
328,5,3a9c667b92f09a3f9d0156132424327746542f480c0b0bfbe9bd94855f00db5a,3.5656371301684544,3.5682019258570676,-0.0025647956886132306
329,5,3786167b15f78e47e02c2a52100aa4ffc830deb871b06c31a5ecb8258a3eb8db,3.365743473277462,3.3578564395484136,0.007887033729048198
330,5,39706f28cbe88457a20a2af400d8a858dba91bc5f8cb0c651d1d8ecbfc8b72c1,3.924726303506489,3.9302475807823356,-0.005521277275846614
331,5,f98fbded12ccd76a82d081d42cfd27a168ef423a4bea662018f7029e910dd465,4.439983528588044,4.468041216338065,-0.028057687750020932
332,5,7174c1e925c56a2d11aeb41f37de3cb5493252063e922c43ec64f2645cbc4169,4.394614989851476,4.418108600491635,-0.02349361064015909
333,5,a6f7688b61584bfafcfae6cce4553e51163c671c690ad45b9c84eb3ffa1b4c42,4.341149144342467,4.374924706860384,-0.033775562517917024
334,5,d6873f1e14d43a6b2d104216cbd0ed0bc2a07ecf4727eddc33afed16ec95b284,4.175221426777853,4.1850984854281705,-0.00987705865031785
335,5,8903fc7753ec1db942de30900cf95dd7dfabe3a7585e95fd7547ea56356ef94c,4.049427450058744,4.059996696068623,-0.010569246009879407
336,5,75663ef2814da4c23b1c055444266b30a99ae56b8ae4ec7a234a17b566949ebf,4.063396722489529,4.0751309837401095,-0.011734261250580857
337,5,69960d8646c0e67b5bb8612b326406706df13909da68e4c4999f3321ee1a9a30,3.680168206537985,3.7347244569443205,-0.054556250406335494
338,5,62d0814f1512a6977d4ecb26c99a26604758c4dbea345b8d29cfde5fbdf9987d,3.9205699709521014,3.9512731413523454,-0.030703170400244062
339,5,843fdba45b9053b80868a0bb83ea15226a1081a4a0b938199e179e4a955c7f8c,4.118852833551557,4.139119563613349,-0.020266730061791804
340,5,81ec747311f546df7d6af0aa0f596de53598c9a63f0d3fda19190631cce156cb,4.004292819798138,3.994744429904813,0.009548389893325293
341,5,97ac89e8e6a86495f658c43f6cf1ad374391b865d49d0034f7d5e5a18012c1a0,4.2569811014209336,4.24018817867659,0.01679292274434374
342,5,e4d4c14c277c35ca8fd49d64b55a3f4b4d999f8eb952f49431bc45046aa4d360,4.380576036226557,4.370440514752772,0.010135521473785047
343,5,fbc2de9d228f143826f82c891db4d6658a8fc923fc5281f338e7ab0bb52873c9,4.378345313585214,4.424611331495726,-0.04626601791051144
344,5,5e2fb3c3274c52659af7dcd759e6a398937eca5ef1bf41f61edb641fca46343b,4.277323487152671,4.297847142836758,-0.020523655684087316
345,5,141de2ae54ed21420c9d0c0965729d59b13128a7f415a7590b0b4c9af5017362,4.10700328421467,4.139259220686085,-0.032255936471415225
346,5,3f18e3b89c4b80891c2982a05b35be7357e99150d5d966b9e3011da0406cf54b,3.7333465383029534,3.7440636607589113,-0.010717122455957906
347,5,2ad5b2670540e5473e6355a17347363b7ebca8bb68d7ed0df0f44ada81d89d3b,4.226978412840253,4.225531862348134,0.0014465504921190586
348,5,19623d5b88318f3af750a96aac00be5b30e136371e9981ba1ebabc7f4079602d,4.2699291501427865,4.2642863686708665,0.005642781471919989
349,5,4f0191bc646d22c2a32de8ce4963f44f86c7e518e3cfb031970a5dc6f071421a,3.5529398590762185,3.5773928359542424,-0.024452976878023946
350,5,1d89a3558d9de291a9a9e76b67542644581349eacf7ed0960a4f0f85d6c37658,2.9669861408556244,2.9901583621858663,-0.023172221330241882
351,5,229b668a40c5f287ad4370fbd63454b4c1a1120d74133c2f013a1dd987faa24f,4.00302461148334,4.038460853468678,-0.03543624198533735
352,5,ebeba14f35dfa2eae97016be4cf68febe4f0516d293db688b8786a158df88cab,3.835227439292339,3.8468293400278526,-0.011601900735513482
353,5,97408aa8e1701f4e844be27d71f0b9735bd42bef7a6e5893e9adedb99218b3f9,4.111114025575489,4.113893533909504,-0.0027795083340151905
354,5,825cecfbe0c2d5a5e43cb0939edf7c176bf7ffed5842762050f7c105e63d7511,3.940598601841373,3.950197078664928,-0.009598476823555302
355,5,732acb1e7674aec2e3ca85987dda632d7597bb69db37dac7169beac833cf439a,4.430660069246148,4.472699493680963,-0.04203942443481523
356,5,f2ce8d1d65999a4ba7be59a1289e8e31e3a5b57fae060087a0fa831f07dfe436,4.148607688991078,4.131729888909078,0.016877800081999794
357,5,c4edc274db31a0a5441238c88cb37036353c03717bd0ee337d6dc163f4ec5944,4.22232742484087,4.233882338455885,-0.011554913615015039
358,5,216a2c71df3e2ab9c42d4c62d0e7c99e3fa2078d5cbae593216e688d9628a0e9,4.238284707477362,4.250899523263882,-0.01261481578652024
359,5,49789e6f703b0ecf676881d430c1ef048a6e42a4bbc41bf2b28c346d4e7e0c21,4.040487859917221,4.001364413105421,0.03912344681180002
360,5,fc1f522bf49776d625a2aa958f71e6deba5718d72eba2894e391b7f25d62cdda,4.053423607873128,4.018935612651603,0.034487995221525125
361,5,85962c66ba2c5e6510dc3c7401a216e68e3883d9f085fb2ac7a58bf2c22b3a4c,3.830509791997933,3.8665442619618062,-0.03603446996387305
362,5,2be402679a4dcf6be606440e289205ceab3d3d08e14afdda73e0c974089bf783,3.4473450346809056,3.427764037157921,0.01958099752298459
363,5,cc119e504fdca287fcbcbc006566443f008d9361a55a1e1a26225697060e8936,3.6583105912961003,3.6806167334648876,-0.022306142168787346
364,5,5c3dc74f6e1f50cd7df12d8c98a6ebe7ca4e5ebda1d3e880a29c74e8f1620e8d,4.375631627650833,4.4030800308957865,-0.027448403244953568
365,5,7a5ec3f35e3143fdce03f6c2f168ae080394177d60e1eea3a48ae6012600182d,4.447506100523469,4.467734384619007,-0.020228284095537674
366,5,c832dd34c5ae4ee430bbb7ea713b7fa41b3368ccf926a7638f5ce1906ae89c6a,4.487451993510604,4.4593317933656635,0.0281202001449401
367,5,54d9cfd4fa62ab2d3f23d7f874df4d7e6933f3a2d171f621b5d6163301e7c3dd,4.179364382572203,4.2166894385418345,-0.03732505596963165
368,5,4c86f4286ba6a1b61f8dd2485345b0091b7d3d68ac4e74536c830c14ae425f19,4.49444836151406,4.502901547133888,-0.008453185619828218
369,5,d27333b3372a0544571697c46b64bdd40d9d63ac275de44453e8f117b092db95,4.91527022018505,4.946893169480177,-0.031622949295126546
370,5,6cb4fd11c0643d71040513a05ebac5640eaaa6211d79c39b486c3677fa98d8de,4.2238620937841915,4.237376662308179,-0.013514568523987691
371,5,4aec12a2f46e6de0d86fbe0a84530870efe2b00871c129fef30665712d4ebaf8,4.10510325041605,4.1213139552125995,-0.01621070479654918
372,5,a45441dc7b53d1a9cce512e76507037a40dfa6370f538b54f00604410b010080,3.8845021619799773,3.882425689767473,0.002076472212504399
373,5,880d36c1c31e8871c63ca33104705cc79c7c905721b2a628ac48983a72412fd9,3.9194819128578047,3.921729216769677,-0.0022473039118722227
374,5,4899d7ae4f0b758ba403400ca4ad5142d93a4217c488ca1183603d9e2034f308,3.992564245163166,3.9714975926197695,0.021066652543396458
375,5,d04f2f68c8a8dfbdc97627d6f6d022b626605b95aa069afa80ce9797b51d34e9,3.6626433722721856,3.69129390693206,-0.028650534659874438
376,5,d7f0321ffa8c6059cddbfe27a15c409ee081b8c13157bcbc03d9ee1369e2cb0c,4.170246038485175,4.145244072238256,0.025001966246918528
377,5,f2252325c2fde53217bbbe37f5145b2d89652286bfedd61a745f155bf69b141e,3.0593959271528774,3.0885016421202067,-0.029105714967329277
378,5,da7685ec73549aba1441fba81197e84720e1883bc51c0a8d177c84a484fd427c,4.18819042003625,4.214289084821303,-0.02609866478505296
379,5,25cb6bd46bf8bfe5b6aba57dc0080889ab45d6ada5ae6755a5fba3835fb9c2f0,3.5959599369660964,3.6018962709064226,-0.005936333940326222
380,5,587263c37af2d26c5db97fad57a2603e3e4e93e3960df48884077003e9d70012,4.016183637215704,4.069604581565272,-0.053420944349568344
381,5,e033e6d78d2dacb739b63d8fab39a23a5f3321f889023db6e65aa1325fefa97e,3.8596733699987453,3.8878931066001314,-0.028219736601386103
382,5,0db9b1960928729ca001340cbe1a6ce781aaa20399d57c00ed065eeb642923b8,3.896992291055767,3.897753969043947,-0.0007616779881800539
383,5,0aa408008d748ce257ba847dfff181ebc8de327fa66e81265e1f7ad35d7f1f4a,4.035465752354753,4.007530907267721,0.02793484508703159
384,6,c997666f823dd083c4f4a9863bac98c4fb50507c61304e8a4c84f0009bef9949,3.6259856695941757,3.6431128222776863,-0.017127152683510616
385,6,28f4d6bf698f7003cc995d36feb2b1c90d7c458bd36ee8bd737b7022608f6136,3.644654103135707,3.648122597967493,-0.0034684948317860176
386,6,829aae5abf002579987343351923807c291e2f0d29c5672e6759889f0728f9f8,4.063471561638568,4.057069790206796,0.006401771431772119
387,6,cdc9ef7998a3356c3130805be4c8989dc4adf0e8e66b76ade7f02da7393b4f63,4.1473619087240365,4.168819749366634,-0.021457840642597148
388,6,99deb71a3803aa4101cf1a87c4f4b04b504e28b7ca0556c9db03155fff007dfd,4.539583205959275,4.538251483678948,0.0013317222803266304
389,6,de47c6da743dc2daee5b68929892d0ef1217ae71715666d4fe82eb90424b710b,4.363912679200411,4.393934336735342,-0.030021657534931023
390,6,5752f97a5d72c3a822bdce8740f4c4815a3ee240d40cae1744d5710283e503ee,4.006136867264104,4.002526311731344,0.003610555532759463
391,6,abb4d03449ea130a9ddeb16e80673bc4b1eab4186fc4774413efb7589e49a3b9,4.274400407280837,4.313567222549864,-0.03916681526902721
392,6,7c217ada855bac1656a5b4f2a9ae5ea6cb2bfd441ba6d72a90fe489fe0cf80a0,4.288772398638002,4.32714967054153,-0.0383772719035278
393,6,0a08e16046f0f53f33d0b983b32185cca874edb17f7e7f5d0d6f684e201f008b,3.7569462863138483,3.7617070706799325,-0.004760784366084181
394,6,738b1eac1f1ab8d71c811d7dc2ac26bef0ab561be9655a898d2c060e980a0c34,4.030204308305656,4.050639260428852,-0.020434952123196126
395,6,5e385beca6fb8269f3d71cd2089ac5a0bed409f4723f45505bf70030cc5953f5,4.182089418333817,4.183117566269516,-0.001028147935699053
396,6,2f5bac28f0cd504c0dce3d7199cc068bd92017556677bad71b68b565954605c5,4.0885567826024385,4.085116189427822,0.0034405931746164242
397,6,e23fe6c33cca8e88fb372e6479d27800e6337d375ebc85569fe735cec39b52fc,4.074541605706145,4.1116575295018265,-0.03711592379568174
398,6,bf468e2dd52f164fe4574a1bc76e5562475f46235c94af5f50e0d733dccbbfe7,4.036561503093708,4.063595846606859,-0.027034343513150816
399,6,902f988702e2487e549e8d9eeaae5816960d88dd5a17a5e7d1bf9c9ad7d559e5,4.00837457471107,3.993334376514042,0.015040198197027621
400,6,25a965ec5026903c5a0493fc95c512ccd1e9604cca64e03cdafd4621d073a276,4.108632748492255,4.111355666967825,-0.0027229184755697133
401,6,9a2044763e560194c06c355ca3db0ecf7c03b04213e31a889a687cccb696d476,4.3863499882827455,4.42378543355926,-0.037435445276514656
402,6,2ea50c8c7a1209c7b4015fcc950006bad7c9f7dc89a671e8b84f1707f68d62fe,4.272890115960422,4.264101961013381,0.008788154947040994
403,6,8937d44a0db8fa068917d2e07a4762f56bb8b30956c256ba0988d0199d3dd3be,3.8737895461184024,3.859658841372706,0.014130704745696221
404,6,0e92359512793d386e1ad841accd20897be75d95091d871c7d3d195a44ec74d2,3.9416330329198104,3.9620002930717533,-0.0203672601519429
405,6,79a0e65dc621a3ce289167dc8bb9298f2de6b0134bb90c42bbdcf16e9476665c,3.7413626938514994,3.7485507121020305,-0.007188018250531059
406,6,e0931954466195113169194db736fef6675975be0a4530c885ec3bd76f96e01c,3.8667618432342863,3.9121951018298375,-0.04543325859555125
407,6,efc9bb8d21007c964d4eccb56c2295d824f03c474bd5aad790d46ecd1150c2aa,3.995567495973944,3.999683960833522,-0.004116464859578173
408,6,2e370d7fab04583ee872ffdc8a3e6912e9ddde341d5f8060c5efb08b8b266f4f,3.9887726852659853,3.9512238200816228,0.03754886518436251
409,6,7e8bcf81f58f82a679e070620d9fa205a535c668b5d8fd6efe4c0951ece97321,4.056188048977447,4.067897482847457,-0.011709433870009889
410,6,e45ac57b150c21cc47f23edb9053b7b236e28de2f2580949c1daec32ac13d893,4.796703574956837,4.816548451250583,-0.019844876293745983
411,6,d6b108952707d44aaec80ecd6ab8a83db87f9e86a94d71e76925867506147cca,3.530600289148623,3.5728172476131164,-0.04221695846449336
412,6,0d0adf80826910b385485e110dc87835516b083a0f1def94b7ae27c845f98bcf,3.828062987472549,3.882180206747762,-0.05411721927521285
413,6,fa863c709cd2f364e3701b3744689ef742eecc0bf8f05884ccd0ae90bdc170a6,4.143423655061952,4.1597482254485385,-0.016324570386586856
414,6,8a5f42a4e4fd3acef7fab3318dff378b7e70ff8c785f18b7da5f553a18225e3a,4.270364445864061,4.266534807158905,0.0038296387051559577
415,6,0a683d80407817bba8253a16c96c7c47c7f5ef6ec33a1f9f3d6ee08598ca6f55,3.959173857698886,3.9293340365728113,0.02983982112607464
416,6,19adf9d887b631575dd762cb29b65c66ecec58cd544fe8f750cb82d29bc7e088,4.236008130436748,4.252204981040293,-0.0161968506035457
417,6,d3634c7f75a498045f78d39873d77feced7431e3eef6c94c1967a7f822cd1e8c,3.9809837401355708,3.966086923801271,0.014896816334299956
418,6,643a675f11719858d90fcc5289ba9e32f1ac5a9705809c71f0c35d7faf88e1f5,3.861943019632406,3.885655898140527,-0.023712878508121094
419,6,a9a729f4d5b32307101a068ab42368179773b913be25c5b8c64077853a559ad7,4.168588730985164,4.167098933323473,0.0014897976616907727
420,6,146d1e6299e278b5a9782f66728c756b05062e34d0c2ae9860aede2a2439686b,3.726789350738656,3.719731987699504,0.007057363039152165
421,6,85ee86016fac7ed86fe098232fc9936610b87a6f5a46726ec997005ed65a2545,4.478194250418937,4.498548215055052,-0.02035396463611505
422,6,0b68690ea43291b25c68dede2b784dec546fd0932f19d3035b6891f3767ba5e9,4.4008867896758375,4.410155400938265,-0.00926861126242784
423,6,e89cbc14a039061be9140cd12e8ed75e1da9c120f75b2d439ffaf56c5218ceaf,4.135542057791781,4.1601232363523195,-0.02458117856053832
424,6,094b4abb0f91f9cd12a52b4e428a49d8841a2ab3f3a5531a967c9429bb471be3,4.075312344067129,4.068468424508069,0.006843919559059941
425,6,5ac3da908dc08c380c0d4325e922e1d847914a3d892616210bae27d4ce25eb65,3.7426589773436945,3.736723574977077,0.005935402366617382
426,6,39efff7db529ae9ce7034a0c1a984287db2838f9c42f1ba9001843dffe8875f9,4.024790135213777,4.00585485690803,0.01893527830574726
427,6,0f010846d812793a83164a7f5024b822bad3ad2d1228aa17c2c9c88d5ce633fd,3.9872410011480497,4.014949012893737,-0.0277080117456876
428,6,cce295511e02a717e7efea6acb751b4b9ff7593887130a2dab6237befc542964,3.6911291294838406,3.686746499527885,0.004382629955955508
429,6,0571e94c1be90c6a1d0279033a9388373848fffab7172c2d3d09d5d9c8cbcbf0,3.9504498217373794,3.964860764009245,-0.014410942271865679
430,6,c0c7648bca9b925422ad1a8b8f20e7899786583d7bd4185d3399077bd52935e8,4.069061492284845,4.060252420814322,0.008809071470523122
431,6,4487a67b46de9314cffe745820b029265b18f7be2363b79979780f6cb7e6a4b6,3.833843294105918,3.866684093418826,-0.03284079931290762
432,6,7a9e66ba2398e0c428b5865bbbf633f5a2350a21e3d36d8e2ea777f2ddbc90b2,2.9707239058586765,2.911634726795569,0.05908917906310762
433,6,479b294b29b9fa23bcac9017a4ea5d404b24070bd3ee9922db8cc8d0c8ca51b9,3.9831109046043593,3.93508703976147,0.04802386484288945
434,6,f48080706265ea0e138a4d075972fd76436297730eac5d023d094edad553a32b,4.014333032616463,3.9855474121205248,0.028785620495938247
435,6,e1093d584678ec6a82c790283b0534a5191c8cd1f570683008d351f836ad2aef,3.587656545631944,3.579936422861465,0.007720122770479065
436,6,918681537b3cc3af8652aa61b4b4408532d1be002e41c5094d949a560a68d2eb,3.956713432782635,3.9472908158736573,0.009422616908977943
437,6,c56936bb667ead7456b92078373cd5af59ac7e431bc04d594a495d2e5aae8312,4.1215835002672065,4.1412317632744475,-0.019648263007240985
438,6,74a0450dc671f269e459870343c7d081351a5f4eaf3a4b2d2d027aabcac6be5c,4.31119824884442,4.327750620012694,-0.016552371168273794
439,6,27bc7f1735aa25a0b379312eb7344a9dba4214e25d3992f098e81b2437d3b897,4.332294110163904,4.3198322081334375,0.012461902030466376
440,6,3a70f465799efe546ccea1dd98453637966cc62395f4df6e128c7bb0d08edcec,4.337128199025642,4.347308841215295,-0.010180642189652644
441,6,726e06dbafb762a34c73f66a89cc7fd120a32da9a65ba8238a6c56cb59d33dcd,4.276970210602364,4.311577495862707,-0.034607285260342735
442,6,6e0d08858645b07d81806876d1a4fe7dd0d4dbbc33290a2b8f9aa61409a3341f,3.875949177755274,3.8855891494452237,-0.009639971689949789
443,6,dfac855490b8b2100f8c515f3c03fd473db44ac0bf3bd36afe2b0ee76b3386d1,4.001133209687964,3.981239427201615,0.01989378248634921
444,6,1585238611e67ae5f84d112cefed276403557a26cbb98c98ca23c5013c052eaf,3.6885697550300165,3.6664634898500026,0.022106265180013907
445,6,e4c7ca2e04dd07284d5e6a8d9fe844b8572447abc0d1056433b0f8381a1c810e,4.3035604266979135,4.353687903768332,-0.050127477070418536
446,6,8872c72ca896d585837ce7ca2a59f5437645672ff702a2a93ed8bd0e0617e20b,4.117923765816613,4.0832113340150045,0.034712431801608545
447,6,1e62f0c27345a4ce6b731f549a213bac5463d025f8347b269ef9b02877be7952,3.9573827128562016,3.9810430986112237,-0.023660385755022162
448,7,6e9e1e42e9d848c1b7417ab30230a37182064ac3c252ea29d05e456d75893f2c,4.040702307932179,4.074893867495291,-0.03419155956311215
449,7,2e0a57737c9c6963e1051fa177949d8ab0397b7730a84d4ea71346e06e972905,4.076087362675366,4.077905825204482,-0.0018184625291155498
450,7,cb312f05f1454bf057dd829b66c372de51750d728013b7fbcf3f868603c9824d,3.773654929174313,3.8028747891368084,-0.02921985996249532
451,7,29ffe31b990abe13a332e2597e1a6556b679e757469c08f55d43dd87e2bc49f2,4.073275034189919,4.047328400221204,0.025946633968715105
452,7,3c4f1782e2a50b0388562e6d2135f911aac3effffc736ba66ff72de4cd5e0ca6,3.8212638684278772,3.8303632524963405,-0.009099384068463223
453,7,e83c82c237c18e71ad24a40019e862ec3f4a6426628374c802e2be4efe3748c9,4.109754609625668,4.132740655007211,-0.022986045381543363
454,7,070b49068b97242c2d4f8d7700354a69d56c2aa26368f71c8f22aca574174399,4.032644539813191,3.995125330558949,0.037519209254242014
455,7,9ae50a71d009bd9fed77a92a354449bc77b8f1005a31c675a58d2f792d10eb4a,4.241326460694381,4.266561207016366,-0.025234746321984858
456,7,b5015e4bd0c2122f82c42a8851a0b398368cef1090a49c49c2b774e7f7faed8e,3.396659800169118,3.3485674621916246,0.04809233797749357
457,7,db263ba76eaef27700a62211160301c587c60ccc4a229cffb9edc280ba15366c,3.6731203585409276,3.669834159716288,0.0032861988246395413
458,7,89b53adc3d8f8563840e777ac11ee445712471015085262f778971262405f618,4.043630663996112,4.055702775338602,-0.012072111342490643
459,7,043fa07ae46115ea2ebcd5fb43bc4c996dcce0d8b34fdc00e923e89dddf3776b,3.706998783235502,3.6848988701481176,0.022099913087384238
460,7,6cdbcfcec9156a26603e23537a88d6cca0ee7ab8b8b6c8aaa8472eec79145370,3.4489036529873367,3.470523766552848,-0.02162011356551119
461,7,059efb63989fe7e6be07ca29f5dd03d2f49e2bd63a929a99c023ffdcb9908f9f,3.6927942988663176,3.7110844931900715,-0.018290194323753894
462,7,d4da66e51421f34106ce363bbe030c1216096b26d5bcc4094bea188bdf1b73e1,3.7200689491790158,3.70727750741554,0.012791441763475575
463,7,d5271f27aa631bebfd986e5ae388e043f36140199f86ba8a1965d5cc77282c04,3.74524858756331,3.7181505069506784,0.027098080612631747
464,7,219f2d0aadfeb25a1b773519f033e7f7d83529ada5c726204a68577c96a85825,3.910766601704694,3.910099067856123,0.0006675338485706561
465,7,51ea1438714b140e623e0b48ad30974afac12a3c3600ff9a770e36d4c14a1550,3.9538674602697483,3.9460643139125295,0.007803146357218793
466,7,df0b9b02c17a9d7e87998d08cf3d603f3e96d9be4a6f67c1514c389695d0e0d2,3.79686661353648,3.793742847495224,0.003123766041255749
467,7,b32266ead46da30c2b1328d2fc891a2c67d8dbc003a84dc951bab90cc98e2264,4.104748054442439,4.115288877229148,-0.010540822786708759
468,7,309bf6ea9bb7816fe6c94268653512016380b375a48d3ec93fc22386fe2d695f,4.28526047315745,4.325196044927225,-0.03993557176977447
469,7,420592aa9e183a2f1ed9673d15b867fc7d26a66efdcbf4429f801ae95b18f84f,4.264854620942515,4.310239731756155,-0.045385110813640495
470,7,53fe8c49297311e71348b9b2374138d6b4e4454709b47d67379727f6bdb6eadd,3.6784850999132885,3.6771125831276095,0.0013725167856790677
471,7,d1ccfaceb719dfaaa84030da729aa730bb1ba3d10644c1284c296cdb031491de,4.291030028934003,4.283267630709162,0.007762398224841149
472,7,84ed3d5b4a3f30b8801ac0cf133d807492e49b5b68593306b8a005acd09a4bae,3.8705068567568617,3.8515117111278983,0.018995145628963428
473,7,492bd9c9876b1595fe21ac64e670d9659ead6a49b0a14c1290e2d97dcbe73ccb,3.8368506818543437,3.855279335455805,-0.018428653601461065
474,7,e16bc097280807742394b0b3bdadf93d4ee23c9e588c6525238aecc7950a9a90,3.62808545281473,3.6271115383577808,0.0009739144569493874
475,7,2c60aebba6544b4cbf8b41b6a1b1b54f722ca794350ad267bf94ea40f568e2f3,3.837829782218023,3.859131331037588,-0.02130154881956514
476,7,e0e1a3ae0680ebcc0618ce386cc043ad6cbea5dd3fe84b24b2df8a455bb6e04b,3.8745776436326906,3.8803368715815765,-0.005759227948885837
477,7,c3ff0e2f57a0edbdbc6099f8efe0374adcef79dd03a240d3c4600ca5370757e6,3.8655927253263656,3.8649639991532467,0.000628726173118821
478,7,97702f0c0589ba39d648a2f5a4ea2e2316d4880e2c66868edf61f02d9b04ffec,4.333942309387737,4.378790655226595,-0.044848345838857995
479,7,6721ce33c17d7b21e68cd122ae4fe420a6de81468e492f9e41ab76b86ae318df,4.469751990993473,4.502778129104627,-0.03302613811115407
480,7,effdb67a807308ea1944fa21a61b93ac1ebb625252c2f0db8798aeea89d5ff85,4.649817574647727,4.635448643010477,0.01436893163725017
481,7,25d88607769e80a7aae9bc7cb7ea221ee1c78905c24ec9c8d2731620b70789e1,4.289177383551305,4.324710021699161,-0.03553263814785623
482,7,d43eb3b8dfe88ad76f8599ab8651d43761107d6efa68c84a557f090d1ca70b65,4.556239508152203,4.583711104043232,-0.02747159589102921
483,7,047a5aef8f5c67df4fbe2d23b3eb83e026b78374532ebdc6e91de1c55285751c,4.678674030009262,4.727460829780966,-0.048786799771704636
484,7,9db78bd9a335dd6140913e8828e7edfa959a0e8c481895c72f3695170020ad2f,4.766875313798323,4.828897907559622,-0.062022593761298594
485,7,bd112aafd945686ad09c046860f478ca7c4f7d0f812fefea11cedb756b1b6794,4.584632470815222,4.576561230505376,0.008071240309845962
486,7,1fdc968018d7d4ac81e84a7f5ba64ec23c38e183b9dde94ff487daca5a34f624,4.65053447162245,4.643241763004198,0.007292708618251709
487,7,bade647873f595cb5f0f0329ac4ed8b10e2b4e998c8edcc135483c29491818a5,4.649085394339409,4.619531278047589,0.02955411629181981
488,7,31fcdec8be451095ff04b2b6613bfc182783f6f786650f3efe46d00e065457bf,4.738500982547066,4.750640610558548,-0.012139628011482273
489,7,22de6ca20a4c419842de7f43597041d6378594948f51c5b83858aee9b828c113,4.4845228252688685,4.504457395314603,-0.01993457004573429
490,7,2ea6bdfe30c42a5cb6729abcf1ab428659a84d3bf324c5ff238edda014113af4,4.274791033875431,4.285127524788322,-0.01033649091289135
491,7,980fd9b3c2281412995b35c9d023bd66a4c587e1b1d93a05fd6d74dd2052c74a,4.537707459827743,4.582752070992115,-0.04504461116437142
492,7,19db3c242f89b4a8776f676f68c218833fb28c7f8f0f8fc48197b1b711501201,4.3383455793740495,4.348300206690169,-0.009954627316119513
493,7,a9475464c6368c19380557c0daeeeef00033c989c6fe5eeb4dd45ee8b2229ae7,4.34674160245163,4.3849598288998095,-0.03821822644817985
494,7,a721a1fa4072a1ad7cce1da9911fcb5ebe56f368a7c14a7b6a1cc645ed3705eb,3.641969213141465,3.632765178688487,0.009204034452977794
495,7,a6eaa73775bcee371962084e1a17e27e47d6c7d98c835dd80ae3743650a88209,3.753624665805887,3.7440802266943365,0.009544439111550673
496,7,a3aec230d66e8659cf2afa19b29305132073476da2c2ad54579f4cd52187f45b,3.7817639791386455,3.77951506459749,0.0022489145411555
497,7,a1aeed96fa1156accb43938de5aa9646977be473ef9556296eaf46b4b652de35,3.5788783907864854,3.573276171428631,0.00560221935785421
498,7,02b2bdfc750f465bdbe6ba8f25bbfb5273fa47b78dc263dc0b8cd3cd2dece1a1,3.8583062604632232,3.826281034718022,0.03202522574520117
499,7,8707336f37c925aa0727402b2365e132d523bd246b595518a1cb2add8cb9174d,3.828113396826325,3.795142496923603,0.03297089990272184
500,7,57c7029076a1f85df525ef8031c2f59679a51d73bfe8883b8a17506b87d88a4a,4.017089802511009,4.069735576501046,-0.05264577399003656
501,7,d1f8f3d02e9f1f0cb67b37c534d0c29762ecc68e27e9f612bd46042f03119bfe,3.660837849996838,3.7031171029724135,-0.04227925297557533
502,7,1b3807c3c98992ff1560b96c74a42efa89c5d4a3cdfe4122e0ae974b99b6d394,4.270058156673258,4.251810151364566,0.018248005308691972
503,7,b71b32f17e4cabf5d5fb65359f4a7003252171780bf5859d415439db76c1fe47,4.334931342861637,4.354192665586197,-0.01926132272456016
504,7,eb78d5ca3c1a1f30c6deddc6c9bae474a0570a070abb776c4d7c06341c46da72,4.246175304529714,4.260573721249827,-0.01439841672011255
505,7,87a299dcf21f04f78028e1f6f470a1ddd98d6718f05abfa6fa993c736311f0dd,3.971535644330288,3.943102940231256,0.02843270409903198
506,7,0b56ced12ebd4d3b1d1f5eff123b4fdc425c3bd8f9fdbe476e7e86307c5970ae,3.992211702815794,3.998652676753636,-0.006440973937841932
507,7,2269dca704c2993e15689fe3220d92b5d4e0e71a05a1f170618d6eea06b39e62,3.695425440481163,3.7006165846131864,-0.005191144132023595
508,7,8fd399ca0387301d1361cad500ef1b42f4ceccf8b41a99907b94745ef0f97940,3.594700699421935,3.5905243367444655,0.0041763626774695695
509,7,a121072e68891d9c67a9d4829aa81db0b4804924864c588021e56cba01ba1190,4.193240967862877,4.2216200319103905,-0.028379064047513225
510,7,58eaa2e1001c3545e13d8b085db3b71e06a4850f85df189d4100cc515fddec8c,4.2507931008735795,4.251778538225793,-0.0009854373522131255
511,7,471ae96ec5cccfb5c7b9a453062c89d7b5ad014002fbd90826468793929cb1c5,4.507091438560309,4.544920438192321,-0.03782899963201203
512,8,d6d0799c698e43d41b29df20f23ca15c46121c12b65f683ec227f9cbb2a23162,3.5587265654010025,3.5531031127900405,0.0056234526109619765
513,8,9fa1cf5a5495e0784a8f17df7cf3936bd65237971e6e4d80e4de111842b58463,4.266703097078903,4.250201334753683,0.016501762325219715
514,8,78329a06567e6a62ed8ed2a148223ee69500fe56bef8aa301931fc3b3462e1bf,3.995105149910728,4.023125715039072,-0.028020565128343833
515,8,bb75fd8a8fd707b83e89f152411535448bb127b277da1a1cdf4de8a8368d3f76,4.159122524428994,4.198216220218455,-0.03909369578946098
516,8,23189823ed2129dde1cdbae74a149044fd8bda487e8f1f0d8aadded8558b0e59,3.6492859263534,3.668068834256786,-0.018782907903386103
517,8,5a52265c84e184d01d4ed5c9c24eb4309508fe21f952b40e24e03517b4a296b1,3.8740844906403993,3.88947165438006,-0.015387163739660537
518,8,1774a1557d5297414487ec86fefff1cb3971e4d58587479f9616b49ca4b0fcbf,3.935189988178891,3.9504514172625704,-0.015261429083679445
519,8,f8fd9730d1dbd2ed97db5c8fe139cec233ba7e780b830ad26e5610d39187f9a3,4.045055016036883,4.048911990466394,-0.0038569744295102737
520,8,3d719a3c3815b5878d83c175639e2569a6579712eace6e39a1487c8d9d79d2ed,4.211457017303502,4.196147020642073,0.015309996661429182
521,8,4172b8a75823ef6b1900157a0283a7c6e6fe5d5f64a7d161c510e34b062aa399,3.484124547076121,3.4990499880279344,-0.014925440951813584
522,8,c6cafa906e1394b8159a5cf804f0a0aea4d187b2e9dad624265077a3fc34563d,3.712091563901282,3.716181281662365,-0.004089717761083023
523,8,b1b1bbe1f91b14b26e2baf98324c9ae5b88823cd1c8837156b927a95590ca8be,3.685791227215759,3.6852521232799518,0.0005391039358073613
524,8,bb04ecde7fe85e9557e7e1488712e0e4d77212ccea70677498ff34ae348a5587,4.0123420970498955,4.0217190709964825,-0.009376973946586986
525,8,a17a30ffa5fb8bd9a236729fee242013ad17b8da8e5c512aa5188fd6d083e75a,3.928024041840075,3.964434091757198,-0.03641004991712293
526,8,f7f5f4bf10b16b911bb238674b7332bd24c9a9905b49ae0059393640caa548eb,4.143631763265091,4.1175928671406155,0.02603889612447574
527,8,fbeaa14aa1ac4a0fb50703987cf53913e301917cfcf1d2cffe4597ede442579a,4.561275054997736,4.576465921519514,-0.01519086652177748
528,8,b9d90505d3e8881c188c0b1c0917319d0e5e65ca2a3f02532773b2dde4143496,3.8633957892969164,3.8806448436538403,-0.01724905435692392
529,8,d80723bd6aa1d8a823f393bd722afe3edd5ffff5a08c81cb72fd8493337aee73,3.660433758521492,3.6627419970542405,-0.002308238532748419
530,8,cab91fbd26ffaebdcf01832a5d5ee4472d88c3a75fffac78f7b88b6ba26f38dc,3.5812687768291624,3.5650782549848827,0.016190521844279715
531,8,48d6252ddb0c7236226dd8b78c183fc4e2a680f48a92b8106c106917ff67020c,3.8968013846749727,3.919847262239614,-0.02304587756464116
532,8,1ceec11e97ae9a5e0f75a07cad0cd1818136a676c53fe736b026dc3b3f89b63d,4.149258141240754,4.12700380756057,0.022254333680184146
533,8,d90f683b19d080dbbfb41f7d217cdc7f25923dc1fbbd8232545a3fe626eee4f4,3.7946521380080185,3.7865309075938853,0.008121230414133151
534,8,78fe39697fc064c2fffe632a91713a8fa948b9740b2feb392872fa9ba13109dd,3.8887236053391234,3.867375207272403,0.02134839806672062
535,8,23d312c1c45aaded5a58ae1efbd98b58af8e0e5a9559353337e7dce24e546efc,4.114859938478787,4.103761491526086,0.011098446952701124
536,8,c709a8f9c62204d319f479688dd99899e106cf9e79fa5a736c05efcab439e22f,4.320136434833586,4.322943956499557,-0.002807521665971535
537,8,f593df53429ba800b0942b0f14b562d32894316fdcaa25e8699567b29db87307,4.687884799267067,4.679833191664102,0.008051607602965305
538,8,4c15d46ab3f5e7d86a5c78daf25ce6ca4b18a206ece83428b73612e87f2c0594,4.061251808927381,4.082278008935631,-0.02102620000825084
539,8,f2e45fa0ea28d9db49aaa57f98970dbcaa1f025dd563fefd4018b2da7e10a59d,4.367869051081698,4.381377271441465,-0.01350822035976762
540,8,bf7b3721605aa698e776002ecacc5c1d99777a4a674a59dcfaeaaba2e1a18108,4.330790461774768,4.3732602922309525,-0.042469830456184354
541,8,f19d862136199a8781f61d192387bfa038df58f2a5506a2307c24ef2c9b47411,3.981700429163766,3.968397407082932,0.01330302208083367
542,8,18b1966f27b10fcf86d3db1b4d876c8bd46868b468e4072adcb94d1d93c2b24e,3.6875691243881192,3.694306306328258,-0.006737181940138726
543,8,c4df529c119a9dd72bd60f503d6f439676afe41cbeb386060cf10558d0515a33,4.1714383918643705,4.159260109383581,0.012178282480789449
544,8,390d967bf4cb0adb4c87a2f049404c0ed171885f9294a2c7d17aead8711a3876,3.9297062716862,3.9535584870798175,-0.02385221539361737
545,8,eedf861278884a65e99fa1d3e43e5ce7ef5e888197e8f392f891058c11f4b1c4,4.100489908597865,4.073140081892234,0.02734982670563113
546,8,500333c31565cb7ddc5f141e4a4636a4bfa3b4728c019aa5a4fac356d7c1ddf9,4.273722325857307,4.271395105547072,0.002327220310235134
547,8,2992bfc8d4218ef94fe4730ccf9c04e7299213087346224ff47e84cc0656e2aa,3.968253513842569,3.9766068479092382,-0.00835333406666905
548,8,0f09f456203525b631603fd5cc6be06a5e43df88491d7056986a599abe0b5c73,3.3885115238335572,3.362578125815162,0.025933398018395337
549,8,6d8bf6209b8a71d1506d59b1e8abf408cf8258c0a1d5b75facfe22b3d7987958,4.316518342392058,4.318135992529136,-0.0016176501370779306
550,8,8b8fcaedd190e7c98828636f8fa04411f2da0269a26c07867f0ee84c1f745330,3.915131206869418,3.8869693815669564,0.028161825302461807
551,8,031d6e9d581cdc58df2117025421c875e9177144146680bcac3562472868f1f0,3.349601427352141,3.365144433701431,-0.015543006349290067
552,8,8d959d131e8d93876cdff417204a28ee2028141b6d1cd90c65ab8515328a48d1,3.7955151522975683,3.78200374913742,0.013511403160148205
553,8,72d1ca7af953862e19b0de43851e45d6ad8b90d9757994d274e639a89faa089d,4.049987160832416,4.030602888374233,0.01938427245818275
554,8,762e6fb47f6ebdeb589a07946cf696d83e5f60c28e3713a6a14f4c4c7cfbdb49,4.039910816356041,4.06105283781244,-0.021142021456398652
555,8,4cfe9409e11e0a2b6295da6b797b279e322cd2091d4f683fe0ca222621dd073a,3.847681232642387,3.8525689403982994,-0.004887707755912629
556,8,3f235799964160c9a08d1323e8cdccbb3ee53052d3e5a70c40aa52f47fb04ea1,3.331233587243389,3.3465677408136116,-0.015334153570222497
557,8,3aab84791e9c9cc3a78777acc5da7582d9f78a354c13775dde8517d70fa983eb,4.090810658242617,4.097309717945791,-0.006499059703173771
558,8,50e3735c00101776b9055a241068a833cd35dd588e723daf8157164086328ea0,4.570503754353922,4.589240796662125,-0.018737042308202945
559,8,3b43f01efa7fefcb8231aef6ce45735219fdfaa26b3e2eaba8b8e489651af19b,3.611022350059784,3.6020384158857155,0.008983934174068509
560,8,475eb6354bbbdf2e471901527e79c12dc4693851398c00203a902cf57ae9f099,3.191377573427175,3.1800748921464503,0.011302681280724869
561,8,e15eb39a8186ef409519b11dcbd6c03ffcce624b5d023856397fbfdf3393bfa2,3.66621453996661,3.6915714271354148,-0.025356887168804576
562,8,16815d35d4f4e079bac5eb23d410a69a1d3646a2227e4e23ec50bb89fbc9dfad,3.779159424323961,3.777125403350084,0.002034020973876949
563,8,ce70282d83e904546144845d9d8b5f689bdfa8be12553dff33ab507711b3585a,4.139000245271973,4.149253941855022,-0.010253696583049532
564,8,fadd9ab210db57e22bf6335b9ab30723b710f71e436064df14bbe9c11c78a7aa,4.25161581661348,4.24120730352513,0.010408513088350446
565,8,dc6734a8a33192ee2ffe95ae70f56bc50d724189487e3306b4a47d67a4b6e296,4.190719093693701,4.219625140780181,-0.028906047086479703
566,8,7766eb15b108ac482365c127a98e462ad796631ad921d56f5d193d8866270b31,3.91211359228776,3.930442534907364,-0.01832894261960405
567,8,2eb9b5b8b12e69b36939b51eb851a34d78ce071de4beb191a7d625d6bf7361a7,4.393157961136694,4.420463859496067,-0.027305898359372804
568,8,25b0ba529d6879e56c8f72763a007170ce0bc9b2594808a845695e96f485df89,4.382379987956028,4.4349096169427185,-0.05252962898669011
569,8,05bbcf99efdfbb9d98fdf2462617071d25443b65d84a83d9e5155dddbddf8b41,4.482181261065762,4.459567750781844,0.022613510283918004
570,8,91c08e9699cc7ee7b219a559354fc1b66dcc0c712a39463f231f24a92371c964,4.325686644057669,4.341449727516419,-0.01576308345875077
571,8,a21f8440b2a9dc6d9afce23f000cbfd5159ba29e29e0bdbf13372c69d1195d71,4.449669063136298,4.5153319710278765,-0.06566290789157847
572,8,c3b683d4b9b5e310758eb92c2f81d84f5c25c6dccdd1c17febc1476725eb32f6,3.8702762674101905,3.8878293867549303,-0.017553119344739798
573,8,18a91e0815a8f7a53fdaab1e0409e562ee35d96972e64f712b5fbbe665f5cba7,4.260756799920117,4.225223854534647,0.03553294538546936
574,8,823abe90933d2f317926cf4d72052dbe97293355af6331ca01fc306f738f7f5c,3.9247786289861777,3.9464736437451204,-0.021695014758942754
575,8,125dbb2092f38578a642dc25055cf8267704bdb0c2d954ac6270069aca173cb9,3.8139557181274313,3.794702793191732,0.01925292493569941
576,9,576f17496842531d1a2b62c56f325e02882911ffcc9cd7d6e441c4507372c90b,3.9485219793905344,3.9633469596760733,-0.014824980285538913
577,9,f90c96aabc41cc63f67036240c6d707f0d2d1131fe41053173f218458bb87db8,3.7261234776657943,3.710209662981555,0.01591381468423947
578,9,d944f244a1f0cb9db9df48bd56c6695a5d002df6c792279a65720c2d93a26fd3,3.7010121381679255,3.7328351257676218,-0.03182298759969626
579,9,eefdea82a75387cdb57a1bfa1c0810e97acdb446be161b0e7feeda631d7aed3e,4.2184607169086235,4.19143929293881,0.02702142396981344
580,9,bcd10102e508c7d47656acd14d96c45301c48e15519e7b9493103306bc761764,4.184707164308932,4.22751079951351,-0.04280363520457797
581,9,8e002bffaa36aed7336533fc61031be3cca2b682fb757a9cba814a2955a13109,4.317003171832084,4.30892514300939,0.008078028822694705
582,9,ff1649dc0693fb4192bc8b5f179d617844e2dd10456cdba30ece0bc633f39c0e,4.008622329154235,4.000492436013403,0.008129893140832678
583,9,bc62750543f90f7959282ef22d586ba312410e71a404e6180caddd913fbf1529,3.8556576286846393,3.845657051776243,0.010000576908396397
584,9,6ab2aa6f76c087e8dccb4ac2580231fb1f0509c332e332921b5b81934bb2f547,3.8184917517394865,3.7989586436655713,0.019533108073915173
585,9,dfcabb6120d4c04ed907e95f1b6e99e94c131701f2d854e275a05ba8efaeaf40,4.643222619251333,4.632247406555052,0.010975212696280323
586,9,56a3e2ca349d54e32ee98b0f8bd1c8e82f3e22b38299efd64cea0e08cd2a3cf8,3.934388788669594,3.982802647691358,-0.04841385902176398
587,9,38e7c61e765c466ed26d6e1467901ba07fb7f3ed15aca057424c217a1ed8ef09,4.633937764672055,4.626376370186108,0.007561394485946948
588,9,e297500f3aff2b6d7f9d9c3ae6fb0e675e1f2138999ecfbb05f94c99cc6adb37,4.610355143837914,4.551333925992424,0.059021217845490526
589,9,44538e0b5eee6efb5cd549570f7e4235a616380d84dec1eb6d1dfda24dad2146,3.4353218198288573,3.460086696470455,-0.024764876641597766
590,9,bb8c196e5eb067e2772011ac708995e72c36a09b1751db081b517c1aac4a8c44,3.974256249769951,4.006605690851188,-0.03234944108123727
591,9,e525aebd70145c602d1283efa3869cb541349690432e0a06e4fca66d9b1ceef8,3.9494866134414224,3.9386171686221587,0.010869444819263663
592,9,78e9923ff668f57788b288625c51f95f6235a1bfafe4ea6a8f0b688af6da23f5,3.932299088117432,3.9248886386999686,0.007410449417463383
593,9,89beadc6f7429c4b4c539732b679685557f07a9ebb5f68df6e60615a14b65ad5,3.7976078384389496,3.8222790376502473,-0.02467119921129779
594,9,5a660e1140b370ec403f89b727e48e177f6914c901c8ab24755b20a3107d1c81,4.2767220988820895,4.26686686285052,0.009855236031569348
595,9,76de805767064d283f8ef791efa32b503ced416a39ab3400d3076d2094d65cff,3.744989612113528,3.7476304748771554,-0.002640862763627183
596,9,be3e36ca5e3226c1c22e604d62ae1d4be867ca1f8afcc7c5baffa1c00f8fbe47,3.9043345208969242,3.9355696307389962,-0.031235109842072006
597,9,c92d6f603020703719203cb227d82cee403776774acfc2bae6fcbaf36296e0a8,3.7727169818889195,3.7989326979903524,-0.026215716101432918
598,9,8cb0da11d166d5af2718928402ccf1430e60b005a093986ea158d7fe02a452b5,4.167509569512106,4.180424177420662,-0.012914607908555809
599,9,39acb0783ecd48e044097c91682bff8b7b64d5d7c2d5cc7ca9f485e144276e94,4.0673118602662015,4.072005777823421,-0.004693917557219152
600,9,4401ec8027aa003dbeb8c9a26107e2bd4e7efaacb473ec1d98abc0009b1a3bab,4.132235753173518,4.131474229879814,0.0007615232937041583
601,9,87860a8a1a3eae5147d195fd888438fd31efd5627cfeaee8e350df3eaeb15917,4.266146012585494,4.268561769469663,-0.0024157568841687294
602,9,ac708297f35cafba85daf80a379ed7a3828870eac73f7774c6f6a47ed2c35951,3.886866645491864,3.9093009697978687,-0.022434324306004783
603,9,2c9015d5c221f7a38e11e2df323ce81b1a87a2a525a0e175641311427df7edb5,3.516175362023091,3.5476768765463476,-0.031501514523256446
604,9,b83321032c308077915f2566f4646e3e97e07d89fcf5607449ade12515cfa2c1,3.2056867322658604,3.2065852915833375,-0.0008985593174770656
605,9,65f3752cc202087129a58b36eb22035fe5dd57a5bab57c398babd519342dd4d4,3.3281618008958276,3.3224076218165237,0.005754179079303867
606,9,f97b4799c3c2aa1c903da46b17f14c3748d7b167418689c47791b1aa57768ad0,3.5341564372218244,3.5344923361797385,-0.00033589895791408253
607,9,24d3b7c50176364ab3a394f9e2dabea11b8351f016d50ae65b5c81c26df97b38,3.6972928777671115,3.7456230013243044,-0.048330123557192906
608,9,f74dfc00a85f380f06bea6e61dda9f4bbb40c568e74ea812290a221017c6ecff,3.43182960672101,3.4641480581601627,-0.032318451439152796
609,9,bf13ff3312ea9c160e5c43ac61fd555476e93f10802a2efad542c5c46b8c5c41,3.5042599291359124,3.503235365304306,0.0010245638316064287
610,9,81090908d242fe61b182217f3a5f6e79cabc9acf44b685cee490666d4bce8555,3.714018911599773,3.7253425799885918,-0.01132366838881893
611,9,70794bd1c3f8743d79d62b1dc52e1ee40dea5a4528a899bf9535db074a3f29df,3.638497907798012,3.6398161302461176,-0.0013182224481056437
612,9,d27d4c7dac6c38b7cb727ee1187f5607cf777ec5105ef981cf0d7495f37a506b,3.63459080549228,3.6492780452726947,-0.01468723978041453
613,9,b9ea43cb14db7495c21fa4f6932f1abed3816e1be722bbacc318115e59a5e691,4.101722096123467,4.121339315172463,-0.01961721904899605
614,9,7645befa71eaa026013601e68e8db4d24066b29303785f96eeb4fcd8f6ea7dbe,3.7816287462617666,3.765654748677278,0.015973997584488586
615,9,04e4263c1551f50435397ded0a040fced2424fa9adccfda77c15f46bbad26917,3.954932704999294,3.988853942757885,-0.033921237758590905
616,9,224875f085b9fb26e4f78382506c9a9259c737d6242bf8a06ccee403d3292c1b,4.23678824434532,4.244739180142119,-0.007950935796799286
617,9,78e7422b02525bb3609b655e27369b8d9075853a4079b188ea044c00198fa92c,4.752377068303289,4.762088706369639,-0.009711638066349337
618,9,1e2feb2027bf3901e9b84e411d8fc21ca02fa4aed97c270a2e755de9d133159f,4.6692633465623885,4.677998245153503,-0.00873489859111487
619,9,a56a6de48076d5cabf18b37c6752b4811d035f107b0f663403005feebbba62ff,4.969613624417661,4.969562856408629,5.076800903225376e-05
620,9,4a78eb0f57cd04e1adbd26e9444cb1142317ea647bb9edac7f18af98f4fa8ef5,4.404341551387262,4.425968568994719,-0.021627017607457333
621,9,efeb98bb6a69dd50b7ea132cdaaeaf403fc3f357463247522d1e19c5ad71ff64,3.8234786818890356,3.822624331804562,0.000854350084473765
622,9,1b02edfb9d183c58bfedb29398ce6d45fc50381ae0bd6c7d55715be86ef58da2,4.234873527068231,4.211351439963806,0.023522087104424827
623,9,253c4312428c8f53d8da4896c1480c858a061d5d6426de78434a61c3fc2801d6,4.41863814872778,4.405760505535909,0.012877643191870902
624,9,df4b86b2de89ec75a95f6f13fda98a65ebadcfffcbdad6fe0ff202a0263eb7b0,4.152999435440151,4.158174158483774,-0.00517472304362343
625,9,87872cbeb1567a5bbe06d9435bcdae562389173c68fa2276a2f0ae18da0e1868,4.076657393444123,4.083664332743581,-0.007006939299458281
626,9,8d6e06255235b51cb42440aa9567e3f25fc53ea4fe79954a463f2cc328579d42,3.9984599426444447,3.9972667160383253,0.001193226606119424
627,9,bc5e94b7ccd364818bda269b5fbfed6fe0bf9c41acb54e2fa06aa701ab725ee9,4.331620212670373,4.341126101452005,-0.009505888781632166
628,9,ff7c51369f06513e4647d8412e2b0cf61b278ecfaacafdde55ea2aea535db70a,4.150289803224524,4.184163656232585,-0.03387385300806045
629,9,9b7374e62c665d973fbf879b381a56dd1996f78bfcbac79b3078ed6e0404b4a1,4.256496210069827,4.264307861109728,-0.007811651039901335
630,9,8215849cdd37c273a884bbefc5b1f23aec1579aa691a783a2bf05b4e52c4ce33,4.026463043098374,4.036381155570666,-0.009918112472291796
631,9,94b25a2fce4a64b0e2d2a435ff799910e49496ce41c84b4196c8138925225979,3.6757520471941874,3.666862579222485,0.008889467971702203
632,9,50387a780ef55d93f056829edb446a8aa78b019c47b9d0471e6cf8f7696be2d6,4.139298950079763,4.1651644086821875,-0.02586545860242495
633,9,56d5f918dfd07f524e1df53918d74aedab277ca82cfc90e1459d262c2fb2fc1b,4.324505291644982,4.335806287283049,-0.011300995638066524
634,9,45b5cd1960b7584d98bdeec552febfb741ecbd18b1c7e502afc6aaa653c40d8a,3.936927926096814,3.9306586754814816,0.006269250615332567
635,9,e0e727dd148af388f1f216850983adab70c78738eb2969a35ca5f2abc39f46f8,4.186371862670455,4.24850794995325,-0.06213608728279496
636,9,2b394efaa20e5f9642180e48512c9b3bdaadbabae7516e31a7c05f9f18f9cb10,4.0601510595226955,4.0804805961960255,-0.02032953667333004
637,9,edf8735b7735a9c19114259cd25dfbd8a0b4b7b6566f2de2129fc18745630532,4.044025712699749,4.029612159838507,0.014413552861242351
638,9,ab61823fe6b2ab5955a96f2d1ee0afb178e890996540ba86fe4e6d3421b88c21,4.280808261828838,4.3075281797750335,-0.026719917946195437
639,9,a67e4e1e38a4f979eba354090f6514e18abf19674b2729a43fa12d90490f60ac,4.082234206040425,4.126504412597683,-0.04427020655725755
640,10,99ca48b86cb21e4fb5ce13c35fea74918548c5c64174bcb40ed72a4511dd1be2,3.678646606065854,3.650626066788675,0.02802053927717907
641,10,ae341ab88dcde33336ba5b835040348af6cc1b0c178865a0979f88108e72d45d,3.9672666607775398,3.9588576795733346,0.00840898120420519
642,10,64de61c22a93246b85c70e47d4d348317fea0114ba8cafec14bc9bd8d9bd749e,4.140021879159804,4.141484061208644,-0.0014621820488400772
643,10,0cb2147859a4d12264742b302b38f403fb74113392aafae8b933fe8326fd55fc,3.536367790180293,3.553830554262049,-0.017462764081756177
644,10,ac0d0ec41614552a743f2a7d1ce3fd745047cf35d91b939ebf95835e4a44ad52,3.8361139914611044,3.8451652933682965,-0.009051301907192055
645,10,a74791f4bd615f0f19d9a0f0abd57dc411055204646c15401838560f2cd1023e,4.473249454185748,4.489643806737661,-0.016394352551913016
646,10,3629d2532b3d45d0acef58cb2f211f676eff35c4a2bfe6d6f6a435eb2d4d321f,4.089523267612549,4.103205690138111,-0.013682422525562288
647,10,24cea1f812f9a2ba0d37c8bed19dfeffb0fa18b095daf07bddafc994a921dcf4,4.253460661476538,4.2513403415862285,0.0021203198903094744
648,10,2e1fef9826c0922bcdf802e8601836d2c0480a4fc9abbfd3bf4d32a46062251c,4.416484321192456,4.417639196267373,-0.0011548750749170722
649,10,24c747019a1c0c90720a67e3bafedfad3eaf54b64d00f9c3433fc9b582f11f0d,4.186243228041121,4.179492707658483,0.00675052038263857
650,10,a0f096e23ee8fda3d5bf799074e73e72196a3b5c54382a0009a9e6df83aa492f,4.055689488711209,4.02751393733638,0.02817555137482941
651,10,adbb057c0fa5cc697a476fd56c5ca7c61589d3d7ee45186472531c6de7f52e29,4.2939021259306855,4.303686864363044,-0.009784738432358608
652,10,55de042ab405b3555ba6145b15b844efe96c4ee2085a35fc41cbc0f56e61b6c2,4.340253672424296,4.316370859390872,0.0238828130334241
653,10,e25cca47f244b34a8d296eba2011812fe32c3af78dae23d57f83038de148494a,4.332198966430042,4.3000240304065755,0.032174936023466216
654,10,2595b93ea2ebce7c81442acecd4f7110db9b45152700953a2e564fe99b351488,4.223943650267756,4.238436569621285,-0.014492919353529032
655,10,7f30179b157447b6f9b538818c02b7975bdfee6c0236acc9f8c578743845405c,4.234833752845816,4.233804503383453,0.0010292494623627135
656,10,fc5f1e826c7c18ea73bc7548bc4404843bec6c5a8988d65b7fa05cd5f645ad5d,4.28381087236005,4.308235380310279,-0.024424507950229213
657,10,e5d66d14cac63fc33ce1c5326c2c05e4fc4cf00f23f4a6e0376787b35405eb81,4.071735293030542,4.064347819200975,0.0073874738295671705
658,10,67273ee5a9c43c7a87beaf3c243fe5e571901003c01ba66501954cbc3703ac3c,4.226735666712102,4.234156192587193,-0.007420525875090789
659,10,d2d117a93b53ebf9cff2a3f8da89b8f2ec6cde92798c74f87cc93c090628f320,4.382867477272612,4.389351307408049,-0.006483830135437074
660,10,ae65ea76ce18f9b7a5909960208acc650714e7bfdb65ad3dd0e8eff9daa25bd7,4.365732896328154,4.406869280634055,-0.04113638430590072
661,10,493e3c274ab3f96e200d89c7052b2ca6499259119fdf50d592546bf76c20d4a5,4.285411271454677,4.305632322488236,-0.02022105103355898
662,10,5a2498a30a70bd013185a954222a926b4d12d68b75f26d626ee6eac99c4bd2ab,4.303148867093,4.291180012479231,0.011968854613769508
663,10,8c1ac7b4aa329bdc6af8a5278d700212c866ee818eed772044b0ddcbff0ae89f,4.835125242815138,4.809345849242391,0.025779393572747722
664,10,59b4e20e032355288cb4dba44905eea92046e97d10997ec12bb56c7e694bfae1,3.7521793316120693,3.749544625768067,0.002634705844002383
665,10,5bf86e27400047c0d8c0f21f148e43ad4bf2d0fbe29fa6610ca1b1e5a822184c,4.185898792653461,4.205427889447151,-0.01952909679368986
666,10,96a2f1a7435ca058f527cb9e64986cb2b697c276191f581995e05fe65bcb1b9b,4.408931267900925,4.4038992048335786,0.005032063067346826
667,10,80948501b29467cf3fc3680622d8fae6e22193cf3ee70541642aa5018e189cc5,4.300253602830708,4.282199769307681,0.018053833523026697
668,10,d5286fb6e052f22c09625d7a2cf1dcca1ba0d086eb8e1da1204548f8f80c86f4,4.6880459661538225,4.655182989602054,0.03286297655176895
669,10,698950e3c414f9b0388f8d32bb77e03790a526e111d5ab18e902220e1f45c8ca,4.555005772996537,4.537967676639255,0.017038096357282484
670,10,7a319799c7bf9cf147764489d0714a4a116a8653fcb0170e59a9ca06bb6ab215,4.302793913177538,4.270936808911301,0.031857104266237
671,10,e0d2881540acbc2562bde0d7ce00884fc31f492ba91f65c378e3d7d4fbf3075b,4.0293710795858715,4.029735878194515,-0.00036479860864346847
672,10,983100459ea8f5efe3a90fd9a408c8e793bfc5d636f5cae72f516f37e0e89e1f,4.241455216980739,4.226560433658051,0.014894783322688454
673,10,6c07a0721e4fa0a2fe1cafd54bdbe2f11c20a7601da2a744a981ce54969c082f,4.220525981875937,4.210029823329251,0.010496158546686729
674,10,09e948890ac01acf740def6a277305e5af2807f4ebf8bd8e0724feb903986e7d,3.9385375008216954,3.9250275590434285,0.01350994177826692
675,10,9c31984428d9dd6d7b64e3d1f223cbfd5945cc6ba75d3f55f8751beaf2591077,4.143253287982532,4.167345418133891,-0.02409213015135947
676,10,28dfe118e51236d062e15b12ae60f1e0343c68fdfd7257f72e3715252c54bcdd,4.231540857200798,4.247849866387469,-0.016309009186670664
677,10,e76b67816c438717cdaf4ed530eb50c5be5d851be07f1d61f2257eab4055ed8b,4.370607646889596,4.397682319255068,-0.027074672365472452
678,10,e3dc40c266e62a8a7e7a56969fff6b95453a39480c4c046190be6d16f9bb87fe,3.6562124283396216,3.681616889589513,-0.025404461249891597
679,10,356e4ec02f47649a5af36e394e3ff3788a6c12635e023290878ac26af24126b1,4.202170305076926,4.228908497640049,-0.02673819256312271
680,10,0d699494b6f7eefb5fb5338e325d07e6208f494073d47315b07454b30f7a5527,4.262621754003476,4.241316842842252,0.021304911161223572
681,10,b51035ea9c09d7105caf9ca572dbdd40e1f2483b055f7dfa71bd45e43890f823,3.87642675791966,3.866727198766739,0.009699559152920756
682,10,6eff2a681d2c0e78a1d23706f19751b93f9954b8f3fc45038ea649272bd1787d,4.21154431174773,4.227951367568039,-0.016407055820309324
683,10,a8017b232537c489f3cc2ff14d0ad21c49c6271f5925b53bcce290f10186ae13,4.309389585566521,4.322972951640935,-0.013583366074414016
684,10,cea1db4a821adcb31eb8ebf38ec7204791fda8967eec9c318f09e04e58056af7,3.827652225612951,3.7978179240018335,0.029834301611117553
685,10,c311c32d99ad3f2430b8dce53a2f42569b320977bc219fed80196ca003c98f1e,3.4764010521616058,3.4884570723629906,-0.012056020201384854
686,10,1c48a7460a6cb82f4dd60526b67273b60101825552d2161b594e95d87606a15c,3.8038950838709837,3.8128834578434834,-0.00898837397249963
687,10,38f9258191654504bfd48b20263fd6cca65fc798c96426e670ecf9721caed5a6,4.065654402763357,4.089468652384312,-0.023814249620954797
688,10,3b67c1946091fd0ae7e7178cd2dd75963887410ad704c5a4d1e580f62b430b74,3.3458285144736237,3.355289773251002,-0.009461258777378134
689,10,466d5b267d7e2cb08117b5c8ad51005a5517e23cad9991d126ef80e7dc8d02bc,3.6069986098984828,3.6254305748021807,-0.018431964903697917
690,10,d5a0b3b5b39a6e232fcd6fa45983794bd9bc2dcdd70d7cf569de7d7a78743f79,3.952810053296048,3.9293100227876607,0.023500030508387226
691,10,5a58f580af6a45253a5e1f03db53dee5a58c0c054740f1e3108b0e81c433e5bc,4.444670736765374,4.480746305992852,-0.0360755692274779
692,10,9ac0558dc638f34103628d24ff504fe833e2c19ac108d3c1a277587bb7f4348a,4.648239835269219,4.599812357002094,0.04842747826712568
693,10,d8430dd07ad87b43f03b0433443b89ef42ad648eb9d8581ee5c9be7d76f5f64a,3.909121330053864,3.935492225463207,-0.02637089540934312
694,10,1047c15727e51d694b8beb7314efb10d5a1a66c7e73f992f8e5898a9b7ba75ef,4.185374606001687,4.182169671751069,0.0032049342506184075
695,10,1ae537601a9e05b48e81d486cfc93672cf80bfa7d57ce801238ad7edeb391f98,4.008606627747213,3.987242587311357,0.021364040435855713
696,10,8f05759dad28c262b7f63b8f9f2f1bf97eb2e4c8c23a570075b7ce73fbb529a4,3.160079455229294,3.15121922995786,0.00886022527143382
697,10,e9d7bc34102cb50181f5e6cfffe446ab895df7105e4e6fdf22d01c07c5541e01,4.305040382020707,4.285452463291563,0.019587918729143894
698,10,99915caabc161c663a70ba43e74656a0abeac08cf9c53b2acba466fa1dd675fa,3.451223200188821,3.468774373405722,-0.01755117321690136
699,10,eb47f300c1581865035b17c5cc48076013ee0c7513827d90d482c522a75b4b47,3.248458397366221,3.259228277026523,-0.01076987966030174
700,10,0df86fe77e967101cbbd24d069d179a86b2eedd381ab178ed5db0a860056e269,4.153828898711481,4.182526328063204,-0.028697429351723258
701,10,e75afc401b6c4424162ea9c617b580caa89b5219eb31b8b3d33d551372e7a67d,4.326102478108169,4.313973299778752,0.012129178329416845
702,10,cce458e050c1e111bf25f227d9c83cc2a2cefb580e8b88606725078784563e76,3.9404138483434643,3.9518902823649853,-0.011476434021520987
703,10,93f5b1eeb229892c17509f45149ed15b101fb615a053005ea43171a42e3bb747,3.8406827248887794,3.850301285020933,-0.009618560132153675
704,11,f0f4d4a5277c435ab10dd810608307de94a1b2627316c94908f7a5182e57fbc7,3.2903072221816956,3.320584818131806,-0.03027759595011048
705,11,bfe5c5c4ec73a909b1ad5158eba0fc91fdcb516a66dc6649062ec80c56ec21fd,2.9463309015440586,2.9805052084123815,-0.0341743068683229
706,11,365b972a460708cfe44feab0d7aae17c7e2498a8d9576650d1985c9fbca61d81,4.150780542794166,4.110282097670819,0.04049844512334744
707,11,2a1e91944e3e63ebc0ce6ce8878bb417462bc636b365303c02401f83d1d76819,3.2931658585729906,3.3212984173141535,-0.02813255874116294
708,11,2e584743c035694100fcd3ba9b4e67c81cc3ecd6b2485df9d2efad760d8111ec,3.1866698918306895,3.187024251566868,-0.0003543597361783668
709,11,9f44924d816e2e3107701dee656656c8803defc67cafcde729a126f86755af8c,3.8858583170743657,3.898787948830659,-0.012929631756293247
710,11,930d9ec01571afc5edbf8c15ff56257f2bb361e7707b1e8737755d8b0fb16fa2,3.6232577953893355,3.6244233588045347,-0.0011655634151992444
711,11,e5dccf4f8f29a99a1b80edb236289425b8c8ea8cb1b4f4c3479ec35467716560,3.547913613293872,3.547389500198804,0.0005241130950679462
712,11,e5b72769cfd2ddd0fa93d5a845f3a2e405032ecb00d2b5811a153f9f6bbff70f,3.4423413228785193,3.4712164142733855,-0.028875091394866104
713,11,34b1505227216a1eac2e6a64c8dc2367351e93b7025b6d3a92b582e04945aad4,4.275607988027275,4.277312947670453,-0.0017049596431775171
714,11,aecdf2bdeb8e3392a1c89312108379d0c281c58e9274a9aa23cbd10732d6c263,3.696867990902348,3.715123322737142,-0.01825533183479422
715,11,75228c0e50c880f13c6d41a61b358bf861eceb797bf606ce7e5241bdbede184c,4.18876744651584,4.1672050642450245,0.021562382270815306
716,11,14e3fea0b6973466b91c076e0db01dcda6c1192484f38347dc14b1a3d950afb9,4.338756564736741,4.32682056092824,0.011936003808500573
717,11,4e6b84d6c946bbe335693b291a1c9efbae60d7eda154c9dc2f9b270cfa711b61,4.476276703082959,4.494472130993984,-0.018195427911024353
718,11,42f969e213c40851075619033057fd97548fa0f461425af07fa4615a7fce4be8,4.477092560068769,4.444837631671788,0.03225492839698063
719,11,a063ffa2be40af65e9d82067ed602b03c866cdf17f3174cbce864c4dff7c7e03,4.40075339033001,4.389965821888154,0.01078756844185591
720,11,2d4e8ee40c6a020a1f17f54efa6e44d74ab344f0506eccd69137e89844387594,4.051299474596135,4.088829564951084,-0.0375300903549487
721,11,df04f8df1eb5d4d76becfe22d878b21af6a340a28579682907536d5d2e1033d6,4.061548857099297,4.053811073275028,0.007737783824268263
722,11,e46a5e325b52e079df0f74bdc007b4a22ed2c3715dff532e69ca3ba59e8ebbef,4.242574196647183,4.262790290856628,-0.020216094209445146
723,11,74a0fa69be598091ddc8390573f41cf39d126c56cb1b977869e606f0d10b12ad,4.233666521496616,4.258851892784605,-0.025185371287989256
724,11,0efa205473b10aa9c843eef7ac7cd0a00d1b343c7f1d1447f060ecbdaa58fa67,4.21124359393896,4.205125925806229,0.006117668132731069
725,11,b5729137b9925b132f4a7a55734c2e3b1872116fff13f632462b31f4dd05cc8b,3.6496539562047303,3.649829918121185,-0.00017596191645452564
726,11,80cdf7d512e26db55414ffaa4744863c26934e176c262b236f506938afe2e3c0,3.979751486115447,4.00885619816404,-0.029104712048592773
727,11,d09348b714599edc70dba7e534e9955ac4c72b8573bbd7a3dc104d1404b9759f,3.7966534501046,3.899027179797713,-0.10237372969311309
728,11,c91e530505f9f4134128e09e8f12d23299a8e9d6e130cb63af50ba836f20aa40,4.097637431260182,4.091986788605482,0.0056506426547002775
729,11,6c373a9617624ff64704a647e980da54fd021d8a5c11d397d6f78282c5663ab6,3.932736211018323,3.904938049594193,0.02779816142412983
730,11,6c841d7c16c9f37e81afc8efce152f6a6d86dbaa2b71538c18f93c1497663c8e,4.148080466109832,4.192759330982653,-0.04467886487282158
731,11,d3a37f71ec054eed9e1bf2c84d4848e22f66863fdd3a947d47393426b13ef3f9,4.093053859289142,4.13308004601538,-0.040026186726237256
732,11,cebb21089f7f557318d5e8f85d4bbfac62320296f3221a80a9f2391aacf794d7,3.9099328936167126,3.920065754322877,-0.010132860706164593
733,11,6fe38ac2f0284f41662171c13fe88888a8a14ff3758fc9075116366d8c5c191d,4.13235179872656,4.104765493841626,0.02758630488493452
734,11,a2a86661cf2c866302aec23f291a72592d397035526133d5cea910920d69b5f6,4.277558378781862,4.264031170654874,0.013527208126987489
735,11,697a44cf3c3b2215c82fffc55713d48da326de22e604f45ed78b517acab80931,3.859599674560272,3.880650570462535,-0.021050895902263278
736,11,56925970a85472213e94aaa3c1cbb738cbe9980758538a62f6fe333e1f1b2d9b,4.040094832687032,4.011459667833719,0.028635164853312745
737,11,9da154a495ac0da18dd23cc2ef8b24ac53b169870ca21d5678d39fa6df59fc31,4.319058586166648,4.277383626957999,0.04167495920864894
738,11,24e595698a908f6bce530990a4cf8fd2456aa1ed2363a99ab26c5a4d69270b00,3.7803941366048974,3.830157054286218,-0.04976291768132057
739,11,89f25aaca15433c4e4b472adfca1992276c86f3cce8841bf2f5e80309dbe5d0e,4.007244894903593,3.978207903759312,0.029036991144280933
740,11,ca3d5057848e42ab4a50306f8a5aecb76444354bb760e06bc269823c61786db3,3.55470434108031,3.544505558768037,0.01019878231227267
741,11,1d54456e18f9760b583e75ef7fbffb9b711909de8f65714f7e8d5064f45e0d84,4.157443587781785,4.188714750061763,-0.03127116227997817
742,11,0307d6829c43d6fa9983017e878ed48675ef8819ea5bd15fc913ab5d58e37571,3.9781214847957926,3.961270397156511,0.01685108763928156
743,11,ca43d61e33a2d39748a849490bff3452e3d164da2e41e0a057f8abb2f5d02b0d,4.0340795354395595,4.026998010442298,0.007081524997261113
744,11,26543501063f2d15b6d237b2400e9a7de898ded4ea7fefba0bd0c7e5aa623d57,4.07063120161088,4.055139834938672,0.015491366672208073
745,11,369cc9d779f2cf4df54d8be18402a6a008b888d622128427ac71e87ddd9ea3ef,4.0482470611312635,4.070049844850985,-0.02180278371972122
746,11,4a779df811fcc4f9f2163840f203cf91b5b15349ba173babfa20759bf857a97f,4.00588111473445,4.028720526500962,-0.02283941176651183
747,11,e8a19f118ca6e722265180774a9c3b6c12210389336cecc5e14c2c657b4dec6d,3.933970198593954,3.946398755826749,-0.012428557232794901
748,11,f206c0a44d29a7e45e628730246a35a00fc9b5dbfffe3e36a82501548283cf7a,4.149391921846188,4.16939400650574,-0.02000208465955211
749,11,2ee204f6af5a8661b3da1e07e4c3050bbc0499591d177b88291f1b4ea4875db5,3.743373399603442,3.748104076050055,-0.004730676446612847
750,11,e2f7e41beca3ef4322ba799d5fe9565d7ba89c58033333e49e287fe89eed29e9,3.7476435012168423,3.751325770824124,-0.003682269607281796
751,11,b31fde10cab89094edbd0ea72945ba0303f0939dc249092e04df557038ae58c4,3.8083429764631234,3.814198554576322,-0.0058555781131985896
752,11,3b236385e5ce36c956153e38795d9133cd97b92dcf92d9a8573dfa6da1506ae9,3.890618070393259,3.9011838311124194,-0.010565760719160266
753,11,8d09c86d051b65c240603a0365ed0bf7c98b1231e47efd5de32e0f0c879346f4,4.002694160150995,4.002289430146448,0.0004047300045471047
754,11,aae263294238e78743d0826c6b4f788519d134c0a6bce89a164342c39d5f8598,4.073996867722471,4.086381744950074,-0.012384877227603397
755,11,892d4ee433e4fded6698aed60bc13d2c914da3d01b948c3a5a72d60e8109c89b,3.709742086165093,3.735710084693906,-0.02596799852881304
756,11,ba84b227bbb777490ebf493dfadea1bed010c8105c3aaf356ca092aa6e12db1c,3.8651104477761606,3.8864402472566297,-0.02132979948046909
757,11,cc27ba7cff337672bb7464d2f92d1103d3513592257aa2195ad906f09f7b1593,3.6856862889916897,3.679429462562247,0.006256826429442697
758,11,c6b61f96ad8fb0f4c0a111cfa7f9389405148c828f9c384f7fda9524244b81c2,4.3794320429144875,4.342205165748908,0.03722687716557971
759,11,c6428ab260ea878d0c74277b09d5e92065ded3264963dc3449771f4eccc58ca0,3.9551253827825974,3.941904117249294,0.013221265533303495
760,11,e541fd788fd0ea0ee247a37232134eb01d982642726d9ba01eef9ddd9d38db13,3.7417830639072776,3.7649102083453414,-0.02312714443806385
761,11,54e4c0354a4d1b2d2d9247c2af88520f804e1e06dca4ceeeeecd4c8f3848867a,3.7953992134134893,3.8075680692006273,-0.012168855787138
762,11,76ffede66f83c53c5f59eded16db3dd60b44ad6bf8ab3b4540e2dd11f939d698,3.9313903727675665,3.9449657947578487,-0.013575421990282166
763,11,7995f14112936e41f2c6839ff5355d6dd63df69413c3e9772bedbd6ea2e11147,4.346479687310435,4.353754497751083,-0.007274810440648594
764,11,530ca0f59e9a3257edd63cf0afb8397511ded7a8ef3c555695b91aaa8e0f9722,4.315110993607519,4.308498858014147,0.006612135593371704
765,11,37a10e7dd99130566b74a8f60bf4314caa0316f4c5ed6cddfa1ab052ed110901,4.5297214946281485,4.540246712916769,-0.010525218288620408
766,11,abb22e3ae954d82ae530067f05f357dec1cdd25da521de78d0de27dcf6d92026,4.314359813697493,4.290969346260198,0.023390467437295115
767,11,eee233d8d7b007f9114effead7c27d1e71467125b6115c57c538d47409a7338d,3.6240193633335984,3.6488116185540314,-0.024792255220432935
768,12,74984c10c8877f0155a163f50389a86a4abe07b797cdcd4aaefceae2d77a06e9,4.100650488189558,4.094691274773595,0.0059592134159629495
769,12,962726f15bf93d35a3c9f79b717a56f0b5da111f6eaa7535eddb468303804bfe,4.435111074985759,4.469774152415219,-0.03466307742946029
770,12,3b749feee76e2aeb3c794cbc0cdd1cbe67f45e4ce32624dca484cf1a901dbdd7,4.174492658446766,4.166920227881121,0.00757243056564505
771,12,f0b5c427bbc96a739020cc5c2d9bbec8224e5860afa58e7b5410481938210734,4.386623941314767,4.369687492601784,0.01693644871298261
772,12,487b911b2869db17fb3782dc6fe353163121cdd89d51aa0a42e2414df3d3d901,4.198160070420954,4.199380613811968,-0.0012205433910139618
773,12,db0c050976ecd3d016611bc311ae6183f9ff7f7c19d767ac0d9b9455681154d2,3.3723158328691625,3.3590048127337013,0.013311020135461149
774,12,db562c35eee919ce3d577e5e89eb6e18713f2a9825c9da2f6cc555de2269f568,3.7474402061466563,3.7156580386941584,0.031782167452497845
775,12,a4cd0b9e60a71ca7a79f22b90b6734d7544afc61e22ff4bc7e0aca3a70a10b63,3.7158839865820283,3.7349066376614246,-0.01902265107939627
776,12,1dd6f2a06870f655d2186b2db317d52b95cdf986066b0ade322697c2bea46cba,4.1182983627081455,4.102967260284885,0.015331102423260745
777,12,6cef5ff9931b6d9f6760735f07346665c74327c191033dd235b989e109e6f269,4.241135456231632,4.186108371940577,0.05502708429105496
778,12,3e09cb4e95045464d197a39f09b22a1bf9b4a902d52eae579ed9337ec5649bd7,4.011115005108763,4.02637129203481,-0.015256286926046414
779,12,d5176f845c4934ed0fcb299ef409cf7df3b8d4ff6606e5d890d8f64a7adec13f,3.6731205099913744,3.68142218592574,-0.008301675934365704
780,12,900e70b2e28b3e7c4712a9b6521ef13a226fcc8055c6706cc0e2a3dedcecc3ff,4.066431189196464,4.072523765409869,-0.0060925762134047545
781,12,82c76d9888375be6879994f62efdfc56c273045b4e5dab26b17318a4e3aa782e,4.292379569231571,4.3048786230742735,-0.012499053842702779
782,12,8c8a0f5b433b6fd861d9696d1f207ef78ce420e934b78204fdfae5d82977ca26,4.2162943707236025,4.2065687509034575,0.00972561982014497
783,12,ebbdd0e2114c8fdd1f3f1dc0ef8da27922bedc0fdcbeb008f7819b0e444afdd2,3.739359484310512,3.718405028224197,0.020954456086315076
784,12,cfaa64f9fcf43426bafa0173fea05c19add549cd143a2cc69c5ab0a823ee673b,3.608340606893023,3.6108906451814278,-0.0025500382884047212
785,12,29c5af64928ce3b5eba08a99057c60a4e478ba1d47a34892e6e05b1f70a9a79a,3.8071341139446275,3.7978878372778127,0.009246276666814879
786,12,c9d4f2ca339f9456a8b1a529755c50fdfe0a17f6ae423bc1fe0d7cd840a83652,3.959989777469332,3.9217250850555274,0.03826469241380437
787,12,65cba291a2167520ec36133e33eddda810900fe10025fae3b4c127f1a084928d,4.2665639897641086,4.280831647845844,-0.014267658081735135
788,12,3fbbd98a428c1a3d3702b7ae807c93f2ed94dfca57837afd88a3102811aa74f4,4.227542011760306,4.236335713269,-0.00879370150869363
789,12,7c0c5335f81c800e60bc744bc906009377c9521aa9662a200fef1cecf4a76d19,4.121111725869923,4.142253048806879,-0.021141322936955476
790,12,207b85ef2c3b7323355482d72a116144b77c6e7839a3a4f26414da69c0274ef8,4.103345879324152,4.107728995428161,-0.004383116104008877
791,12,e04f52a99205a612f4d44ed241abd1084cbfd3e49b128a47f191f5446da9f50f,4.033421035651827,4.020406234028542,0.013014801623285166
792,12,068d24dac625583f535be8fce5a91b536fe8cd4c534cdfcc3b01f01327013b98,3.845894325669178,3.853926071850765,-0.008031746181586641
793,12,ee50472ab33860e55d4dbae2cf2ed62a79bf8889167aafcfc9022662b9b3de20,3.8585267408695927,3.8883540259416804,-0.02982728507208776
794,12,8e859a400a2d38cf0c6e919b03532fdfd1e3085026b69d3467262343a588852c,3.9517380655462375,3.9650869052046573,-0.01334883965841982
795,12,b20de637f9c55e13c2039e7508ac34a52254e8a37150c851428446b0704be726,4.367850508202878,4.390654973897654,-0.0228044656947759
796,12,3ddf3862eb4dd63bee7f4d05bc4879f8dc2075a008df337f7df2a598f78fdf8a,3.632689600864751,3.629866939316571,0.0028226615481798945
797,12,12f1d8435a2f09633827a277414d38dacac3ed250dbdbcd4f45d794222b4c787,4.121316180160221,4.122176488423918,-0.0008603082636966519
798,12,acc9bdd3831691334d7ba7404719a71b051d07ec05b05d6ed8f340b50713bbe3,4.475339586654002,4.46932721682947,0.006012369824532016
799,12,9df75dc91349227fc283a01ce83faa07f41e13b7234e7d69764238aee25d676a,4.424999677372881,4.433960630587734,-0.008960953214852907
800,12,c7f966ac0fc3371841e88b1955c549d136fdb0cee9ade0e360fd6f2f140f76c8,3.3701326314616438,3.3708223020807466,-0.0006896706191028557
801,12,709c00e04342b7a51c611655ca0662f8a82ea985d534d9d4aa5a36ef9bdc61a1,3.889593820755863,3.8782452954776545,0.011348525278208399
802,12,e79b5d0c496d10d00d013817f740e16a35aa72e98a4afd5d0aec332d193dc63d,4.526258544223879,4.523285237896232,0.0029733063276466964
803,12,5b919822e61163b1e09db4c9d3873b8ceb03fca67ccbaa960048fcc061ec1f60,4.988473854470229,5.021145280251858,-0.03267142578162918
804,12,2943f5d53fc833d05e92c740f8526201692d211f4f3f560e29367142557ddd2c,3.484282517168481,3.4829507883363817,0.0013317288320990883
805,12,8e5ddc7244cb70f4ce96543b45537eb5d44649059ed02c211f6305e3ca357609,3.675671418357126,3.706077904718157,-0.030406486361030716
806,12,094a87e44f423ffe1e6c6e27bf6348518b991f5fca9ed9fd320edb5ef5284624,3.7493974913955412,3.7955061772162253,-0.04610868582068406
807,12,7b62afc381342a29f6aec6d7a57498d831601b4cfa169d2be7dbad83e7574475,3.912758992676821,3.965788442413121,-0.053029449736300194
808,12,8c51ebf59dd58645e134e7549125014517be0a51e02ebe173965e6cff80ff970,4.1816104017327405,4.178870072851282,0.002740328881458254
809,12,c9de7148e66e2dc5b9cef2be218da5baafcdd1d0749f8f812e0d21068b5bf75e,3.9122102588612506,3.9496789413351507,-0.03746868247390012
810,12,72e9d305d454fe7cdcf6ea675bc8a04d6c23bfbbf8b04941dee7c87537f65aba,3.583791292950764,3.5500540169753094,0.033737275975454395
811,12,c87d0012e57b10a59da35ef199f0afdeb3ec69d3b41d100aa89f26b78fee924d,4.160580773129027,4.130104965004918,0.030475808124108994
812,12,9b27c4cec3dcd5edc032a2d6daab7c8b9d7f715cbca8b33846f402b66152ff1a,3.937550368057259,3.9687935101321727,-0.03124314207491352
813,12,4f90fa39fea412f77e4b34a0e034adea562311143a667e62cdd1ee826410ca31,3.6986487767894687,3.7280342900321557,-0.02938551324268701
814,12,5eec0c434633b90c1316f397b5f5e17059bf8d4362a8c8afb9e0e34e74be001b,4.407281463104482,4.421855154284572,-0.014573691180089554
815,12,37be8aac8623ba3d478189b0a05da24abf40845a81ff969e5299363516b6a972,3.7338005437207045,3.749175281318003,-0.015374737597298349
816,12,62db61f65a7c6c26a64a7835a7882f86e5a875730b000d0b4c2094c2e3f79066,3.564546477708234,3.563196121491984,0.0013503562162497929
817,12,37ac5491733fb9e7b7057c7cf264448fde8d9a35e21879dab5df704e40b335fe,3.770671985832621,3.771749023756911,-0.0010770379242899253
818,12,5a2a279a58dae2f2ad3721026fbe89d0841445270aa2ff1dcaf614884f6a32ba,4.503981000605307,4.530622705990595,-0.02664170538528765
819,12,c21be7bff41e3b11f4d62cd9ea14e582355e1e8d99cbc695cc19fc7bdca95f4d,4.3388705234641805,4.3812917173898995,-0.04242119392571908
820,12,c9506a183948802519e934b550acefbbec3bdec9006a16547b45c62bed9741f8,4.307460761493651,4.22269378000604,0.0847669814876113
821,12,4953c6f6b4ec22411d8c281944340c163346f6cd9f6f216ae20c2e7e90bf2901,3.9839557620439905,4.008679670926142,-0.02472390888215159
822,12,cec422d1e896b806489694abfff46d3a40656cfd1b5831178cada03749996f94,3.854354319491449,3.8347668816018086,0.01958743788964057
823,12,2a238fa453249bef07e0951f094bda8b83ae4b6f089c07528ae1a6d8e43cb16d,4.470970548848527,4.499484814144125,-0.028514265295598307
824,12,d7d7332ca1c7a1bf15341b531cba66349ffc4018d41196d994b7bc3e0f9a49fc,4.204616094604262,4.228229922821129,-0.02361382821686675
825,12,64b7eead3f60de93134a39e5f0286d36c68db30325e25feecd4202bcc364bb5c,4.2446073720486766,4.273053078288058,-0.028445706239381252
826,12,8987dadea053b0c4dd2ff8622e921d6f3b496530f0cea6ebc0582b5929097de8,4.16477668969344,4.204375345534629,-0.039598655841189156
827,12,02c0c85f26dc6f03e5fca25635928fa2e5525a5cd3d297a8b54232c727cb952e,4.0154379110597915,4.031516496859183,-0.016078585799391476
828,12,b8e4d6ba3e62a2c83b2e13a477374a9650f44c5b7818aa4db6c4f9e0e9714cf3,4.452683912150775,4.471001169117542,-0.01831725696676756
829,12,6768114d62f88eeddcccba6ba179f0ce61e2a14a6d8c415969dc8ea00af2fc88,3.062703051351548,3.066609999781633,-0.003906948430085322
830,12,995aac20fff5f082e7b2508001373986584a9f372be63e10cc0dde37ffd5673e,3.6008964839510895,3.625488501777454,-0.024592017826364554
831,12,7caf8aa8eddb494de1a13300d6122a29820a591aabce394902552b5938d24027,4.080602577102297,4.086601369528239,-0.005998792425941701
832,13,1c5d608dd940981bbe438b72ee0eff9f70a9935933869450757bb16421232331,4.186706145422818,4.1772323736431645,0.009473771779653362
833,13,92f838569096bdfb4e755bd086f29515897ba2013231ffeab28d7fd8e807655f,3.564612709206756,3.572497552482332,-0.007884843275576259
834,13,4ae4b31b8d9c8f6fe54d8980b1698e2b72ab39e3abe7a77b528d3e5a7c26739b,3.7438808235248757,3.734016043308941,0.009864780215934843
835,13,18165573218babc84bb8296d337876c566bd4f2bbaf419d31d550e666d352a75,4.087104168731685,4.071640105551978,0.0154640631797065
836,13,7fc4a91f9e691bb877c6a32038d25f188249da13676f8379e66cc42d321c8062,3.850477873783575,3.8905107164509687,-0.04003284266739371
837,13,a504c0919c37e570c7100544802f921ef9011ffac5d0e755c0f19008ac27448e,3.4189400965966144,3.4106511206957038,0.0082889759009106
838,13,23bdd7137dfdc25b326b29b2e039867b8436ec828c770eb527693764f4082d25,4.7549945478845075,4.773669582749108,-0.018675034864600093
839,13,dc91b8fa61b27d64cb2cc14a8598cb6538814ea165e6d7f3e6ae4ffd0eea6990,4.987941816514706,5.015719562072661,-0.027777745557955313
840,13,22938ef0d28797f5d8ae87fe3aac7b3df32847f8b56fd3b5177f3ce59ad58dae,4.916413777083335,4.904657952066373,0.011755825016962262
841,13,a651cb5740d6b7287d0961991f1e54194c82e06d4c981f559dca56685a92e09e,5.1772194944455805,5.164671550274534,0.012547944171046765
842,13,75212faa19c7ed71d39f98fd46ac35851405864b1ffd8204a6a77f6a84018356,4.966263956951707,4.933393514072463,0.032870442879243456
843,13,8ddc7e437710e0a57d34f2612c5c07aef7f4626e87d1f8d6c090eb3a8d62c61a,4.69557863623595,4.6632293253289845,0.03234931090696591
844,13,48568f78691866c16e2dedccf0a05664ed4094f70313f5c74a6059c62a964bbc,4.50535848375489,4.468427561725662,0.036930922029227986
845,13,7101945f3a39a7398c5836405811ecc1421f2495f4d1bc49140b6492e0f6cae7,4.107452787205148,4.108679315526558,-0.0012265283214105693
846,13,a7e8763bf25753025a125d661ffe9eda2e32a678d4845a5e18d9a7e430290177,4.110245163192346,4.110941619045974,-0.0006964558536282084
847,13,512948e2a92176b572fdeb00d57fe0e9777941f3631c8c6333baa9ecc0e7f5a3,4.173805808182692,4.222622722919255,-0.04881691473656247
848,13,33fb6a46baf945663b9dd5f635728aa1e8297da2693bf8db2b5b55dd6c86f8a5,4.334842572575582,4.358251217118706,-0.023408644543124524
849,13,23d111f55955e66d1fa736be1ff5d3b6a069029edf80c5945fcb4b8f319c4967,4.127383728169889,4.127458250630866,-7.452246097727766e-05
850,13,c30061afd9fd5c760a4e00015c81d359a0b6ee164e1a7753fc20a16444dedc40,3.6340540035578215,3.6383752425335842,-0.004321238975762753
851,13,45c9fb4b24d6189a785404d760658d38b06a9ed55e724421fca6f3ee6d4cf7db,3.56731756318311,3.5698978624842113,-0.002580299301101263
852,13,fbceb74c474675a17656ecfcc80ff6e6038547c03bd574da5c7961deb719591f,3.7509200030155654,3.742504788265336,0.008415214750229438
853,13,b32aa610d23a8019ed45609607c3cba4082e8ab7700be401d3d4f908b4677ad8,3.941929967881549,3.9217709776557683,0.020158990225780826
854,13,cea0360aad7b23d216dcc4c91e595a15d7fa91aa77b4aabaf1a7eaa9a905289c,4.113647163826741,4.150453838543513,-0.03680667471677168
855,13,6472e4b3b98fdfda9323996bc06302443b4efd21946a4ce127321d869ff7e449,4.132678109982919,4.12858485508599,0.004093254896929466
856,13,bc324afde2449955a3fdb3f65d28f8c19d78d4132f7eca8c9170ed026bcbfb80,4.264337760189278,4.3221793282860475,-0.057841568096769436
857,13,60bd89edc9ef956547ba3d74f313f3b25924484c2ccb96b2f6d825c7fdef6ea8,4.232123857601238,4.248894587659123,-0.01677073005788543
858,13,9b030095bafb09584e741a727c99f41244cecb5b02cfd20a893b0b4ab4547f89,4.342388699233595,4.3436262361647096,-0.0012375369311143913
859,13,3df9d6609dc4fd0f747885dbd1662c9c708fbca9a4afd6e55d1cac562773c522,3.6816170674297055,3.7104808963562377,-0.028863828926532165
860,13,1974b7df0b852ce0f23a1e63644ee6875a46a1adb8e85fc294a98b8e3d5e06cc,3.749174246235384,3.7472318994473426,0.0019423467880415046
861,13,92c44614d149d18d51a9ec076df4b79ea7cba2a618c42b411d53b2e536bdcce3,4.221882074034681,4.246114800632682,-0.02423272659800091
862,13,5df93cb4740cfb921decb5baca7d8ab5869649cf4b2f066d6d8ed0164356854b,3.900446007066421,3.8973507061317605,0.003095300934660372
863,13,a0ee09951a46c8d86503faf4254f490aebdf77577b91a42e4a1c6d177930b414,3.599761455734267,3.612873379563325,-0.013111923829058014
864,13,8f8b24677a6c7461ee72f4b12a2d6b0efa6c75bddd232ae9564fcb1e2f6e140b,3.8941436137273513,3.9136177723054857,-0.019474158578134393
865,13,9814ae56d4a4b5355e3fe60f1b55b5b4c3efdc13925610c5499895f3f4d72630,4.171571964619034,4.170216203244394,0.0013557613746399966
866,13,5eac028e2310619ec8ba2ae464ef1c684007d4faac2eb1bf7378c278f32c2c37,4.155730033788927,4.143525665114879,0.012204368674048283
867,13,4ad5948f33c41cf6d0cb608d984017688b90bccac5a1c508b72b9382b3cddbdd,4.404058092619458,4.326355778201446,0.07770231441801201
868,13,74b97fbcb09776036769294134b5e81f9c8b80a010c6939af3c1e2337cc74fee,4.140009862439001,4.123488680613832,0.01652118182516915
869,13,7116a9418a845c5524f188569fdee5cd585ca9cdcdb273f4e4d3b743d4c14b0a,3.8879851412556548,3.845751264968783,0.04223387628687192
870,13,9a385c75dbd28012fa3d87dada945d62a6b167ac6b3d169c9f3ad46e57b9826d,4.013535006400218,4.050003348011501,-0.03646834161128254
871,13,a0107210ec0de28cdd5dd14a105c82d9ca5010c520a8c271532160b7990ac012,4.413289328265137,4.439495008019662,-0.02620567975452559
872,13,25cec487e3ed720caf78d7aa1fa36531cd4aeb037fc48255992c567135e7ab77,4.066582684265711,4.088679753515336,-0.02209706924962518
873,13,3696832834232f4186700fa173da092faf643995bef5a89e3a5f49c62ca59cef,4.090399967120561,4.067065724101894,0.02333424301866671
874,13,d4be4d5d47709bf0799a6d605da7863bc44c844c317aa98832fcdd865ca10834,3.817996901419889,3.8322978519303206,-0.014300950510431676
875,13,023e0cf5692a6c6776a412126dbe612ffc8c98f97d7261cc1543e78bc6c4a05f,3.994904826881779,3.9914874482018945,0.003417378679884564
876,13,6b70389a5d57ef12d0b5432b8a43cd6a3ce876880053a9058119c64bcef56cec,4.153464799995291,4.1458721314871525,0.007592668508138445
877,13,93ce97343d5a1362ef678037b230bf1e853bf65e55efed1db450f16239c89cac,3.912111186151378,3.9315461196263186,-0.019434933474940408
878,13,0c60f00558b425a3422d9e616e107cccb76ce54f737290df8194b2db0dbb8c6b,3.4066613898449987,3.439955325911342,-0.03329393606634312
879,13,517707bd080f2f92b6c9f78bbac468765741e74d5df5cc1800b6e79a16f60ddb,4.0520065474420335,4.065977975780243,-0.01397142833820908
880,13,5cd1956417e999841bd8444f31c5c8ea2c88463016b07e95ea0fa3b32d32cc99,4.266537522205454,4.195511822400476,0.0710256998049772
881,13,36f93d5cef73fe578268f758067f8fdcd858ec198ecc88009900f95a64373e84,3.9718747232499823,4.016948747676224,-0.045074024426241976
882,13,73aee09d3d9a3e89044800697d42f7b0245e93784ef5fe4c5f6ce1ba9e15f004,4.174455134144722,4.165184476087234,0.00927065805748839
883,13,f5a1700bbc1ca9b2740c1fde43eddffa8a848993c31069aca383969d3ca7d1dd,4.1763028960406245,4.220508405924903,-0.044205509884278626
884,13,0310169ed188a90cd7750965599e486f24dd76aa780adf6394e76a6691c462fe,3.713679131775052,3.7034046241118403,0.010274507663211807
885,13,698983df5317055722ec87ac19e540538a359ee174604a246da86c081a484d42,4.309131917291097,4.286844004456498,0.02228791283459941
886,13,a053a4e70669a4ce6426091f7622656706635a5c0a62388681ac9cd14e191094,4.107707437219233,4.11613870180031,-0.008431264581076903
887,13,95161176cb5d3d217e0544cf22e6529f6c01260e9d0acba5e3c3dfeb2a21516c,4.024145964453851,4.0528060675652,-0.028660103111349144
888,13,7d2d0cdf5a284db32d560a2dca19fad546e31d5f1a4391fe33c71b2eba4680b1,3.700218512988954,3.7051362264450347,-0.004917713456080719
889,13,b55f64439bac361f3550241d775984d8e04a487d902972bb9d3fbf9d389187f4,3.905008320524118,3.8539080888785264,0.05110023164559152
890,13,bf4e4bf5463a4e4bbf76eacde2a4645d606b259daaa865ab0e4b99fb0dc98a45,4.686560762925865,4.676842044507794,0.009718718418071148
891,13,3e4a1627397d5da90a75897feabd33f03a06c9bddf1ba1205cb4081a313599aa,4.642196419922584,4.646768374729106,-0.0045719548065221716
892,13,126a9add4cd33e1cfd8e55c1c13509079c76dbb9d6e3831ed1f0e1dd799913ee,4.425345396954526,4.430531451844672,-0.005186054890145897
893,13,a372cd51fd606e070bf695a129bbff48f9af65f6c0dffec9b4245aa97634cd44,4.022535169127536,4.007297608721274,0.015237560406262673
894,13,0ecce29d4578e4b1e6ac51933cba4e2b516be993748b29325315dbca17034575,4.499680114459743,4.484161214577007,0.015518899882735582
895,13,d60d8079d43cd283ead6383a6bca7fb8f6fa894cb5c8cf0d4f81dcb6cf7f4d52,3.978559708830552,4.013802544462131,-0.03524283563157837
896,14,1fd3d0e33f6657fd8442a793ae22434446bb702c25cecac293f1573b28f39547,4.322641153749316,4.312235485383553,0.010405668365763177
897,14,c4a25d6f21c4df742dd0ca97ed374ff3d9d90c7737f09280861fb18c750eb617,4.126445833145226,4.17499427891471,-0.048548445769483806
898,14,8b76d730d2759ef833a5d02f3cd5d51fe98582e7ffe2ad1fc497a605c10701fa,4.651737097710793,4.661291742910635,-0.009554645199841616
899,14,2ac793ea51649e13a6ef2cb68466825f704e66f4cd35b59df1b5d72d0559dbcb,4.5150118806254795,4.508351239961939,0.006660640663540107
900,14,3e86591f70d3c7953ad44a406637e615df8bae6934935ef74d7accb2ba4fdf6d,4.440168631744655,4.47022194866895,-0.03005331692429536
901,14,507a015f046086942b9cd1b4e7e932699941e008935df8d62c8211066e198c1a,4.669667298015156,4.669882865056934,-0.00021556704177783104
902,14,126ebc45285a382164c3c96045458365955e0187430a920c1d99e14f7f5a747f,4.32230884867613,4.31825880089491,0.004050047781220201
903,14,2e242ff5a94143c8af36d8e9c567d8fd58036b52bbc86ce99cd9335d1bab785e,4.475486307444271,4.492039255603743,-0.016552948159471725
904,14,78d41b4c848948275c768c4654ccd9970e14138024b8a56e621251025636b5cf,4.38475787264656,4.354658948192707,0.03009892445385276
905,14,a8c1749da2d799952509688cefdeabbaa82da55b0e9f609042254cdf7e5c7be9,3.863302151459777,3.908661049123225,-0.045358897663447806
906,14,df6d6ec90be989e6f4f8ceb05b65f7bc806e3de3af77a7569af05ab9fa7b2b10,4.1884976056823575,4.21101562718485,-0.022518021502492047
907,14,3e8bfa50c4a4676c798cec0145efde933b57f361be6cb09c52e0b5787c53ba83,4.484603354020635,4.490186386421925,-0.005583032401290211
908,14,678444c4dd632b7ec7d0a7214bf65137c6ec8b52c09947807140f0f2026013a8,3.9307099822865013,3.9119779538487194,0.018732028437781878
909,14,71e91f84d4c9d32d8f7e3a29499591c04d674481d97d2533e81e5c89e38d1141,4.005209185624551,4.014911027134417,-0.009701841509865972
910,14,c00c9f0bb9f428878055d2e7adde1aeba1c3ab68ed573da4e96153654c632cc5,3.731252945714914,3.7206826842902956,0.010570261424618366
911,14,1bda4c1803186bf1f1ee60102d1e432a4b6bd0f83d673426e9a227b6923b5317,4.0712161774636115,4.104050351909564,-0.03283417444595216
912,14,93a83a1d1bb4577ba659eb04ad949047b82f9761139ea2179a3f3616772aca26,4.121631847567755,4.168529966424444,-0.0468981188566886
913,14,3cdc31e30ea3a606913870aa39ab773d6d50344fc43f91ef63e6c5ff7f512961,4.444985464639899,4.443582291520215,0.0014031731196837427
914,14,c568e1e7791c7037d3fca23890f8d73613b23ff6bec85168f8f07e9c951ccec8,4.474391187827678,4.4521652670110825,0.022225920816595135
915,14,d19bb67300ee069f83d587150bfdd294c2a2c608f0c12cab26ef4a68b8d2eaad,3.4873336907633927,3.488692235628747,-0.0013585448653543608
916,14,6c27054c08ddf4cd394bc8b043042a9e60f05d7608fa3d0cca343b51a609ad89,4.413105621386194,4.4014403528383355,0.011665268547858432
917,14,15f5f7bc552bd3fa7f3ae623af5e365003a2f5cbf075870fbe8bc8c0d020cc52,3.9225243326432064,3.9148107824710223,0.007713550172184114
918,14,6ec7564dd1d13aaa019bdc7eddff66ba47dffdb1b14284c71759c62457bf86c8,3.792116285192378,3.805705109866153,-0.01358882467377498
919,14,1eae9d1351299faa64ca88c86a0547d9712f207ef2bb9224d354bec843d68d28,4.1731854022446555,4.179089266943151,-0.005903864698495909
920,14,ef434f4aba92a9c9996e389496803522dde518dd2d2e5c1f1c47e3dbb425ae86,3.9993271131124857,4.021956715406418,-0.022629602293932294
921,14,f9bb0ba8ac01d6231847335e1a913fa06e1c9a78590da09249d3e8487859c8bd,4.116735409731291,4.11202710328007,0.004708306451220778
922,14,b02d70d1e8bea4f9f6974e4a4e137fea5edda27a54750e403bddf5f195ca1500,4.074323294614402,4.07834464285898,-0.004021348244577894
923,14,e762a0cd6cb2a53a6a4fe8204d8f160b1831dc8c829c6b2b272f009212c912c3,3.6052440616560943,3.5996764017841087,0.005567659871985597
924,14,cc6aac8409e11cc0c11e8b8aac3a814f54251098de8333ad6768e1c138a843ee,4.026304080027046,4.03557987641593,-0.009275796388884316
925,14,503de93357be3d3ff0cc373da2ebf55e0ffeae1ae624ceb64244b596dd83dc27,3.933018312083732,3.911505685537122,0.02151262654660968
926,14,a6444b71f7beafcd0c83842162753b2f0bf7795c0f50b3ccf34a604093c9454a,4.142134819456032,4.128817421056738,0.013317398399294689
927,14,91dfab7f57fbaf8aaba91cb8d318cd615214471a47b54d6a85d621bcda576830,4.179101107211864,4.190284521270769,-0.011183414058905328
928,14,c7cf1f70ed0e47a3fd057b6065cf63e308a02740c7fa027f0c6a5fa8338b46bb,4.583394374726936,4.543687705197669,0.03970666952926649
929,14,2c8eebe0b2f7501a7eca0c364532c400871334f720ebee66ebf7a0f7f9a2831e,3.9115494836545963,3.9000152490642677,0.011534234590328651
930,14,9de209d94d0871f09c9e04b27f1d0276d8c61ea8d38f9de0476a3430271ef463,3.9629758740170473,3.932861669334585,0.030114204682462287
931,14,799ec24e399128dc888015aeacfcedee535a08a512f60a998b67870dd2ea053a,3.5769718270289683,3.5938737662356477,-0.016901939206679373
932,14,fa4ea0120d94fc8e56c46a2cfa200b05346bc2de40e9c357d2d37d9403d04bf1,4.136273659260658,4.1697672416032905,-0.03349358234263278
933,14,ea045a0426e7067324f5634e4b23b9e8ea4028bf6d51c1686aca4d948af9e193,4.165186273835431,4.15722312720473,0.007963146630700635
934,14,8cf4e1a5dfda5d7fdc8a26081519c92a052dea4dfe5bcbf0dd29f12592bd8d46,3.8110574673486326,3.810111946115512,0.0009455212331204166
935,14,3a8f94a57881b0c1810bdbc68e4f605b290d9f1b94f8bc3fc62b9c615319d95e,4.4454927593515094,4.4232270695819125,0.022265689769596975
936,14,88001ce5fcb177f04b50f8170783c31c0c7206ee4280e56dd70a1616ea14a69b,3.6743914350271325,3.7080855569535345,-0.033694121926401976
937,14,cf066d0d88fdb367bc8e398c82638f136633eea4672033f7040dd8131e6b827f,3.9619658482115483,3.997829832295338,-0.035863984083789546
938,14,426342f599446d0228d4b775358deff523d7656a46ef39ab4946dabe53874546,3.653601235779945,3.658788340277283,-0.005187104497338169
939,14,092dcea316376da4a913716e7384145ff0881e5cde9478ea452f76ea8fb5a280,3.883093615706514,3.921906217008967,-0.03881260130245323
940,14,dbf7a62200a55a072f8338bf956a00d98d4231109e1183e33e1f6516215b9ae7,3.932048495477744,3.975869269332591,-0.04382077385484706
941,14,996ea4b0f9041de3699d725486ae819207d2e1b320d3e96a60121cd7d5655cea,4.165257027469579,4.205226399474213,-0.03996937200463435
942,14,0c40e1bf82df2407a3c003177a801a14c112eb66239061d1920274bc307af5e2,4.0343942451153225,4.037241594642467,-0.0028473495271441607
943,14,7b5f20458b7703370a686b218a0169313ebc310bdb3fff7240774cc2d0f12396,3.7127767429573346,3.714150968785731,-0.0013742258283961917
944,14,5745d4c0d2e79028fc6152c1077e3a3ed567a22340f3c846190dd9c88e45e474,4.312685720900525,4.315896472998645,-0.00321075209811994
945,14,29b006e8a8f9df9a65959b6dac06838ef15234c61984a6ef1b3a1c13e4ae6b0f,3.9049598820595293,3.907163400061563,-0.0022035180020338885
946,14,913c35fdc8a6cfb2e8fdd6f70f50e2bc6ee5e94e5f468b1cbe152045047bf0d7,4.156474949253493,4.169072670639025,-0.012597721385532168
947,14,4962e75e6f8eec17a0e2e3a603189a5401124bf26200b216d596fa87661c13b9,3.746027802858009,3.7659685752935843,-0.019940772435575127
948,14,b7cef9e04cf9640d4fc5b5d01caef33874f866c7bbc0f17af16b3dac548e2ca8,4.1183592810343725,4.132898365195388,-0.014539084161015126
949,14,afcff028130bcc5b2d4c835fa4e0e5130fd13e7d8793447fc60290755a9ab7c5,4.305226561885746,4.311141340115512,-0.005914778229765716
950,14,85999e6c9b8f45cb2c040bd4588f1f91206126130485ce29f7577d0cd7ed3b12,4.416985820203706,4.441853386744924,-0.02486756654121791
951,14,64f33df1d98f1e020e982721c752a0ef1335dc8a0bce5583c7364fe93e0973e6,4.076609564827578,4.037161049277216,0.03944851555036166
952,14,e29fcc3f28a0e848972f41882e8c4f12ffc27bda550cd6a4063299b7fddbbfdf,4.170213076866595,4.1583835878628435,0.011829489003751803
953,14,21b309e559b0c2869511fb763dd3977119d560fd2466f91a1fd8defdd644b84a,4.013573027994056,3.9966087982759575,0.016964229718098522
954,14,56ceffe8bdc54ae1aafbe1471c6fe202bd65592ac92b051a11901e91424a584a,4.337640372104147,4.334745722129924,0.0028946499742232845
955,14,33c5969c29a4d91e763e0f2776943ef07f87cd3a016734338883cee996ebe9c5,4.079784508190528,4.089684784181713,-0.009900275991185481
956,14,76b4c5d48eac5f44b0b7b8529b554e78a4098cb24d051e1c9c0b71380a3cdd73,3.9104357764786215,3.949076876653862,-0.038641100175240695
957,14,0b3ce020fb9c19b67c36dc04628840d0857f69b96b382550370d9e330c2cb9e4,3.863406904126805,3.831154376481777,0.03225252764502784
958,14,ddc58c4d36e61b62333c28c145b0e459ba236a4ca2f96e8e2aab4517f1c1560d,4.09965782847371,4.088560300076892,0.011097528396817324
959,14,a87c3d1ab56ffd731cbdd3e5525089a3b32f9ba33b7b93332e5df620175e6cb5,4.099033072154214,4.116317511014472,-0.017284438860258433
960,15,288cf035d8c014f5c360c82c9f0b5a0389181f229286bc6d8ea95a4ca2e1f838,4.085130639907675,4.0943272353051015,-0.009196595397426677
961,15,9aca232e18b63b4a6c54a245a553d42a37fa5402c532afdfd06832cf8ea87bcf,3.847261259703762,3.8895891036459567,-0.042327843942194576
962,15,131f2f57a4ddabd16f756fa3309416a1d2a4a7aa9f4d7bee13cac06169b1bd45,3.5889465075813405,3.5687990337474957,0.020147473833844742
963,15,feb00f0ba6bfb1d70a6eb4350cc41a220a4fcf4c682f42d9d7eb0a280c1a075d,4.111173817852773,4.111112291832569,6.152602020392806e-05
964,15,56691deed5b35b958d8fe5fc9ce9e844a4dd93694a7feeae639cdeba64b34ab1,3.964140399418511,3.941882412801192,0.022257986617319148
965,15,9e00f5de8684cca703443b82206f73d72a6630a76cb562a318654c78907385bf,4.113673351026591,4.115958262589629,-0.0022849115630378947
966,15,8a0c2b1acac128e3d1d903ccad55bc32126f542f730dbb5915b398e49b3f4371,4.294435601163968,4.294237846861961,0.00019775430200752453
967,15,d1ed4238b0de81a7f177c38ac507f5f472916161157d992584d96a76b7b8bbbe,4.191300634441745,4.202780457927588,-0.011479823485842644
968,15,6cd1dece6177703c22b4ccce2bb16aec62a0ffde336896a9a2a9bf07905cd879,4.1703028177608985,4.194661271339328,-0.024358453578429362
969,15,a7737b6e23923694a33de90e4372ab26be6435d8c4910f7eb88dba07d1d9a62b,4.222534896970615,4.2438314090353515,-0.021296512064736817
970,15,58259539098e34e5fa2e466253a20bdf91d509566e0c31f50e691f34b7dd9143,4.373665381608134,4.391954190976776,-0.018288809368641523
971,15,8025b50564ca78736ac0bcc45b55b64934deefe155641ee2bd706dd3453c5474,4.501238360035131,4.523685509184816,-0.022447149149684265
972,15,1c660134a7a1feedd7a461830f4a53d9cb3ddc1c6ae33f17352cae9075344acd,4.30466636477837,4.307474762695392,-0.002808397917021921
973,15,94d475347881017496bfe4afe0c22d43bf19e02486eabde496b4310d6138bafd,4.127836785856516,4.082769837450485,0.045066948406031315
974,15,88c7ae7ed8913ecd96a0fb83c113dec42ca8cc8eb8dee22b732a99ad61673177,4.145289773312925,4.141381162714879,0.003908610598045925
975,15,a8603fe6e26138ca1120f0353d6ceac45156d234b27771a60d3a0b22b621286f,4.4534214569371215,4.478210354752946,-0.024788897815824384
976,15,e355dc91af30364f820b22ab9e46fa6e0da1494e0596a4ae9fd8aebed43e9842,4.371832181224136,4.3692381005698735,0.002594080654262143
977,15,527f1fa6b628bf77607fabb78af44b41a017ea33d5f0e62b7a9ee02bfe1cd834,4.361159968224797,4.3784355824016075,-0.01727561417681045
978,15,46599f0e158a5b046371c7b4f75591b39ed709c0a7a24bd02f4f30bff0fed92f,4.393062797591028,4.398948589147267,-0.005885791556238473
979,15,0d3c3deb73a3ab2ab4b56a87059726442da62125141bb392b87ad456c09a7e08,4.471290695809927,4.470300230061028,0.0009904657488988278
980,15,20fe7031a9063552136336edccd6d6717dc9e3e47ca662cfb25f3d205622775a,3.604237657957924,3.643238762061628,-0.039001104103704165
981,15,86e1126b24bd5933851a8d6f31efbcabab311c40895b67b518ceec9e7f8fd532,4.001053421795518,3.9953455299670395,0.0057078918284787505
982,15,019614cd1a29f4a1aa4156d95fa40e56940d1fc8a6a833df67ae40098ee4fb63,4.265199511616515,4.244879986763408,0.020319524853107396
983,15,6a07925c259b3225b79cac6922302ad23b75952bc172cbc18fb595606053dd7e,3.8510524473085184,3.847058696724389,0.00399375058412943
984,15,f7e329fa696d79eb0c58ea5bea7c0b07954afe06b25ddfac8cbe1e4c47ad6a3f,3.8754084802329203,3.8774308475994985,-0.002022367366578237
985,15,609e20248656303f1d0c0a4378ada6bbacc9626a54270eb486ac8ca3e24e7116,4.259358999436699,4.296330463957247,-0.03697146452054767
986,15,983cb50785145c10b7ca97f35ae114343541f467218f67448f9f5c43a06cfc5a,4.381327560998727,4.345743709168119,0.03558385183060864
987,15,1e0655f1e0c1bb1300bdf5d286fa1acd124ec6bc2b400f2c06b3ec4dc1f093e6,4.118090542387563,4.088628549758425,0.029461992629137512
988,15,e90aab02280e96f32c364784ee54979dd74d5103afbf5eb5709bff18a01b9024,4.131610931591297,4.091686578219992,0.03992435337130473
989,15,407fda6dae5fbfde964b9bf649a32a1e4f17e1248b79100c4ea642e0c8a2e81d,3.933496652657027,3.930984193238146,0.002512459418881008
990,15,a3473ba4f50785263ab82706c04934d5a692710d4b65c502a701e6193aa80b61,3.6608854009678566,3.663673107696127,-0.002787706728270223
991,15,691d0497ee96357f25d469510297298655790303458a5f0ab538e636212035a4,3.7114355848454466,3.7050279804983575,0.006407604347089091
992,15,6b6f6497be91e2b87b9eb7a919262dde05d2b5bd2cb31d9d67a3c2e9170477e1,4.28445093149513,4.281715253153195,0.0027356783419349995
993,15,fe5ee2a8b7e21603d29715091647ee66d95e3e2066a37e7f877bfe5d2c02e6c6,4.31080031002071,4.350556732067581,-0.03975642204687091
994,15,a652adb5330b355d94869646a1ca5ef75fe6b8d4479b16126435b8d4396807e4,4.68334447315965,4.715431944483498,-0.03208747132384815
995,15,8cf65b3a0bfb1ede082063aa734e0dd9cb7c38e8f1e07a2e8568dbcbe3447b52,5.025511591516988,5.043499299607674,-0.017987708090686283
996,15,9e62a4cb07b6f171343a39e4378702129e9a14a86bcefd10c8c5c02269981aec,4.768329225889147,4.75745715628517,0.010872069603976797
997,15,11c5dfa3ba18c5ecde2f88dc22557cc5d096721f187f3d4cdebde5669561a145,4.752199996921149,4.7747118870933605,-0.022511890172211224
998,15,cbd9553b03c97de3fa963b214426cae9f71bbc5182d63e8072ba34bd69227152,4.709745535415095,4.664130802552563,0.04561473286253204
999,15,c5443e563f071c15e7b66d22485d71191fa17347ad6131819bea3f3307dce7d0,4.5024052083525135,4.506607964705552,-0.0042027563530382395
1000,15,181bcc249ef69afeb24f4361aa9d7dd90c7c53bca6c35d99f4c1573b7ca6171a,4.451951527644496,4.50295725486103,-0.05100572721653407
1001,15,558773542b03aef84cbb6335fb1c330f89356c10de60fd97c9b167c6ee112208,4.140212341695587,4.134508368876595,0.0057039728189920424
1002,15,503f2eec97f1638edd9056c412109f68333c314e831d6a2a8a0cbfa947a3ddec,4.212731604928194,4.276920003780788,-0.06418839885259331
1003,15,5f4fc9d2be5d43a9437a463b654b7b93c90aa3bb3906a65dae2b05e1bf1a88ca,3.8515016615476156,3.8596959378094198,-0.008194276261804134
1004,15,1fb65c13e0da9a3d0c38f63e1e65b5e598d35a8ba70fed703488cfbb7c64c7de,4.403894811045575,4.416960261231907,-0.013065450186331873
1005,15,fdfae0956fada1e51c5369d14044744629cf689a589e7fe35bbda71241a2715b,3.9573182794252943,3.9844275224569117,-0.027109243031617325
1006,15,e188c696d72d4edce1e435b42eec6704ac13148011253ef41dfd709303845c84,3.8064420408968545,3.8462679792498875,-0.03982593835303305
1007,15,66b7b5cd0e549d05e0925a25631b7f3c18429e2cdd780540ba4a7cd8fe40e1ff,4.1739134340746205,4.192020154798229,-0.018106720723608305
1008,15,5d9baf24c4dbd390793c4039258af0e33bd232bc2c77552238afe3f63049d596,4.049991498665406,4.065982813356015,-0.015991314690609215
1009,15,381a8c992c70f3c3162e75f725e59a8588ce4622258c22045047b6324f609b69,4.156441361608529,4.197135486970637,-0.04069412536210848
1010,15,9ba7556bf79a8b96667914513927cc7fab6741352c8309814e307a083b3fe742,3.6618754360834203,3.719429726273347,-0.05755429018992686
1011,15,998bab19387492d2584d86dc1908453dbcc6ddd8501a23f5454585a7ab998630,3.483824706367159,3.5041280393007526,-0.020303332933593765
1012,15,59ddf174b3e4f3af000d006b4de46d5c1ab0532da1501f5923be7543474d3fdf,4.091178709745748,4.091837562424644,-0.0006588526788959825
1013,15,24dcbcba8b22ba901b376afa788a301bf05ff308e2ea66574e1ce457bdcb8a84,2.9042457068209018,2.930489079832853,-0.02624337301195112
1014,15,98ea1dd09b8e17278607539d4430f36c39cdb3c89dd8a9a2dcf2e5ee4f201b3f,4.166855156678679,4.198835474828002,-0.031980318149322784
1015,15,6cbf678304a39a7caa9729a3c491c2c5ae6a4d919df917813a2ba9ba376f584f,4.075936787647478,4.100950983493732,-0.02501419584625353
1016,15,1387a22ccb3f262c35f02fc68d35cb229cfd0957d7396fc685c61e9f0c749215,4.62409743430635,4.655376407491531,-0.0312789731851808
1017,15,e367afff85848e8a90b399f47f7bafd40fbfc7ef9e8c0a17c84f30c1650337a6,4.175206908258815,4.188371190893577,-0.013164282634761548
1018,15,47ae5499deae3718b58dd8fc2077aa45ea819e5f405918352b8f44e6731b6cd4,4.724297319068853,4.7586773331599375,-0.03438001409108438
1019,15,19656d4dc795249a7ddca92b3b1b9fbcff9be4654fb3b7a498c42353c28cedf7,4.478591750333862,4.446007410679158,0.03258433965470431
1020,15,37ccdb3c7380cb8224a271af51e44f5a1ac90b321c466450a692f9716f182158,4.10267294842393,4.107840442807003,-0.00516749438307329
1021,15,36b505d5899c241b2aed47c32494e810e790cd915207fddc19f9dc2668462e35,3.738834731793645,3.751849418906204,-0.013014687112558931
1022,15,1faa9d1f8d26fe430157c15ca5a4bf06518b0a578a877e179d92fa8d034e5b0c,4.015825053292588,4.039106856769649,-0.023281803477061658
1023,15,d93bf8ec2ea140713befa6d51c29cbbd80bb971599fb189e9cb22a33c5ff27d2,3.919541858160315,3.9165019171874462,0.0030399409728687488
1024,16,3687624c3e9dd9525fc47f6acacac31e5a5340fa5d82565ee502a381281502d2,4.151193647877392,4.145955794952442,0.005237852924949493
1025,16,2bccca3d87f9d3efb1208f0e17a8b236c827560dc0ddb4344cc142790a26dd09,4.210481300271567,4.215928292137619,-0.005446991866051576
1026,16,0307dd27984738d83903fcdb43b1ac56b570ca09ee10432a36d9cbf1ee14b5a8,4.079088165424032,4.073925569834955,0.005162595589077057
1027,16,9fa2483b2a419ce70e85e7e8625a07849a336ebed057f621cb7d52e8f1808d20,4.101956276676958,4.0828383947278155,0.019117881949142657
1028,16,8576fd62f96b3e76d486d0471d06a8eedf56ebd763073dff855b823164d4bc22,4.344768590441106,4.358712384501814,-0.013943794060708115
1029,16,9b5b161596512162fe16be5e1cc394b5d91e33ce1d32a2e51ce7a4d52ea381fc,4.275845135019722,4.271546789750573,0.00429834526914874
1030,16,d3c731dfb943889d0f300c116995a4579bbf27fb18eff7b6773604cdd30ae0d1,4.111195847910494,4.103809413347562,0.007386434562931754
1031,16,92193065d65c4440a02de6ba520101d82256574d1c9ccabdac44decf918e086b,4.405849356672434,4.411810901978015,-0.0059615453055812395
1032,16,f1a766c66f86ef3d0d06ebbce087ec8c513a6f84ac135babb536502894973a21,4.462051683581876,4.513736134033934,-0.05168445045205772
1033,16,8cbe4fd2eceabcba7f718f950aa155bbfb2d7da99906dac86a6f72e775e7fa4b,4.115790454276944,4.101805359946468,0.013985094330475789
1034,16,4c34bb518b77fda4ea257f1b15732cdf2b227d851458da77c6ac881f47b4f774,4.13140415823591,4.105975397122847,0.025428761113062137
1035,16,f84a93294a14e9618464aa6fc9c9b657804efeb1654711321733207a8b029376,4.126929252775881,4.135803767448124,-0.008874514672243095
1036,16,53e978252b03f314df31b34daf07d0718fdb4098fb0d9b29467b5ad0f89f6b6c,4.395538376030913,4.401449619311961,-0.005911243281047973
1037,16,a2a4d04fa95a894f029fa2c4183efaf2c6abb50356571d5c8d9f378485192f1d,3.877545989028249,3.8925077155858503,-0.014961726557601196
1038,16,5ec7a38158a30a274fd36efd7f1cc034c7d63044d22be98bfed42e04d21947e3,3.4309432704855,3.3882707140400043,0.0426725564454955
1039,16,5007917b8cfcb1ad10247490c8e76aacae60ce58262b772668eafc1162256d91,4.279045876529267,4.312792849126026,-0.033746972596759406
1040,16,2a7c75f8000375625bed3b0bf6e893307372c32350a3c2b6e172137704434a9c,3.696336838958814,3.6974614824750915,-0.0011246435162775015
1041,16,bf60ffc81c1bb4bdf2725a59c99bae68e86f82c9c964548704545ce12a170554,3.905791383194895,3.898434235654676,0.007357147540218989
1042,16,d32ef619178234245dc3ac3efd82537ff28c658674c0601e7009059e806e157a,4.5001583951180635,4.497550290149263,0.002608104968800262
1043,16,ebff595348e65b28d74a2823884814b543801c3ac793e320d2f873953b8aaf6f,3.999118219834145,3.990992274025075,0.00812594580906989
1044,16,be17ee9d808e937fdd76f9d9a294495169e63cefc309fc3a35d241b5905d3ec1,4.0038123250808155,3.9812338933041644,0.022578431776651087
1045,16,9c9e0ccd85f5b2f4e98289e5247a969e7fb4a39657768756805b0a4dcf895265,4.054365046240719,4.061032190165321,-0.006667143924602215
1046,16,d9ae48a632795d4c66f952cfe7593dd5888e08d21314f4b4394fc9f4ba6062ce,4.220737099208691,4.265969609655286,-0.0452325104465956
1047,16,6b4e2ab2a6fa59cac36c4ef8282f79a0d323144f969befa36b30bca07937efd3,4.053852701292271,4.039127279781042,0.014725421511229797
1048,16,b81441c73491d89891ca3ea6b45d2c0dac973b5db10db827245ff3c7f0327187,3.9746330588437786,3.9812312364824436,-0.006598177638664993
1049,16,16e93b2b501f800d6b39344b60a89790614b3f39e92419d5dfebc1e829ae330f,4.208774743202838,4.206237919671452,0.0025368235313862897
1050,16,498c70978117a2270daab0a90bfdf504471c7b3186dffd5b18d39e32ac276c67,4.167237057195081,4.166026960102215,0.0012100970928656807
1051,16,112da1f7b6f335488e843c4017e785f198320cc51eaa9bcdf256aab35e67827b,3.5264549768232882,3.5247091824335257,0.0017457943897625228
1052,16,3b5883573e4ce6576c52e5f80e890c87a6ed90cbf48a7bf446511cad250494c3,3.628343810350316,3.6436288904187677,-0.015285080068451862
1053,16,2c261f295f17b1b4f952031ebc9acad7e14eb7c29fcd016bdf24906d8e79f78d,3.559144855155523,3.526080410676741,0.03306444447878221
1054,16,c878f12c95581e3f4d8cf777d09cd80b440d7813fa9d0d458db60ec8c17adb10,3.456106817925729,3.439040212113696,0.01706660581203323
1055,16,91808ab197aaf1f6be8b0835e8700855ce0a5201602d5b6f9b9f2c66777a7204,3.4510329948945753,3.4081643195576135,0.042868675336961815
1056,16,eee0ab00eeb06b4bf3ed20c1519cd8f10031689da72582f21b96e3e87340e89a,3.5922152509625676,3.5969277863148363,-0.004712535352268787
1057,16,e93826ae8d52b2f3df2bd4a42d7abcb011d8585749edf92145be19a14a0e4384,3.8929556120339726,3.9217270403090367,-0.02877142827506418
1058,16,9be41bff25235240437723ff5df52dc617dd3e6a559125d18d31797788c9eea2,4.171427514659808,4.170639906698206,0.0007876079616018217
1059,16,e651bb63f2ea68bbecb5cc83affb6af09b8c77de1687caf0f830bbaaf14aa463,4.086450000661671,4.079390294472887,0.007059706188783821
1060,16,e89d517867db4123db82ce8d66074217b9a4876424dc2795bd3190edae778863,3.738995567974797,3.687550856791603,0.05144471118319416
1061,16,44998379dccd86956855f2f650450d02956b176f000dfc011d0e26c361bbee62,3.4086020487520727,3.358927855065531,0.04967419368654191
1062,16,41264ecc2d6c5c456f3e26cb5d4f278ad861e02b0af4b0d367affcfa683dc3dc,4.18501220094322,4.19102221922094,-0.006010018277720519
1063,16,cc6e6183efbb4f14c2958ef1c3c384f1df6a1cc505237d1e127b8aa7741b7d84,4.0534078302643906,4.042670990609736,0.010736839654654773
1064,16,bc7675b475b74ede2966d1c21b725016b84d1858e623dfcdf7af9a5de3471e66,3.966015200521042,3.984790233679334,-0.018775033158291876
1065,16,d77a69d2936012ef15fa51c2c3788f11fbfb256cc1ffc5dc72b68b07bd2e2c60,4.359166236300325,4.353367428709589,0.005798807590736033
1066,16,caac2e2f39841d1cba85b34004fa0a86b8a3d76613bdbeb70a11d3d0859be7b4,3.9238573722221872,3.96230686709859,-0.03844949487640292
1067,16,eab4713d620cd709900930859a3c0ea28ee96cf338ef089bc5d126d383fa2a33,3.920299325298629,3.963292549066182,-0.04299322376755299
1068,16,dcb7b60a3ecd44b864fb4a80f20a99840b879f1771f34b15c4a4119b2d3f46d0,4.215518810202184,4.229716747069006,-0.014197936866821692
1069,16,07327bd9f1ee47c2f0acbb81351048c26f269315db246d43831b7f2e39b31e00,5.268664262412585,5.273328655491241,-0.0046643930786558485
1070,16,dc88963fe0771a488056a6af1068f64a7a057f9392d6cddc4e28cee0f0c69370,4.465393951396663,4.484087750375124,-0.018693798978461018
1071,16,c2c6b6d170e45ff735cacf9447b0aae9563e5faa4a976785828b6e874a87f90a,4.203003742015881,4.17716512024208,0.025838621773800696
1072,16,9f9a7f900aee6c4a8c1d189f2e9a92ccdc495a5835d49bab9e0a0040e67fa3f9,3.906531322384808,3.9216259163680434,-0.015094593983235427
1073,16,a2635795af2bc2b74fa7d072e7b9e13fe2a88987a7e9b1a7dfb28ce00bdab691,4.275053625286205,4.294726443039622,-0.019672817753416894
1074,16,4d5b3b9d60e6f5eb45f675c9d046dc966be87ad1e1535b6c92e7cae28a65f6b5,4.209894252430445,4.220673699053123,-0.010779446622677824
1075,16,76c2745a00dc0a8547db64229eb0b8740d5cbb8a34b2e9d35553172845680e15,3.9316559410625587,3.9736045482957536,-0.041948607233194934
1076,16,034767bb04b135cc1ebf5ab7a2cfabb084f891fa7ca47f97af8188b7f4c2ecba,4.33127950531059,4.32294550495817,0.008334000352419935
1077,16,5ab06ef093d9d24ec36dcec3a884368d97e6a3b3f02295932510f21da45770b8,4.556186954983616,4.583555234507912,-0.027368279524296213
1078,16,18de0a714cc205768510866df1fcbd5f36f8b269714666eed78a48db29ce91e4,4.568148186408052,4.576288553784252,-0.00814036737619972
1079,16,e1dcc9e0b6993661d18da4fcf07502ea6939cf6e238fdc9fe488c8cd5ef30832,3.850611578623102,3.8498997644419433,0.000711814181158843
1080,16,1644e07db5c74532bc7ea710d2464a1a0acd28f020b88ea7c1ac70e603c85308,3.819760656745075,3.8586314977317215,-0.038870840986646726
1081,16,5ae00ba4401c8a30307dcd2515cc2bb1066f3256b9febf36c9f3f36ac539c67b,4.049792699454088,4.034208410676069,0.015584288778018873
1082,16,9c26dda29732999dec685db0f5aa78320a4f02f333f0882ab9e04ece967a105c,3.911787980123947,3.9370396407410766,-0.0252516606171298
1083,16,27a7f50c5f39d46209a3ca2beda16e22ae1e452d34635d4e6ecfa6f80c886825,4.295979095886196,4.337220971392981,-0.04124187550678471
1084,16,da553783dbe78cf70082e9aba4aa361cb1aa76ea126ae58b46d445759a615695,3.701351430642603,3.709908943939979,-0.008557513297375863
1085,16,e9714ad9c77517a1bde76ada103027c270ea0002e34a1e62bb4c702201642052,4.318032625849185,4.32078277644149,-0.0027501505923055447
1086,16,b0534f54c5ae9a61f321c50fecb9a5426a75d01585ef9783a5cf6fee01a6316b,4.426959416257205,4.44829986625561,-0.02134044999840512
1087,16,0476599bd7a303adac868d7f82eca35eea8e694bec359f45574a457a9926a939,4.247604164900395,4.2518113066476815,-0.004207141747286869
1088,17,0a4458f41121d737af24c468c91ea447d568f80ae676eb5a62474ec8aba3067f,4.147153383072414,4.160783492707779,-0.013630109635364818
1089,17,9973ff484e002fe21ab7b0d7e19feb4f4d7af397cab77e84440e8740f00e3439,4.848796154939237,4.85310566244533,-0.004309507506093269
1090,17,310d753414bf86584f0b001577afcd86ffecc39a5b6bfe916d77c636eddceb8a,4.132521231472737,4.117084638687857,0.015436592784880077
1091,17,a6c6945f8bf3cbed58a43dccea0a205e75f81bbdfbb4524e20cc1aaa8963e8d5,3.938376743582978,3.9352885390670167,0.003088204515961479
1092,17,baa4c7f5f7c34ebb84b30dcf06bfbc05b867d814e54c31de36c22f4345bbdff4,3.8483877373393653,3.8636569117381043,-0.015269174398738983
1093,17,86efdec261544f6a207de72eb7e099ab54edc5f459a5029241f548ae1f0493b6,3.8005952565802374,3.774149806232913,0.026445450347324595
1094,17,c7ff29ca899a13528fd6bf6c6140cf92e382534ab1931ac563b09e774f36f7e2,3.75844387877828,3.7795504027403695,-0.02110652396208934
1095,17,a8c5009f179a4e989b3e28013d896107cd1da74e07f8408ffa4d3697eade920e,3.580416765240159,3.551539811011736,0.028876954228422846
1096,17,d5b1bb75d0eaa3cd6d042ce60e3f514a9c0d88b105441634900b4876dbb7b462,4.358808701154487,4.368456075862639,-0.009647374708151801
1097,17,1b14fa31d3ec595e40c7d8118d000325bc489df2825855295241eb6e79bede36,4.1004195331084645,4.130079496773831,-0.029659963665366718
1098,17,b1673e350449b0a292a527bb7f64e5e42abd118469cb0dec5f17b027f9dfc038,4.18620194023741,4.185437566218866,0.0007643740185443448
1099,17,6182d3963853d229913edfa019bd7088788d30b7726ce69f0fb785c7765d65ad,4.018997573347292,4.011041143082593,0.00795643026469861
1100,17,9885f99b2cc047f18abec4c95ca87f0cb430187f3eedbdb6984f8c0d21a41832,4.230545432753445,4.21633206845965,0.014213364293794939
1101,17,0caf706d688493a99e8cbab12111f9125849acd36b76cbd6dcb8a8e51741f775,3.988478008693619,3.988935457168509,-0.00045744847489004314
1102,17,467c0aaa7f3a0301c1f6bede3b325ce36457d69c036eded847a9a25d0b4996f9,3.976340042682935,4.013447893959494,-0.037107851276559245
1103,17,96090d6012bd7d54cd5d84addeb47360566d8d529c03fda776082bb2c7e31aae,3.790072664818652,3.8117517697100993,-0.02167910489144731
1104,17,4b14b6eca99436b2908f4cae2a575b00804a2e41aac447e3863fbbd048beee66,4.189208021641207,4.202205880515464,-0.012997858874257417
1105,17,647e6d6d12d0e1524d5caf2617b1ece77853ab7d73ca2cfafcc612c331ba1f36,3.6318696888306476,3.6387396635710445,-0.006869974740396856
1106,17,130108d8fee1b002ae5bc7d24258266c16d78abc978d272e890debc3009921ef,3.919214437496521,3.8994731371277567,0.019741300368764314
1107,17,282d8f01bb1c1c4771dad1afeaefa5045b4d66c64b94b4ec718047a3235d6fcc,3.769318820327669,3.806359437748526,-0.03704061742085685
1108,17,a53adf2fba979c622acb40cbcc1f2bf9b065ce8ce8c6a279ab2937e69061a2e5,3.6457681638219555,3.660227945253183,-0.014459781431227725
1109,17,5031b4bb2fce966df405b6a0e054c7ca24779bab5c2e21dcca7643ff8763dfeb,3.6842175879621664,3.7014169808142015,-0.01719939285203509
1110,17,421db66c027cb114be331e6c185aa853f126dca50963aa9fe5bed714a233a4fb,3.7020661272456437,3.687841524865121,0.01422460238052281
1111,17,8918c4023bb25e5f54d42673aa92dd19375997cbe87ea6de50448efe669ce7d1,3.8531110309396013,3.864629928794699,-0.01151889785509752
1112,17,ca2f2e4c501845e2e4f94f28f435076c6934265a91c93384741a6d7413221572,4.0096071047302,3.996801471497342,0.012805633232858327
1113,17,02bb4ceaf8556dd327a250cfff9a26ae854dcca917d81000d14f3562d9601fff,4.099206377013971,4.09477410270733,0.004432274306640949
1114,17,eef01b57b6cc04f893b07d637acfb285c1f8ebf5433e8aaaa31d9540be74f436,3.915010837903111,3.9304816630242314,-0.015470825121120413
1115,17,c82e32f5ec87d9a6a249c86f582f2c60cec40c694c7c17bd3f5dc4038e4ecfa5,3.6810807847588194,3.6964545486985685,-0.015373763939749097
1116,17,bbfd3991cb67c34577604ae25dd69280a7fbb6884f32a177718b3f8aa24d8c31,3.776295478166503,3.7476483673565326,0.0286471108099704
1117,17,43a9f36d2568e497de76a0e5074f995dd8e2e6f0f29b4bbb48101a7ebcb5e47d,3.523554102824292,3.545886336111991,-0.022332233287698955
1118,17,a54ac7e5f4c308e1527cac329bccc470c083426bc1dc3d8af484bd2e8c9d8d86,3.5758203735059553,3.5986472634171776,-0.02282688991122228
1119,17,5a214f62db205069785678ace518af4f770928f94ced44c08e354af6e8646816,4.3261066653510625,4.3622980666024205,-0.036191401251358
1120,17,84e3e21760e275caf78be1f77d1bbbe34617e6c8db3ce5c04aa0d0ab3a7b89b7,3.8761456143795954,3.886882301836522,-0.010736687456926575
1121,17,797b100b840ee2914256a7ff9da37877209b342a0778bdf87a5a78e7fe3ba067,4.215387517012687,4.225391093960752,-0.010003576948065529
1122,17,8dbb37cfcf5bad6dd987bba4d94b1cc1f1e3d85ab3f3d2eed52d5ed633545727,4.340997747694587,4.347708190781532,-0.006710443086944906
1123,17,29f6dd006abe1290c2db2305603ac82f00fc602e384a3be0e5cb8e3b4f89a8f7,4.401590553673401,4.362152044131619,0.03943850954178174
1124,17,0599d606b9263c5c86b93f9ececda9a4206c5663afdb1001083aec4de1eaf239,4.08353244406878,4.101700862689256,-0.018168418620476245
1125,17,98b0c68d454b680d719f923983a66ed122004f9a580cdaa36873c1a520e43217,3.9899855763099623,3.9991671861846783,-0.009181609874715946
1126,17,9cf50d1e858f36cac7ce98a150eb2170e5bf312b5d66c99424df27768a422595,4.275529552328187,4.25571262091745,0.01981693141073748
1127,17,9e61d3d9f67746e7956d045ec9fbd728cfec1585a2f4c8f2b3de2aecb9804c07,4.18525401123296,4.197778684157143,-0.012524672924183022
1128,17,7d7978781f7e3882dabe37b4cc4a705b4afb6d00621acbe8bff54bf4af4c1761,3.987518009410323,3.976577266545931,0.01094074286439195
1129,17,b16272d96a62d389f40e510d7dd20d600e4967eeae96fdc47fef5fd020654e60,4.027286451711859,4.0381862308368,-0.010899779124940778
1130,17,7f32f88cb0c9a57b4187844317c2049cde26f3afe1473a4cd13129869706078c,4.1661412920369685,4.171453046915474,-0.005311754878505326
1131,17,fec81ccd70edb0d9af1ab42d86a2cf356a5c24ad77a48639bccdc90acc320c81,3.787853583470053,3.786833576286085,0.0010200071839676639
1132,17,fd5969827c982b50cfd7cf183fc67c88eba034c07e7abfd93135c1d6675d4c1e,3.9574974916261283,3.944820924491438,0.012676567134690231
1133,17,50f70ce60e16f73437707938f16331d7d4920e52f42c5887ef28b54e4444b919,3.7109123519531977,3.7613434395387912,-0.05043108758559356
1134,17,b07c14cdba1ff0ecf96b6820c1a8f9b5a6b9c4cc0b3e1e19813aed0583f54510,4.272776203483545,4.26916165520538,0.0036145482781648752
1135,17,6000dbab4d87e112668d9f7be0366ace38ebbad4f39aa0a01c79c719ad981749,4.276994278759275,4.3182147623389255,-0.041220483579650136
1136,17,c933f03fdd116d1dbc7e7b51d6f7f9f5e2277a01ec569a09d213e46463a9839b,3.8617386159903617,3.84606935826514,0.01566925772522154
1137,17,11304d727c8b2aba23dad9dbb7955835c10c078f69182113df1e5525ee0279a2,4.336256815661727,4.299180025595206,0.037076790066521426
1138,17,a607850bd62f5c1825bc5bf04f6ebec3c0549d7b98f8ff68a00f9f9e9ddef002,3.9515513509500124,3.998565768528948,-0.04701441757893576
1139,17,a951b5fe7b54469af32efba15840bde3d8f054327ad0fe1917f9da085056a60d,4.568115360151751,4.5865821413106005,-0.0184667811588497
1140,17,5a61e20f3610d0d365d080b69ca3d92f8706e3ac439557bf2ba7ffd69620ca34,4.4328553502115255,4.500364802502077,-0.06750945229055105
1141,17,a0267c08af8c480187d8eb6f3acf9032c0635d58cf978c3427e91f64c07be668,4.410630379652275,4.416446901987001,-0.00581652233472596
1142,17,97503177b101c69052fdf6e5a66cb9054c2257e888ae47b79964be373c99338a,4.456743782480316,4.4187779808746654,0.037965801605650995
1143,17,53fad7f2c86fa76553f22aa40d4369e566ca5ffe29622a199c1c7894492689a0,4.051992888806637,4.078488219884775,-0.02649533107813795
1144,17,be295e4945af840acd352770ddf2eae45f8609b9b9fc0b23721fea2556fc0a3d,4.094114511315354,4.073081295047558,0.02103321626779575
1145,17,4dcfe07dec4ce90b19cab533f4d9a46b0de00d5d396c241a33f83bdda8818ce5,3.330850262172987,3.3223002858388213,0.008549976334165876
1146,17,9fbbd7a2e2ccb2fb58b6ab535a061a405fdddb9e2713c543681f7d9677377430,3.8953281182227784,3.902123016434814,-0.006794898212035605
1147,17,f5e57e143d7c5dc1a94f9813e8169ccdceb4fb53f0e7e6e6011f7626a81f5d61,3.7232295462866887,3.717067150793838,0.006162395492850692
1148,17,d648e04a664b3006a3700465cff04dcf9f0bdac912c3b55466c725a3f62b1b21,3.6970808440447627,3.6971146026954784,-3.37586507157539e-05
1149,17,ea9d34a3c16cc3fde8ae9346c1df0585d257355d1c504bb30be29a0d68b26c0e,4.436597433489169,4.458833939364467,-0.022236505875298462
1150,17,7e7fe9622420cc1d2c2472a9206b327c9e73ff7dce29a66a949a635c545e6651,4.227249603116093,4.25729095424478,-0.030041351128687666
1151,17,0f829f805835715b4ec505adc562b150659952736159b0ab82d24e584c0f27a7,4.1067568047678265,4.126441564239087,-0.019684759471260804
1152,18,b2b9e31eea34dd5ee987dcc200d3b6409ce1327376fc2775c73d418bfc0d80b4,3.6274794248491844,3.6374707617065383,-0.009991336857353872
1153,18,5965506387513f87540d02af239cb25fd0deb4f647fa9d3c3a722bfdd7cdcb61,3.6651559525785444,3.669221579070424,-0.0040656264918794704
1154,18,7c485e8801770ae418527808a4b9faeb3d785b351b1dcbd792047b86dad6dd28,3.655351677965598,3.6488258259534803,0.006525852012117639
1155,18,70d6634d4d037368636092dbfa24fa1939c642e43ea7f02ec030c1ffa9c7ee45,3.9481099201614427,3.916177229342537,0.031932690818905485
1156,18,acc3369caef991cf6203787c016d3c0d03387e6d183400a24c2fde1c1e7ecb2d,4.435576508722107,4.380733651552873,0.054842857169234094
1157,18,d6b41be47abc8cdd44c24a967e89324b17905626b1f8c4e27e896bb6e0d75a85,4.32440649897066,4.316666124688581,0.007740374282079188
1158,18,a957c098208861d0aed7518a74cbe0974df8005f8908e7812816b64464d304fe,3.885608482560883,3.927889897631786,-0.042281415070902995
1159,18,c73953ca0faa6d6a32cdd1d5dfbee7fb471a87f9f51400e4f60e42f1887baf37,3.95817865521677,3.97435804024758,-0.016179385030810067
1160,18,90b7b903107c7e80ab8a027547c3b15e2e8bfe084cf48e27a2cad610a9274d33,4.04760846089269,4.056197847122917,-0.008589386230227092
1161,18,4eca5562cbe5b4f872fa5b151ec62c2d8310260c9861f7dcd9cabda93ecd987b,4.031168864668075,4.049353140733501,-0.018184276065426275
1162,18,6a67b9b4d0951b3674914530be88142e144e2d83f5101bb997f18036a75bc97c,3.7407472744568224,3.7483625495341357,-0.007615275077313299
1163,18,6d44664ccda6b092206789e58ef7c1293db95dd96031003256cc2f9d1ab5c4cf,3.6943629813194434,3.720518204223737,-0.026155222904293396
1164,18,75f71eee7889ed971b2784ed2cd703545f3e1ba6e956da426112326d8ed8c493,3.45574861830238,3.454765856351031,0.0009827619513487207
1165,18,f2cebf11759dcb2a7d44a6f8f15318b64064a99ffd1e49eaaaacce8e70893b2d,3.812093872022473,3.833179109402792,-0.0210852373803192
1166,18,538d81e5b7e69ead70e04a397bb9f1b3e4767e4a4dbac2176380d8b66995e9ac,3.8301828000243745,3.863727883378374,-0.033545083353999416
1167,18,46da7f13aa452b3224eba03201a19056ca9c599a6f8829e6bd397d7b46459c28,4.127097879883721,4.121604963260893,0.005492916622827693
1168,18,8f081b82aa2466487a9e789ec955a8a87cc912e27640f36e231b09064afad18e,3.487491705493696,3.5133191316996317,-0.02582742620593592
1169,18,25fbf2ee2c339f5ea9f6441ca7d87b0fafb5d5fbf8ad0a7983f634e0d82e2824,3.9927415253665686,4.036851562771744,-0.04411003740517572
1170,18,7ae966a78958f8e7582a19a95aab07f635cac9c65f22f536f26ffdf0e476c49f,3.902124072509366,3.9036087124853793,-0.0014846399760131135
1171,18,042cbc8910c29fadbb2a857340e3e5298738d81c779212ff8a3b4d17b8a3ee45,4.128387101757426,4.171346652821057,-0.04295955106363181
1172,18,8b3add6befb957833afa2cae6d1c6d59940bf0a02e55e85d9c999de397d4d676,4.301752878463532,4.328559697509661,-0.02680681904612925
1173,18,e7b19de607cc4f140045441e56b4d0635667847c96b081cd3961668cd59db3e5,4.443909338851469,4.4534226435856965,-0.00951330473422729
1174,18,15f2c3040a51bc3aa6823e16d46ebe1c49f84f7dc513b65ce5bda647ecb37331,4.169828544090237,4.210200835932341,-0.04037229184210389
1175,18,a1987cd18fe6c123d6e3f263ded003da03874f439729e93172274dec493f1a2e,4.31188699122913,4.335312742540282,-0.023425751311151544
1176,18,ccc6593400de2f0889ca19cc8ee1f2729954262aa5f625a87eae0785aea1a7cb,4.152156149437253,4.137545595443726,0.01461055399352773
1177,18,8dc408532be5ced60abcade9412c145f4d94f1b4ff7a0e9e5ecc6e07096dfef2,3.9266068919916535,3.9221140608164973,0.004492831175156198
1178,18,c928b009247494ac197ac57a5af90f283f0431cdfa78d2bef38a95ff7d1ec74b,3.8611317572863015,3.8433048614340066,0.01782689585229491
1179,18,6d508e61d3e6e207f0e4816d4bde5142421f7696974b1cd7a49ad1698da241ca,4.187142643921092,4.193929571258693,-0.006786927337600446
1180,18,0100209c2bf6453416bc27e3babf63187a7349bac4aa9dec74a9ac3693675ea1,4.005696696770613,3.9934290407427966,0.012267656027816543
1181,18,0b5ffc4dc4f64506e8b668372a974bbf289d5218461c1aa906c03c12ae1e3c36,4.061986774076104,4.031077020585144,0.0309097534909597
1182,18,71be2d9f926bb5ecc31237759b30ab91b4c246f2d16c7221711e903375f7476f,3.746650495645298,3.716981315258778,0.02966918038652011
1183,18,45994d538a91f9413be27dad54ab0a460b7687677a7fadaa03448d4989f533c1,3.9064465705370424,3.9371851469555637,-0.03073857641852129
1184,18,62790e8454c9caf8a3df700aa202dbeaed46ec693bd6576ce56115bccd8d6824,3.7561683511864885,3.7321776111727445,0.023990740013744016
1185,18,f3e64a8d544499de4d389fcda2acf117d6485448cbe1d81962f1567684448e4c,3.7111377616359107,3.711949910004421,-0.0008121483685101794
1186,18,28a2b615e0c4e5e5ffc53ccb8ab88a2b0297af359731bc001fbe3d4c0f02b5d2,3.672554303337705,3.6616405517981576,0.010913751539547434
1187,18,a943a3af7af411fac92c70289c1d9eade48502211c23b2f3302df4b40b460168,3.580050498982395,3.5849127962901832,-0.00486229730778831
1188,18,d9d5ef9d32646bd4bfe848620bb41a01aa328f04a1d5a83ad88ee8839f4752b8,3.707924510812745,3.679292233942874,0.02863227686987102
1189,18,b0a26727ac5bc6dab333a887249d25b7c0c03652c0de0794a7fb7c0eb0654f40,3.651987433269568,3.6671030018889326,-0.015115568619364694
1190,18,e6eea44b238f32278a40a1da0d2932262e656e0a0b752561ca8c4189b36d009a,4.179087459990114,4.177457995690077,0.0016294643000378528
1191,18,7cee78b7aacd6f8093fc5431cf2207a058ddcd2fadac8a51816b6c035439e716,4.113119363074006,4.1349365462368155,-0.021817183162809783
1192,18,4ea4681ff374d60e67b838e4c690ffd2de85d32273d8d4acce130012fd5bc445,4.224253506524008,4.226961899088508,-0.0027083925645001727
1193,18,47d3f5593d1c65d2755386bfc9d6b54197c3d710ca5bdbcab2e8f494f293b636,4.0025500872276325,4.004637646942342,-0.0020875597147096414
1194,18,284872854e09c1bba9605305437347be054a08eba1792d9e8e3236af57a01376,4.064443065289879,4.0883759517240605,-0.023932886434181455
1195,18,2fb699b9fc603db3922b6bd7986e4301eae80f1b9df667b6a3d61693a7fabc0c,3.8086369909457005,3.8191331685648606,-0.010496177619160107
1196,18,097eab422030dcddd925b7aa5978ffe893ad47c884b937f6b015ea473d0cb6ad,3.701539549186805,3.699397464157073,0.0021420850297317884
1197,18,91be43a57b5f58b84378ad8fd4741bb3809a3f144e0e6ac1c23cbf6aacada41c,4.060868329537243,4.047415893074003,0.013452436463239792
1198,18,2032e168c0635f0d6b0c47e93488fc1629f3e98001e6335db77d08109de88b81,3.8894668124886493,3.9058821174285185,-0.016415304939869202
1199,18,571db01a93e3879807d031433926e755d0c0d31c9f21411bc4805cc3b802989c,4.40407383387128,4.373259571391941,0.03081426247933905
1200,18,cd432b8bb9b837644034353555b020adf17de0c87997a5be6cdd550c0beb42ac,4.133473529326579,4.170445069863661,-0.03697154053708118
1201,18,19819d239018b0e5acf8ef6e2c97189012e6237727013e1acc40668b70eb071a,3.94319651214596,3.933253342729131,0.009943169416828823
1202,18,26d725f95d04f0937bf990c4adf86b0010265744678c573dc0f7d64308c5c2d1,4.108962490208569,4.100824551911813,0.008137938296755465
1203,18,5f4dc84b2c3f09547ca2fe5fcd0b546ec31650bca8d4406d425f5c669c4c218b,4.495321742076385,4.502200521615748,-0.006878779539363222
1204,18,20047a28a84aeeb75761a1cfd06c581c124236995dc6417540bb67a4fa98d74b,3.935171083974325,3.984159564666868,-0.048988480692543135
1205,18,8058981cfed4dbc4a67a42ff0d4d4e70d82ac6b4a9068ebb0d0baec2bb451f3e,4.277993420059374,4.30152309929872,-0.02352967923934557
1206,18,5ffcc7d8d0f5727a2e2a116c74ae74fc8a5ebd47030c6b6cf6e75a6bd7846cc2,4.245640267281054,4.258329583263361,-0.012689315982306937
1207,18,8f4bf6814a749113b87b547d0a2479bc1c2f3a1ad1bc6274aaa4843e7213fd28,3.9455756276381493,3.9172328392336766,0.028342788404472685
1208,18,7e167df966e70f6caf3daf2993fd2fe17a61e3c806952d658c9af53fab1f23fd,3.6790834712003377,3.671999147383122,0.0070843238172155765
1209,18,81c0c4348e11ce5f190ba291b03eb8ff3cc6c6713b9f38959d3089c535c7428c,3.9668402166034085,3.9799032926089524,-0.013063076005543905
1210,18,2554940de5ed0b9a124f31c0b34f2ced266157e2d9dbeba7616538d06f6a108e,3.5085234595188695,3.479568769948628,0.0289546895702415
1211,18,3d99368556f6567abc1ec8e1419bb20f415226874f0a28aeafb328f2e5699a99,3.345022169739309,3.3690712516233816,-0.02404908188407262
1212,18,e9e3e85e3dba3481633629f4720afa95d6f103bfe6696aba417da39156316232,3.7211889222181753,3.7366740641380716,-0.01548514191989625
1213,18,96859cc3f585adc897ad2fcda0a9fb42cbabfe074510202f97a162710c915706,3.8678234624994445,3.856185270737221,0.011638191762223471
1214,18,ee79ba7768bba8c86afd86136a730cc2cedab71e796db8a7bd84029a8d2a0c87,3.7146681855028874,3.708376756055344,0.006291429447543351
1215,18,9e37891c1bedbdcb239da7eba0fcbbde23046be9314f9da7c5e715dbfa83e8be,3.9527425760901664,4.0003022225146765,-0.04755964642451005
1216,19,faddefd03bd5eba06aa26092e9d3e3bebbab7d72a9a66115cf4dbb3d234ac949,4.40161146397395,4.353212174250018,0.048399289723931815
1217,19,eed71e5e72f5e7734a269ae9a16dec69beeadaacdc180e3ff248858a3bbfbd04,3.8204456541264165,3.823241215834983,-0.0027955617085666518
1218,19,f3dad93bacbf3f20dce60edd0a8afd0ff64267fa9ae65b82df4f5af049e6e8eb,4.380442917681194,4.388088839734451,-0.007645922053256982
1219,19,a6e4069fd4cfd1d928fa136e77074c29b154b7a30a8a2f2386bde241a552ad16,4.340817063518443,4.3479819945728195,-0.007164931054376211
1220,19,019102a12d8f70cfdce3eea0f03949370dc9c8acf3b12f850319765384b79beb,4.099671358796968,4.068574639784856,0.031096719012111862
1221,19,730eabb91c5af597f31d9e76be671ad6847d0f5e03d10392cb04ae0572d170a8,3.7684849818300137,3.8000963023630874,-0.031611320533073695
1222,19,f6ee30bf2ac551e09f687258691b0c79170f66feb208e89e8baff898bc29a341,4.061557515324296,4.087019366682625,-0.025461851358329568
1223,19,06926f952c55536ddffcd997be350dd467d5a9b9b36c80e765d09d86dfbd1b58,3.53450636756304,3.5619703631331276,-0.027463995570087718
1224,19,e558dc070b34e6898bff63387b2958ff032651dd4e9151dbd67a0714bb07e7cb,4.279894874970239,4.212329156969076,0.06756571800116262
1225,19,35305275c62d07903b2553f17907ed88f00102dba8859e04b9b598d5662ee660,3.706948031129855,3.7048925860164843,0.0020554451133705243
1226,19,36911d10d88841bd780ce8fabe1e9834ed51075006a2ed212b1562ad830c54b8,4.072122484015608,4.092268098149134,-0.02014561413352567
1227,19,7164d96a8bfcdfc9ffd62bdaedbe5c8102bc1c416e3cb7025a5bd53a76a625c7,4.20656514562242,4.17127452714368,0.03529061847874004
1228,19,13f85b9ea602809a6b7d66a1e77cea337618e856c225b8ab828b6c68ada749be,4.075275939636413,4.045354101230714,0.02992183840569851
1229,19,a477dd4c9052f38ad1e3c90e91cacb5d4a6a579fa245d0c4ed2cf5dbb2512c66,3.9657063049098724,3.9656851188337896,2.1186076082813088e-05
1230,19,64fdaba9ac93d89865f270d875f5b5f54cf739feb1da889a7f29646ed69c5dc9,3.8891208885579545,3.8816235014364793,0.007497387121475185
1231,19,beb24ff82af0f46b46270cc15e8cacbd0f0dd44875040ec54364c3f728c31702,3.733064806880293,3.70763338927361,0.02543141760668277
1232,19,2ebbedfc54fcba6a032276f81bf56529313af677252f33fc5f8e5d536b222a23,3.9859604601235787,3.9911304044939016,-0.00516994437032281
1233,19,d0957097a8e1758aa1c6feb23050a64431acc296b0a429cc51742bdff0d8d9b4,3.8753786404445805,3.895433896037048,-0.020055255592467347
1234,19,5dc3365d635fe9be760e70418bd61ae4464037d4a61e1d3558bf519a0b0a09f2,3.776443338214335,3.7723704033649597,0.004072934849375542
1235,19,f4c0c758c7b80e0bc2cc5a7eb010e476c041eee4cc6b02b0a5c7ddbda8cb6c4e,3.979855827160364,3.9921385565178866,-0.012282729357522726
1236,19,569c04f7c3805f2f9522a7d14410227321f265fc255d3be878393b4591b9ef35,3.7813874597908352,3.779933570709204,0.0014538890816311323
1237,19,10be3c710c272cb0dceb113990068276e45c4c19e25513120aa6007d89ba47d2,3.8148626223231616,3.855941344406503,-0.04107872208334129
1238,19,cee96d2c32b1207f9263d1bd8d50498826a9de1a80d174e7cfaadc0473718eee,4.220812594640137,4.230910270846735,-0.010097676206598294
1239,19,b8eddf868b292c7280d024b48a5bb74cd736796ffd5d6e35f3d31e2de736182b,4.238049402719028,4.258134704043528,-0.020085301324499483
1240,19,6914e93ff6f0b918c448b375c0b644d94cc9418b2e3522488d313578368719c9,4.421171681375839,4.42975226945731,-0.008580588081471774
1241,19,999561d8e1489f61d9c6c1165091396a5da10fe35d44ed6ba658bd123e329873,4.020185250780372,4.048234501864016,-0.028049251083643867
1242,19,f0be5a43ede987e85721d9608f4bc56e2692f4f601c6e6447dc0b3c1049d3702,4.082442907355926,4.079210324212056,0.0032325831438697605
1243,19,d840191e7cac604b6e38ce860c230eac8d5b3798dc3b266a9db8010519593b5c,4.493328026537483,4.503515355636637,-0.01018732909915343
1244,19,f718e5dab103974ce52883cc159a5250afed1ec3062b4320c738a24696af69cc,4.154174849904848,4.185207975523554,-0.031033125618705526
1245,19,35d105f84009221bd0e06d75efe7594d9e19406fec3a7ff73e1127082da9b0f3,4.40702159736702,4.4045615684226505,0.0024600289443696965
1246,19,b2ed374cf3118d3adc39d686a606f5d726f6ece9aec691f73d7912446a3a4201,4.497816423076074,4.479097052547445,0.018719370528629042
1247,19,5d1b72794aa659c3f19c00dd0579d0767ecfccc44ff1e8f6aa0408bb5581ecc3,4.222384742261738,4.240280204564442,-0.01789546230270389
1248,19,dcb84eb60bbeae910045ead9ae44694959ab41b0c614e658de3942fceeb04476,4.387694385207851,4.365428633792931,0.022265751414920487
1249,19,ec7807dfa5e3463f24446263f8a12163a87124c608acb82c53b8be0e3f58e228,4.661174816450398,4.6578500712166715,0.0033247452337263894
1250,19,717bff779bb8d346fa9cdcb152ca016f128f005e30161c9b55c85ab569e1e4b0,3.889575016820345,3.9062732592180964,-0.016698242397751528
1251,19,8fc12c9b9037bdf849cc0be96a56d630352d2e821c7d2c277a6e1298f01e0dde,3.95042168477994,3.9277818278633276,0.02263985691661219
1252,19,bd05984320314b35b2f643d6a867c90e92707d8d4431ff30a038ae043de0f277,4.364896643499094,4.37043024223636,-0.005533598737265777
1253,19,5caebadbddd30b97226fd31c2ad910d264a325ea35d88fd06a78bc3717d2a00d,4.46871814773877,4.446190711353822,0.02252743638494792
1254,19,770fcbd276bb754245a5c0feada484c4b2f487c82fa28cb67adb3b180739760f,4.022329611604391,4.0584089903531435,-0.03607937874875233
1255,19,2fc53351f3ee8a6cabefc70c7cf748e9950f324e3aa65192d68c3c7e2b16b6d3,4.449119334049982,4.475367889711947,-0.026248555661965156
1256,19,39349e536a204f572a43f1f9376fe662e1f72b8baa90bbf31b657872b9cecff8,4.376461465750111,4.374627906622159,0.0018335591279523555
1257,19,def38083d29aae131d5c7965ec78c187536ee7d279c2bb4f1d6154ebf6be87fd,3.794062451476634,3.8297685222096334,-0.03570607073299925
1258,19,c6b2ee74b7f3ea0b4e21dd70b4e1e89d407da3263f36ba74db7ca27ccf1cd117,4.079439040495117,4.081518054550088,-0.002079014054970685
1259,19,08b6405b58457c266f74d455ac5919dc0bfe8b464e63f590f19f9849d862fb99,4.111513165389965,4.099555047149806,0.01195811824015891
1260,19,dbd0fc9c983dabba6cc208f48c65bfe6cef7ec833b4fcb73713ca227ee09c086,4.105796496407265,4.116723956611281,-0.010927460204015915
1261,19,fa15ea6edbf3537c48a0ae901c23f1619c1b00a128dabfe7939bdb4a74a754b0,3.794441487210065,3.823259621672662,-0.028818134462596845
1262,19,8a9f0a9001348b11e19ed76b38b11e0feaf49aa23753a30fddb14602c9f6b0ef,3.9938634883874755,3.994418906362341,-0.0005554179748656907
1263,19,c3af89f6caf333937741d717a31c83dff2c8e909f2401e1f4ecbd7799ecdafd8,3.9883226754911334,4.010328900075365,-0.022006224584231404
1264,19,897ee9f87e22cc2c95481c9fb4b6987725056a0bca3ff3a06ab7e56536c41d95,3.705110999788868,3.7213633317279573,-0.01625233193908926
1265,19,bd8ce0e9045197c4b758c09afe6abf7a04a14183e3cd6358c021754448d72f28,3.682910600745572,3.696907165729044,-0.013996564983472126
1266,19,7d24299c79014ac6d2a475ba7749a15a92a90a8b7a0b917dd77d4128fd76b833,3.889453386971013,3.904788375386943,-0.015334988415929729
1267,19,39c83034edce7b07a5bcd664e2c142d418bc9d721995fd310f6791f9db7eb3f2,3.984725622062115,3.9817276848593934,0.002997937202721346
1268,19,8709fdd94587e9950db267e306c530dffbe1824d8cfd6db3ca75bab85cc91611,3.933149169778744,3.9333563348363896,-0.0002071650576453976
1269,19,7158962dfcca265e7519c366897582a85e85501da13024a051f6ed10c4485d1c,4.1365621323324895,4.163650457816374,-0.02708832548388429
1270,19,9aaa1eb34d38d694090b63a1b853635e1312288b3efff27b991fc1c9a868bf1d,4.300063025956604,4.354805149304468,-0.054742123347864435
1271,19,50e5d0881da61d5f47f0a63b71db00f5bc787cf9c3f782b6079a9ec599682001,3.8911956498803875,3.9065052571649375,-0.015309607284549998
1272,19,685ae40a438860e4a713d4d7508868afe783033e4272135be60720c5b17043a6,4.132217265505972,4.154380899343323,-0.022163633837351426
1273,19,9777a0690cfabd18e33af787575d08aaaa5944e9d1b9453c3f4875d6386d0e90,3.342248028114682,3.3717540200686926,-0.029505991954010824
1274,19,1db9c48b09c889b69fde3a6015b372f47b78a0fe1a2fc4fb5848eeeadf205c90,4.068109428852409,4.093356399647064,-0.025246970794654544
1275,19,df200fc096ac21ea95af6a56ddc551f12a7ddfe1ac02d6cc8c04f07a0e2dea95,4.1644358623065045,4.186961893903231,-0.02252603159672617
1276,19,3b629c73b5f6d4c1645308c53f0461ef77656d91faa5b4ff0745dfbaae94209e,4.29540120126677,4.267772088653203,0.027629112613567486
1277,19,3cd245ad9549841fcf741034d09896f4a7fc5bae4809f55c81102e4fa370a65e,4.686160790326511,4.699005699720232,-0.012844909393720627
1278,19,9affd08603a6e219007c1136c11f3742fab064125285b531808bac97ddb89d7c,3.9922254880539185,4.030541439396075,-0.03831595134215604
1279,19,8fab761802ab0b67ef9178a89c387627fc896eb606f967f487a22872bbec980f,4.1366100498021865,4.117224488042325,0.019385561759861503
1280,20,11db3a4ce410b33da61e3a416aac1d0d7ff9034fd1401a15e1660252a0ee01f6,4.236730879740909,4.254843721369795,-0.018112841628886045
1281,20,715d2c84bd20e00eec0959d3fc05486f240173f22c41671468015881058f25fd,4.26505787605997,4.302917975106652,-0.037860099046682194
1282,20,af10adc1116991c43425c66715406e897c692277ffec177534017b9c627f2e89,3.9986359009653256,4.033824561000529,-0.035188660035203156
1283,20,4eb7afb61560b38c7e76f9a9947528586954eacfdd2a41ca053ffbd30c8896d2,4.185858882571097,4.20950561212112,-0.023646729550023338
1284,20,92f34ff4762e6094a35b7c50c6c451317f8b806524810cfc35fcc38aea30fa63,3.341188140827512,3.3308057040990207,0.010382436728491484
1285,20,ea26693484c1d9ba74c000de5e9bb6ed55c2effb2f3e9bd83da19f57768474f8,4.169247506076999,4.174285840467064,-0.005038334390064847
1286,20,0ec1d08b5ad67db65af73597ba5e30a13a1533dd4f359ac84f69e4c4d055af16,3.8456238284559277,3.84602290817611,-0.00039907972018227156
1287,20,dd50b61fc0057835dd4e09f570f9e4b8fedc76fd94536c41eb00b7a2c412571f,4.0112648107624125,4.047221346636448,-0.03595653587403547
1288,20,b51b7b70b7dc9ea2917be633e6a2add496358bc0dba5b8fbe1ac949a9fb69bc6,4.555913862624493,4.592040166024162,-0.03612630339966927
1289,20,f447c80de5c5e348efb21fdf025f0e46974348f470b67f53c75842f5d005f5a0,4.568845768178562,4.592903608177949,-0.024057839999386488
1290,20,8396455f165b038a0a69e084b876dac3683de3d3e4f4a0802bba00ff5471ffb1,4.4240052921486495,4.455743602061602,-0.0317383099129529
1291,20,b202ca02b249aec9bc51e879bb414432f0d67f3c45e6ab77c84a2a6eee253988,4.535877357480047,4.553121211338976,-0.017243853858929015
1292,20,6ba603badaf341a650bdb4d6956f3aa6389c5667fa5dbad244162822fd10e71a,4.548241237751654,4.547941683659246,0.00029955409240756126
1293,20,7c187230687f204b126f029f86c5ba6d0624bbf3313ed8dad046ad506e32c75d,4.3924902492335605,4.396700792713091,-0.004210543479530315
1294,20,be19e70fdd6821a7924c33ba26f0b387f5e9444f698e275014237c35c862b530,4.037685842278165,4.02892728941049,0.008758552867675462
1295,20,06fcc3fb75cf1a4f448d2892e8ab04e36429cbffc840cf064f62e0437def8bcf,4.1053166044362115,4.092331694866061,0.012984909570150194
1296,20,a2bd308d1d5e955bb5f396fa47b8dc72d75950b02112af58d7df968351dbc9dc,4.189902766976388,4.18464956491664,0.005253202059748219
1297,20,9bf26340ee84e165bd096bc2ade9ab24aa38874f25d37bbacf2aa2e1d5077bc3,4.377250153859009,4.388006547180453,-0.010756393321443625
1298,20,64e0e1b8fe76e83f1d810b263a6f559419b5b413826e1fe9d3588e071f16a7db,4.291699382070874,4.337354839004888,-0.04565545693401418
1299,20,26d2410f7a75d5dff57d55356f61cf69c467d6c901c1d761de5d74bcdd587214,3.9122343602460887,3.8873705883607954,0.024863771885293318
1300,20,87a84b3343245dd10f3d76b5bdf312ed31dd10ab92d4914e9b8e3ec7640ffcef,4.122149432262944,4.126898167800476,-0.004748735537532411
1301,20,374c0f5213d0e133b24703b13965a5c2b703db72ff31dbb353855f05b80acea9,3.793821131174525,3.79171476341088,0.002106367763644812
1302,20,cd6a207e675e59e810f194baa6425583f8802fe17ff1ad221401a71c3b70ac49,4.14689102418879,4.153663917137919,-0.0067728929491295276
1303,20,f97c5fba32d85427887ce2d1bd5ddb80dca2a5fd80b76ced7a1e51374f73b9b0,3.985346372072172,3.9607423153829586,0.024604056689213394
1304,20,f8fcecef4c2b65c50b2beec4dbfbf7c014caeb56db2c6c95b18eef3f511079dd,4.048990852004067,4.015444478639665,0.033546373364401916
1305,20,e716d73cb599c73cc16363df9ac5f0e11458a354c046053a4fe1666e410eb74e,4.003834442952666,4.012970297330071,-0.00913585437740494
1306,20,726158ea3860d3e54b22aa50417dcc0f73a7e6f4062f5853c18369149898463d,3.7201892897228817,3.746958749165998,-0.02676945944311626
1307,20,4441d3b5f69bbb8f7f07bad0a7f488d1b669bc221e14f7a7857ad8ff755adad4,4.035571508650264,4.017436377609101,0.018135131041162822
1308,20,9bfbe9b49614519329224454ce9e5a4218565aa2d1e0d93238f8c7d61930fae5,4.037737449761607,4.036887759489446,0.0008496902721617516
1309,20,aa2a564456fac72bb79ac84d1bd50a5527064fef19f8642b19df6dcb16a17a50,4.035928396748204,4.0494358447558625,-0.01350744800765824
1310,20,51178e18d8dc621ab0af0e2a2cf8110137b6470e873a32bdca12b50e711da204,3.999019463648665,4.024014420448111,-0.0249949567994463
1311,20,7b400b9240eed4f2bcd9e3ef37a8e6c66138dff14e4cdf5594617044833e5e6e,3.9587548891122424,3.9471823663025134,0.01157252280972898
1312,20,d894eb41ffe61c48a908ae52c7c7aaead15f299d016b271a6911f058ad46efdb,3.654482327822734,3.6793470296422583,-0.02486470181952427
1313,20,bc975575e2d7805498fcea9320e9a22e1a5b72fdf532f24c1f53bb35bf80026a,4.087511656909555,4.080673698970713,0.00683795793884201
1314,20,6078e4fc9e56301811d1adaa2a13018c76b067295b47b1096e24a77ab5d6d925,3.801417640622276,3.820748509157056,-0.019330868534780166
1315,20,1b9d0e2929c5a556488bb02474c1ee6abd21dc47f80a050a9dd19e016972a5e4,3.9253754267601835,3.900697759420609,0.024677667339574327
1316,20,d5f51c5c7ddf39372f80c827bf5353ee10279e960c4e7818db292bca7a444a36,3.9634328691824976,3.927745803416883,0.035687065765614534
1317,20,12bf42bc1247f07ece63f9c686e38eef89757d804fb1ec20e43094b474395f8b,3.9583362501355737,3.9453102193149334,0.013026030820640244
1318,20,9a1f0bb16a53fdc83033bba92b5e61d6f75dd33cb7e27680c28a02629fa80f59,3.999517635415941,3.9948701591539475,0.004647476261993688
1319,20,94dd865de17628c9d85f4018b6ab395cb16e14fdd54987cb562c319269e21cb4,4.0662142904045595,4.041251428670876,0.024962861733683894
1320,20,f9c6ae638c5110b73a85518e873c3552005b1e5ebccf7acbb01bd5570dbb6df1,3.8494222500289723,3.8793870497753744,-0.029964799746402093
1321,20,4c65c5bcc387ad1fbf77bea5ab1d2d0a253597091c273c5e19f8271f7fef7f40,4.057281197487896,4.089532412083486,-0.03225121459558977
1322,20,cba981ba6840851f97a7f0ce7c3934fc264c6c425c59ad7f45ecbb8a3e6652a0,3.822496766902077,3.84323802722065,-0.02074126031857304
1323,20,37c9b70429adc7598090d38ed8e880bef2af75a63d407c54907d9c7a04a07ee1,4.08743165433998,4.086399535280179,0.001032119059800607
1324,20,eec270c78940f0b33f693747245c2712690b71fdd152ab403590e5b852d9db45,3.8600634759045533,3.878915688878351,-0.018852212973797577
1325,20,e9f681de65ea2b202906c7521cc526c1280f8bca36f6f7ea1eae97b47a235709,4.335990307922657,4.311472961672052,0.024517346250604533
1326,20,9210637109626af27563bae9a65a17628706db97412bafb037db7c08776a1d13,3.797734578881318,3.811564031867789,-0.01382945298647087
1327,20,dc88609cca49f9abbfa2f03c19dfa40c3c7f2dc7fd996795140f24362e7d62a1,4.197653872590308,4.21105876183492,-0.013404889244611695
1328,20,e6a16e1ee7b514f6d4b455fcc02af23754fa9da56773d89264f3e688330428a1,4.2352940411121835,4.222720709075588,0.012573332036595275
1329,20,12bfe37d82df81f224107ff30afe8d47d07e05e1b60c2c12380ff1807d808333,4.205104361720373,4.210183979079829,-0.005079617359456279
1330,20,e43c3cafaf5f5f4ae092f45c7dc96e650025708c13148db673d1597f7464b554,4.074467498824276,4.032674878238964,0.04179262058531208
1331,20,d4fa04bf527581a7481f4a5cf9af87bd37d8c5073b796d34eb62b5ca4bdbed95,4.463656501320763,4.4601671569017185,0.003489344419044471
1332,20,855a44ab21184078ada8946236e4f79258f7a94295d3b5613c3184df4aa115da,4.471914219636965,4.467332520945476,0.0045816986914886115
1333,20,ac78b54e34cca1d06580fad5e65807fd6f44f0975fb03e4efe9c6c0da6fb441b,4.8184105301418185,4.79124825915477,0.027162270987048487
1334,20,d6116d321c1c6c4d8fa5ddd3a8b4820250a1f5cfee419767c97fb8a9f7f0a9fd,4.797622205183018,4.820656739317769,-0.02303453413475154
1335,20,352e4399e0a42b7e8bf14ec93794e4a509505cb8bc1b3dccce06a44f93962ac2,3.4581765663650117,3.4661532413449834,-0.007976674979971676
1336,20,1022099d765322651ba7264f6e08ca6bcb7ad1dd7274b3ccdfd881543ca29f61,4.303378821181823,4.302776327109683,0.0006024940721403027
1337,20,db7189270bd1deb7fec91056bf7461a982643f8b9dc8a8a04feb145718e6d9b4,3.8780657072436675,3.898567438151531,-0.020501730907863447
1338,20,0a710c5bcaa5730629e57013a21d00207a65990f7a730a3e0ed45c5fc72b7f9e,4.201660651120248,4.2173019770716635,-0.015641325951415652
1339,20,a3e3755a6b0adb6bafff20a232f3818dd89f0ac1392e2f113c506e5a2a2a8bfb,4.6693394178996925,4.679561021719337,-0.010221603819644542
1340,20,f71640cd4c1d3af3ba6c6ed9c490aa07f6db925bf794568bc04f7051286ad66e,3.8619003165578647,3.8521393986129624,0.009760917944902303
1341,20,b19678555654bd5dab74863e1e25b0928e0acf6947b4f308755affdb660fb2eb,3.632225009294075,3.643536323561193,-0.011311314267118178
1342,20,98d54ca0dda5d1b9179198d3df55373ae4ecd1e40b51120e990ce55bb0b911d1,3.605759350377866,3.583695006729613,0.02206434364825327
1343,20,58c8d8889c6812137195d171ba3add1f83b4fb56291bbb81a23baaa3aa7701e8,3.780248779151407,3.7658304717997453,0.014418307351661497
1344,21,204e0b9d3f3dbf94c033ef0c5c6986e120ded12308dc70c987937e23c44365fe,4.061643908790472,4.096995460698437,-0.03535155190796502
1345,21,d1b35814d2ad4861d7344e84da1771a7e36a43da7e7874d218ec21aad9b32f2b,3.7304586695062483,3.721638506275603,0.00882016323064505
1346,21,08de084353a2419b2053422ce46e7592d6ba7dbd3501e578d0540f8ea6065a71,4.213727216246326,4.210048456011208,0.0036787602351182613
1347,21,eb3646ebb1dbd9a3eb6fb14657fb89a25f89a74892b9fc40b39a6b2b6bce7360,3.671399841668311,3.6745313316252677,-0.003131489956956557
1348,21,e7db86c68684b32e41552000e5f8ca303515186892fb7f73c1994ea568fa5e9d,4.308461288636863,4.31650037167924,-0.00803908304237666
1349,21,72656361b38569c1456abb3774f4a9a73f45706d8308acfc54b984b4f8603e21,4.458567262838017,4.469613374124123,-0.011046111286105997
1350,21,d6d13eaef35481778a31bd5fafc9d181f2173c211b31c7dbf115de414e378bd2,3.788727079032469,3.80194381209634,-0.013216733063870834
1351,21,8d5a3ab5562faa4c39c3a08a32d9524a5ac27e71f937ced7de914b7754256fc5,4.329578374704511,4.380295983193832,-0.05071760848932172
1352,21,72bcf85e20ddc8d5b8adfefa39dd5dd91048f1be3cec5bd66d82dda0e210a278,4.234626287626156,4.223885920606051,0.010740367020105168
1353,21,104c469f7f5eace7264d47c7578b8e9d537d62f8a2e493b8bffb4c300fa5b805,3.91788805952568,3.9383328643417883,-0.02044480481610833
1354,21,16926f1fd6504f5346cabfd364ed7e0992e2073aa938d890ef3af1c465c85b43,3.4662606699632548,3.4971261540636647,-0.0308654841004099
1355,21,dcb9a09b355f2bc32cea0b2f63db88ce4c6c1ce52d5690a99c8d5f8b30938b3d,3.89691905658475,3.93114613064796,-0.03422707406321024
1356,21,79f644363736c259ce2f400fe369fcf56b1832f6d86d3f570c34f0b3877bb03a,3.9744036541250125,3.9627564383609695,0.01164721576404304
1357,21,28610657fe64677d7d0658d4de302ea1356247cf61b6c56f735644d2919295e6,3.686296688495645,3.7055450899361233,-0.019248401440478347
1358,21,f2b217522575b8e4d4037f8b2a1dbba6a8178ae59551b381d3fb30ccb220737d,3.6927356572013537,3.6902729730626334,0.0024626841387203058
1359,21,eb93cb879e41cf12f8eb784f4bdb3a7ccca2b474bb4d3be365bf72fcb09e47b1,3.604629767024207,3.60330248283816,0.0013272841860469953
1360,21,7776f7fa63c846e06a8a2e4899d0542e941488ea004f917b4cf87d4f2aa85c36,3.711390247413078,3.702668090835914,0.008722156577164242
1361,21,574c8c5bcf400287a2c8beeaafd7ab4861614380e2b05305bd2cd1b3d76658cf,3.902185959480903,3.9511609840273536,-0.04897502454645064
1362,21,8d9e3a1ae5d7480b8c7e60de74c60208945e474a7842a62611cd7f05c37dcbf8,3.970944552838965,4.008638753427292,-0.03769420058832651
1363,21,42a89a308116b37bdbd13ea107e1fcecb168833179370871f67a292281598295,3.860569312675352,3.8821062960842028,-0.021536983408850574
1364,21,3c6c35f9e837f8e44c04bd8784f35d3c26137772db5a957b2f28520f0d1f8e99,3.849733412029309,3.8540807758174083,-0.004347363788099301
1365,21,e189dce333ecd71112159caa062f74da374a827f0809be338d173de364e86273,3.9537850074045764,3.94522497705168,0.00856003035289632
1366,21,4de5fc2fb9b99191ec911d8a9c47ffbeaf0dde6c4d94097f10da410682dc847b,4.197293324694002,4.228665068112235,-0.03137174341823368
1367,21,72160e95c04d8c4bac930f48751863c9f9906c3dc7a23df1b1bdceba4f13447e,4.388053782151076,4.362159378925185,0.025894403225890983
1368,21,8eb4cac722b426c5ba7cd8a8bdbfc69bebca5f546da771dbc4038d1e3404531a,4.344623650264452,4.367558963587726,-0.022935313323273476
1369,21,6c478bca7d9f25e6339f7b4da583150fb1e125fe79ec0125a81a13eeefa85122,4.563854901377454,4.570699022981444,-0.006844121603990061
1370,21,54d759bb02e71b8dadf986ae3d5135fea9fdc064de05d49f1317e7f4793fac87,4.418009709367311,4.408884836510424,0.009124872856887123
1371,21,82702baeb54dda209c8429fa41d3321274745eb77fa97cf7ffbe046de3841fc5,4.398482220441338,4.427635657491692,-0.029153437050354114
1372,21,4f7180b6d16ed69d99c6a631c63db25a4f501d54b95ad8163706af6384f741d5,4.492264560325204,4.485309298911858,0.006955261413345681
1373,21,41f39d101fc65f0ea905f52633a57839de28ac70ad3d1f3d54a63a847b50b4a6,4.538082607113665,4.568334166742261,-0.030251559628595714
1374,21,4572b37e67266ceeada111e8ae10182615c8ec6a66814e8cc9b9c6a3afe1123f,4.47553353063563,4.521326748885713,-0.045793218250082646
1375,21,b67c138c9b5c5042b14a52552fe2284f31c15634b377038cd68f3e2a45baef86,4.574626526385188,4.6084321833587865,-0.033805656973598275
1376,21,ba3a319f230ea414e7528a1a73c2063fb5329ed745138effbefa3d52089d2c6f,4.429990294713662,4.476771853033142,-0.04678155831948061
1377,21,cd788033e916a7358371a4020763c5d42e6bbe7d6f1e81ace6142748a667f2b2,4.588186830145304,4.585768674194185,0.002418155951119161
1378,21,8486b443aee9ff9f7f95e63ffaec932545231d7dd4847f4fd716c95b057625b6,4.454483824242459,4.409171272583308,0.04531255165915127
1379,21,276ae75e949e8027188c3043c2250f5e3aa998376f90c629611403644ebad29a,3.8907841045516136,3.8991790067667154,-0.008394902215101752
1380,21,f48133dd23a4362b7b07bfa8d787a118b6bb6a9dbab70ebaeb36ba23e5a9fe4e,4.250131742360566,4.302562386355419,-0.0524306439948532
1381,21,1affd3a0892462b060a2a75080f1d452b5627e969b6746e4de0060746b2498c5,4.10117060507519,4.133834982888452,-0.032664377813262035
1382,21,5c84614813363bda74c7e058b221a70690bc6bb2d1d9e2f44ec2086e49e022c8,3.9172269071230517,3.949253188096577,-0.032026280973525445
1383,21,3ba43ee98f827f83bf50753fdf7ac73ab728e9e7126bf2a66426985c06503a17,3.5914816387675614,3.623617145492517,-0.032135506724955576
1384,21,cbc59f5db8086e72255b8aa9fff2748e830f5b8c6118b12a552a88e3220f7f46,3.7235068729476666,3.7517323902585673,-0.028225517310900727
1385,21,cfca17b8b45f310cdac31dd8d292e47b88614e0b9f50def363bb5892a6c6ff04,3.70862633863419,3.7498506588750615,-0.04122432024087175
1386,21,7cc557539700a141604f62a0cf51beb197cbcb86a6bb4d932aba66f0370baa09,3.79476693101293,3.794833287353626,-6.635634069596108e-05
1387,21,b1e7a9d9723451adef2dbe7da37cefa7f1a37fdf0626f0f2cc9ddb9647924f73,3.8459293802358587,3.8535086002697163,-0.007579220033857581
1388,21,619c86e98c01529a7414acb13ef7637281db53cd8880dde93828aa9ce3791e03,4.021217791410734,4.005046354043515,0.01617143736721971
1389,21,4c083aa15288e904baae38fa4fb1adb66e02c99969d6802151fa9c0023cfa8f0,3.9140022314707608,3.892490326868895,0.021511904601865695
1390,21,e00c669686d5d644f7d305566d5c9c359f9c6c7c838b5ce9894771d6f3c7091c,4.2855486785402945,4.223702203466502,0.06184647507379282
1391,21,da825cbd450d60ec130cd7aba871841f8c844a35f02dca57ef58482abfb6f4d9,4.697093341397249,4.7367946924755415,-0.039701351078292646
1392,21,5848642b8700af3131fb576e3b892522ea2a4b3c0a7ee4186c406eb06968b591,4.3750421836605256,4.355889999923221,0.01915218373730454
1393,21,33735879955213edb401992095a304211dcf8c9ff7727730e7cbd256c083348c,4.617359930900349,4.618419633653957,-0.001059702753607894
1394,21,4e449a7172350225d1383e543cc93811bc7626ec3d70019ea9542f77163f47b1,4.002288376488309,3.9914259007782675,0.010862475710041508
1395,21,1a50d8f2a48a6657d699dc9e7a32d4e44b0fbf633f8a962be34eaa2e0f7c4cd8,4.3057201589979,4.334163742421083,-0.028443583423182872
1396,21,5507e60d2ad779ea32bbfa5e5c91e795ce33dad326ecfb3c3a170749c2f92989,3.974179254589444,3.956610072850026,0.017569181739418127
1397,21,37cb94d9d38f87ba1f96f75fa814f60f08ca4d2189d736a49bdbf77ffac92e7b,4.64126693423384,4.634938166691654,0.006328767542186142
1398,21,85d8576a8fe2d0a427936205571631b1f755d9f5c48650adff2caa3c5d9723a0,4.270056125808949,4.272804773204882,-0.002748647395932835
1399,21,23b309d22c4ad85db153864af586726c18a2964768b02850a22ca2cd60797d5c,4.2942133269313985,4.255966781260895,0.03824654567050345
1400,21,db48761bc6ebbc7fff6cddc0a0444a6d8dedf15a16db4cfe39b8a59dd150e053,3.9487145399889485,3.9558068801172226,-0.007092340128274088
1401,21,8819588c6b08eed1f1d744d029a8c19d9dfea8d4d749b089617b8f0c3e892a1c,4.153831853593843,4.120560832080315,0.0332710215135279
1402,21,478ecc2bcda37b05dc9cdd333e4fe845fd52233072aecb59f7e2f690bf4c9513,3.6535629236240084,3.671285538395203,-0.017722614771194856
1403,21,a18a569d795b1c2bb687d2ed5166116a751074b286c65cd21fd23f3b610bb6af,4.1352642998444935,4.123624065607828,0.011640234236665492
1404,21,82c507d200ced10658b08bcb6babe930134f887b04ef65251d780b0d742b983d,4.607541020165172,4.59944899031089,0.008092029854282146
1405,21,d99917ec826fcf5f852e6bbbc54df7bf4fd75f403f97f945274ed92919dd7a7c,4.382834104929998,4.39175789388662,-0.008923788956622047
1406,21,3bc686a27c391ccdbf616debd77ae4a00ae3dad9ff1bbe8e85c4bb3e0c90fef5,3.819536083354535,3.803669667406325,0.015866415948210033
1407,21,979ca09747e0fc9aaa63c546f992110394e76a0fcda94d524c94e056df71cf9b,4.64176987698886,4.604886546562511,0.03688333042634895
1408,22,4dc0c7175bf2a0053e74ffe61d34abe7a7be55bdf2f634a97a8a66375b8710ba,3.818146648282209,3.8289469930567748,-0.010800344774565929
1409,22,53a251432c8b00343321f895b0c9b07b2dfd3688c74bcb8797348de5df751dc7,3.6861563831223805,3.711560819732682,-0.025404436610301673
1410,22,ef61e8a14e736d07401f7b9b792b6a414d269b7a5fb82cbe054c16b76abf32c8,3.996678200618149,4.05142987896717,-0.05475167834902095
1411,22,e50c2ff0a56ad8dd3e497d92b004820872f0eda0f0cc145e14c4ddf436ba651b,4.359196504971038,4.338246866018466,0.020949638952572514
1412,22,13be8d5ff02016c4775745c80198eb9477a08771f473f47eaf76be708cf781be,4.0501057553068875,4.018266767811781,0.03183898749510661
1413,22,644e3fd3410b16adbe6b6dc119e325f4c541d790bb8eeb88c4bc6e74aef3e3a8,4.088244528864848,4.108606519811701,-0.02036199094685287
1414,22,1a2e31ee70f96a4d825cca0b14c14ea2fcb0a8c7978a4eddc87b34d351f70a54,4.079865685915749,4.0746160301713275,0.005249655744421489
1415,22,2347c06675f447ba1849c8f974c6b2092c02f6a5ad2d960d9d6a5eeb0dc5727b,4.019791862568724,4.0553300455469525,-0.03553818297822886
1416,22,3fb1550ba4668f95f292be97080a809d9d5f1973e8353ecb4c5e7a35f974487c,4.090212212523369,4.0763770111589395,0.013835201364429395
1417,22,cebd6efb056bfaf809ddceb7af9b245a8a872b18c783a21478b1decdd1d3f308,3.4290040935991506,3.4329403134060783,-0.00393621980692771
1418,22,05f03634a55a65de4f7dc0bcfd2316bfdfe51e6d8bef2d7f5f6e8a79ca33eba5,3.754137663180984,3.7878901351252807,-0.03375247194429676
1419,22,e67861ad25d6ee915f86c0c0744f3cbe5c2c172dba28044d1c091ef833b94028,4.043133758173099,4.045357460381638,-0.00222370220853918
1420,22,3764ff1720cda7869343c72ed612618de7d1fdd9b41f4c5833aa16d4a3a3bdb7,4.130500267189973,4.135055342117425,-0.0045550749274525515
1421,22,14a45278ef5ba8ac7fa8a7a89b5aaf151d162e60bdc768b6f704183718f09374,4.0247596362152365,3.9981172052412006,0.026642430974035847
1422,22,5ed79e1d89b344b23dd677bd0ac64f35dfb5bb34722bc477c13f0efba9aa4f71,3.59551466913166,3.642594601228012,-0.047079932096352195
1423,22,6a78507faecad280cc6a9ceaabd3fab136e44609217b826b13c8057e319b045d,3.3276051063078285,3.354156447838335,-0.026551341530506534
1424,22,c82c349db198fbc49a00986f8ff39fd0bd53dd245460626d75b907e4509c5573,3.2873310399291285,3.2688035121260484,0.01852752780308009
1425,22,a00d95995b8afde39ee58ed1a67a7cd732fe06e413c9688992e8473d67bf88b5,3.9189421466209637,3.918775499211705,0.00016664740925875776
1426,22,9a9e7e3072207eaae2b139f43209ef1497c8f2377275411a1c065e8841979ab0,4.2851239425807535,4.299972295148109,-0.014848352567355505
1427,22,9df21d10b44f33594804e1b32d6f0e398bd9d2ffd7d5feda82e9d266b2fd71fe,3.837042618249967,3.851835292906827,-0.014792674656860072
1428,22,e933e8ad03e3e472b5b4b877b77cf7e78469e4f41d9148f0f63591c9728dc220,3.419010401303325,3.402586226463626,0.016424174839698935
1429,22,92870336895520b458d0c21d9a9239542de9b0e1b7ef3d76ab714c849d0c530b,3.478345103211325,3.4807256200930397,-0.0023805168817148115
1430,22,bca57e394c300a3e4c89127db68adc244bcb2147606137250a93d2bddc68e93d,4.139728664654285,4.163710921016786,-0.023982256362501175
1431,22,01419c73d5bee62b366f02a0d46e8ca442b25a50819c53134b97ce88ca479ad0,3.8330452718155357,3.8221035293095156,0.010941742506020091
1432,22,1682d41de0ade7ee7346d8b0ff2c779e16dd0aa55a1e39b513633551ee77b120,3.861486612961812,3.8743696916956196,-0.012883078733807451
1433,22,641dc788623079ee1d2e6087eb78c38ba5f05b551da7bc0072721796c5db6f7b,3.77735878930676,3.7812609134020505,-0.00390212409529056
1434,22,4d66741ac66f7cc3817836107beb0a64221b01865fdf868622650863df3b6b76,4.206409383150117,4.196795005690149,0.009614377459968182
1435,22,437315623d5d9fe8b775e49ca1ca1fa4279b317edd3c69a30e88b8e7fda8a5da,4.337093976621588,4.359783846535521,-0.022689869913932625
1436,22,5dfd592348a448789c962fe1a3497f479efea3fa3dce7351f361e197e9a456e4,4.092142601262211,4.078293469996069,0.013849131266141512
1437,22,891aacdd6ef3aa1f05233e80cc7388615c65112d57168976e830fbd66baa46dd,4.369190789768524,4.377491068516541,-0.008300278748016865
1438,22,37f0512e3bce1d7a370cf591d514da110c94b8814e57c89afc966dfecaaf64bf,3.9309063193026645,3.908868940145169,0.022037379157495707
1439,22,33e9535be2b1965320e0a9aecda3775f0d17de6980dd88fdede0f6bc8ecbc3a9,3.87026649545588,3.836434311459584,0.03383218399629584
1440,22,2efa0e0f64b123f702cbaea03113c8b515b42e67e4c01c5537bb3df516b72378,4.046680616886988,4.079451996332523,-0.032771379445534876
1441,22,dc01f6b5677b4b850d8f69a601562f8f5c3940835786a35450564e705f29a9d0,3.7041389343423248,3.681632768823903,0.022506165518421994
1442,22,16202e0497a4588b9a2c739b3a20c870c236613adbe41b4e80298c2d4fc53232,3.96941319488859,3.995448738086413,-0.026035543197822975
1443,22,a7bdb3a7f5101a56169a1fdf9a5c1076d55393d34016cf449b507c48663d135d,4.345667743918057,4.381267612325928,-0.03559986840787133
1444,22,343be95b411ca4ad6d9ea75dfbcf20c593291e8b666f056676718d1492276fc4,4.407318769042718,4.426614673611766,-0.019295904569048616
1445,22,5a2284ee0d7b781f6fa967d98f2f3f7abeabda37530469466fdbd38720d4f8ca,4.361192795991201,4.386590084347631,-0.02539728835643018
1446,22,a7a11bbce2cb8229fcb09f7bbda62550deee36494515e08479b6fa91c2dd8fcc,4.058461538523943,4.055029205944265,0.003432332579677677
1447,22,cd3baae0d84ab8b54e090588b3c81b1eb1e0b7712801fa8dd2f727095286a34f,4.145722399423448,4.147980373491464,-0.0022579740680157556
1448,22,427839398a9631c9e9147d48d6e7ed4c52dc7409942c8cb294f27cd49a496f8b,3.744083993818478,3.783903126226491,-0.03981913240801305
1449,22,aa45880a7d209537e83fffca41dbd9e0ab8c710bc95a63685e000f95017f0ef5,3.8587192071025385,3.8569694022394287,0.0017498048631097163
1450,22,cf99e00069fb1ca2f98e2e507488824de96ee89b606f3aca4a2eb77f9bad1925,4.3775942044493945,4.372676879789353,0.0049173246600418
1451,22,34407ea5267c68eb04ac4c148789855db23609b01b70315b2b3fd7c5f460e7a8,4.626314575568813,4.6517438278719965,-0.025429252303183603
1452,22,cb65cd8903f6635e2a5acb6f723f16e97389dd04ba70a81fd9aa3dc9b57463ba,3.7365496760097017,3.7404853058695267,-0.003935629859824985
1453,22,07616075e27e969f909c03fd03d7e4a5e172d6c7531fb85b3760bde78e339742,3.4930764242500913,3.4506642217270667,0.04241220252302469
1454,22,c705859bc5303cc6ee998989025478d08e7e6c16782ed0fdea759ad2c2f6841b,3.869555882794849,3.846503842717823,0.023052040077025993
1455,22,a7b50ea570e774231b6e2e565fa16d34db2986cb4542992c081e9cf19ef53db0,4.053290273947937,4.0358876514869735,0.017402622460963357
1456,22,0e089356b51be8bf0b8b144b4d220c5a235a480a1cde91288ef86342f81ebf7e,4.061596058607364,4.092932077684907,-0.03133601907754269
1457,22,f0f880ac538eedb058b5733df0d827723bb5cf6bd6861bf70fd036341634a4af,3.8870551023640587,3.8926476319351195,-0.0055925295710608225
1458,22,58d46df191503e23064948b24643c794cd798b281e1f004e228bab144d5c1295,3.9067780000131016,3.9013166534479637,0.005461346565137859
1459,22,e8a4aca8943514df33e427cd091c7b759fc7a8f03ecbb6e0dbbd2072cd1544ee,3.856310550268205,3.856231835094448,7.871517375690473e-05
1460,22,3eec5e05bdaa54131d33c576f6be1d9f09f1d060ea3c2a0e582b91ef56726b84,3.799737525049693,3.7512874948018435,0.04845003024784944
1461,22,bcf482d0e1663e6d20761e78dbf8c6c1bdcdad9660d5585e9e0fea0142623887,3.900341372997559,3.9039937226701795,-0.003652349672620403
1462,22,bdbbf99fe56bb1cc4e46b0db7e51163e6aecaaaff8a1d6cb67d835e70c0fafdc,4.264441014161463,4.24795648341609,0.01648453074537315
1463,22,c7f8f7e7875a6743b3694586ffef3071cef248e9a93abea70a5eafdf9e33a137,3.5345208447029393,3.4965186761700693,0.03800216853286997
1464,22,d2468502e78e61dcbf03c959fc68aeab0a2bf29b24a1cf150bd3014b293a03af,3.3432562280275455,3.3543803703890305,-0.011124142361484957
1465,22,fdb9c94621bf8139f0d77d50f0464f14702aa17ed9c0f20f10aef1b182024537,3.9238223782144317,3.947177821440185,-0.023355443225753447
1466,22,8aa318b2ef052b97313f5926446d947e3b7cba62d64c73014c12ca8af6be8503,4.18886051825973,4.150017790837637,0.03884272742209305
1467,22,449d96eb239e4f4c075debf611fe21c287d5d21d06877a33a73692fa3e834c72,4.033433697317491,4.046594905249378,-0.01316120793188702
1468,22,3abe1c6550ff0c450521c1b87c5e2dbcf3b4ef548fc1961bdf86007b3a00e9ae,4.543670259065152,4.5375751487318325,0.006095110333319553
1469,22,f092de2f61cd064913bc44571cb13bf5e9b1129732f23f9e65ea04181079a36a,4.367828602821817,4.3914536212714665,-0.023625018449649815
1470,22,459df0b7f03e407e1413369f3b59e59f608c583f1f9f42c85cbd40ca1d1135d1,3.757418803348415,3.7659019835019194,-0.008483180153504577
1471,22,a26768e0276d199fd22c768f479b20992346ddb28bd849d05ea92e9f4ea99180,3.848994056816764,3.8296845682731373,0.019309488543626685
1472,23,33101a7cb2a910b1a099b10e6fd3e740cfd74aab90b04b8c5360b0607e5311a6,3.236557111083812,3.2129263184683623,0.023630792615449536
1473,23,33b1c5e81b5e06fec7d203eb97d87f9b98c1041b859b0360839b14ff2247b354,3.8974911224856044,3.930508912502148,-0.03301779001654381
1474,23,76827b002e24798d18a4bba22b4f7be170bee7f1852f7793e7dbd0cf3ae644b7,4.035191484050472,4.044054626583659,-0.008863142533186874
1475,23,1add16607a599cc08909da9ca01fb1d3d9ecde715076f6ab76e91ae49fddb41f,4.954253742824221,4.959720183493516,-0.005466440669295025
1476,23,8bb823f4603feef103f968857280cdc103ac2468811be3bda43a3e990f928efe,4.633252103693451,4.63764845188922,-0.004396348195768951
1477,23,1866d7c93759c64317a1c283d192eb3b83dcab0a7e87a7e451f20a783fd60714,4.722737506705926,4.706578645409536,0.01615886129638966
1478,23,46f8a48a25cdc62330413dfacc537ee083ecd3be595de5bbed3d1bb1287b4c42,4.518035720914213,4.551797355793269,-0.033761634879056146
1479,23,48e387c8f3c1d98cb58d3d6fa717365a1a6fe640a7ed52d00234a49cc9388088,3.4578262080284503,3.439216531390855,0.018609676637595385
1480,23,374cc2257346092f723022daf212aac35dc6b292ea0a04d09f3089247ec6d4c9,3.5301477494599283,3.544132962506694,-0.01398521304676592
1481,23,b02a10a7381ca63818b0cbf0815761f9e375f42dfedac1fc69ba34781f430d92,3.8199570515948125,3.796244547665111,0.023712503929701256
1482,23,edbde898ebd098af67e756ec209b0e281dfe929d80065c7fa19d63ab4c3e2fa3,3.781319420306147,3.7817766492485987,-0.00045722894245159296
1483,23,cc30152f8ac51a4408841df8ddf370e20ade5535d68ad981e0832ba9f6c701ed,4.102886984429347,4.1191476663927915,-0.016260681963444767
1484,23,57d5f543ca431f74895ee5569fbc74789a55a5f6e9d3ad9f893a9146cb6c5df8,3.918262900725722,3.906587631235425,0.011675269490297069
1485,23,102ab9a35b261c83d4c1f137686937e7d62b25cb22416987cfeac034c5818af1,3.5548859731502738,3.563291448318381,-0.008405475168107301
1486,23,17857d5ee4ce056ef28acbdfab52fa0a66a8506c433be425f6b7a2a599f74639,3.8406955637196916,3.873414307280882,-0.03271874356119042
1487,23,d6d4af6610ee1d384f81583a562f59faacf0a7ee09b96e950b9dfa1023d32c68,3.6430657653215803,3.6359356171970347,0.007130148124545599
1488,23,bbd773de32cc4b93adfc706a7c9cb9abffd3da70fd5a7001a2f5f641c672351b,3.927741556417004,3.9546881539043284,-0.026946597487324198
1489,23,777b54442c672ae4b45d4173473ff999c65f3550c72149c6afdc3a17617477a4,3.6994729543150697,3.7207876772461645,-0.02131472293109482
1490,23,15e3cf68f355d53b2ee2a2d727f49b60d420854680bd34c8d48b983602b388ec,3.7773111281509415,3.747947711375261,0.029363416775680662
1491,23,56cbcfa64dc59050e73a58244e42ca1b838bebeb3863fba68f0df9a51c3fb7f7,4.010528199727446,4.029868578700075,-0.01934037897262897
1492,23,016fced1c1dea3f29c07d927af4677c689a0e2553b85bb0eb54de934d5d240da,3.863345729763452,3.9147534229140746,-0.051407693150622435
1493,23,e2fd0eae48313108b0522f4039ab9cb00562da15348604a13cb008cb0b81a7aa,4.181156684066195,4.196417724586297,-0.015261040520101687
1494,23,472d7f7284c4692d0b45515e1412039af3f964f1587162edae7ff6c9d29d2980,4.1842441497181255,4.2068624385773035,-0.022618288859177937
1495,23,9d2f1ec907b4d53e997f6b7d5f66c4bb1b5ce2e705ea7c7b5d05ebcbd4a0f76d,5.118594022496026,5.132372843335133,-0.013778820839107198
1496,23,33688af6441cbd8130c6859f2051d72295e9e4552b69c5b4d1abed2bb0ebb132,4.337130273049752,4.347465675906562,-0.01033540285681056
1497,23,1733a4cd9fa4e67d8f6551478fedb07e034367ee530fbf5c3f69308d14e9cb94,3.85958652976511,3.8845052659668795,-0.02491873620176932
1498,23,8cb2e93b482bb7bc6bb78d5c878edcb081762696bf203c67e57b95ed144ed8bd,3.7386916341236542,3.7667726285993126,-0.028080994475658372
1499,23,e60226c56808b794c46e582e54bcc5a6ebf3a247ab3c0098b55a7cdd5b83b715,3.481414200466162,3.5175608036028905,-0.03614660313672857
1500,23,7bdcb25ab7039b76f35fff4b5224faaed84a3a19534c160df9ef04421b2fdf66,3.732881248527077,3.753821714249572,-0.02094046572249475
1501,23,9ca125de174e23fc0713ab5ebc7acd72d620e9515d0e34b87a59f507690a8111,4.121355864240286,4.115467282053508,0.005888582186777569
1502,23,766c385fb87fd1485e2dd9283e6085efd0942d92b77fea3e6caa980ee925ef15,4.344949478421405,4.333507125267772,0.011442353153633178
1503,23,554618a375b4270f104d3c87b3865a228ae9870fbd2b6221870a044a8c81881f,4.07780176150942,4.107639479325513,-0.029837717816093345
1504,23,def4feaa99ef923153c6c1985468f124f03ac59d3f80716a6f7ec593f342a66a,4.54017630326689,4.517013025809774,0.023163277457115328
1505,23,1b69995a691b6ab3b4fc6649f586a0d67743ad98e2c95ffaaa60067323bb02c6,4.028802187001347,4.050246925962114,-0.02144473896076704
1506,23,d146f59c4c216408b9c0d1bd470d7d8bfe561c368967e615740e093de64b6df9,3.724242931125275,3.7310297711366616,-0.00678684001138663
1507,23,c4542183a9a1b5e2cbc162fb654c5832215c8c8992129126d2a2c93dada69365,3.7812012841670253,3.7475886029947105,0.03361268117231475
1508,23,80545423ad07cd76b60d3f3c227e5e9d57fd137a3c7a87ab5c202c481bb57897,3.2669751161620297,3.2418951480360647,0.025079968125965024
1509,23,8e247c2ac3a3372d77b2b476118596077593eb52c5153f1ccedd75a8c2bf8a9a,3.6103436283100763,3.6120537743255454,-0.0017101460154691495
1510,23,1f998c02a2cba69e42a47ee53c161bc57ad56e1644bb43232ec5139f084607c4,4.143616728932258,4.165932893645177,-0.022316164712918862
1511,23,ecca0966ef2371fb9d707570037fd4ea235b43e3430e3512d936927e6c46ce02,4.150037682365507,4.169247791117442,-0.01921010875193474
1512,23,4bf53928418cf1c2f16ef125a033e018ad2543e866d0dee8cfb6729ac84826e8,3.967464775801048,3.9819333195777062,-0.014468543776658294
1513,23,8fa547df0c7d3c53739901c97fb48287e192fbfa916b6632764f465a24d3dfc0,3.4962980438900217,3.5276139787425222,-0.031315934852500504
1514,23,ca74e0c6350e02b0bd45a87d220b0180b9881fd376a65d8dc97b48d8ba7fce6c,4.035183604050708,4.041567957283631,-0.006384353232922635
1515,23,40358b2d6ad6ade1ccdbe3195827b8aaa01f8dda8d8ad9451e79921a841b1d72,4.357283903471171,4.388183759781668,-0.030899856310497853
1516,23,d48b667a62ca497c89737009a46f7a19eaabd9220d7e7f2ac8356d8a5d6d30c7,4.084800912238052,4.094498431165334,-0.009697518927282545
1517,23,1a546ffa329189f63001230a7549e2f3e94dc13748431ab443bfd0dcc534cb77,3.992459169517929,3.9902574496409215,0.0022017198770072355
1518,23,3ce301216f60a2562e48dbb4d6e7dc74ab3ad52861e5c031fcb4dc98e25e74b3,3.6658718957201444,3.691005051286936,-0.025133155566791743
1519,23,d27d4ee6a03cda54075fad3696a9ad452ac1c4d44d939096f1c7734ac77e582d,3.657337287146717,3.659292534856853,-0.001955247710135666
1520,23,07554e74ab11d4add8a92bf517764317451cc2dddcf417c05bbca8be277055da,3.354907290678966,3.367723983037422,-0.012816692358455839
1521,23,72f6e9cb064201aee006631d7bd975fcc45ea09a39aaf49138025efa0d2924c0,4.029372554119675,4.063457616059225,-0.03408506193954963
1522,23,bf425eeeebaba807f53be62ea3dff2987b63a7fa8db0faf1848445f72ccf7001,3.6559997594475995,3.683736593493336,-0.027736834045736458
1523,23,1fc67ab97c604e85ee97cfcbd86465a1b8c141f2cfb5e68898f071b1cd19f586,4.386319096861627,4.357005792422427,0.029313304439199328
1524,23,91cd2f48efa1e9e7d895bfc8c2d017df4f3f6e4f6090683ed3e18db0157e82d9,3.871845490114083,3.907229008981858,-0.03538351886777491
1525,23,a71a82133e9b79cc7778dfadbb57cdf64776a0a9f71f3e47631d17ba7c7e8539,3.9335628727968412,3.9033832229585244,0.03017964983831689
1526,23,d540b75d56b42229fcb096f6185a9e3f336274eb1d70d06b869466c7c4f33290,4.482393414534684,4.481978749060232,0.0004146654744516809
1527,23,42fdbebbc3132c150008dedc528d0d1e77d8823cd5101624f4e8b430adcdf14d,4.591391990037181,4.630991870804365,-0.03959988076718446
1528,23,a521a24a4e2d3779fa3f5e540c211627e614f02411f4cd12d4aab47ed2f74822,4.10930342917095,4.105156553535835,0.004146875635115066
1529,23,8a716eee724ac8696796179ed5bcdf694d9e6d7073471efccabca1066d7efc1b,3.9709966446673093,4.008217650156581,-0.037221005489271874
1530,23,09c1dfbad862c41c4a069dbe9721a74a64d4b304e684527fc718100c885b3529,3.7750859172492355,3.786003812809085,-0.010917895559849455
1531,23,9a93ab59a1721b6d35d241578d29b3e7641708ee8caf7a1976799deb2bfe1c26,3.4286795924739977,3.433769938160708,-0.005090345686710407
1532,23,927374c04abc2358b7818cc66819b8e6fc39ec872d086918163c75650d2bba6b,2.9336589942823252,2.9850128764334016,-0.05135388215107639
1533,23,533dba4af8ed8d1082f5a3dcb2a743fb267e3f2a39740d580d6f5fb65dd9f16f,3.665464431026976,3.668195930701529,-0.002731499674553106
1534,23,0c40d53375655a5551793f5ae3d2876df7822d00e74257f59894f74deb2e0cf2,3.427267399435749,3.4151817877923065,0.012085611643442462
1535,23,9068a722a5d8846d95f51f7266abb88b0f94b4b6be06834a3bc02d1e09a1d810,3.6310642645080975,3.6689633603624543,-0.0378990958543568
1536,24,43ff85e22d5e1890ce22d61071327481f09913e277f38e75cd047629a31082d3,3.6442723059079754,3.6694461208775806,-0.025173814969605246
1537,24,2ca396273921b0569e3d82cf82e208826798ac6b4b3e706426788b122962284e,3.782362579990476,3.783333151040239,-0.0009705710497627251
1538,24,b1eaf468dfdb554b49b7ff4d7a7c3c86c510bc1d98351e2c303d8e13e9705f62,4.034026361362294,4.061804098235086,-0.027777736872792502
1539,24,2f8f704889be9bea2d0ae016b8ecfffb4444fb956372ab7a72b86ed59ac2930b,4.229197092607734,4.255454709282894,-0.026257616675160023
1540,24,5fde64e4c471e30532b9377f1cadd2b20329ed4421e46933552a304a0e25491d,3.908620823653564,3.9023859979299687,0.00623482572359535
1541,24,eff38db034ad2f1b8b60265b556973380bad2cf352bfc97bba94e0ab69e28c9c,3.9775922701999207,4.022695729690895,-0.045103459490974274
1542,24,eb855ac975d9fe0e96f74cde155a4b6a4145cb1db432093411f0e4007709e000,4.406446449894247,4.415656231793946,-0.00920978189969901
1543,24,ba191fdc99f3c99f3012b2b676574eb0ce2947f15cdc14ee43522e7f01a37bd3,4.371436535620887,4.384027915589286,-0.012591379968398542
1544,24,1e496223ca1e7e8372cde848dda1c9c51db3bfb08f16b444993dfc460cce8d28,4.246157363342263,4.2574777682361855,-0.011320404893922387
1545,24,61173233b63590bf9003888e966b04b1cf9f9d2c213133c038df964a116a05f6,3.5009182223225253,3.53658405668466,-0.035665834362134774
1546,24,eb6dbe480a2203ee1ecd7131a095ea87d104cb68ed1ad789c8331d1b9782a0b7,3.8834240616630495,3.926910510401399,-0.04348644873834928
1547,24,57e6a26ceea516526d216c895371afbcf51c281f1b144d6890711b06234adfdf,3.507554826380499,3.5018914313071434,0.005663395073355559
1548,24,2c733af6a48485674ed2e6cb48e78f68c388df4027e495835c17f46c18edabe9,3.9614548208560905,3.975272743980753,-0.013817923124662457
1549,24,a75ae39abf57188e48649e9862fd28e784ba597432c97e14a6c32cb734383e02,4.339015293243847,4.368332065935476,-0.029316772691629467
1550,24,4585334fbe4de2a086ce0ca155622799e01f84350370d53f9700296559c16c74,4.315294056917253,4.332096190722893,-0.01680213380564055
1551,24,aae5c6500ec0db6e8d10560f4426beffa18a6c3043cba4db40f125c0eecb65df,4.289662637714226,4.283318056164639,0.006344581549587502
1552,24,0b521bd8c1bd5f1c7d6897ab736baf351ca239ad9b6840653ade4a75a40c8ef1,3.8874178099345613,3.9068315304225223,-0.019413720487960973
1553,24,6d9ac9908e1e81afdcebbbd751dd2bb4e399d2c92599b294e651881d535bad66,3.980329916850792,3.988063631880749,-0.007733715029957011
1554,24,11820e89938f0f1494ce9e8e736460722b4b6c0f726b5c128fce5a22cb18a195,4.028824944691877,4.063444901310305,-0.034619956618428205
1555,24,3f6c0d812b55eb4d615daaaeff9e2ece0f423748dba1e70a9833869ed9999c40,4.292238085439443,4.286797980045492,0.005440105393951455
1556,24,ba6b42482b775cbab68065cd79d41ad541313ea8412122f0f30091f935ab1c29,4.344509992998326,4.349791712368955,-0.0052817193706289345
1557,24,2c40b9df5705e9a9faea6d5956205d4e27ca299e2b89f059bb61f9d653d5eb63,3.8221781529937147,3.840321770098086,-0.0181436171043714
1558,24,35116d2b872bcef8a316acc32eeee0fd8c5eaa9eb2486e37ff30a41ea08a2ff1,3.9975995656326404,3.9845413124103572,0.013058253222283156
1559,24,f98ca8ff65ad83cfafb0d74e293696881cecb1b9417d899a5f36d98999a5031c,3.9755460318647806,3.948427062401038,0.027118969463742815
1560,24,5a92fd946dc292f5c26f0337955fc1df9be62f09f65e4e27d2adff3a520c422a,4.206295950535818,4.179478977957672,0.026816972578146192
1561,24,c4221033b017e4622b2e3fea79b8f0b56c859a641908ed62f4f4340c2cf457fb,3.7580041735784278,3.7576618504968167,0.0003423230816110845
1562,24,2b70f971e2abcae66d04f6915882317a60fac4c4ef41688d5de8d978b68c658c,3.7222313002661167,3.7043240878783763,0.0179072123877404
1563,24,a4fa902eb5bd9a6e19f2632f0849b7e2db9a8eb1b1c97b3b074abd6e7c795b28,4.433924029904574,4.402736986874288,0.031187043030286077
1564,24,ca5b173173f4819df81efaeb15a502c157cd5c59ba542a4596443e65c5f7005d,3.927254915626122,3.9579016421583333,-0.030646726532211233
1565,24,d536b4b178bc725a40d06dfcf12c672f5c78968df3e2ca677082d6d24dd473ef,5.840942010490835,5.7963159107166575,0.04462609977417742
1566,24,ae156943281884ac879275d7bebad0cef601660d627f843591d598643b5c156b,4.323389941707092,4.326283995281642,-0.002894053574550526
1567,24,f6427c6c9834ca5bf8ed93887d3e78acf8bd026551536c965062f0d86815646a,3.8768150111324076,3.869439365307244,0.007375645825163701
1568,24,546e5cc3419f6949eeb775d51a82c4de392082a4d20475fea45eba36984d8938,3.4943643070924395,3.49923650207748,-0.0048721949850403234
1569,24,653690de263e61149c2921db6936ab4991be9f15c287b580fb8e5136cf9097ff,3.919840706715007,3.9169084827887275,0.0029322239262796757
1570,24,b6b4312d779ec6cedf273ad5a4fece6fbb6aa566f121ff61fdea052e45bc6400,3.749126897949253,3.7647018558157583,-0.015574957866505201
1571,24,0e7dfe3b6a93de5c28f0fd357d9b0ed689f06529af5795391d08ea399dfe0510,4.03082449042131,4.031860294167018,-0.0010358037457081082
1572,24,7c0812bd9691c199493139064deddd5bf6ed7a89439e729f373b48923191f034,3.861098980330098,3.882210850859792,-0.021111870529693988
1573,24,638ec5b93a7f445ca3cdb4c7290f3f8ba652a5b5251a06378221f3b9c90055e8,4.121697542231004,4.143856983148908,-0.02215944091790334
1574,24,2755a946700f1a2c40cd1168099c2afa2f02dfacdaa62cf95d0b2be699338fd9,4.620569630066598,4.6364360211216535,-0.01586639105505583
1575,24,7a9029f57f243d1da65a63b6e1b0ce8b3158a36647ba3fefde048355e27079fc,4.077412510642489,4.070826805395768,0.006585705246720863
1576,24,0c07009e079590c91f29f9760112446a0f433a986a7ad9cfcd1154de34df3609,4.0973071797608895,4.054159448908649,0.04314773085224033
1577,24,d7572fdeaeca99f36b30a8fa4044eaa1206ebf6f971a70475860942af4f27c89,3.8805436163814697,3.8582200070238457,0.022323609357624008
1578,24,454e0c17a0c66f98ed6cefa39659d524037c52ff96a7ed8339eed291f93b5042,4.009225353328084,4.010296928230517,-0.0010715749024328147
1579,24,2297cb31cd309aa26bb136fb09e108852326cdae1e536b0950669e2bf9780c86,4.1555162131217,4.163004695325981,-0.007488482204280444
1580,24,fa6c609bde15c163ed71d4417c339e1b6495dc72963db2a76a688e9a4dcdb829,4.154839359949165,4.176034813458273,-0.02119545350910812
1581,24,712c087f2bec36f00b0db698d4694840264c42ef62735641894147926a15e52a,3.9605779512044137,3.9558411919206264,0.004736759283787251
1582,24,7bd0b4b93e895be51e1ab7091a8f65d0798b193c9e025864a12386e483506fc2,4.042440794690265,4.030939777292133,0.011501017398131808
1583,24,1f63227fb66d9f4ef9721f8826ed0cdc7123c92654f6792391a30ac3e47dbe63,3.7822519795496987,3.783804517745466,-0.0015525381957672835
1584,24,ed8c7e89f4a4b1b2838aaf5ceab44a3ab302170eee6a79275a9d6f68a6786710,4.539733158993641,4.53906728751565,0.0006658714779916863
1585,24,b37af9cb98976b80e0999212f17a3e07c452e94a075ebb09f6810fd9fd2578da,4.703451732511155,4.6833598716377765,0.020091860873378664
1586,24,dc0184d0847cd7ee920f498ba1a195baff106fe3058b620427e53c89c92d57b8,4.302168946410006,4.304442874338065,-0.0022739279280585833
1587,24,c3f9a26500c3c4210a774515e0099bbc94b74dd814da2ba5785c37ebd1a5058c,4.158314609897403,4.193918517394877,-0.03560390749747455
1588,24,a099e46dd0d3c4563ad3737deabe3152e678a9fa47a4c6f8740d33431e29668f,3.6019285053655494,3.6049408713361117,-0.003012365970562314
1589,24,90fa730cbd4db6614a623d666ab1a8e0ccc83b7a32d9ea2c167d84565176a46f,4.431674646167721,4.424163276174113,0.007511369993608241
1590,24,4760e884e0213db345384c95a56765d24d2b41ab2419d71b06dbf091930a64a1,4.158137478257231,4.175238072594766,-0.017100594337534858
1591,24,d78b4f7d82217c093d04ffe1365f53473e7c5b8d17d3677fb386e313ac1e6267,4.304687549207756,4.327956242334267,-0.023268693126510698
1592,24,bbeeca5a95c0b986135c1261f5e36436441e49c247fa4615b7abbdbe7db92676,4.325413040053689,4.344231512997112,-0.01881847294342265
1593,24,0ebd2aaed9bbed2397632c7bb637295803dd9d63a99a753ad5d27b9c94a541c4,3.6090775844821508,3.638706528596458,-0.029628944114307387
1594,24,758e9a12e218040e6ca45cc1e42c310d4b51e7a346afd24c90c078f80d3edfc8,3.905399968611505,3.910767150935669,-0.005367182324164332
1595,24,301e756d0c1c4d928d32a674159459936223441728375d23938a48235c615d04,4.161525825991191,4.196569570238495,-0.03504374424730372
1596,24,d8fec53f025367e495653d2a0af8bbfd0e1308ac2620d8e8a0d26ca6ae87e34b,4.387363801383742,4.382066206633965,0.00529759474977709
1597,24,ce896e03f33a419d091545bf20e90d9e46738f71c4435d9977fc6e5fd9ed0943,3.9838104901730276,3.9877928272854177,-0.003982337112390155
1598,24,45cdf8c6abda99ead2a95c5dfbc5a98daa6d4e2cbb73e1fd4459e1492e25a132,3.8779017521965216,3.888379136998765,-0.01047738480224325
1599,24,5ad578da03f329cef0f0fc30cc8e3a6882faee34a8bbef7fb951b889568df3b4,4.175455252551956,4.195708119058281,-0.020252866506325518
1600,25,43277473788e22036541f0c322e444dae1d615e74b74e991aa46b32bfffaddce,4.018193391063505,4.037318536981729,-0.019125145918224007
1601,25,1885acca64573290a0c344cd91b20923cb7432597b10d41c8aa094e37828f500,4.416731897680535,4.451798899594166,-0.03506700191363166
1602,25,0426a44c7217c337bcd5c1644b43021c91ec64151f5618e265c52a53f7218c65,4.396455729203353,4.432879492228949,-0.03642376302559569
1603,25,ec932ae538285105276df9f9b23523cefa3008dd84f69577595738c32526435d,3.9928844402491492,3.996171671940516,-0.0032872316913667987
1604,25,78c5206b28b11dca5cfee1dcf78e4af1825f196153fb694bc905e447cff31081,4.329420621446786,4.337356297514759,-0.007935676067972963
1605,25,3ef4923cd52dbb3cca2bb28f5efae9739c54971210443d2ba716cc5a97bc7f54,4.1161378677699645,4.0999294280110234,0.01620843975894104
1606,25,5059bf9d8c93a0aaa8f46c1f01c98a6d3505d91597f45619dc1eec599fb17caf,3.405396618630043,3.4167955061871957,-0.011398887557152904
1607,25,af57a3d3415b30131c0e22971b0f3d5835af68a0fc46ae8a1030b3d1037348d6,4.190145381595528,4.232685467144734,-0.04254008554920574
1608,25,30340423fc91d34c609d48b6fd6ba7a83a6af4f343a6110b2f28e2d2a06e3fb8,4.132168240815645,4.117045617709664,0.015122623105980892
1609,25,29c610bcbcc85f58dc5c71951c310705b32ad1d00a005c7da5396d5ad69aac85,4.121539491963176,4.134571082651746,-0.01303159068856985
1610,25,12d08b15a41bb33d2db0ab4a52d1e07214f07b98ae06e76ddc125f23c5821150,4.144785629583936,4.1598879322984885,-0.015102302714552707
1611,25,b819b0f26a2dd23ef3a7caf63af86d8c9afeb46df0988b2f7fd5c2fb3419c340,4.136658604514118,4.162848169173358,-0.026189564659240716
1612,25,6c599e810a93f01d8017fc3d604e2f16a644fc9459c8e365861d1a86c94d7c50,3.9051570390033703,3.9146041748590505,-0.009447135855680244
1613,25,02a3917f1eacfc43ff891b5e0b1671b32f1ba7d3aff29c3338c04c17ebf572f0,3.9890913800211365,3.9977320393647915,-0.008640659343654988
1614,25,f0c81aea22e0555e0bb99ff82ecd17e915caa82752a19d4e113782edc9369c00,3.9795617868820585,4.007297147843076,-0.027735360961017363
1615,25,f4322d8c967e6db52c4641415fa59743649645906f52754684fdd660c7298d9d,3.898538973743314,3.9370342125752735,-0.03849523883195971
1616,25,f9ea68b7f28802d0b1b3bf2a579708abdbcf965e5d5a96c93d3f4e08ea77c74c,4.420824883862679,4.441757365124886,-0.020932481262207148
1617,25,8c3c76f3effa0d3d8fd5a20d3c4a8536becaf7376b7bdcb46ceddac3c6aafb37,4.243802426567676,4.23118857254218,0.012613854025495641
1618,25,6ea3112d258eaaf30206f98ad52a0b1d6d7502c0352cd6ed4877e652812d3900,4.168861636220598,4.16904009222236,-0.00017845600176258358
1619,25,00315bdcfedadb5a7dceb26479f4ec4ecf87002cfbceaac1231814cbb17c680d,3.8294626913456113,3.8646076231630104,-0.03514493181739908
1620,25,923389968e27dd9303a652df90783166e66b40b4a50ceccae5ae269e5da0da9c,3.845895492584475,3.8470636042015656,-0.001168111617090517
1621,25,c21f99d37c0a272025450dc48a55f9b7e924b7bd1ded0908ceb15ccd432c1da3,4.417234238291712,4.434839355747499,-0.017605117455786967
1622,25,d300f56640c169ddfd0876277d5d476077a2f010054945653f03f0ca157a4356,4.692875249591793,4.691483947642951,0.001391301948842738
1623,25,6b9cfe1658ab33372efdf7fd3339fda8ffff5c9d19d320a90c6111aba9705511,3.697607422922573,3.7396470131244683,-0.042039590201895294
1624,25,8aa3faa27433872b2898dc3cdc428629145880a7bed0b8f88b94a9d4cdd4c530,3.6123752897251507,3.595690398947113,0.016684890778037698
1625,25,da4ba956aaecb0d197b9e2e3f6c67d1072cca83bc1aed7bd265e6ab7c7b13fe4,3.4083143153035707,3.4291997278945914,-0.020885412591020724
1626,25,5e0dc801301bd956508931a9dc4179cb582eea020777075436aecb1f17721bf0,4.0925952026834835,4.106032469419688,-0.013437266736204379
1627,25,335c23a433d0a473eeac9da5ff3ef4a9353e7762e7472312dff8689d6af0bc7c,4.1986587899194205,4.21269467775938,-0.014035887839959571
1628,25,6280575084f8dfe3f4c507dd8247bde22b590abe606b33e618af7635d9e19b85,4.311856321258233,4.28748234978184,0.024373971476393308
1629,25,c40d07a0f077382ec86775a4e9fb521c0489d1bf62b917e8435be4027483189e,4.489746949697803,4.511487461322702,-0.021740511624898318
1630,25,6f14053dd7df75ef79bc57a1dabefaebad9689e9aa00a2cc358128256417e671,4.330979676741634,4.322190793175253,0.008788883566381855
1631,25,4808fac2df7dfcccae51d811181f9ee490029baebd0cf86845ac0f28709ad24b,4.1793710118483745,4.204988345542517,-0.025617333694142985
1632,25,b3c58524c043e95444ceecea719d17ec4cb48ebf9697ceb81004f4988799baa6,4.4808898568311974,4.4647405794449355,0.01614927738626193
1633,25,6958c2efcd309c30aceee9d9712d69fa58eddb2c40c265c3c83aa74523cb9a4e,4.213913117480374,4.217216103030339,-0.0033029855499648875
1634,25,571baa9f72420d0007019331d89c68a958e381f3abd12c7fc26e30e491f8d5fd,4.250544655612771,4.272437342882995,-0.021892687270224087
1635,25,8989b5fd3c4dbd6d478fda254179952b3e0495b0468930dacec43479a50aca06,3.9710437595430506,3.9624311855366727,0.008612574006377827
1636,25,f069e44e97c23989b9831568d254fc553bf346bf3a927358a0a7b15d3fddf499,3.5546477511130874,3.5774468147227623,-0.022799063609674874
1637,25,3ceda65111e6a38216339746d0f337f72b8878bf47e93d688167acd6f00114be,3.8163442387019586,3.8088206777816964,0.0075235609202621845
1638,25,7ce9b72f245baa7f6eebf92b91535204b1fbf34cc76b414ed278f6602c95fcb8,3.6667092913576056,3.6789944388155504,-0.012285147457944845
1639,25,a9a36f2366a28e9cac69d0ae8739e09b881814e863dfc91d6bcb685be79c0f5b,4.026106184784695,4.011084740551709,0.01502144423298546
1640,25,737130a36f1a98e0412491be6c4afa84dbc3a1c8455289fcf5de53f333635ccc,3.9643689842973515,3.976984161247003,-0.01261517694965164
1641,25,ab239cf0d9e9c222ac31b8001861631c7f5f0fd640cbf33633551c5a5ebcd658,4.081846294021716,4.123338120266169,-0.04149182624445302
1642,25,36c46719a06dce8f86e63f57594990dc817433fbebdc247a01688c8a8352e1d5,4.084957176952713,4.123108133423528,-0.038150956470815345
1643,25,09f2a35fa04802e8ae3148d0b44952dccb3a9493cf36d5f8d61fe25ae4db2f28,3.8113403778807893,3.784546040911181,0.026794336969608423
1644,25,dc82b1bf9c50440482d157cd4a01151d342b1e98a834ba116e87b0932d939270,3.9010720129568313,3.8951246504022095,0.0059473625546218045
1645,25,8be0983f93b94935e03a8191f4b26fbb7fd7e0813b031ee460a46b6ce0fd9ab2,3.6125253091788183,3.6339772330071085,-0.021451923828290198
1646,25,573595a392e24eaccf8780f985189ebf27d57f61035f8d63766fbca766aa2abf,3.8419120548267642,3.8886215685514287,-0.046709513724664475
1647,25,08a40da8718d39919be9f7a88d07884953fe62a4724aa93760471066b1efa8ba,3.577491182174377,3.5846420037631255,-0.007150821588748357
1648,25,cd08c26ce5a46d11effc193c1eabae73947692eaaaaafc6bc62260c4a863b122,3.8603336973126403,3.8707528121586563,-0.010419114846015987
1649,25,b8583ab810b64bfaa78f8d5496aa8e30b8a15cbaa1d61e09c81cceacb22732ee,4.014332219190351,4.069865399874146,-0.055533180683795536
1650,25,0343ab9d634f0c4f35a5e8a30b5306b74c5c701cebc2928d4cce607fa4bc880b,4.150858620647526,4.185864901619112,-0.035006280971586534
1651,25,c0fb080a35dc67ea71d9b5d14920d6db37555382c85eb11d3481536ab61a695b,3.786191745093049,3.8216453430841284,-0.03545359799107928
1652,25,0c66d4981b34a11fdfe1575d7571d61d479f8c4ebd101455ce0a65dcab397e46,3.8289410751051705,3.8551250843532188,-0.026184009248048312
1653,25,33606fbea82b6d752995265ebc1c9776c5446db9847efab482a8151c6b10afb4,4.0940181518615475,4.105084008763811,-0.01106585690226325
1654,25,bfae42e2fb66a93e1ac495d40b2599f7af16a11827f4f86fe21c8d8a299cf974,4.482490339264551,4.488077606132023,-0.005587266867472351
1655,25,2e176b4b8adac567101a6e2fd134c7b33c2a09f6a1f97e3d299759456a130eda,4.142921542797325,4.12879568357792,0.014125859219404902
1656,25,1bde7c4266728415b82eff16ec628ed0372926c959d1fdf3fcdc3f805c0d67dd,4.304868939429014,4.313776122724704,-0.008907183295690402
1657,25,0cc44d62682503734dcdf7efaa74848a1685e0ba02ce2c9bfd2d2015599f8b8c,4.414109633111508,4.372651279846494,0.041458353265014125
1658,25,e11696f10f68a299dfbdc914eb437b55bce1963d052094505de8d215534b021e,4.2905375999538435,4.304233529396896,-0.013695929443052535
1659,25,995f29b3248729331678e946a369d2ac186987ea4f5d558e307fbb4412944ec0,4.119086554780665,4.123059555036548,-0.003973000255882653
1660,25,ad8d03946df407d941a1065ab4a9886fbb519f4d78f16c33a232f580798ec480,4.541863290907486,4.504790424334033,0.03707286657345321
1661,25,488683d3ac5fc11084ff42fc9f550afd933d41aaa2e6842fc867303ee8f46f2f,4.639342805265642,4.63089569816475,0.008447107100892026
1662,25,1055bf385e678ce2a8e2ea4ff1faf69a5016f2ec14c7d7e81d22a30a84750ca2,5.137369083351587,5.160014790135847,-0.022645706784260256
1663,25,bfad6a1e1098c993661beff14c619a901008e3ee82dfa0806d45b894903408dc,4.098000471380786,4.10445134216765,-0.006450870786864016
1664,26,0816375a713d48432904a8f7eaf0ea09183403186d15fa4825ef3773ff10f884,4.5652838350446245,4.5584569585785175,0.006826876466107024
1665,26,2d18e3b40c797a7bbbbe7e8d559384ee473419256d0dfa91881510661bb47484,4.106977181746288,4.158004761262646,-0.051027579516357946
1666,26,d16d8983352c95f2e4e94945db13844aedda5314fc72a5618932f73c2dbb696c,3.571116056825531,3.5707579658742077,0.00035809095132322
1667,26,b62d9319785cbcdb916a9f5444301f22a5379449004df2023b8f08dfc0814df0,4.23671389392166,4.247622810302801,-0.010908916381140443
1668,26,83c513ed813fa274f459584de4d09164bb5267ed779dec6174253d186726765d,3.974606201566985,3.971368929747314,0.0032372718196711503
1669,26,9f1060dc6da195ee3c001e06572c4a6f102bdc9018c7ca2f2f8740e3b73ffc73,4.001694199713082,4.049695240017762,-0.048001040304679776
1670,26,23f5a1c9ce6149d08a31b9651ee2e1f5aa4698407035a226fe8cc457c8e4de8a,4.150056002187128,4.15412380162104,-0.0040677994339120005
1671,26,6184eacc9b7ff6aa017dac21e12cebc94572005c378ab3e83f202a542e1b0bf0,3.6825728362422296,3.64428950448621,0.038283331756019834
1672,26,f7149db4f0c5c09c402a562acd9bab0a59ed81e478548aa3921a536a4cad9ead,4.6363977563323715,4.676945736768971,-0.04054798043659957
1673,26,1e29709a173e84772994641711db4741fed6aebfd4c422d268fa2656cbd9c604,4.383558767236366,4.410583180129109,-0.027024412892743044
1674,26,355a71996d3ba03870f60e09dba2e901f31fbf4de4f637b865b307f25013873d,4.556293444490848,4.590385849187896,-0.03409240469704855
1675,26,6fed902af381cca371d41bea42732ff9fc1237fd6dada23f17c96d6c2d16155b,4.663085299320301,4.644144103414874,0.018941195905426866
1676,26,5b4209ec21d5d4e8d3e91916b7745281afa451714c870f42c956fe7d65b33496,4.567640719222254,4.574138751582723,-0.006498032360468642
1677,26,efe757475e3e2dbff34e52e41fda550c989940ff16e04410373345625a728c79,3.9203733016281035,3.9448327171674578,-0.024459415539354268
1678,26,c5c4a94426cf4915ad3d20f68ac2b7a0c62cdc636dd2497a45cee5b9314955f6,3.5544689226560706,3.617167757971316,-0.06269883531524556
1679,26,638fad6bf37f853fcaeca6c9d6e9ccbc079fb7987034db06c5a70b3a63ef72ae,4.190229255150143,4.184401487701848,0.0058277674482951625
1680,26,05b9e20215defed2ef884e940d4465ef71ae0f016a166eaa35d7ca5053fb7de7,3.91645192924571,3.9195478060598106,-0.0030958768141005066
1681,26,c50a74c3118e7e70ff501885e00c41647c13a5db48dade49599cb0e43888788c,4.2011228733179,4.179287799519329,0.021835073798570193
1682,26,4d76bb6658d1d1dc99e7dc5e839f62b59df1fca06c61d8081ae45274d47b7300,3.454038469339821,3.4348721630081513,0.019166306331669603
1683,26,ead188e7566015bb1b458ac6bab304c37ce543afaa0c2dea7727d18f58d4d007,3.9401730618380384,3.9847462657963604,-0.04457320395832198
1684,26,f316279b8d79d44f22770072d1505a74361c1f4201d2eb05f2d15601a5faf7b5,4.174053078973714,4.177830068237881,-0.003776989264167696
1685,26,fabb4532ee81e26702c38aedb4441d112c9e127ce4d606bb1294e2605006615a,4.157154936679149,4.183902959393436,-0.02674802271428689
1686,26,36350ded82b17631b094ab686daa7bf9c6fdddcc725e150b7e9e7b2ad3dfe536,3.901223831346897,3.9049037635998047,-0.003679932252907747
1687,26,9b1350e63bc652952dba1ff1ef16d0c76b8a136d599d5c4d194e0a56df092b6c,4.2580717426111505,4.2688121880262315,-0.010740445415081012
1688,26,47ba8c73877204131824f58a634bd4758bb611e9f7c0cae6cf1cdd292e9b06df,4.08123393315509,4.074095100090858,0.007138833064232131
1689,26,a86673d6528c45c514dfbb4c39adb680b0803458c78e7b6ebfb469887aafff4e,4.033065189898252,3.988153571363341,0.04491161853491121
1690,26,ad7727d00a19aa322c611560ab9de36b11ea83011214ce9511ca2cc4db47d2b4,3.728516245313756,3.753032585572612,-0.024516340258855962
1691,26,fc6f2ff8dca7ad548abd68f5fbd12f4e692e73853784f54e8f161d613049bb69,4.231826356349302,4.237836015678113,-0.0060096593288108124
1692,26,fdbefd34e367c83249a2516d7d7ffb446f5e94eaedf20b1798e41831c96fc46b,3.9774011959681275,3.9828001477050066,-0.0053989517368790985
1693,26,8ef853719984538bf88b70fabb9d1351cf2ddb9f767636fdbdae1a7712fc197e,4.175444121236865,4.167730415851764,0.007713705385100411
1694,26,45b32556f12c17995a6780a39d193db273863ee243456ad933cc52d19d4f8555,3.7281656165498163,3.6966458686284795,0.031519747921336716
1695,26,93ffad6d822fb855928303ea7c8db7bc6ebe763815822825020d3251cb73dd66,4.180929142879357,4.141920471433835,0.039008671445522225
1696,26,d6a159b2d3ac807750ddbe736c91d2245e4fce3934909813771e1e90dfdbc614,4.447796960310736,4.46003291048757,-0.012235950176833654
1697,26,3059295f91efcfa1ce9ab2b82a70837060bd9cbcc77f9ec7785433e5c94e9f95,4.046810911820856,4.091384236865522,-0.04457332504466649
1698,26,fa745d4cf87b61d9653e7675db73d257ea8864489a490a0d092bbb5675449458,4.415789966668285,4.409480936395312,0.006309030272973359
1699,26,1d948035497097dbcfad055a324e4496b8abd47f8e89396a01e9c5e2f6e91ea9,3.951255305411266,3.9388959183034444,0.012359387107821362
1700,26,dab8dde42ad24a92f420c115f5a26a4766cac79c73183f073d4f31eb1088f8a4,4.094473602305925,4.128764851172036,-0.034291248866111346
1701,26,c930b51b5a60cadd7ad33c2f1035d4b69a0eb82fcbc86fc0d6292fdf764be47a,3.938861627417822,3.897456207157859,0.041405420259962966
1702,26,428bdde300e24e51470c0217ffb041528397c566cd23dd1b40f4a16b27489f7f,3.6531193351131606,3.626311030912916,0.026808304200244493
1703,26,1b51152016913f331fd2786d267d792d758b410b5c34094eaa399ea01426753e,3.835243855920581,3.8258701256522443,0.009373730268336544
1704,26,b02849cf75a79f85527e97b23ef74adeb808b6fa4dd72e6be07affddaf1178ba,3.9069608712538866,3.912605373148679,-0.005644501894792597
1705,26,920892e818819acfcea5786d9800b21289855188412d4773be6dab7125d29487,3.793893790458128,3.8082713526835477,-0.014377562225419638
1706,26,c00fe450b0c2110bbf11934df5fb7ac65dd29345d7f789f39707602597ef5af0,4.21455073172973,4.210124927476556,0.004425804253173737
1707,26,cb6a1bc556bed07f4736b1793b832edcc6cbc4b5b2ad2c89273b7e84fae91dd2,3.959901694523978,3.949499772800209,0.010401921723769192
1708,26,b6e643c5c827072276d328f6a0630ff2ae9b8782e31c7316887d7a4de7d7c197,4.071651272208328,4.076091304204965,-0.004440031996637117
1709,26,fb9f8af2950e1f0affdbafd4f60fcd783b0abb11adebe9e1d7ddf5a5d8aa7519,4.234151285968892,4.226426721711505,0.007724564257387101
1710,26,15a4e055ecc34001a7964df81a7589ee14700a816dd99d81ca9e373e29caa00e,4.231598473058284,4.240045599797668,-0.008447126739383748
1711,26,e7d4e5da7c5bdfc4034edfc38b8819d22d60e985ce5d2ce603469a9acfd68543,3.768260784143422,3.8348798909171364,-0.06661910677371452
1712,26,dcb79fde4da6e2e2a340ff30d8feb5c73368b31e5fde1e66327e2e6c396c3cb6,4.12230161027685,4.117617388195754,0.004684222081095868
1713,26,4060afd01a69853955249d92b9e8de8f913a83862bafee6baa146fb3384fdc7f,4.047458819479743,4.043982196875049,0.0034766226046940574
1714,26,5939ed2fcb5108acdff042daf88eff569c5d50a3f219243279d17642eadc4f50,4.243237165231449,4.2507814863588465,-0.0075443211273977795
1715,26,f448770710f231dfe1fcddac076e1e69b047c3c799a7eb934e8297e41be1b976,4.386777058800362,4.395180586638162,-0.00840352783779963
1716,26,4827cd1fade0ac75269ec3b0e9fcbf7bc86eac542626d4801dade35ed0d340e6,4.223314723346448,4.2452413253795385,-0.021926602033090603
1717,26,6a3b5dc9f903203625c278e25b9a43e4d88f996e5f83c530a781c85f9779863c,3.8953630757550854,3.9277405130987972,-0.03237743734371179
1718,26,b93c495a36fddbf43da4a414d98a6c11b5aae1cae58452dc5eabced698e2943e,4.014430302330574,4.039109840226331,-0.024679537895757164
1719,26,3e1fa04730bb2c3f9ea3b4fd8c1189390bfbb6132b06ee3658c7e46cee710e37,3.4828085874696626,3.5234149804798562,-0.04060639301019364
1720,26,6803af0b037910cefccb6b00ecb217b241cf2a40c2662a5167473dd27f4aa380,3.6700189236948972,3.6999148804642346,-0.029895956769337317
1721,26,dbb04a9b51b1e9c7793d331f1a7f2be5931cd275ff568b8a644be9e411190baf,3.781911110346755,3.8011710187742835,-0.01925990842752867
1722,26,677cb5eb1ec0cf7a7c8e87ea7134baff644da97458c1fd41c0d8a201aa3e6c98,3.7491739880314867,3.7542476019564504,-0.005073613924963638
1723,26,0b62205702cc3cd6535eb578262e1e7ffa44105672b75e948996342a7af47707,4.363010655882334,4.333604735922904,0.029405919959430094
1724,26,a2f12ee5df345508303880a0978a7af20aeb29b4197979d255bb61ab67565651,4.22856151808287,4.239097826575744,-0.010536308492874014
1725,26,3e5622e59367c6245ad45ad868de022d4087c7800fe1190a0cdc61bcbaf4b775,3.902232569823809,3.9277414044154284,-0.025508834591619234
1726,26,30acfa3797a97e6f36729fe3158149f25fd1eee2c5504e6d8792e5ba6796f930,4.04145466780983,4.032885878209186,0.008568789600644777
1727,26,2edc6c4aedc4174ca298c2ecb271c35e3409818302ff4e78de0afcdff9c9f36d,3.680344051220686,3.7264566552970564,-0.04611260407637019
1728,27,7ce5073204004759426b7be57b7920e2b0209592620b635ea526b29354fc4373,3.847502753336869,3.867357398087279,-0.01985464475040999
1729,27,631131fc01451ecc0aa1dd95ef425c04325ed2ce80df67d89a1c6863bd18d578,3.666532303689465,3.647038753827445,0.019493549862019677
1730,27,a9cefd2eb387815c0914c4024058464d2185106e46baf09df4e1d71fb33115a2,3.4359844783003837,3.4653979439883926,-0.029413465688008955
1731,27,608c22b221416ab1a226cac27d058536685a386637b37e21776930b4fce9b77a,3.7663975128743914,3.758073778109747,0.008323734764644541
1732,27,46b7f95b64dedab302160e385ef6a3ea3139809d1e47eb2ab963e44018849d7d,3.4368423117608735,3.474204890295301,-0.03736257853442737
1733,27,f95e5ba78ffb7bc974e18c43120150abdaa3547c83b71bc2e51267abd977928a,3.4160148301588222,3.425345733636618,-0.009330903477795971
1734,27,18c5b6b7046dd8eadff5d29789fd1953fc84b7bb5310075904d319d9e7b5b697,3.7433665295991005,3.7158619696394055,0.02750455995969503
1735,27,98ab737920fe277515acf49a49fa19cfc9a7b2d818b0655292da820f22a9b06c,3.7418604495398995,3.7344377869556524,0.007422662584247064
1736,27,50422db4db390cd0f219420165b536ae2fedc5a38adcfaa5e83bb359a2cfe305,4.204071650779326,4.19901368204296,0.005057968736366547
1737,27,028e807619a28ac12033701709c40f07ecf2621dd50e9aaaf6d68eea71de3132,3.550642938046053,3.5469312636449786,0.0037116744010745606
1738,27,66f735f69319cf94707373e6837f9c2f0c93fa8c50ec0063a2d271fb776c7245,3.8423715319124767,3.854736017048708,-0.012364485136231451
1739,27,e0251a36b66435fe56ae62c5efab0058086a470f6dc3d39b330d6988d7fb3b71,3.9117027617930944,3.9169848901790374,-0.005282128385942997
1740,27,72973423c7a4d1a7e3e715e799da63bf1bd7b8d6b457df840c8f73fca3fbf82c,4.152722646109396,4.190125356365115,-0.037402710255719285
1741,27,a4c9bf2a9374ad16383ce1f30b0e8da3edf90ebb1c4dc84ddf15e9c0b90e28fe,4.106565504911444,4.138960745423134,-0.03239524051168985
1742,27,4bb8c3f88b19ae7d243daf2f107367071a8052a7e3327ba0f31b3f25fb054dde,4.361407491625528,4.419092551017513,-0.05768505939198576
1743,27,295120a8d760b72e7122d2e2729d0bdf768fab48b6772e6446f3ac360c688a0a,4.384381435349326,4.369372884273474,0.015008551075851528
1744,27,171ab0f90464561adb0af523d270ef2441b92f3cab87176969f32a534bd071c0,4.559140142254137,4.600062113086949,-0.04092197083281235
1745,27,3ad1893b89e152d5fc640fa73b207bc97a1cc4d64838d08e9280969ab7fae9b6,3.943511525504732,3.9482638493634283,-0.0047523238586961725
1746,27,ca0112efe2f3dac3dbb6787fc9ee6e25684aaf16b87d62f3862d28eb43fbfe59,3.657607411097672,3.7106333616733025,-0.05302595057563053
1747,27,ec3f23a40d23312d36ec92f83bc8e296931589b02f5279028f67c6aeff0e3520,3.5844013600271865,3.5754656499600515,0.008935710067135005
1748,27,b537e786ed30be2917e3b2d8625e06767b46a08a7d6628590d4353fd3908b46b,3.6360804472381005,3.642296631825957,-0.006216184587856333
1749,27,bc3951ab176447f08cb5a3e01309bf2fcebc3fa547e07d7219434e592b54a6c8,4.344745169427668,4.356566770109794,-0.011821600682125677
1750,27,c8e38087ae47c25799d1e86d7937f4e62316511a2fbacb86c42dd581b2ad6ea3,4.113145041842955,4.12605600623408,-0.012910964391124935
1751,27,1fecd8d0e028792953c729595c6e8c57f76aa50f48cb9626376e13e902070059,3.533404336782027,3.557260287682375,-0.023855950900347977
1752,27,df9b8d7ff0a47ddd3cfbdf836f48522b72254dfee67428db5377664ff99a0235,3.8478524522205646,3.9090638666110493,-0.06121141439048472
1753,27,02fea5739c9e7c533c47825e9ca0448e3d1c7da990159bf2f5d0691cf640729d,3.9025798740395032,3.915917359584057,-0.013337485544553829
1754,27,6386da3ed2ac859aa15d02cdb34fcecc3f51b870280f668cd9b0904f6468f467,3.6039232322310966,3.5987331024181515,0.005190129812945088
1755,27,af5a46dd265d977affcde8fe0898039680037aad3b7eba1e2a34c02e0cd308f8,3.4282072179465306,3.439035988736755,-0.010828770790224596
1756,27,d35b2f453d0bfc85f0d42fb296060cbefc3df96e663703e3ec3bf877adc81a91,3.579852282691604,3.5965679876421746,-0.016715704950570398
1757,27,941cd5fd3cf2f8279899869a3ebabef4b4086fcc00637b5ad6b6c15f9b0bbf74,3.8582191469235187,3.8589209696903737,-0.0007018227668549315
1758,27,8e12649b7667c30561b05243503854005cf18f489d25e15546167e49058ea216,3.3409175520886834,3.3408457738979678,7.177819071557678e-05
1759,27,94ea37bd5c0f71c550461d49700eeb6efe5f7be457fade9ba84274f4959c32a8,3.6528290334297253,3.6599195428900657,-0.0070905094603403995
1760,27,c4f320e61ec36463606ded465f08cdfde0b9e675b6cf0416029e34eaee6bd072,3.364385691708094,3.39791509643635,-0.03352940472825594
1761,27,ec94259cab5828ed795e0ee2e7aa5865d90aba8fec009b75dda723f59fcf4e31,4.009673723306378,4.0047825640545796,0.004891159251798172
1762,27,39879a5b36e2c4a42dd4670363c4893ee8f90370d0f066d57fa931cb34c16a76,3.997882354290013,4.030718392793943,-0.032836038503930354
1763,27,21704a3337cd77b2e1014fad0e152cfa660e284a0410f3329736e3a107c16045,4.2114156022964835,4.2056256597358015,0.005789942560681993
1764,27,4b0e425c0f83a5b900f85b08c3f105b88ac943e0cac012ee318f3ac8ca2d3210,4.026153696192694,4.009563445056969,0.016590251135724543
1765,27,ff902c1724c33f541eab8e88057ae90e74dd9d0e4069b881a42f509200ccfefa,3.996846162348163,4.008482695665634,-0.011636533317471276
1766,27,d52b470a3dd9259f802441c62f2c458a684a44fb0582780edfdcb8e845af1879,4.038138249761829,4.026914415717101,0.01122383404472771
1767,27,90298326fb9f74b1332faf65a74190819e6921eac88b85a7839c6c98a3480bfe,3.62743949364015,3.621590476330425,0.005849017309724758
1768,27,2b474547df8f2356236e1c8abd37e531bef88d9d206371e323320512d6c2a9e1,4.439240927169067,4.447946080916154,-0.008705153747087024
1769,27,259df5ffb6e37d66062a5fd7ffc06d052cc352ade0161df964a89808a44c864d,3.6015074128379183,3.625677581522268,-0.024170168684349846
1770,27,c6c0fe0e91cdc869cb97093821941932676c2c62d292f43a726d13c4e14e967c,3.6420150477659377,3.649634373639799,-0.007619325873861271
1771,27,49c37e2adf80ecfb020bcb4f76653a80b24278ac67b7a1a30488703e46966427,3.758950082186942,3.8239781610914463,-0.06502807890450413
1772,27,7384176c775ffd1c1fec0131f2dba58bb702856d37b51f9f3f12a0a3e5c7b4f0,3.3815477325612164,3.376998734563557,0.004548997997659399
1773,27,31e03b546f6974897231fbfdc77fc4d04e866c32446e116623d273d4b0131eec,3.6056266596286406,3.6198320578184564,-0.01420539818981581
1774,27,ed68e11f50efb8a5523a0386e7fcd5311b2f7e7da4f6720f27c95caa618f9374,3.8284718383253846,3.869417659371777,-0.04094582104639244
1775,27,58a38e887e85d05f29de398372ffacd36a5f617a2332bb3503006934ac910459,4.182798145325535,4.222665893980604,-0.03986774865506959
1776,27,20dd323ceae1b57de59b7fa3b371e3ea34173d3752aacc469eeeac41b33ecf6b,4.327639333511684,4.275572293800224,0.052067039711459984
1777,27,9cf9f67dd579d0a4844f4ce12c52584391722a63f9e1f6eae24b71a4b4b19485,3.751436242240459,3.7965583723757845,-0.04512213013532573
1778,27,b793e731dbd3230afd3471054cf8338efe617075687ff7975cc298e1d57595c6,3.822109250273961,3.810572031532928,0.011537218741032973
1779,27,6a992e63e1454976fdaa093a69952492b0a8036a7be59bfd22e68bd16138d9bf,3.9148602907963834,3.9181081440888477,-0.0032478532924642423
1780,27,bf9fcf121f8243d9220a9146e07a61d6df1fabce0a74121e46637d0ea1a581fe,4.316512503247964,4.320848954677757,-0.004336451429793442
1781,27,afb0fb63d6b3f0390b81ce78b44f130595aa54acc0912840b8847e4afe8e5490,3.974900301495353,4.001838915857846,-0.026938614362492785
1782,27,c5351beb267656f9f57a0ad472342248f6dac7bb862d337fa655122f312412d5,3.7532167625251134,3.7279723949474146,0.025244367577698767
1783,27,36c6a6aa8853b3164c4eeff836376730c027d809fbe03e5d8c9c181020db3475,4.202714517880565,4.203133098507692,-0.00041858062712663013
1784,27,b9e70cd6c74d7e3dd7dc67e1bf786c94e2b6c4ce2b0f2316f9f8d2d5a0350f5e,3.968905071692731,4.020009842249124,-0.05110477055639251
1785,27,f5860f7b890c443dd556c02b78b1198bd8d2c418f226077d94cea8de116c0ba7,4.0959931688323366,4.108386505677515,-0.012393336845178737
1786,27,ae88238cc40a574b99fef94d5f3781720a97efba1e91067cbb7304fcf6b953e5,3.67461971469001,3.7176161759304307,-0.04299646124042056
1787,27,a4673418bfb5d08bbab3d785551e8d09531bb5e98c604789f687b109f3397fc4,4.002290616814573,4.015613094514677,-0.013322477700103974
1788,27,41ef19101ef05a4080609a925433333873f26ac89341dac50e0019156e68230e,3.874212128391335,3.850437248458803,0.02377487993253169
1789,27,a50e450f9f94517efd65761646f86a21ad9874c7100130101312030923846530,4.14900697622636,4.172115263555952,-0.023108287329591803
1790,27,3061bc83e2369216a59deaea59bc6876f68dad3e7080c876bded5aaae6e0e7b2,3.9637487367990616,3.963626318220122,0.000122418578939687
1791,27,5e912ad25677b3e5c4691d5549a1d9c612bfe47dac00bb28d7c0daf3d2f0f855,3.9148717731739566,3.9016251298908173,0.013246643283139292
1792,28,d1b5d217fb0d245fc2250fe7be819160a60a48f291ee376e56afbfc0c6650655,4.610043979794,4.655686487276398,-0.04564250748239829
1793,28,813f97f6445cc7a74b82d3dbfc6856de8b990bf74018fa93d0ad816aec1f5703,4.374128018162537,4.374816563870581,-0.0006885457080443302
1794,28,ae3e708d9caec127bf643aef766a314cf251a7cb3e43f36a23e4c20a0a44425e,4.271309150353815,4.296331393249432,-0.025022242895616387
1795,28,a495741cf6895a0e2f9ad7d6400d381197ed8ada021b060195690a65269bc087,3.8586503091799784,3.84836731317165,0.010282996008328382
1796,28,2f7ea4b4bcc0ae47010addb9a82ef462d55ad53cd92937a838af62c610efb57b,3.673122232886726,3.715654059552662,-0.04253182666593602
1797,28,9f24048aa0ec4463e807889b34f299b90440b1b91d72035e1a339363524a4309,3.6593920130987883,3.669276794496014,-0.009884781397225595
1798,28,1d6acae389fa254f8137c4882be635e69140d305b987c690936e613a115c7240,4.037630622792456,4.035954284759384,0.001676338033071545
1799,28,12c87b25c719ef0f855a616a5da19a97b10f71e934f461c61b1bc4f6d94e76a3,3.105539377671306,3.096161620605727,0.009377757065578862
1800,28,a724631fd2b397293320966f5b95d8686dd88bb17253f18e23e3407afe1ab4a4,3.2490683486300895,3.2570172505581922,-0.007948901928102714
1801,28,feae4ec3a02bc1cf5ad5ea6f4b5cff23659eaf8e63156736885ba3eea39cee75,3.7515542153961974,3.7348205836034936,0.016733631792703818
1802,28,dc5314822d4e5121fc1287c2446e7093c894d2667f78deeda3801f4402042dfd,3.9557731703621357,3.973601953326579,-0.017828782964443235
1803,28,2b4977fe02d660603ee07c90fde0e722533c02f07ed52df3d9991406cf3ebdbc,4.330846533472112,4.323803897225446,0.007042636246666234
1804,28,6bb6167ea909e7e3b8dac730ff8116ad991fe5014af370b4f93a928619fcd0c7,4.331827798754773,4.3361021919785685,-0.004274393223795414
1805,28,bbeb2c633b72a569e63a4c132e5e3d2bff094394f241976d5a1dd5c4f155f4dc,4.128470162680827,4.163240470122446,-0.0347703074416188
1806,28,5eb9a1fa4d2a49257ecaff7f287eb7d136d913e37c3ef5842fc20d022c673cb7,3.813525355745952,3.8113543159324763,0.0021710398134757725
1807,28,67203188f640dd8ace4d39e7b957e0ffb6e98a7a2bba3793d2d6ce54e7d7f2b6,4.1194197288147265,4.102403600812075,0.017016128002651953
1808,28,3cfa1c559e8755a886c1741b253454d67b32e7f8aa23fad08b00df98bc495125,3.7253372852602524,3.6856474302272204,0.03968985503303202
1809,28,e8cf3e094145ca1c0c7b1f1af8e479c20f98afce8118f4ec6e58b5ffda488206,4.215691121301006,4.216086154660246,-0.0003950333592399602
1810,28,0f3508ffe5e957b20bf00ec24bdd6343664d222d1f959a15226112e82d1456e2,3.9085164436440607,3.888098253120404,0.020418190523656676
1811,28,67a1849385a60855aad0077a24148d14d9356ae4fb46bd4ce430b1be92e11382,3.603967966869277,3.60430330986469,-0.00033534299541315704
1812,28,659a7ee241b554c6aa0a1f6097da007af36f668d71fb0c4a0ae986e04147b5cc,4.322621185810931,4.255118112506125,0.0675030733048061
1813,28,3b1999e0cc9c7eb9e20afab9fddf0cf1532515eaca9cfa1492767ad8d0ce4230,4.249527287840124,4.220294110245504,0.02923317759461952
1814,28,3c65552cc20260c8cfd25374aafc69ede966303f4eb8bc52b9adbd6dfdae2be7,4.423970598243159,4.41665946179819,0.007311136444968724
1815,28,5c62da8635fb937624b920a00a56022083f885496b5557f728ef8f098652dc42,4.19938087313335,4.207833778806844,-0.00845290567349366
1816,28,627990bb288076d589f999668338593fa62d36c6f7fffea0dd037e391a5e30a8,3.602860853436937,3.5895444736025297,0.013316379834407144
1817,28,eeeafad675e2f566623a6bf967779de296e7456569ebc4a4db8a71bf16c88b49,4.082100028455898,4.126296567807913,-0.04419653935201495
1818,28,382d48d9b1752a3209759e69fb14a7c91bc9d9cab5dada7d0e34f2cf31dc8aab,4.15360860120245,4.134983370674149,0.018625230528300563
1819,28,b4589eaf57a0787afbb364cc0969ca64023404e8e959f72330e82293c3485b73,3.712099623909353,3.7132610424201005,-0.0011614185107475805
1820,28,0f1149704e6d10065954e7a0fe90b463374d97dc174dc09abb0284ae2b815e03,4.289737772036915,4.300946787078658,-0.011209015041742987
1821,28,95e30c329b8b8e4aee60fcf70e6662e8fc5025afe1b286fef99ca599f946f9ae,3.4470729436839065,3.475596679318869,-0.028523735634962577
1822,28,82b7a787a259c301a4f04c5361f3f92bba304cc1f5b4fa5446fcdbe3bd79e65f,4.302936244970738,4.3173939919728355,-0.014457747002097676
1823,28,fc0e48099c54fef59055e39d0a10d40948c78282d95676b23363b7bbc4a97988,4.172752904019831,4.186140502889373,-0.013387598869542217
1824,28,c2b2515952af2eccbdfa9a873b050c1fdec2eabc8ebfc48eb9ad7e5c3a3badfc,4.3111343577458,4.2864734860379485,0.024660871707851584
1825,28,0f28773d4b7b80d7a2ae42b0d383f852752963e68748ba34a61af2a2428e81e2,4.395174512558249,4.395792990794959,-0.0006184782367100183
1826,28,371c9aaf016eaad4f2a80907eb5671448bfdbf104b1250f44c0ed277ed2a3b81,3.844490241186591,3.8435856854580095,0.000904555728581613
1827,28,4f96cbfe41ada30b86d6267b212bccdfc240ec8d5d8dc1255297c6c9436f7708,3.611923624371741,3.61367736666476,-0.001753742293018945
1828,28,4ebe4f1634800438b0c31ffd4f8401d6739393c42cc07c5c8281c984ac78f85a,3.8897904652153272,3.869320958740829,0.02046950647449819
1829,28,595125fcfa7d71372f7e848e1232ec3d01b2a8558e4a974bb8b3c6bf67681999,4.227271183028364,4.222678651631043,0.004592531397321409
1830,28,c44fc05d179a66ba3f0664d275133171a9d802615f8635c3d4032c9b629009eb,3.2373947460102954,3.238541623281435,-0.0011468772711396014
1831,28,10257b3fea712bdc08c445ca70b9ea2d70a0b985c5543f2bbe381ce8d55a5cb9,3.7370242485837437,3.7485442111708807,-0.011519962587136945
1832,28,286c124ebe6fc5d3ac32c17134e5652bb5f0b574405b2933759e839df8ec90b8,4.245820807158054,4.268727553809313,-0.022906746651258914
1833,28,3a073487faf514119993c5cc6af62087d55e92ccd0ffa6b4bd5f717e73ab5711,4.084709377427856,4.1110799564105776,-0.026370578982721327
1834,28,6b290ac6e038a4a92b157105711e6aa0db4cf113a671625db21065193b7e22c8,3.740330667593639,3.7366450354948597,0.003685632098779479
1835,28,6f8bcc5bb7dc3e58c081ecd818c80a4bc9d0888e7eba319fac3db643ac6f9fc5,4.25878838013432,4.264960095538299,-0.006171715403979761
1836,28,e07b25e7dea74ee9388c3b306cf77e805fb402f7c2956823954d5e31849b1d90,3.9984529879300226,3.9842863455561996,0.014166642373822924
1837,28,7b88b933fcd69341715267704c2d13edfbbdc30c097be19543a15dc21e279bfc,4.07244456838805,4.094543408340201,-0.02209883995215023
1838,28,aaca6af8efc61b5ef9cf6df5a3662354ce2e1143fdb0fc95e7200471a844ac3c,4.1398425589095496,4.122751393448198,0.01709116546135192
1839,28,d5940b3c872ff1865c6725c5171d287a94b64e5aacf0b752f6647f3d6a99614a,4.252687812452109,4.299409258935384,-0.04672144648327503
1840,28,d97d942ce9762f5a1280084dd2a69a727cb780c9169ee9ccae7ffed7780feaaf,4.435179258496419,4.454757314916947,-0.0195780564205279
1841,28,e218f500f551fa811c53ddc03c9fcb2adda2063dbe104632bc50f7929ec21c66,4.818613361365806,4.816007741961357,0.002605619404448589
1842,28,307687606a99553ce5cc81f67fd4a88cf9f485be0e9611d83d43a3a2375bf2a7,4.724858561639849,4.69644890656798,0.028409655071868656
1843,28,a396305e0d7e7d00223b819cf7758ce708091c08e04d0dc19ec541cd292ccced,4.5203833895781145,4.563481522533948,-0.043098132955833535
1844,28,3971c8fc237b3653758e40dec227c6e309ae2c25af3e2cce2dad68900cc3f103,4.054776435987037,4.07442168988473,-0.019645253897692783
1845,28,a4149ac2023f78c6437d3ed8d987d6b0abaec09794badfb065073da78c98c877,4.140904409722111,4.153062455643408,-0.012158045921296434
1846,28,07dd162d38129ac8d845a6bef8dfd062efa8d53c6bc1bb59eddf76c29541973d,3.770706278248781,3.8507544652469505,-0.08004818699816951
1847,28,9ce96f912bf5b1fdced9558154508878b97299360d93f441d2f6fda783d59d03,3.801255217951166,3.7894221824158194,0.011833035535346426
1848,28,298a6d01cc5247351f4067403e23c3314804641829f590127a328c90afcf2a3b,4.767213541696947,4.765951804891756,0.0012617368051905942
1849,28,8f06eb992bbe5ed40f0c8c57347b575ae7bdf73c0576e1581d62752d68494572,4.1211282081559375,4.123068707967036,-0.0019404998110985616
1850,28,6575ce16965b480b357b4e3b5879f8bbc905326bb6c0cab784d1e68b27850575,3.8051622246644,3.820784105571306,-0.015621880906905972
1851,28,baa4acd88206b789e695deb01be72bfdfdde659cacac42480f52fb946a8fb5f7,3.729155421996836,3.7592971799565333,-0.030141757959697202
1852,28,1d9a98f9c873962d09388c81628d1c97a9208e1c444e507855f8d089123a0bd2,3.769136668792953,3.7533507422773624,0.01578592651559063
1853,28,f7f6858c357afa22db5613279f1b0af746b9d1d20802531e391afa0a254481c3,4.135629915776917,4.131614664824895,0.004015250952022598
1854,28,a4052b4031bc63b97b5f0d61b657a7c9424cdb8ed9f8d3bce5d141c6af39c946,4.377137956110857,4.377043306735004,9.464937585335065e-05
1855,28,2ad87248b2ce655f0292a9ea25ba5b162c0e7bdf425d5fa4b0db38a13065ac0f,4.020644076174918,4.055638083210582,-0.0349940070356638
1856,29,231386b69411685bdc3b62e23e5807941de1842c1af27467504fa4116428bf53,3.136692206102907,3.11502779971795,0.021664406384957147
1857,29,c39339b7fac0d785036461ce6e4294b495e0c3050043dc6d81299424746ae07b,3.464367567048612,3.453591668376987,0.010775898671624873
1858,29,92df4298b974d22058b5d8cc387eae0f7163629007b41b92cce735ce2e4871fa,3.714975789831442,3.698875949645412,0.016099840186029724
1859,29,d67d1c290b27c8b964147266b286c8af882ac651ec94824c85665a35891ab567,3.877763128211882,3.884732060098031,-0.006968931886149221
1860,29,fa9e50ed955536fa2add1d4debdf8905482f64d0814a443a442145e4fa59c01b,4.0215825148710564,4.006626821122268,0.01495569374878869
1861,29,5a0ae4d7e2be128f2b4d12218c134538a9c444b4bcafef9dee6f4cfbf141343d,3.7306935311038956,3.7502036221926858,-0.019510091088790205
1862,29,4818ccfbf0209a34936c142d100bce46d5d04f22ee20bca0297487fa6c9af63d,4.250981801846251,4.245154588120954,0.005827213725297042
1863,29,8f61d09bca5b5c1279a03a30d489af1ec4a3a43f020c4955cf0464fc59ca0d1b,4.060722988766429,4.058634037527895,0.0020889512385338094
1864,29,38884f80693e286aa9067e7bbe1d743654621486e6e5fda7385e1b585820bf67,3.7530857412166796,3.764422389083535,-0.011336647866855287
1865,29,cdb12d80969fc6f2f048a6bcc3412b1a328cfe7e310ecbec6919d1bda7a39770,3.585759015648968,3.610281482251409,-0.024522466602441284
1866,29,27ebcf7a563acd66c430ca9412f8df8fbf8c7ba354df654c5a10294d305cbcca,4.40633106458597,4.41063924575252,-0.004308181166550185
1867,29,981c68f87c6ba182cc6ab1776e3b7ee574bc7c192efcd973851d91e4435d717d,4.306928644502754,4.266217126999109,0.04071151750364521
1868,29,e6df0cdce1a682460daa51413dc1345a94c6ffdb68c53cc84c7835fdae3bb1f3,4.140918138305921,4.169154831854513,-0.028236693548592484
1869,29,4b9b17a44dcc07c2a2904353964d297e83f260fc3e7daafc92be742a08396627,4.143636495175995,4.123979660373948,0.019656834802047385
1870,29,5ddeb9e4edbfbc6351a970650332e5cba40c385a3e6cc6b7822972859cc6c73b,4.101177465512478,4.100342048254618,0.0008354172578606267
1871,29,a74455954d50aa8fe83a580c1b4732ece1008581dec9627a45491ab59a193889,4.1585126063384905,4.1665929780418764,-0.008080371703385936
1872,29,8dbbb2f8ef237ccb8d2c1cc5ad4f90f97a9538ab8b709f4b5cca98c40a60c5a7,4.19109368162087,4.209143144367545,-0.018049462746674294
1873,29,40dfbaa613b793dc74fcdae83debc5d33ce10dcda104c4431f6129031112b230,4.194012954998129,4.247738210842272,-0.05372525584414234
1874,29,4254d4351f9de037e8dca146704f8af96c59270f2c7988f64513a12e14af7384,3.617886855632861,3.6254360443216456,-0.007549188688784625
1875,29,f283798a9ca7036f7f782f61d5f5e6f66fb899396416305deb8f3e66c752f8b6,3.787742132541922,3.8210420426342466,-0.03329991009232458
1876,29,08447678bcc3fb4f6f5fa19e4eecd42a3d54a7b53d2de7ee497c96bc416b3e9c,3.527008808123014,3.5422497026080038,-0.015240894484989553
1877,29,1462fa1e3ac3d23763a802876ab1aaca439894e7da57bcab7b4efeadc0e240d9,4.057653653129236,4.048327749145187,0.009325903984048978
1878,29,d8d9b6491cc648b4d45cf93100de08c07c7925a8c97992962ab4cfc04cac9c10,4.111232940399759,4.097885418115993,0.013347522283766011
1879,29,c32352f269447344deda41ff33308190054c4a7bcb8a8b3e6f6612d27379f0a8,3.4627030665930363,3.4580900206894825,0.004613045903553825
1880,29,c5a2eeac98c97dd35fcac96e7c1d07e0bfa7c4c58f41c365675733b1553d5ef4,3.849415365947209,3.8543354758640476,-0.004920109916838555
1881,29,bf3771b4fd16ca3c27e546525e23648cd0519a9fd2e42c27c26990b5c82361ac,4.0910196663131,4.110063090807749,-0.01904342449464913
1882,29,4798f5914f3eec1b5d7d49b09542d7db781c4c2723c63596ea7b272f308e36a6,4.06250185868771,4.096704394193239,-0.03420253550552843
1883,29,19c45fd69487c64d199b9e207adc4ec6c125aae6e9e61102f73adb043f44fd20,4.466702324356447,4.482252553228193,-0.01555022887174573
1884,29,ade07d8c996e03a3ad6d23e5599cbae22e63297da648276f555967df1d641a72,3.857756023835833,3.8501164129514507,0.007639610884382364
1885,29,3db0a062bb70e2a771712092130265ae8115784d72618e8e58c7d8f160b5cd13,4.1983115670636835,4.241423189552961,-0.04311162248927758
1886,29,c575ef9206929772b10fe961084112b3fb05bebb6af3424cde4b50fe949b53f5,3.7303005857501716,3.7284835639348444,0.00181702181532728
1887,29,e65cab913fbe59086de6844946e088d34e1e327f153b4b90f1355cbefc42194d,3.6578422198472254,3.663992856482281,-0.006150636635055662
1888,29,3548f9ae5902726f2e9048e5ab471609c4bbedc714037a8625b81504a32e6aa4,3.896894561508347,3.9215846025733754,-0.024690041065028367
1889,29,d7880d81ae63e036e3798d7df0ddb44f62cd47c41195f44d80b28522014387b7,3.6757016972257617,3.6759008451862485,-0.00019914796048681183
1890,29,e55b3c70b4e15b2d785ff829105274504a127fe7b4b24f8338ee305a7e3db4a7,3.843226581352326,3.835814313940432,0.007412267411893936
1891,29,b25d7d995bce83d265e370f3987b718bf1da248aed0e683933de649a7112bebd,4.199935078662463,4.197752135559824,0.002182943102639001
1892,29,841e9aac2c3390e2532d0a79fa5de87a3930a7b636b0fa2195752e57f3f006f7,3.7215249334601594,3.7269705145903345,-0.0054455811301750146
1893,29,7eba79f8f0306de0757041ffbb98909f9f419aa7817193a0f3a0f3ec512bdf9d,4.056931921004434,4.108628239807558,-0.051696318803124086
1894,29,e93a25902a6c3e76b22d426a8b59baecb2442a56db285d36ac226fe1bec0dbdb,3.8586907734831186,3.8540355399934185,0.004655233489700095
1895,29,069669d22e0056c6a6a9da99c7a28f410f5c58d79e4789657c8f87513872dade,4.580585544009409,4.555044076508693,0.025541467500715953
1896,29,13019fff94b4da1bab52ea15e23f095147615ae5ae5c6036b5260e9c5b5891f2,4.091846754166909,4.095227523990843,-0.0033807698239343154
1897,29,001f76881d38f835eafe082e6bfb23405f29baaaa91c16df1518cbb01402fa41,4.152533725905698,4.184462695263036,-0.03192896935733813
1898,29,83079a6e501834b49864e174fbb3e8a1ee0b366efe455724a0150aeb7d5539fc,3.967846903508189,3.964330776092993,0.0035161274151960242
1899,29,8d35b84b249ae713fea62134936de1ba58024136a71b1029517dabbd51c1ba2b,4.150871614934658,4.133753722050187,0.017117892884471075
1900,29,b46a1e4508077519725dfa288a2d6362ae26d337050d8732e62a657cb23656f9,3.932250768570384,3.9399116223284523,-0.007660853758068242
1901,29,eebd233453fd5f4de9a9c1fb8c32d81081daca430a50fc89923b1287ebf93f43,3.486548405232938,3.481956052899413,0.00459235233352473
1902,29,3168411329846ba89302960e75ec1d95461d0a61bf8f63f0bcc2f2f064ebdc14,4.341466534845026,4.358433644998371,-0.01696711015334529
1903,29,125f8391803145554e6c171a3d0bd446bb6090ddec0c8106b736051ce78fb069,3.8781781015577224,3.887235308043728,-0.009057206486005498
1904,29,6fd433918f253f8f10d3834e14d1a91722aa3fa3c2656ac8f947afa026fc1052,4.096069598919144,4.105014996796399,-0.008945397877255346
1905,29,eb417b2c1e125a9f6ba358dadeefcd7ae63754d5c4d54162d561dc8283080246,4.132170569425398,4.175933773161432,-0.043763203736034484
1906,29,e7e5b97c62276b6fb9dc4c424b7f9d76b2d53f5f82f7e70bab6553d0493e2099,3.927290202594804,3.9114149261536113,0.01587527644119291
1907,29,302cdb7e620ec3c726ab4effd08ff041d2d9dcd9115f780049648d76e9bed33e,4.528941985062403,4.543291651167465,-0.014349666105061942
1908,29,2421c19014e3e5ab00baaa5ca1ea219fd399513d2a7722577dcf192f8d7a2b91,3.905186112737738,3.8920220467880426,0.013164065949695214
1909,29,fab004f1908a2f10f78cb61b42df36204a3065e2bf087851417e825ba6b2fed2,4.019017807838612,4.028535515636364,-0.00951770779775174
1910,29,5871cbe94c20f62db7518dc9b3fe27000ecc16e5c8631c12e46d9c83a4e120d6,3.8417694246114706,3.859568153392729,-0.017798728781258433
1911,29,0cb87a7a567ff690044f01ac22b56bebd5c19cfe3da52b8ba265e89d4cc3d5fa,3.885920344563271,3.889339131310706,-0.003418786747435121
1912,29,80cb68384e14f9b838d2bc8accf128c84e497fa37987965be557daf27eac11ef,4.501891093018116,4.506695421954234,-0.004804328936117486
1913,29,7381673afadda2159ef0232f165f4dd8d476be5b0fcbc9d29484c7709f933a43,4.457126370060465,4.4531916640200535,0.003934706040411129
1914,29,ac1d0f78fc0e4e5c6e58431c6fad4d4e6708d9c7ae793cc27985e2edd79e3801,3.9752335607661706,3.97884760295301,-0.0036140421868395833
1915,29,18c27fd7a68d24669a6df8b6871009d5f146946a361a3ec098266b51041164d0,3.912195666286962,3.8935909737499657,0.01860469253699648
1916,29,0cf8ff2c13af1280c53cc6ab50aa495f4a7cff07baa2536da24ce9714bab13a7,4.301743656466897,4.32355808681416,-0.021814430347262714
1917,29,92a8014ce295df40f681b12ffd706012f1e622aecaf159eebec22ccc246e7708,4.102565698752983,4.0709050182341,0.0316606805188826
1918,29,e6acd3a56314799a6ba3190e1f07a36c26e45c5292730bbaeb5032dc3dd59511,3.958552097234133,3.9676073496426625,-0.009055252408529668
1919,29,a0e93b7d7d987f19ae7d2de960e01ee1d5ff32470226a7522b301f91d007c393,3.9914630732005207,4.008640502619755,-0.017177429419234613
1920,30,ce347161d69b99eaff791ec709f0833545677b3c30f4fa91ad5350caf1aceef0,4.122710665439143,4.099773321761916,0.022937343677227773
1921,30,72818f700906177a252138a386b2f3fd550df666a1eecf15969f13a237b59ddc,4.018983553791941,4.063245243551364,-0.04426168975942346
1922,30,cb5229bcf12a7b589cb785975ff8275690dffeda93f093b1e6ff781a2c7d8755,3.9818129324019083,3.9817109965036366,0.0001019358982716767
1923,30,cd7ba00a198afa02942707752343381266a16489b55552fca0644ee581761219,4.003381558052752,3.985505098408339,0.017876459644412535
1924,30,d908df02ea67a8bad31bd5d75791847e377d7d75983c2d7befe1fdcecb802664,4.073520089915519,4.072169530463043,0.0013505594524758635
1925,30,4c2539da5f00c8ff980de38b91845832d54f0d8692ad2d55283a6b3c41b0c681,3.9337062441275066,3.923747914484693,0.009958329642813624
1926,30,1f3a522b392851d5b05498aeab6bd24308a0d84b4ae1629c43e1a1056d9b9504,3.9022086993529683,3.8622949525688455,0.03991374678412285
1927,30,0425d641d84502380e3b40240d66f1cb9d918f55abf1edce19c742e95754e060,3.7937136451737388,3.7580516601228737,0.03566198505086504
1928,30,53141d4147d2f0ff3a508d31dd64eccfe1212b5a842a4d5338a7070a74abefa7,4.0263022358452645,4.039374342648671,-0.013072106803406314
1929,30,b2fc3883cecb2c49c79e47e03c0f802842df67792ffa14b624ca56b41ab6049b,3.8121097087505404,3.7888146067498383,0.023295102000702173
1930,30,1259fad137a7559e7adc79e2cb8291f2d4c98776db778c056d33fa8e7ce8ba4e,3.8535269780650196,3.8827518917116777,-0.029224913646658024
1931,30,60be73e6b87ca784db39dff64c11732dac1415967efe3b205d007ce1ef4c0d24,3.7805652356460087,3.7937089886346484,-0.01314375298863979
1932,30,a5fa9d61c6749c47c739f2a8db9ace314133863381715ceb1afce9ef3286e829,3.6627969702424252,3.669618205021038,-0.006821234778612961
1933,30,caeb743c30609aa94e85e467aeb95636ea3c7a305c0eb43e9d2e7d2cc15c46c4,3.7866368378202537,3.788800470122112,-0.0021636323018583425
1934,30,d212e28ed6cc94d695df08f6d3f027730e932abb6b2ed2e9d8f87c5d293a115e,3.9126464309360927,3.931773854876951,-0.019127423940858534
1935,30,88d362c25c61c9234fcb4fb6768d665d0b8770b3ef131cb8b1213a1ebdf3048c,3.7945515316843057,3.780738652691028,0.013812878993277877
1936,30,308ab35cf33333bd1eaf699c0f220876f3db16f889219eb1c7763c66a63c603d,4.432154859642083,4.473937634930053,-0.04178277528797025
1937,30,71ef7fc80a7e592d5c3cd53b0cf9bda8fe38dcd57379e7c020c490a8b8739333,4.194052260259795,4.192025396373737,0.0020268638860585497
1938,30,e8b379dafacb6f3e53bf1df22e466cf986b65abbac389619248d41be3d68d75e,3.4326950132411866,3.4123331896269065,0.020361823614280183
1939,30,a2be7b07c40f721b7de1eef96d613cd1cf16c4d2db392fcf3f0d8fe211c886d6,3.774039567544918,3.732086003244717,0.041953564300200696
1940,30,7988c3128fc80cd3ad8c1781bbe2e3d9b71f19986e6ad1854629fc64d67cd65b,4.405885016566771,4.4139242673614945,-0.008039250794723785
1941,30,8dd62258ef934290e2fb3ff6b06056e68a04d2d7799641641e67d73c7b9e7bf0,4.264437977440593,4.277405308379571,-0.012967330938977284
1942,30,5615a0b751cf74b05a9a7e5b7e9ba284c4513856a8959a5aa0ac6155a1153919,4.223687017137763,4.233548622377896,-0.009861605240132576
1943,30,3d7596731c5bec5042dac685e7dfedee01abdcf53b9a1050950a6574d5a5ab11,4.275176610430208,4.271044178406839,0.0041324320233684375
1944,30,762e919fef8b1208505fa37b4a824d64acd6b462c615a9a903ac3b914f9be5bc,4.248182845187102,4.258601890012301,-0.010419044825198398
1945,30,57cab9858b74d83585be9b1d0cf6a6508049819c0b9a6dd86c74e341511170d5,4.103071859598771,4.136551999939371,-0.03348014034060043
1946,30,740f09f4d379b4ede603ccf7b314d411964682a36fa5328dad75acea48de24bb,3.646092215735898,3.6600087518343685,-0.013916536098470544
1947,30,b8bdf26a52206ee1c0d802ad77a27be382deadf1fbc9be43a6c0a69c52c07214,3.6870798095683597,3.6703692038008455,0.016710605767514153
1948,30,dca00de0b349d7be8d6df4b38e816f26b9601129bf5eafa54713f51daf790193,3.6429769067727875,3.63535492033634,0.007621986436447514
1949,30,b8d572dae5dced5de994fe9529540f20de1950c5ea9efe2a898cd3bc84098130,4.370867101055637,4.361863222191118,0.00900387886451881
1950,30,ca6c5ec8f86f697b23570a9ad15d8100f8954301ce914caaad5fd72229fee76f,3.8960737796080593,3.9450805058922924,-0.04900672628423308
1951,30,66410f879232c9d561254d3bc9e22206fdd55b6226ecf0b15c5be3bce57bb735,3.8721726941780616,3.8689731476811176,0.0031995464969440945
1952,30,8427e44aab70e3ff2373b1a9832786a0839193b437aca14313ba22e1cac1abd2,4.299486024051475,4.293321614052047,0.006164409999428244
1953,30,687372f47c2f387935fdb3a9997331afe93e358eacc7ae411722acd7575ecb6a,4.018142600921763,4.057306566755884,-0.03916396583412052
1954,30,e0d1d3e52586d7f1c54d6d93debcb63e0b65dbe5d79d59079558750a0c2b3530,4.54466772517344,4.548878704535355,-0.004210979361914724
1955,30,e178f372e66f62545f67c3cb4c1a8bd9e7d64b541206f021241f23238ed94018,3.625880247342014,3.6206593714301647,0.0052208759118492765
1956,30,72d0584f878963ec929ba15bc117e10fa63e48a3fe11e970a0f1579967ff4f50,4.2147702972167735,4.205233314483166,0.009536982733607147
1957,30,6ae4aba52643293be679b522e60ffef05a085ce24768ca794cd59159eb06fe9c,4.046251594491963,4.025191128671452,0.021060465820511354
1958,30,66b7dba669a1a10d3015efe87b7b4ea5ad4e0110c5555a1c12bd8d548fb46b97,3.69144474663236,3.7246369857085,-0.033192239076139884
1959,30,d70ecf37be1649e8665b8376737f240bda8ac13ad8c8915d9a7420d8750f7f84,4.01200099880856,3.9826080188367996,0.02939297997176027
1960,30,a8e6461e2adf49ef946d9c49c23069cabee5c5a28bbb86302ab32c926174ade1,3.897439468451381,3.8734913837290605,0.023948084722320573
1961,30,180d12bad730a268019e28c9e498ca60b0c0e5837740464fcf13cfc58d155387,3.8328566522119445,3.770535018347175,0.06232163386476941
1962,30,10b57cacefba82641c7760ba8d26b6a56d4340904701ca5c04f7791bf78079dd,3.469823296236484,3.49535532876979,-0.025532032533305937
1963,30,a4058fbb99ab29b21c73c11ea1e800ce15e6bb69416dfe0ad64ef1c9b897c0b0,3.5287194709417236,3.5250571323745135,0.0036623385672100994
1964,30,150c459105e56410b80b6fbd8d21c103e7d6624ee3a73c8a952b820463162c78,4.041952764700227,4.037354349611917,0.004598415088310048
1965,30,07ebe2731f6402603264837baa6b441517d4a7e3ac848e8e9fb2e3ec737a8a07,4.039992395947593,4.027659849975748,0.01233254597184441
1966,30,57979e8c54e98c0d6252b25f6d57af67d98a16d1e2a836dad372bac98a6052b6,3.7169208584803073,3.7107411559577486,0.006179702522558728
1967,30,de0d114693617d5fbd1491fd9da02b8e0a171100248ea2dd2f68143ae8c7c858,3.9235848984182233,3.9418080421893933,-0.01822314377116996
1968,30,f9c65b84dc602cd1524bc970a8aeb7431e71b9d62a60e007c44faaab3cdcbff1,4.251338582900672,4.279937080505306,-0.02859849760463362
1969,30,1c2854d5c83b3222b95205942f38c39911fda25c7f1dc719964553b3a0c87fe2,3.732637535905724,3.7276949888256468,0.00494254708007702
1970,30,d1c506bc9d74abedfcdd8c543953d1555be5bf0e149d2c8d4c64c3563acc947b,3.7820160311274833,3.751472502146356,0.03054352898112711
1971,30,9eea8ca740a2cc6b2defb648edbb9aa357b51f7eb7b9be0d3bf5facf46e720e2,4.256447552865431,4.287353390864773,-0.030905837999341657
1972,30,ed58b9c6396242184b7dc2ab52488c9c88ae586d0bbe3ef27f2901a23d79722d,4.001565081146509,4.0064232993519795,-0.004858218205470166
1973,30,2421feddc2b861b2a7eaea25f61ce7e272b5526a50786e448fe03579e5588ec9,3.9126902519450937,3.9039553854137807,0.008734866531312946
1974,30,e48c2289d3bf34adc49b65a078a2603efc9f72e388f5afbd65db670c70deec78,4.068446207241038,4.058997891161937,0.00944831607910146
1975,30,d0afef4aa2ccc787aca7c4682d7824a6e98fa1df1ba1f8d73a834165c1902bc3,4.149063593559561,4.182800667804713,-0.0337370742451526
1976,30,fe05fd8178cbb1d5eb15bd023858d609694c6d259884c38b31042166044134f4,4.236619671208018,4.324674169587183,-0.08805449837916512
1977,30,198ab539c5f13f8879b44879526853b590db00b7de4db8c028da200aa9272986,4.170158358621848,4.137926721224176,0.032231637397671875
1978,30,7a07bd94e162db75c9aad9ecd21009f32b6dc1a8ee5b7ad8a8dfedf0332e888f,4.0919881224619985,4.088120113073728,0.003868009388270366
1979,30,a659cde817e2e6d8cfbe085e575867ecba8009d9ccbc8dfdb697d0a3fdecbe83,3.972733788196365,3.9749239924735775,-0.002190204277212615
1980,30,f139e611bb8907f6b812b5b70cf572d6aa0e5da0b76e746f696bee73f450440c,3.7792631603051063,3.8051496347416105,-0.02588647443650416
1981,30,7d7616df755389efe57c491c92473cdb4c645b050e7069bee54def8b7766f323,4.129593284893872,4.150428543148223,-0.020835258254351174
1982,30,ade36ce4eceff6b4d4356c90e52667b221c09026bc8aff6dfdd73cb6acc933af,3.978676454008479,3.994023292614031,-0.015346838605552193
1983,30,b84ac7f1859a14b8858ee7e41d4c83b837fa98e80f67ff73b10157476574c2d0,3.517404339217464,3.521366532695808,-0.003962193478344034
1984,31,c578fb5365aa73668f94c057c3e15ec03765fcc0128218eb9b67dc6bd1a0d181,4.284606525442996,4.2826061584853505,0.002000366957645383
1985,31,e75ec6506be0c6b62afa0fd3583dde8cd8ae01c5742c516a3eb69279ea8987f3,4.210685977708806,4.214304022942031,-0.0036180452332246205
1986,31,13dbe6cb0a954fdf609a5700245569a865924c36ba8061bc7944faaf2fd59622,4.09654713479317,4.084040778483768,0.012506356309401667
1987,31,8bf1c00787e3dedd063d58c73e7215d8ba217b75fbb83516e24db68b01deff55,4.019313904515144,4.013279496465458,0.006034408049686135
1988,31,0092cd9a8ea122e288c0587f3139b5f5dc2be9b798e4fc02bc8e2daf8c93c325,4.19104322166082,4.178155607386827,0.012887614273992654
1989,31,a44dc511966a2e9ca09ff226ec7199704523ae0eb6aa239e97f03a2ebc116258,3.829543867691271,3.8198878659294095,0.009656001761861432
1990,31,3e4d640dd8109f2f9dd60565b251d0b6fc83a574febe222e71c4c64f1b2d6902,3.5364961669553807,3.514305984047809,0.02219018290757191
1991,31,f45347ad20103a4a1d28b5d5d8ed69c93ff2a99928e9c92ab0eb39bcf35ac363,3.9304310918454064,3.9549728127589674,-0.024541720913560994
1992,31,fe9d6cb68889b001bc4c99a392cef18dbd5cbcbc0b3f124bb91dcb490696c923,3.7223716765738573,3.7339396851834294,-0.011568008609572189
1993,31,54895456a149883690465229ece826ad9cf7d18779f5b7c00330f16c4dd2c5a3,4.088758800365525,4.086097957205325,0.0026608431601999882
1994,31,38a75baf092fc78b304bc01bd3a9a8669dae9784837738025250c055538ddd9a,4.2585456613733506,4.298589464966419,-0.04004380359306836
1995,31,dc3d91ff7f0bc829dbb38a71bda59720db18ecb9944f82bccc9159998871b4cf,4.806904801148278,4.839885401378751,-0.032980600230473556
1996,31,fd5e3b9bf94349c1f374f825858246a0fc583926f6123113965889c45a47c2ee,3.562369487171466,3.608963599316013,-0.046594112144546784
1997,31,4f447beebcdc06371021910f9190aad017fb06685d60fe4a6123b104a94145b9,3.5861690374668456,3.60120868393426,-0.015039646467414514
1998,31,f1d565d265b1bed60791447bc35a9f5f1ca3f300d072d54922189c665c9e1e2e,3.223790640243344,3.213161795840989,0.010628844402354787
1999,31,8735bbf6449af7ba81f2aed4a0751d7165b457a0318e31edcb2716e52211f0f2,3.242392819629936,3.274791878029774,-0.0323990583998377
2000,31,24abf8b5294fc5e83e81bebb381585a31f7827fb50fbce9d174dadffc402c758,3.7253868665490586,3.7134140647113156,0.011972801837742963
2001,31,9769f1f3b093574edd51ac977b1360c9c85efd4eaee0314f85b0ea0384fe2f91,4.436148338500175,4.4709535302340555,-0.03480519173388075
2002,31,4e96b2636f78c23e828636493398d7cfca8d209508dd6b9d9bd395907ba08b1d,3.8638356043854785,3.8637489562763676,8.664810911085397e-05
2003,31,29bc9fb0e1b31f30e02f57ed5d5895f680b7dc024f76ce373fd5900e8cc0bd3f,4.340866618951054,4.367631886477966,-0.026765267526911884
2004,31,4e618a76d06469756a4ed80348dc1e393875027eee3f635ef944a996b712989c,4.038484460973507,4.019655449583922,0.018829011389584593
2005,31,7e433b3fd8a915dfb2020567d8a700f1f8daa45ff73dd5ac4cfc030c6b815db2,4.23071166801806,4.2083759644988845,0.022335703519175354
2006,31,fa950584f6d9d70018535b58805c166b93644963c0c037274c4cf83d3bbfeba6,4.043486823145763,4.0442957553498715,-0.0008089322041087144
2007,31,8145a97703b4c5b954a2e9d26ff8cebf5f3ce57e4ab52b10b5ac67e30afd9cc3,4.159749619448725,4.1560586422366725,0.00369097721205236
2008,31,109efbbc8c6f313283fa4c302840ca0610c5cb7eab9074cc89af2e1204e11ba9,4.094373682719585,4.125126619570835,-0.030752936851250467
2009,31,f1f0b479d28a012a08db48fa664cf93743b2156c20292e34ea352fd3520606d9,3.951359188464707,3.9286598424956622,0.02269934596904477
2010,31,b81dbe2316abe8a86260dc8194bf67ef32caffd9d460dd061c4133ff26670646,3.8595707907833514,3.84205640979944,0.017514380983911337
2011,31,ddd4f982664f1d0a99b70220392432778f779b5b42158aa49652ce4eee96cfbe,3.695052433682392,3.696330552136743,-0.001278118454351329
2012,31,7423a30180328c4fd6161aae73a45697b007cd6eb493cb7b2e212b2fe4027a9e,3.862066790348166,3.8334142057606186,0.02865258458754738
2013,31,c2d16f9748ed6869ee2c2b7c88ea6f16f2ae18be229d27696dd0c4c2c264f3b6,3.646586022301392,3.632572968218824,0.014013054082568033
2014,31,b514a14bef3f6cd4f2923fbf48ae585a702e0bc99753b0dcde003abe80961f4a,3.550443832083772,3.562388656373919,-0.011944824290146983
2015,31,941b6ecf4c49282697686dd0f6dcd153e61c5a03fecb32a7f6b3ec28a8cf8be7,3.1709710059472798,3.1772833794559006,-0.006312373508620794
2016,31,b7339cf4063a51f2dc3c22bf059f769e6f3af031636df71b2879c94877c9d02b,3.648622197218174,3.6602495458573117,-0.011627348639137836
2017,31,fe0566c32a94e4049efb275f06f1725a391678f79de587d88038abed180b554b,3.0579093941216087,3.037635265581521,0.020274128540087588
2018,31,07a902d9bb6c3151df879654f69ac14f67ee36f4ecaf49b6d3ff78492d0b28ca,3.3834415148008183,3.3664865884168194,0.01695492638399898
2019,31,477f79dbdc9f79e103be729b0ef261c59186a4821ca2c4363aee36ba32f2c648,4.869027789667143,4.865062297179179,0.003965492487964184
2020,31,fcc9f597a4aed91f6e7e5db3ca8599888e97327272d9fda6ea6b0c5201fd7feb,3.8611126101962085,3.863271716756458,-0.002159106560249313
2021,31,3694a4d466fb649952f7e87d35d875547fccd0551c34840b044f2a2caf77dc0e,3.2332202196554647,3.2676652216495086,-0.03444500199404388
2022,31,6995b690428ed53783799e90119ccd6a1912c415a1f38bf04848cbf7f4591fd0,3.90181038988527,3.9179993610924555,-0.016188971207185432
2023,31,39be48cd53b2cd254fd5f6a3bce6be036dda4b058dbc2e98c3d3c008bc870fd5,4.155725249505593,4.146143937347929,0.009581312157664001
2024,31,f9250f7aad365aba4f7b99e1a04eb14830deded258d4ed65f85d82609515a689,3.9977261852009462,4.034906129180882,-0.03717994397993607
2025,31,046599aade6e90a7144ec9e1e6f72a19fbaa45d1792fc1b6484859da94a709b6,4.5623048415043,4.537868225201919,0.024436616302381253
2026,31,15d1a0030c7b8d16ec130ff8111226715f93a2009a554222866a28511d504e6a,4.378371576639211,4.399335781663694,-0.020964205024483817
2027,31,a8d8733376c97d6b5da5f947681de16355e08d025a8ae8ce025994c1271e608c,4.129717970048716,4.151028785052176,-0.021310815003459993
2028,31,10a363b949219e34b85caf38d3db7f720c9e7f855f01e8283f0df4eb3889672e,4.212581255618602,4.190101825194219,0.02247943042438294
2029,31,90342132a848cbe38c4675274869b9c7332ba114a57ea8d945099d85a6ec1173,4.1356354203480805,4.1961622396208895,-0.06052681927280901
2030,31,5803e69619b51368ef267205691408d4a975fe27dfdcd46ce638077c3034d672,3.984228967398167,3.9887110669808408,-0.004482099582673982
2031,31,cd5e3d2bf63fb3f48061e95ba627f4c57329acdccd6d4fa65589552af32c8a97,3.731512896378945,3.7261149632468005,0.005397933132144317
2032,31,03e02b450bad6974037ca0d74fabac784ed920d40e28891f77fd547b5894ad80,3.5624162620110837,3.593220654830702,-0.030804392819618442
2033,31,a1c16a9b438fd88d9f41fef626475164cca1c4411603955a964351339c41c11a,3.878929354003148,3.8714347192290575,0.007494634774090514
2034,31,4ffa2de37e6fa7a59935b8071da580b4a5a77b444eccf07ecec28c9f512c0dea,3.581176553809655,3.5272255438567015,0.053951009952953655
2035,31,239175debbe64973a020c0fe034d5a2cc200845b8445cab35efa01f886505754,3.6334521293345006,3.630902765932433,0.0025493634020676836
2036,31,1969069381d31f6077fd06a89325f9b109cdc323b67b4584fd7009fc226639fb,3.9226601915455888,3.912874425181144,0.009785766364444726
2037,31,588ebac89a587acd0fc9dbc2e3e9c978edf80e01b0909e1fc826d383513ef118,3.9983851480558954,4.019810924330422,-0.021425776274526243
2038,31,ff2f44e105a78d5cf533150d692ceda18f69915b11152ccaec6f8bbeef232215,3.4215735008261277,3.432415915109857,-0.01084241428372934
2039,31,b816d04884b9333da146c0464ab614bee83e32112fb9425796309f79d835e912,3.764212940911058,3.7127136597115395,0.05149928119951852
2040,31,2ab2a7609c7150ca909eb89e634a0eb907de58a4d9e258cce0c3ce78f39429e2,4.180255871742702,4.1652905515023235,0.014965320240378333
2041,31,95b2d75dcffbfe650a2ec53957abd447914e99f1ca57a417430f058f4733584c,4.016539171008077,4.013280444064634,0.00325872694344298
2042,31,38f8baf7e7d28e01333a8c5f2a950e0f58096a3c25797015745a3e76da6c681f,3.8204298668276095,3.823606551986302,-0.003176685158692294
2043,31,8294b6d70c3278ff7d9d9eba94b146b9ff1a278e1af38fd6064af12a7dd92d5f,3.6260246912393654,3.654843144514615,-0.028818453275249567
2044,31,dbc366605d7006ce9aa7dc13bd23fa4402b7548f733a06341524a496860b62a3,4.001831776224321,4.009874255665494,-0.008042479441172645
2045,31,2787f7d4a361799a6da5d056791d46f085a857fc85e76638b4cd269088854529,4.479276404349065,4.538078625025776,-0.058802220676710704
2046,31,8a5529d1b104ae1b80271a6c3b3a5f4682cae61314ba0d1a774ee7bbcc59a3b6,4.259764888087375,4.262046895206339,-0.002282007118964202
2047,31,c574fb76f5d325a1994ed6f14c004e93b49c084ec424fad0eae93cbb45fce3d5,4.191228350326654,4.189897368269271,0.0013309820573823572
2048,32,e118d586b53cfa1327bc1b508c47723fd1b1221a34a1d187fb9e70a21753df9b,4.030188116291399,4.026471265547002,0.003716850744396538
2049,32,b8403acf9e76a94a91acb0d8d9b910e36cd97ecbc363fcf87e5905ff6434ba47,3.8217943269186208,3.8042306492626494,0.017563677655971333
2050,32,fab62c997ea85acdbebfd7ca845ca5e8705203c3e3c6a2cd60ad573f80ea9b85,3.548402822206299,3.5644216169462197,-0.01601879473992085
2051,32,6c7c3c72005e117a3a85f89060767bc1acfd76c293bd367f563c555a146d3421,3.5701556443441405,3.591465948498808,-0.021310304154667392
2052,32,6efb70d86d5eabd9e90826e61071fcee0070b7248844aa287c046ca67ec974e8,3.547972330483418,3.564819273913045,-0.016846943429627004
2053,32,260d5fb2978ea5d070308138c0fd5e012a49b6aea5745024881faf83b87012d3,4.023721476671653,3.9949158280619486,0.028805648609704804
2054,32,2ad4b08c4fe694fc2b254de199a909f3804e74f8a8c8dd3189139dce4d0e76ac,4.131546489280026,4.157962512472295,-0.026416023192268767
2055,32,54f5271c50c12b8d42cdafb387919f9d52de0cb06c99552deb1d5dc84b1e8950,4.225120744036758,4.229741707567882,-0.004620963531124289
2056,32,4c54b91e708e6a114aa9a55cdf65120bd81f315373890e5b5d0c46df40011ec5,4.227497915001944,4.246767131740057,-0.019269216738113215
2057,32,d1e2410675ed66f55a03a99fe23f7e28bef3d15075a7d287cca8968d258028d0,4.096602653276648,4.100662653483596,-0.004060000206948189
2058,32,38bb3f5e15292bdc31046855d7f8da725b59d6c8563d5b4159d00724de2263e3,3.887246489555878,3.899881217446307,-0.012634727890429076
2059,32,399085ec6d3e31315129c0796080c0ff8578a4dc7da6078923644e4e16afd446,4.240123805880216,4.262653995545293,-0.02253018966507625
2060,32,d86e84696e86bdfefe41e63887572a4d7eb078e3bf1c179ce881d420392faf2b,3.7844448377217077,3.788952663277314,-0.0045078255556063596
2061,32,ce8c917ee4ccf555e3527aa0457027ca834d3e29ae2e7018dc5ed0237385cc00,3.827364234481081,3.8431568900578554,-0.01579265557677445
2062,32,60a06d1e8a93fd63ab8dcf5bca250364bac8b744e31007722f917d25ed7ab41a,3.930899192796261,3.9591585599683583,-0.028259367172097427
2063,32,1cd1e4f7341606d0306c34bb0676fa325eee2448e6a411d0a95dd1b262c226e2,4.402738467759264,4.426013293881624,-0.023274826122360537
2064,32,50ef8a7a4cf72781440070c823f95100ed0e355ba8aae62d1d3c0b62cdc9425a,3.8853436277880746,3.8842622190246345,0.0010814087634400948
2065,32,6733145d2b5ec9297462d99fbe9393f88df0b0cf5a0f486d47f3326a47e60474,4.169329035202281,4.189817410650619,-0.020488375448337592
2066,32,3e775f0c78d987f2d12f48874381c7a7924eeb3a55dced4a6325b4c2f966303c,4.191549139439758,4.1611772530122835,0.030371886427474237
2067,32,573af6da3cac7509a023b787417ea636c3ce875f647b26c158f95ddef1f66223,3.7269820312507136,3.7320977266125226,-0.005115695361809003
2068,32,799de3daeb3f086ea9e76c03fba1689cddbaa0e21d8dc4342188125c9971d0fb,4.389522332141041,4.355283046133309,0.03423928600773252
2069,32,392e19e4d003f9472b7e9bc57f31fe4b8192d4909de2f7fd38aca051be49a197,4.310007329319205,4.303682271831505,0.006325057487700292
2070,32,5b1a3b6c50a15a96a9e4c72cfee6103f135c8e4bb3379b2b839222df05c28ee0,4.414263632836082,4.382209327287853,0.03205430554822897
2071,32,1a0330c0f8bbcad87787bc8b557e441d7c51e4e90e0567ddef8e5a9e4c139cc5,3.907133641441419,3.943092329216256,-0.03595868777483702
2072,32,4561f5344ccc005d449d6837902d559c7423ce7c4eaa7328d066079d4404b89e,4.252293679949759,4.256836792034903,-0.004543112085144685
2073,32,f45cf233135f75c8f1b3a79e2509bf4cfd6cd6b31f641e24f7c8962c36320d41,4.1704667411832546,4.170641602837463,-0.00017486165420876887
2074,32,1ecdbd212e7d08b4811a763a411f0cc5d170df2111fb443aa77705d546fe51bf,3.980035707385639,3.943842610565042,0.03619309682059679
2075,32,eb266b2ffa881d603fd4dc0d4ab092b1a028af5d91294cd4e7b7466d5f7f89ca,3.6416876605730977,3.629339341360037,0.012348319213060677
2076,32,7d0dc611aecd32f8373186fd5cadf37983c1f5bbba6d2399440f131807dbdbcc,3.622017179618979,3.6342960755450804,-0.01227889592610154
2077,32,e013712ee3a4d9045f20406ad28d9e9ac97b2cf7e446a3e12d7d6a3af8b4071f,3.8554837210616597,3.8758724464599936,-0.020388725398333918
2078,32,d3e93d5feee0533139f3f37c016400beb04f9205936a94632258a6a2b30f8e78,3.8792655074621507,3.8861287501565585,-0.006863242694407745
2079,32,3e414c0a08ad53126fd4bfcd2d165ea24aef162cac73262f8dbd896930ada42b,3.8079793477566,3.8225807669787173,-0.014601419222117329
2080,32,caeac2e30f0dba1539852655c62717b7e00b96693ca9e0b1b57334d54b9b3b2f,3.8055041102406477,3.803664562706601,0.0018395475340469147
2081,32,dc855b965b59c96dfdef275265d376d5428217e69f9c91f83e9c8accfcc9aab4,3.9182939784684976,3.9182055814999472,8.839696855034163e-05
2082,32,fb40217566076588350dcf6a6dad92a30d815f5b8abc7f2cb4595374271ab93b,4.267386916679172,4.253795607670611,0.01359130900856087
2083,32,3c650b5e665eac34f69f8189e1fafbdc47e38fc8827af97e5e3c2c8faf690f6e,3.7857825080391763,3.7431589933048883,0.04262351473428794
2084,32,421baf4c9f5608fb8653e9d70377b682a02fcb6dd5b8bdb337f3e4636145334e,4.434387965915221,4.430868829660767,0.0035191362544537697
2085,32,d12f393e37ca7797cb55440c3a9e1b778becffd9a779ff27347711d08d5e4ae8,3.7911460969936,3.765884900031665,0.025261196961935184
2086,32,676417b846056f9fcc66e988fd7ca367b1d8a05623d1f7f00a396eaf3cfe5fbf,3.8787645940120683,3.8960304820578813,-0.01726588804581297
2087,32,8bc236048f36dcdea835e4807c58a6901f39187c97c68988fdc73447f4e124e6,3.9785409285883517,3.939956182479605,0.038584746108746515
2088,32,f1f2a8a41f189650c148e5d4a4880c784c2f8f16102f801cc6f6500a5cc9f8d0,3.9729806490893367,3.979860270511704,-0.006879621422367421
2089,32,b726381a8b1cd414944f3c49a1ef0c4ee547b34bafaa39f69ff4ced1785af248,4.341527387141696,4.312269473172819,0.029257913968876892
2090,32,0045a779ea8464473669fe665b31cd4b8d8c053e9c1ecb2d780db2ba0370ffc6,3.5866672445078507,3.5632109508842262,0.023456293623624447
2091,32,9326236130099f8c005b0bd53a8b8498a825ae5ed21779e7c6ed2ed40428a459,3.931412014988325,3.943548053689483,-0.012136038701157759
2092,32,48217cf0d9fb6084647e2e880d71f86e72dfacc12f1674948ed981181785c98e,4.05805137726621,4.06290177725694,-0.00485039999072967
2093,32,a687870b00ed042bce01fb38fd3a8d437de28e554b9d7c5ddc3c4d4cec4a0241,4.3433191172007355,4.336242621198636,0.007076496002099475
2094,32,90ebeba03015c8a895118dbcf6c9f22031d5328bf5afeafbbe30925b3ef332c4,4.1682234860034555,4.165271607880285,0.002951878123170104
2095,32,bb0627c0ce0da5c268335b2e866b71ef7ce49385f4faa2cb3460d3cf0fbe10cc,3.9378572343612177,3.9237865312226745,0.014070703138543195
2096,32,d9ad8e8de8cc483a295ad5549d3bdf10eb5ae2c5094177ded19c9bfbac2def5b,3.900394597388189,3.9330341451884436,-0.032639547800254576
2097,32,e8cd8ca184e69359216f443f92eb6acd9dff6aff2dde4567919f3d4c02ee6c43,4.210977904042522,4.229450806213691,-0.018472902171168926
2098,32,daa7b6d39e06534579bea27052d83c23e71ca70b5ca0da5db318290fe7a48f7c,4.010258613525934,4.013331250330907,-0.003072636804972717
2099,32,3161a2f211acbf6d5a6cd6a7e87083248c5ad564805f2019ceb0ece0820a7212,4.286385540802968,4.304981762476018,-0.018596221673050195
2100,32,bcc1e100ace32a3a18570530b0d85da6dcf9fa5a5d1e9fdd01a46a5cd784b069,3.9773664316565203,3.945346403223752,0.0320200284327683
2101,32,8ccc95b95e9ebbca40b04a024601dcfce4665af9960a1ed2ae6f4d63eec7ebb4,3.954113775997623,3.9317442416928827,0.022369534304740313
2102,32,7d13589d03bd68b8548fd773d1b3975437f0260811e08d40e0a5fd651111bdc1,3.5166590305104535,3.5399799698436993,-0.02332093933324586
2103,32,2d55cb77e828e5bdd4d9439fb5ee83bbaaf52c28fd13d4bfff7a082885e69f6b,3.624179667212985,3.607828097880798,0.016351569332186955
2104,32,dadef0cc2b8f87eaea0d1230edd77f070e7c1aaa99d49d118da8d03baeed1bec,3.7785576563059635,3.7790633470450246,-0.0005056907390610377
2105,32,7efc60afa99931e1b443a739e5c0827117549ffaeadefdf9142cbcbac4f51247,4.0941947974707205,4.114065235348789,-0.01987043787806897
2106,32,d1711b7b014193fdef397459426015c97625b606fcde935bbd3eb6952088a925,3.4806563444344647,3.4831943313891713,-0.002537986954706639
2107,32,eb06716691cd1f21c22b6626bde51524a32628ebdce19c50e16b6829e1ec5d20,3.6174877125365583,3.650628134620092,-0.03314042208353385
2108,32,f4c2a4ce15c1b010f1dea43db0a518ffab9a876e5a1a241e10ba2acbd0dc4e93,3.9621717653194537,3.955354216648857,0.006817548670596807
2109,32,05318f0c0f0bfb6bdd2d82290335ecfd509bc876855e8de5aba714af198d9705,4.412516542402045,4.4497561335679165,-0.03723959116587139
2110,32,908833f2550f22eaa121db01798b86ddb1b8360211487ace2f8e9ba67a0ba5d8,4.322543785195194,4.356229872408221,-0.03368608721302735
2111,32,da7b1350186257c8d4f7439191641e9ae5395bf7c0d8fdea661367594f754cec,4.439637729341484,4.421640300942613,0.017997428398871307
2112,33,b70a26d41bb0b4bef2622c1d9d8e4ae5e9bf992e9eba47ad71cca67a6dbf4083,4.294745729199008,4.315472036715107,-0.020726307516099496
2113,33,3c1724830d0b21f4fb6cfc954e1201c3670cdafc1e0074dde5f8cf31af00c248,4.394290420713091,4.415823239183197,-0.021532818470106463
2114,33,b5765b8fbcf6e105cc8dffe19066368d7c2946741e64c91876973b857bbf94c0,4.016418618709075,4.049179175143578,-0.032760556434503485
2115,33,457af6f7e1957f4ee2a532073511b82d9e703cdc81529ed98e3d5fbdbebfe671,4.481495081415289,4.4913696985951646,-0.009874617179875145
2116,33,739e5655ee1146bb5701ddcfa03c10292e32d4a88296786edf4be749af429918,3.909749413072859,3.897205334278169,0.012544078794689995
2117,33,e428965b384c67195907d16959c16e8e248d19618ccca3e7e8df1e5d78a21bd4,3.8330812292065843,3.8563465249065416,-0.023265295699957278
2118,33,4085dbf271f4c87c6d3acac998fcc981ef5c384768852be157ce5d21c699fc4f,4.425571822787219,4.440233367218639,-0.014661544431419316
2119,33,2feffdf05633cc10cc808a7616c58e7f3818141fedbb652a3c233f088b8a838f,4.315665431542584,4.343745902721366,-0.028080471178782318
2120,33,6bd42561093eae7ad6c4cdd7e115c7bbf0425cda9f1b2fa35b8ac63abea3ce8a,4.228878705511306,4.255615327821374,-0.026736622310068014
2121,33,85b2ccbca9254381196daa63266edadae62df7c6d4c8537118b434ba628a5ca7,4.044850303997123,4.080917980379127,-0.03606767638200381
2122,33,f4e805c3108d942d9cc8bd5beec8574f60ba389125f59949e8438a30482a2933,4.250836450819236,4.243154800284373,0.007681650534863138
2123,33,b51b96976f33013bcfad91a3e4d693d4d8e57c6ced6d322951af29529174a406,4.1950337582473765,4.192669066715098,0.0023646915322785844
2124,33,11577893fe2a31eae15790e4afce6babf716d996d1322469c777229d2e00a93f,3.722882955717637,3.7431013269641085,-0.020218371246471634
2125,33,40862677c26a616cf728ff7d2dd16df2ccfa11399402adec8f49251157070299,3.714286397043992,3.6919163041816603,0.022370092862331603
2126,33,858c1075285888ded978cd414efc8bdc9ecf720e54c3cbeb723918942a18be55,4.3707389018914,4.37688875548929,-0.006149853597889887
2127,33,34f1a07fe64438f3e09cea41d3b5b98ddff0a5ce4e835b1c45bf7fcd1261f334,4.079118824808745,4.102185707432795,-0.023066882624050322
2128,33,1236e6ebdcfb75f4227c3008d95655e5c72205eb89b8bb8722b198754042e568,3.742167076116857,3.7599721231041485,-0.017805046987291462
2129,33,fc5711d2da9dbf017ea147ee13065072fed0b68b8930b079196c57642ecbda5b,4.574129654886274,4.549072538301175,0.025057116585099237
2130,33,02150bf2b575f6b39214dc4145674243feef62e9a6bf858a56bffb3ddb62552c,4.435633631854785,4.439174511649398,-0.003540879794613261
2131,33,09accc3e3acaa8cbd3d3369709a15ce7101e69f9bdac822d5a74d2579de02d9f,4.754646374700371,4.775278206306496,-0.02063183160612425
2132,33,7c17a8c3f484f8e87b649d5985a677ff86606983389ba9bc39fc248a10a76ea6,4.198806051944246,4.191829046820544,0.006977005123701474
2133,33,09b0136d310fbb8829cdd1984d9d2488c8f04f70e439a999a8c239473ca3846b,3.3524429258035298,3.38188208821785,-0.029439162414320208
2134,33,8f771b152d9908859b0d2b71ff22bcc36d6a0d2133d2c9377b6dcc7c1dd8277e,3.542338611145375,3.5153396966802184,0.026998914465156787
2135,33,17bd42ebba23d30cd7b18b3a8795a88689024cf16dff09cc5a0cd3bd85265bc1,3.2091525582520717,3.2050062205169354,0.004146337735136285
2136,33,ccab69e62ba2a09e5684c70c2a87a839c4354d274395f0721360b9779b468e92,3.769508671236931,3.740322477116024,0.02918619412090706
2137,33,f6b56bf2ad5aaf8da6d0362a7a252379b54f13d4363b13f95d4208aa2c367dba,3.739988614182735,3.7618402606337753,-0.021851646451040097
2138,33,c61d2d702b28eb4cfdff44dcd9036e13fc4895b49a4cf4f5ca34841f358658b7,3.227651150424208,3.255771786931291,-0.028120636507082963
2139,33,0559d484789864a20a3a17ef5bea1138f6beb38d5b2d875bf3c7bdbea5c2b316,4.053123921209149,4.038680067239937,0.014443853969211773
2140,33,921c2bfac87fb5661b1133a5e7cd7abb1818628f58c7543b34ac7bfd2c207830,5.039469046139516,5.0211098490287895,0.0183591971107262
2141,33,01ee65a968e102d803811e5c1bb471d7cd09830fc5c9cf8849e6a65a1925f579,4.772566391173086,4.8025635373276145,-0.02999714615452831
2142,33,7db9de73641685fc72c084c5dc05ff7932996282c276463d08aafdee60456407,4.451107541934562,4.48728235145586,-0.03617480952129881
2143,33,45372bbfb5c0f05fdafbb7691fc60bd7eb5b0f77ddc223ce5a03e21cb795c9d1,4.433135393491796,4.415139618370517,0.017995775121278257
2144,33,aa86ef55895e246175f17e3c42f35610be1f695df8b20ef79437a72d88ced8d1,4.593988156236037,4.6142296953275945,-0.02024153909155757
2145,33,92113782569607214a3a23d18b26e696d792edfd4fd599319146a0bcb345eda3,3.68492412166961,3.6950671252017173,-0.010143003532107286
2146,33,483d1b8994c6a235bdadd436d5fd7096c1c53a024c91626887f62ae3b9186af5,3.655527722817922,3.6594686250444965,-0.003940902226574394
2147,33,3105df872b6d021c353431d49f73acb8ea17dc9dbe8d9c963f51620645e69b7f,3.8532006190042125,3.931258848477512,-0.07805822947329943
2148,33,b6691eb49696630d69ef83c7753bc179726f61d995d0e889568731fea71dc562,4.146262041612374,4.161186368499159,-0.014924326886784911
2149,33,28bd2a537aa01c07fae3448b141b244f1f4deb999e04b12b2641e14e5b79598e,3.506059072692608,3.536340936490234,-0.030281863797625874
2150,33,c57fa4f0f88104d95fea200449125881121abfe52cb19debf9dda1c91309a660,3.4624129153619805,3.442677943713761,0.019734971648219357
2151,33,54f0d591054e9c7108be316f3b1afe9270a3880cc77fc2e3397a3fec379f6cdc,3.7937992554122957,3.7987681982443746,-0.0049689428320789375
2152,33,4bb88c32ad5976361fd7ce9d77aa60461d4765a98a50f3376874a5a1fe22255d,4.0014351905639955,4.004253302042571,-0.002818111478575247
2153,33,776132c1eb44ab45dd2ec79bbf2e92d30aa3787212ef200ef16a24c21a08763e,4.0219800259639555,4.054163590924247,-0.03218356496029173
2154,33,706e9e9cd878a62ed8e265ea8d40eb1d291cbf2bf28c2f173912ba307a72644f,3.8260438449551657,3.8253988673880315,0.0006449775671342195
2155,33,d97f1acf1d87626273344ae70e8c13b7df1e25d935202737e26d99c5ebccd92d,3.7448909251500027,3.7358036406140513,0.009087284535951312
2156,33,484385883306c99e91c88242256cd22fddc370c9a3028190bbdf64b6b84a3a49,4.461176758191641,4.487841912633485,-0.026665154441843697
2157,33,52d290d17358012694a1e08dddcf521dd6f7a030f569c3e585ce2e007fa168e7,4.311379904849957,4.300457685571587,0.010922219278370449
2158,33,3bdc5be1efd028dbead47f0c49f5ff030710d2827764aa0f6138a027d2c970bf,4.16568506421072,4.155281070875503,0.01040399333521691
2159,33,bf5a8606169d75fb4768f5353bdb5137ca8cc5824e0529b058445f7b01c647ff,2.8516691498848985,2.87531152175481,-0.02364237186991147
2160,33,808c6b32eb7b59d74cb590e9f4b680f60214cb4938717f1d9a64feb91a76a8ff,2.9659648643340972,3.000726000855991,-0.03476113652189383
2161,33,60bb03d892da89b6579d06a5cb309b4dbab014004c184c23119a31a962aeef92,4.467506711088163,4.428007515052741,0.039499196035421846
2162,33,c46f48aa71e8940e830f0d191cc9a148479120388b443345843233faf557b7a6,4.504581602576536,4.507935421481733,-0.0033538189051967038
2163,33,27a0d6e4f2e4c627cf4509531ec8b5cbee3ab0f1bf24b0eaa51a3a8c0b1e038d,3.5281915701515096,3.511305444130784,0.01688612602072581
2164,33,d3d2887042dafa3852fb0dd00cb1b7d798ae01917b41a1a6f1ba6ad13e914b37,3.222134489228381,3.2627172513268192,-0.04058276209843825
2165,33,00ecbf0527010f1af21a82c2072970431b249982eb24270151c55fcb60f3f4aa,4.185645698617208,4.165978732615258,0.019666966001949504
2166,33,5ec3990832675c9e2797b2f337b695f50ec55913b430a6a3275300b3873bb87b,4.086945063351948,4.101171810777942,-0.014226747425993835
2167,33,26d6147ca17a95d36fc9ed3acc2a0184d693a251b79a6d04bd7e60328790fc0c,4.035416957392613,4.0310819959403545,0.004334961452258312
2168,33,b292afe7053f66de273fd5ae8a78fec72d8bc7819e3f6d0b5437aba816c3cf00,4.039351437527785,4.098084058376799,-0.05873262084901398
2169,33,e385c48d6f99d3c713182293195d16285bb7f3cb7d41fa760eb50dc5524113ac,4.07937545593586,4.102181511232743,-0.022806055296882732
2170,33,89a0456081c305894b4dded1eb13fac611b7dba15197c2c0b522ea3b9e2732e0,4.5779175386199995,4.592586932913946,-0.014669394293946425
2171,33,b5ea945938ad7e01565caa727326bfbc6facf6d6377515a1c8343f077b945d44,4.173244655713006,4.137740018781869,0.0355046369311367
2172,33,9898e77f0257cd91f8a5a22288eef9c814421a95fd6539c1b66aba3f06c8059a,3.9684069309992083,3.960041950978848,0.008364980020360235
2173,33,f9ab254cd8f3a9ca5d37c8385324c0fbccebc5b9ae8a1cf88f607409f6f9924c,4.131392760745712,4.121233442940593,0.010159317805118917
2174,33,ba5b34cd0b403bf6b3b1f2c867977ca93c16c7e7240b5a6921e014a11d29a7f1,3.9013335654750136,3.903317474752889,-0.0019839092778752843
2175,33,85b79da2bdedfbf9cd537d1b9e6685b4f987ddf80fbb496f0f49ac36bfa539e5,3.947840865725418,3.9260586648342795,0.02178220089113836
2176,34,a89c6f88d3edf2ef355d2e12f64870c52a1422c6858508aa7c79267d9f010f30,4.267060912553234,4.30143210540632,-0.03437119285308654
2177,34,bd2802870ab98bd87d92f8a4d7c45a572131c145103c4916cec4d32a11a07a54,4.848861024788675,4.85067253940224,-0.0018115146135642135
2178,34,d00cdce5b68c7c54b2b4507ea9fa3a4845c210becbe5c4c49b95230118c9e5d4,4.825913570214425,4.837226872403335,-0.011313302188909802
2179,34,d134d5f52eb409d7e1bb54f59b37099b2290f1be28e4c44c3f20628ae7ed1d3d,4.682648283180242,4.673639946142885,0.009008337037357705
2180,34,809210beb287c1232386ccd8a30667f3dfe0ff2a8ba4c72fa806033a39639def,4.4973074347112245,4.508474390027658,-0.011166955316433302
2181,34,e97307359ea3cd783e1205e2791abf3cc860890f835b7d89f10d1929eeb3b8c0,3.888510006243223,3.890903321888345,-0.0023933156451221294
2182,34,f655be643b68e22176491d5c5348b2daa5972679b9e23464558abb6158ba2104,3.8349971911946774,3.8097877755768295,0.025209415617847952
2183,34,efb63c41c0482427b6b5e54851748ebf92c2c977abab4701df137971447dc9a2,4.159652742370412,4.162014207698348,-0.002361465327936685
2184,34,27b562868bbcf7816ef0b5a4d46f079599bf85aff91661e11b3c026764c7e9b0,4.24624097578544,4.236711253161502,0.009529722623938142
2185,34,d5b111ec4c407560d90cc2b561d469cfeed35407299c3ed01014619ce80abc21,4.253022477956378,4.277740651153337,-0.024718173196959015
2186,34,aa9750d0100fa8875da22c54f4555e00bec95347bc53bdad42e9ebccfa415a98,3.7153837818301554,3.7397803214419127,-0.024396539611757362
2187,34,7e82360b68733cd14c6bff974eec3505b0b8c21533d1dcb9c177e53e0a75c69c,3.851967442368654,3.8616881958184877,-0.009720753449833808
2188,34,cd738142fee83faf7c0257028b64e0fd4ef151076a303c25e76e55d64aece3ab,4.13725476329887,4.147183908320471,-0.009929145021601471
2189,34,677bdb7ad9542d2630ebb39520eb46e64c77227179fc08e3c1cc9e23fbb958e2,4.072920941612097,4.069620516310977,0.003300425301119958
2190,34,dabaec8f81f497aef02ee277bdf56206e8d28751d2d44cff99d49cf55ea9a302,4.373473587991839,4.361719754668911,0.011753833322927676
2191,34,fd00a7e52d7bfd9d39e7837deb705cc6acad7b2de3ea5a50552cf77e504a3704,4.404552667959592,4.421418990184634,-0.016866322225041586
2192,34,f2a4f1f2a945ded0314e9287572877f96f6c29fde7ec2994f912b4c79655d1fd,4.367791053329881,4.394619115705098,-0.026828062375216177
2193,34,b4bd1ed245773840b32f2a615ecc8384c925b42e2429d36d3df46e10451ce885,4.225854688444997,4.24449188681433,-0.01863719836933342
2194,34,f7da52132f733c9991af2e4cc56d0a715083d70eeb4ee1f2717480982419bf9e,4.301993797245473,4.343594743385665,-0.04160094614019272
2195,34,a26c9416b517b6e89df83c57e2ddb9d3245a5f9b2b41eff7b260a02edc6e2d61,3.852507277468021,3.8341082469841012,0.018399030483919887
2196,34,1774908b753d35a7dc90055b9f6e1467506d7727377b3f912ab758810f8c9fb6,3.9231062756757638,3.9112364415941556,0.011869834081608133
2197,34,c2051315da2c958b90dcca9d3651da431473aa243f2111dca7a4e9f4bc396410,4.3888101493421345,4.379974560988103,0.008835588354031643
2198,34,1aba297f41eb2978f96e34d027490e8e75f2e28a97182a8fdbef1b3925551290,3.9859193316565324,3.981177812854753,0.004741518801779421
2199,34,a513b0659fa13a22f1770954915a0af025d40bd92b43d495751f44ebd9fdbdea,4.098385626967911,4.11602148371685,-0.01763585674893875
2200,34,9215399d5dbe0e26c8c01d61b5fed2e22555622140c3dc501175f48b185b96bd,4.248827736631938,4.259559648558479,-0.010731911926541216
2201,34,ddb7e023275448ed98c098a60d8a47752d5ed854493b7a56c8aff3488cdcb62f,4.094060389624701,4.084324067578564,0.009736322046137502
2202,34,9003a233457dc3c098793b95113941303ee56aea09ecf1454aae28868bd16c68,3.9512019121335697,3.9654283846032286,-0.014226472469658802
2203,34,b861ba19d10e346bba2a36b75294d2dde84ef9c79fe3f59fe7866669228a3d16,4.41548048727384,4.423873282927389,-0.008392795653549001
2204,34,ff87e1b16605eb15402bbf2fb59e3507a3a93ef18ca7f7b4c594cdb646593a75,4.081859653627987,4.073828819500591,0.008030834127396247
2205,34,78ecc9b9a04f53ce9d1a8e1ebd58f2e1bf9b7247c833307849a8a98f26200aed,4.022198827693501,4.013558057484033,0.008640770209467519
2206,34,0093adcd36b07805031c0189fe9888ca1c89e219262ba1484def75eb6202f18a,4.16255584628334,4.195132607960204,-0.03257676167686441
2207,34,100cf3b7d31c4ad2ce5bde4cdf727cf993d99f4f92668f00da944d5180b641b8,3.8690617960094187,3.918289644351262,-0.04922784834184313
2208,34,88be58c88a77e6053b9edf3dee54464a037f2abf69372eb290a60ac0e65ccb12,4.124671089723478,4.108755553914563,0.015915535808915138
2209,34,53a96ab53546ba1175b3f99842accd8d6dd9b1a9801955c80e1b9b27d72a6dc7,3.935876564160367,3.911210564252883,0.024665999907483638
2210,34,444cd9c14c24a80c4b9e3a59c3957a802d62a2cfcc8f9cca403f13b501fdfae1,4.09749988572716,4.121853697863429,-0.02435381213626897
2211,34,dd9ff978a837d6e830eb9d099c1edf8aded6cdee9d4df9517bcfafff53c45157,3.8521336883798085,3.8311501192301876,0.020983569149620962
2212,34,b77fe5c2c983a729f0cd202d98fbe0af4a6802ff166c8ae92de431b45574449d,3.8624450481224812,3.8404510490663597,0.021993999056121538
2213,34,ebc9e8f58830778763269ff74a68af1cfe2c3a7c3b9ac72f09ace26076492ed3,3.6859799551484684,3.723965663454692,-0.03798570830622339
2214,34,a2e08116fa7f5d9511a2384682f500c9e514100fe7a8641ea94b5fb4866c1ebd,4.050600097743654,4.092120250780454,-0.041520153036799456
2215,34,0e3fafeda9ca975fabd2f5f3e0119b4d8b9df74b4ad091d4622a368adf1378a5,4.4337153034167045,4.470174158301006,-0.03645885488430167
2216,34,c4357a3ddcb022bc161c240fb98afbedbab37dc2c0fa979e6a6721c1b712cbc8,4.562557917159111,4.578153427366146,-0.01559551020703509
2217,34,0be1e98878f5b52522a8696836e31ee5353a75df2c87679e321cb87855e77d83,4.242896143668048,4.217387015683357,0.02550912798469085
2218,34,766de2825a3e2379fce6811c06f681cf1ac74056c5f8787d75de5f99a691c41c,3.721663028987834,3.7346973093244173,-0.013034280336583492
2219,34,6c99121f847b496bf8f0d3aae0f6dac0e4d7b75e640f0b2c35c22544ef72813a,3.5473230807902283,3.556211389265897,-0.008888308475668794
2220,34,aa1909af49a52d1b545564991bbfcac9fca04b5cc20e8a888cffc96fa4686ea7,3.68321753154612,3.660929992653564,0.022287538892555858
2221,34,72d75c46f4fedf39926c21cac3674eb7f2d62eb34acfc9a0b9cd9ad0c1442d66,4.19465869160868,4.210926740377033,-0.016268048768353083
2222,34,dd73a593c6851dfdad5c7e1d16eb430c444983e20e54e4be100ff9aa4a56162b,3.900084470246952,3.8851841426900364,0.014900327556915727
2223,34,88fc641930d4dff2981d4ce3b920731c7cc5f2ad0ae3841bc5769fa9b2e5963c,3.7743626538463104,3.783232749317449,-0.008870095471138484
2224,34,e1e5a96846d45af8468e42e1df44bc7cf5ad7402cf233da2e5862ba25dd59ad0,4.20293457855405,4.220026703711255,-0.017092125157205373
2225,34,a522cf2984c7ff48595405c56b7417fea942d12d59946c94a2b936c12e4d5b4f,4.0335695944945655,4.060753077334084,-0.027183482839518547
2226,34,6f2d8fbde9983d018e9edc2f1a3f3ca75b33c87a21fe2856844ab5f1f89ecd32,3.8621991109999954,3.894813531951627,-0.03261442095163147
2227,34,47ada5b11cf214aafee31826c3dfdd68261ed8e7e059f8b10d03d9c5a2a14dbc,3.73022314243633,3.6752320176896944,0.05499112474663548
2228,34,7349b3b4c87359e61915184b265000c6c9ee310edfdfed4a5094c9659d22933a,4.471917329251596,4.443771988593255,0.028145340658340956
2229,34,9ffed9ede79b1d18e41cab382d4f4804f499a61aaf410e1d15fca2796285927b,3.9557308961683475,3.949053939503983,0.0066769566643642975
2230,34,a1f9c692239d437f34d8ccd22e4b77fd24cc6e9c3424f0add8e75843545ffa4a,4.362577960145984,4.334242186487984,0.028335773658000107
2231,34,7b5abf562a8aba1824bdc472525bf442429bc8f5e73133064a9d89eac511b27a,4.217103111839208,4.212880274146926,0.004222837692282155
2232,34,b0e338059d1ece19cc4045c7c5301ffda54e606fc3240e41a676664304cfcddc,4.08108279300933,4.113489461285809,-0.03240666827647942
2233,34,ae5461893b02b2a4067e5e0832590a5cd48794e82974eede9b14b94aab7e86c6,4.03763684730319,3.9968311174733344,0.040805729829855863
2234,34,d309a95ec6dbe1b66e17d88b8dd91a7c25bf713de3348f7f449bb363ac324a68,3.765370482391404,3.7943680157156905,-0.02899753332428645
2235,34,26249af3e458016b2899540c7f7d7da620ffb034393c07e6e51bc78f452e9e0c,3.7469637243916054,3.7785711045834205,-0.03160738019181508
2236,34,1dcc0faf84a2a1b7f46e978606fed56739396a72482525c7436badc03e19c128,3.955751060864202,4.0160607518059805,-0.060309690941778626
2237,34,1c7756aed77eae80b0e2cb0d4b663c42b91f67fc59a77412add109aab009f1a3,4.7345563292393535,4.689174333158917,0.04538199608043669
2238,34,4a01d44aca555a05894d02701e03c32d1b0befe0f283cd97a8296fcb10e11042,4.044834799033794,4.020384549040557,0.02445024999323664
2239,34,d20e69989039d800cbd3268483d3066c7b1503b337730060dd17dd73db03091b,4.351438001299698,4.321669212887855,0.02976878841184316
2240,35,45b1eff741eeb893ce6bb62d512d71652da5e008a5c89f19aa27080eeed5ff0f,4.005382046929412,3.987456058023099,0.01792598890631325
2241,35,0a16e96b5851e4b2d7d5ac6746d1cf510a8e59a07d5b71d847e1e0ace2d85bde,4.351445604559103,4.382652352335754,-0.031206747776650445
2242,35,73d157044b88a39fbf8350a14c3caeaeea3136614347530954c8766617dd35b9,3.623506846984302,3.630024997925947,-0.0065181509416447625
2243,35,7a800167559e22b4a13f3abeef8e4463530c11fa0bbb558dc12cd56114c86b73,3.6177350897502976,3.6305239992409497,-0.012788909490652145
2244,35,4668fcb4f7ec6f4f275bf82a2df7ae2811fd5cd4c7659e7e1859a35068f4faac,4.203585443296419,4.22453351262088,-0.02094806932446147
2245,35,e146ba72ba2eca8194f4d64cafaa3614c1a5b4c6ff8c4f73daa573dfbc36cfe6,4.191044186738836,4.2021127735388575,-0.011068586800021762
2246,35,241937729c68baaf7789cde8a0a4302244bbd908a5d69ec5b6672839ac939a17,4.215277204323776,4.210481254937292,0.0047959493864837555
2247,35,eab9d8a1a5bb64bead90c7fcd80aecb73488319a3175f9fc11a123e3585f8aa7,4.022099892162942,4.027221291206843,-0.005121399043900965
2248,35,5e818fccea94b11e6d915453a521ee000a9d3d88e74358ce5cb2c317f9389c03,3.538009549179634,3.6013485222494808,-0.06333897306984682
2249,35,7dbed9c355456cbcd4834f5a3cbb7b01b7f717d456509a7c7c1574cd686e7bf5,4.0015947599065385,4.0069583554840165,-0.005363595577478009
2250,35,ce9404987f1959948f091bac31e54f90d370b3e2ffb9cea3b33100fb5e604f4a,4.634370058037234,4.65067942831007,-0.016309370272836077
2251,35,400bcd6dc9969fc17bd0fda8504603b45cc9827982c673d1262a2dcedf55965a,4.06874998918488,4.079415915032996,-0.010665925848115876
2252,35,7739430b931542ae23077eb99c322d57358fb015419ec87999ba7c8d87dc3610,4.396150357710212,4.3771005474070535,0.019049810303158665
2253,35,b76bc4ee36ef594545daf509e530ee6c09e874039f0d7996d21bb2b9c7fdb0c9,4.420477226756702,4.439042717007851,-0.01856549025114873
2254,35,93bd35c794e4b8aeb801768d24fd7a28dfe91cc48ca51dba36f4eaaeacb5fb5a,4.127416320228697,4.149952790407049,-0.02253647017835192
2255,35,0031636d60a14f5c8b0eb5ffe7f5b2feae6f28ea43e2c83f82febcab7816c8ae,3.8119842570283993,3.821724723127602,-0.00974046609920265
2256,35,5588875429a8101400071e6fc82c1e49fc3b7bb2f316ff1c79f020bb7678394a,2.656184895947746,2.6614889861410234,-0.005304090193277489
2257,35,8b7c7f98180cb848fa768d79c396acb23d6bfe1cd5a81e9a4c06658c5a1be99c,4.041290053042836,4.067936456886073,-0.026646403843237465
2258,35,6207728c98fa746587b8ec8aa9f4604b63ae3ec57aa2165c2098708cf54458fa,3.596383993653234,3.5777406183457288,0.01864337530750504
2259,35,d29f23f141666dfef9e51d0f82caf60ba3704d9d8cdd86101c8303e32c1009da,3.4358621992939717,3.426269936956075,0.009592262337896784
2260,35,65b15b9a83f3aac4aa466e463b469e366b2dd4b0c349a3d65cb49dd4835706df,3.844921714409068,3.858665179401214,-0.01374346499214596
2261,35,0c204f348833c3c274cceedd8a19437b779317c860997215da7fe52893005d19,3.6650229401579963,3.666401732863733,-0.0013787927057364868
2262,35,cdbca0064e426564ccc4416608ba72c0d9d23b71ca0543465bc7256f18c7615f,4.019009664170881,3.9838828461003786,0.035126818070502
2263,35,b573ea3e14e22e33fb5e5c34fc33f82f0557ca7cedba2386ad68350b8e70e918,4.105904159146462,4.085501938004938,0.02040222114152357
2264,35,f09d860ee1e5921f52bddc9f2de0e5d93423af32a0ccaddd3d123cc733263dd0,3.8975555905441865,3.951858794432468,-0.05430320388828136
2265,35,626d8757d3b8337a046f4e6c64f6095eb64772d2c53d8e2e7f5b5b098f243ed6,4.124893282897119,4.140170949552157,-0.015277666655038047
2266,35,890c55d628701af141220acb06ea7db0ad41144cf8387bc1f09ffc4ffdf9fc74,4.135392181177167,4.154680441325013,-0.019288260147845904
2267,35,27a29208e1548286b044b36ec54f88779a55f04e18adc614c440864bcdc04cd4,3.6755003810594644,3.6671306271682624,0.008369753891201981
2268,35,989a83582f194fea24c8a9b120d0c8384db56894395b27a769edab361f210b8a,3.668393588446218,3.6511263309702713,0.017267257475946707
2269,35,287a9a9d0f0e7ff3c4ba6961238411267a7a408bda740a842c3f730c956a1732,3.994286948042607,3.9824527387931994,0.011834209249407479
2270,35,1217d5dbb6583be505340bdbf7b22444d2758cae72e086f381600f3144373fcf,3.8573338844623777,3.8513146672010805,0.006019217261297172
2271,35,9a9a8c606be80228c1870be527c3e45a6752fd479f88039842f08ce31b4b5d72,3.5803700534414418,3.5842152532453753,-0.0038451998039334967
2272,35,563e2a14290f4f6d5a24cc637a053cf1c7ca5ac75f815e7e2cadbe8a57b65d38,3.990191227796288,4.011893495221358,-0.021702267425069977
2273,35,4e26f91aabdc999211a45f13b5b4696f2299ecdf2c42f190d32c8035b4a3996d,4.161538426349907,4.173523047836063,-0.011984621486156755
2274,35,f772d2f3f05bcbb5cda8bb1c84c4a0c8e1400b25a142a94f282babe2cb13a160,4.0324788387003565,4.007067560597378,0.02541127810297894
2275,35,809e383a035e3d0f01709a7bf7e6b9c20b3483ed7f2e8a69fe52838fbe10586a,4.200946335792821,4.200255498297423,0.0006908374953980001
2276,35,a21e4911323d8a01aab57d56f72dce65f227d59167fad04428a155f11898555a,3.940256214493999,3.9674064955299,-0.027150281035901003
2277,35,4ded5658fb9160ea423e66ea170dda05d18409a6c30bcf097fd7b653a449415d,4.188625393033419,4.2027470991791915,-0.01412170614577235
2278,35,082543823c709e7da2a006f7a9057a36a235c6b41aa453c83d2922778e216a7d,3.7471590280350995,3.7396077669883283,0.007551261046771174
2279,35,c43fe5784e72571f3997aa937d1ae877d47d268113cce9f6b5dd238ee144229b,3.879527966322513,3.887715792141705,-0.008187825819192085
2280,35,9a59ee97811a9cec59abe902b865f4277575ee07b0b35d14b21f65ec48700855,4.022239726146381,4.015719747012213,0.006519979134168352
2281,35,550e89c125b8c51268dc8b879298183838d6ba7cf4ea2690539503c400a8476e,3.6560539830084053,3.608594097804371,0.047459885204034435
2282,35,8815140876846e9c9d2672ccc3eb693a5ec6485ff95e5543c8edb2b634f54da2,3.7130071170502106,3.739209889750896,-0.026202772700685273
2283,35,304e99470a693297a347bd766f61f9b66cecb56da93f41a756bb44ae20ef4b09,3.5985988401436657,3.626017239302712,-0.027418399159046203
2284,35,1ece2d9f4630d74c4485446e728ec80e091e98d4b3023e647c9c6998df645648,2.4379014314675604,2.480783919920718,-0.04288248845315756
2285,35,9866d6b74a1cbe5f8840dce2130bf9f7e48e31e11114d9a3194484fc13092dc7,3.828565807647479,3.852451258691275,-0.023885451043796024
2286,35,41a91b178229105c8fb39547110f4ce3c9982e0377d0f82d0645b8a53994eac8,4.033290978163109,4.021749094742049,0.011541883421060106
2287,35,86bdadb9d9b53bd52f4e8708d7441866d4b7a6d4172e1c4c838cdf92c937c275,3.4552847937030293,3.445549075440539,0.009735718262490423
2288,35,a4e86be847c281cfea22e35a478b0b0aa15d2a7b69c99879f0dab5d9c853e671,3.741309768215416,3.749177511790762,-0.007867743575346253
2289,35,7828da6ea8343376fc66c6194674dd8c87119ccfb350d02b064607dd3d55b509,4.156534265065716,4.136844546762632,0.01968971830308419
2290,35,9f34dd63b722eb247859fa46bd4f629f9732beb6a230dc7127101f00cd73a5bd,3.789495452547939,3.7599403559049733,0.02955509664296585
2291,35,b0728577444de632e5baff8079fcf88d247e74315968bdccf8fa94a4da409ee2,4.121302631723893,4.137433968162441,-0.016131336438547805
2292,35,99b31fe4845898bb90dd39045ee98b1f8bff34a998b054b2d9439e7730e550dd,3.7812710372159444,3.767925389943372,0.013345647272572592
2293,35,409b445f7b3a6f5663298c51b8dc55a72893c64cf8d34a47c83d606e7ada1677,4.167532169827211,4.175193167796124,-0.0076609979689123975
2294,35,c8ebe4e6062e82a255b3315c2020c15cd385061ced94a1badfd40d7502c30d3f,4.308902613856731,4.328284186547762,-0.01938157269103158
2295,35,2cd70b4c39fad8391be482c68a09717c4ac963a7eca594bcf8594ac75a5c5bae,3.9066092279757925,3.896890142442089,0.009719085533703264
2296,35,af91c64472d7676ccfcfd09c77c0425616acc6428948e2bbf9ddfd7bffe3f6ed,4.0986541413037685,4.069522059143537,0.02913208216023122
2297,35,75fdce0970376291713fbab473eeb3e49f2218c386cd4b1cc00a914de2c8ae4f,4.14269316461656,4.198950655129352,-0.05625749051279172
2298,35,26b1621aa6b84ca13d50d8e5307c00353a30b6f12772222289152f0747ea4535,4.035490608919403,4.043822590002648,-0.008331981083244955
2299,35,657bdd63a8126eb83f77712c06f06ba1d8106cb5363aade4a2d1fe9f8326aa57,4.279774662418276,4.289898121872284,-0.010123459454007389
2300,35,1a26d5da4ed505b04e956e7a1f3791b55bd8e3bd402f50e03244878324835ac9,4.0834394733695945,4.066858632683534,0.016580840686060583
2301,35,a5755e9255ef74ed59ef202e1e78c6cb5913c8e2f542b5c0c8d8310e163a8e6b,4.091521612330041,4.104919585873802,-0.0133979735437606
2302,35,5351b9f628f432d17468bd404535f1df0943f8a4e004ea28aacf146187ea058a,4.207782152304446,4.226900669681356,-0.01911851737690995
2303,35,81b829afc6762e08cebbbeb0247aa5eced255e7054f28f57957f721ad4090b40,3.7020412115934143,3.715589417513641,-0.013548205920226764
2304,36,582c2b01cf12702bbcdc3a1d483f9d253d0014f0ba7ca50ff46cb9b43f359426,3.7836320564763497,3.807897604452556,-0.024265547976206392
2305,36,e4c45c56b400d54bf4077055636a0b201ff328c71435dd49f9236eee476938a9,4.116142021764725,4.133000188541255,-0.016858166776529515
2306,36,1df48a38fd239b54281c6cbbbed0c003d4244488dcb6a766683b230e59066b62,4.277479861386567,4.3043621638502,-0.026882302463633323
2307,36,4827521158f706a98e4d1c4b56d96c090bf4af907bf8bec84445d66cff32cdb5,4.500134815911451,4.485407206504078,0.014727609407373166
2308,36,ca587e0cd7abc04543dea952d79688e51d9bcfddcdee9215a1dd2be8081f195e,4.713103142589944,4.710512928655817,0.0025902139341269503
2309,36,0e8d3a77e2338c398021c7890b42363e9b2a5a61cdfa03d9deb5750d7846e584,4.8258608485275545,4.835904490849998,-0.010043642322443702
2310,36,f7f54b953f01d5d6b86c95b2f24b0f0040a062c91c1b5757e24d1d445e87cd20,4.778856456652193,4.782950491887846,-0.004094035235652882
2311,36,f112fa969eb385ee149cee7732bb681f91b4e407d137b26c345ab0dec0fe2c71,4.829753931245477,4.791795775690275,0.03795815555520221
2312,36,aa4c26c5cde279f6133c1d7f906fde3971d769651f61f61c67bf178979cb7ec5,4.668442950024428,4.671011506979596,-0.002568556955168333
2313,36,38da6db8558b91039fa88fcc885359ce88515652740e6b754aca94ac8593dc14,4.577551926855449,4.566600149063561,0.010951777791888162
2314,36,90392848cca5445de605e8ca83ac59cd02253de65816e9cffccdd2def82d64cf,4.631515267219129,4.632931313536119,-0.001416046316990105
2315,36,fba61c54574f57a02c91a79ac5d66524488410db534bc075b213a08a547f7bd9,4.501146399510503,4.468424602576192,0.03272179693431099
2316,36,391c41cf77f071bbe80bdb69f7ac754b48563cfce7376ab69c55d8b799235f9f,4.369086266157865,4.350995308597703,0.01809095756016177
2317,36,846344b1d7a27a3626ba434d97dd68a57c78e726a31a2cd874ea662734570844,4.039914732753459,4.001826412794998,0.038088319958461625
2318,36,663b0dfb49a42b1e30873eb98cbba54e46809bbbdd3894a5ba2bfd33119f45ad,4.079351088528753,4.088377308954485,-0.009026220425731424
2319,36,ad4b1408dc8505b33b5360b1e70386a7a274523c03addb58922f75c231a22000,4.198760707230008,4.2317229874031455,-0.032962280173137515
2320,36,10e89b18b1bc5016a9b2254c6252b50c8217efbcfc7243b58cf110d635a43522,4.09823227575157,4.075702262772779,0.022530012978791092
2321,36,23605acbfd6422209995813189cf92820fa5f0a092e236e6cda57cb8b178e8bc,3.7315430718082645,3.756229355662356,-0.02468628385409133
2322,36,21c32ed605e70b075b10aba37dc51c4b195303ff4ae1dca776ae937de55505b8,3.314646886026509,3.3084484356098613,0.006198450416647461
2323,36,ec55fa85403da65d4544f3dc20cccd1ed54b5afdd13bb4439b6c336d807aef91,3.6593657355404545,3.6983664026134306,-0.039000667072976114
2324,36,99a1567fd86c0c82dc30f945b8f32aedfb4cfb89d21b978129bb41e131221835,4.0399620593211125,4.055509314636211,-0.015547255315098596
2325,36,994faf138f5b92c21f3049298c90ac45bf17f4f2123f6f49f30c1aa070d9f758,4.204457659665707,4.215823283372458,-0.011365623706751649
2326,36,edca439d159369e839db44e33424a7436f2cd03fc40766ca3da9c9a88311a04c,3.809524737433094,3.8129832264542074,-0.0034584890211135644
2327,36,7465db94cfeda2c8b7c8af67b96098b95f5fc7682ceb5c4ebb47079d02462c11,4.254025308542879,4.30650382552767,-0.05247851698479167
2328,36,b593d0f725419c7e10f23d74e0042065e3ab2d6d197e9285ee1d1fb0424c850a,3.948343969241307,3.9646014846573507,-0.01625751541604359
2329,36,26a97599ba6b70f6a02f2f9c6e7450d6f9ffb63e7b68855cdae89c0c6ffeb713,4.379431183491818,4.368782030010038,0.010649153481779194
2330,36,8b0833d928a50df478337e681a86ed3382f2c1979b4d5789223d8833ef4f19b9,5.077011028734972,5.1037006894916885,-0.026689660756716194
2331,36,01e317995c7f95afc377f43a197095af150bfbcbee58320c11bf99b638587d7a,4.166196925505574,4.172761755355282,-0.006564829849708076
2332,36,6010aa488749f2a6ff9a5f64947419139c21199d7ffb44d0f6bd9892260d0c19,4.059783339805563,4.030622575925122,0.029160763880440754
2333,36,d24e9ad648977b714b5d0896c026f05601aac4a32a2f6e776e8ae8cd9d0ee356,4.201435265994064,4.209430225682581,-0.007994959688517156
2334,36,674fed297852911250c3ef26c6bdc888d23c6efce6f6da84ddc8f410ba00c044,4.189334870816765,4.225483441596225,-0.03614857077945999
2335,36,9577180ad208e62453e2f271edcd61e333e76cfc7df482199f3207cff4962fd0,4.2891394062421,4.304889935120059,-0.015750528877958914
2336,36,d614576fe8eeffc693e87dd32851ee7154ef8951043964b2250669170a90dc2b,4.645621369485866,4.661684981182248,-0.016063611696381486
2337,36,542a2065fe8c403c6f0d5489a743039b188c53baa7362ff06dbb9753af574e10,3.872109840245173,3.8655807803818334,0.006529059863339626
2338,36,078f305c5c3be73b6601ab2518860d613be39fa17d3ab841f11439139495ed91,4.351743336613936,4.343966642656881,0.0077766939570551585
2339,36,70fc42141dc7e3df401cd6011c6a22d278daf02bfca1d71e7e7ad6e47b4f05eb,4.062452757773144,4.137204291715761,-0.07475153394261724
2340,36,ebd49215eda3a85bd4182dc100f63ae9c22b2166c38c01487faf19307420ab40,3.8733564406258267,3.9188374590332558,-0.04548101840742902
2341,36,fd9ed2b773f328ea777234c775f8d5f11c95674890362615ff504edcb6a2eccc,3.6516888359511483,3.622307148283653,0.02938168766749527
2342,36,c9a5a085ff3958631845be75e583957092f7de5b4ff78ca30f3887b49ba5aaa9,3.8979744518413213,3.8983305401460484,-0.00035608830472710906
2343,36,0d9b9cfeeb1bebc10abf59e8e8850004be27ec9add99ec2fb825b26b3740de49,3.9137979327840924,3.9128213001257848,0.000976632658307608
2344,36,b73e21126ead426ea355a0c6a06a44db7d7462028bc6bb73c16ee26144786781,3.9695898531850844,3.9434440793055785,0.026145773879505896
2345,36,dc12e5ea7698d91f84faa93417a32d71a8e0beaa0e5c964a894d821b42499400,4.166915321452734,4.214895548926165,-0.047980227473431114
2346,36,751eb3332efca8954969c45c9538fe04e89ad51f223d79424c34dc398f17e6fa,3.879512117454624,3.892768273310139,-0.013256155855515317
2347,36,a67cca7e1575474da41111418c6e6fbfd09296cef281345a58f4b1ff91c599f0,3.1986698058905745,3.213464690324553,-0.014794884433978694
2348,36,37a37010cac3f6fe311284b1337a2e32c71da046987be26b220fdc6cb3462fa3,3.4967360265679375,3.500020632601675,-0.0032846060337377025
2349,36,6955f551d651fbc2d205f84f184c10c5e68db27ae3f456690533b285e666396f,4.057326630037892,4.088834601582505,-0.031507971544613156
2350,36,ecc8e614e230d868aeddbf6d00573be5f5c5501bc1a1e401ebe1db5f0fed328c,3.991414564040859,4.041146334932385,-0.04973177089152614
2351,36,5a1b0d99d942f79c5d68bb0f1e8bf77588664b7c6e02f27f22871d5547d834a8,3.785541969524573,3.8211467265263366,-0.03560475700176369
2352,36,d28475966cec35973fc76546a4a0a54eebee997b591ee983425715e32ecc2b05,4.052511127450671,4.060215939738136,-0.0077048122874643354
2353,36,79e1c9334bc6973aac7778cc1aa4b1c5ee99691fcb750f8da6c75c6910e88f72,4.409726576418457,4.430490095532761,-0.020763519114304074
2354,36,8ff018dbb5d6f1ddcc7deb5a33650d5881db98c97d06002f12223ffe22307ef2,3.7777795997758403,3.776412305990789,0.0013672937850515154
2355,36,885ea86d8f0161ae5f318a6967e26d57236574497bed9f5cd251f40d2615caa9,3.471165089698218,3.4616984811372618,0.009466608560956047
2356,36,e99c6fdc9ff3b6e38cb33be4570b43a92ff52cfa86bec926bc5f4d2eed80df25,3.8176070677126077,3.8387668379826607,-0.021159770270053002
2357,36,0bd2d8449c25c6cef9d98c8e0b2c402871e18f6b406fedf218256d258d20defb,4.1807363557521455,4.189859276523634,-0.009122920771488907
2358,36,3182993cd8be1ea42bcd20f1aa322a1e85c003ca2f73a293187ab1b6fe28d911,4.167065872636954,4.1899796459055665,-0.02291377326861266
2359,36,b93b8b1c696955c6e49e4ed19705851dce7b11de836246524012209d981cc346,4.362252367971905,4.412364116377148,-0.050111748405242906
2360,36,2b10453379ea66ffef941b363d6770a82965f20ed8016d6e5d4a988ffc14f1ff,4.49573887093743,4.511584218049393,-0.015845347111962838
2361,36,b6045c5571ca97c1d228f459d4586382b10c6fb60184962d89f2a248ddfc9abb,3.990011957336691,3.9694308301876617,0.020581127149029044
2362,36,343b1eac1d5543f64ca1782d6a3b32cbe12f2febe539ac0971677aff1f1a4927,3.6668608784359833,3.669817485782403,-0.0029566073464195597
2363,36,4653cb352e732aba4ca3754ca411c944b86be76cd653d3f4171db44e7b6ad19f,3.9070886969634557,3.8840663942011133,0.023022302762342406
2364,36,5e12cea58442ffccc8b6a66a94a7e512963046a75f132f67717c68054dd72f8b,4.031681158666174,4.03627277036702,-0.004591611700845988
2365,36,af7f7abff01cd8a8b78b3e3c4a90934eb7a731d23a7d7ca30f6e76679bb8a222,4.022653966199567,3.994775700957142,0.02787826524242476
2366,36,ed68ae38ba0c0a0b4b57fde080d419d1f3281dfe5299c4cc41eea30bca9cfa9b,4.274377117639972,4.243099385135309,0.03127773250466248
2367,36,7023a1d71ae87a1b8ae566bb44b2c533145b912296b79ce8463a8a091527d9f6,4.188498590770649,4.195351082442414,-0.0068524916717649376
2368,37,69a4c622c93f78cd077d3377fb564c429946bbc616d804fe4c2a434ae1b2683f,4.045564485166125,4.082089568072206,-0.03652508290608125
2369,37,5104376c0bb4a798662051690a1585a3ee8a7fbe6e921782c2da21c0af38e90f,3.909803420462765,3.878937251796856,0.0308661686659093
2370,37,efb91476f984a4c74e79c23246b05e37ab3fb10723c61e1f9260c93a2a6fe301,4.412660436877559,4.352297767915388,0.060362668962170574
2371,37,83752b9633391d8c4acc5b93aaadda0bbd50736e7247cb65257bf85b2a684933,4.069073114133971,4.045385713488486,0.023687400645485468
2372,37,f5e15aa8172b0f706ad4677ecd2c78698f8e440dc6e660bff42c6c011826ecaa,4.255549201793656,4.231429124406532,0.024120077387124184
2373,37,b588638a185ab77f3f9330f9f5bb4c391f905ee4e2f74f2df3882ef9f65e02bb,4.036290642499921,4.030499995215109,0.005790647284811712
2374,37,6d8b10cd85f3ce3a1732167e0ae46987f4c92042a2d09241b3534ab70187c1d3,4.268405630396302,4.251565281738621,0.016840348657680693
2375,37,b8799826db429b7a273d2ddc82ddf64c6c58b3701f4fd20cf2ccfcfab53e6b8f,4.280377546780677,4.32835415488006,-0.047976608099382645
2376,37,16541846ce7ab72ad2487468a9be70064f3d3f2431c8fa3cce7fd1cd50916728,4.431353634512988,4.44216689939276,-0.010813264879772078
2377,37,8688e82fc39bec6bdadf4eabcfbf1bdba55c822161d9332840bc7b343e44cba2,4.28782322148481,4.305257909856181,-0.0174346883713703
2378,37,6f17208de8d56169289e9aabbb873e137548447b068b95fa4df5e34ea866b101,3.619721361491486,3.6472933857352956,-0.02757202424380978
2379,37,65cd8b5127b97a7a53150686aae68a48a61da12f9228ef49de7c6ac31c2a5f1b,3.608422844750322,3.6433266149318797,-0.03490377018155755
2380,37,1fd11b77f020293e2d7effebd42fa91f3c189654640902c494efcdb3895f1815,3.9682665623355398,3.9635966220494225,0.0046699402861172246
2381,37,80ff284bd2e5840165498a8cfa164704b3ad2ea0712de8f4dbc7c37c6b874532,3.916734022043997,3.9536685236852094,-0.03693450164121259
2382,37,9723d42c012a36bbe7de2a6791f76af20d42623981c924b8d15579efd2ed4bf2,4.14910473344986,4.173930678624444,-0.024825945174583808
2383,37,b50bc2f9fa92965cc257b784d19d7edf342ed5a1266fbd918fc23582824f4592,4.005702763908687,4.028278544370679,-0.022575780461991712
2384,37,a8ec0a8ab55110a554b917decf329ed643d81919c759d5835400fd553714594b,3.6821604553280167,3.6805671608196917,0.001593294508325016
2385,37,4f6112918ed9c8f7b86622bf46101be79877945db600230a7b0f96d6882fcc93,4.082785845891635,4.053615815334183,0.029170030557452264
2386,37,c2a86baab4aa86d7ce71e40ca5f69d3f62179f0941f4870abbc14e0aad03b4dd,4.147956829362329,4.121264229361714,0.02669260000061513
2387,37,a5c7c05f0cf3506d5437bcc858ecf7ba2cd5dc824255b63ac431f90262b6b791,4.191215377328376,4.159638599458617,0.0315767778697591
2388,37,c25e9d972a497f486df4e1fc93a9e0972a84dbe072557c2c83a71f4461ad7090,4.119608910049465,4.144120841902122,-0.024511931852657654
2389,37,f01564efa238d18f2111272c655b1004a401f56099c48c588a8991034cc8606b,4.0891968334256035,4.098797894446108,-0.009601061020504176
2390,37,1e94141bbca111340b75886315182fa4236370fb700d01f53b9d076741b0a02d,4.099863105235727,4.1703926185450655,-0.07052951330933865
2391,37,86bf5c799eca2b6482a8be604c59328dec1c4836a935817cb963b65565b05171,4.1127954726537155,4.079717943177002,0.03307752947671361
2392,37,42b3c7f6879a40c5b4ee5c6cebfe5a263ea72446f7814018290bdf472f78f723,3.371955327338924,3.3659278607836143,0.006027466555309502
2393,37,30de443c353f11c691ba1305de01255062c0148931a8551e0c9cf6a9f98d524c,3.466921644688796,3.4570725130913615,0.00984913159743428
2394,37,6e45d7ae24bb374641a5aaf5a14256438c3c186c1713d4d49694ed03a133decb,4.0002168802962785,4.010918025345916,-0.010701145049637262
2395,37,662c28fe69f2ac800ba6248c81eeb7f666d4af99d0e5e614e25beabba2d1ddaf,4.0118555118136925,4.002531211852386,0.009324299961306792
2396,37,e198b3d4e18adb9a1adbd0374e76a577598f44b5f5f08827334fd4f0de480bf1,3.6143766999079645,3.647454621237003,-0.03307792132903842
2397,37,dacefc4ec6e41fd92facbd886281bea423d86d7bfe044f44fea64c1afa401d56,4.1691712583910885,4.130572660395245,0.03859859799584342
2398,37,545e11be0c6a840d37651375ac400d25655f31af560e6b1e721e7f39b48af589,4.510557269563776,4.5328652939070935,-0.022308024343317356
2399,37,5c6157eb7d3c9109b43d3b312f819af27b27cab12bb5e6ecc0787b8ea5b6606d,4.284798696662904,4.3032570087377735,-0.01845831207486981
2400,37,203f13e8c66382619234c52fd3e167b5a8ec57118e73d20f0f74f4e23a1e3e5d,4.666521683917381,4.68571486077667,-0.01919317685928945
2401,37,be3d4754ec6757992aeac3792152f5460887f1ee433f79c49f361b7132028860,4.089664851201462,4.13349140602709,-0.04382655482562825
2402,37,aa52b9547655e2b87a287d0d5b6b3e3d13321aa590991b1da0a96c7415a8d03d,3.3940641122788975,3.4012682369416325,-0.007204124662735012
2403,37,f351a6027815139a7c85cc260df28ee5142b26bd75a41a3163fe6631e4809707,3.9958772969832808,4.0040779940839,-0.008200697100619436
2404,37,89d8785a50a7fb9435a5f13b3c22679f688f12cde1ad151e66f72296e4c89e4d,4.092148684624945,4.073520364774851,0.0186283198500945
2405,37,5dce10045a9b18cbfdbf7072b84a98137288d5c49bd0163423e57a25cc7cc827,4.221089382212483,4.2487460330934255,-0.02765665088094238
2406,37,090ce4d051904cef796a3fef528f3590d67d002dba57d32c600fe2bd93213cd5,4.232594342820619,4.188460919078693,0.044133423741925526
2407,37,5f8e0228005a6a8da900855860466be83feb2293f6f110ab35a4d6548aadd545,3.897464464693712,3.929932255864287,-0.032467791170574856
2408,37,7746eb28fd1a355e3b5b179893b35622f183b24493d678fb685634e51fb5011b,3.9192994069389897,3.965390671222849,-0.046091264283859346
2409,37,15c4924566391fd458f3c8a5d6c053a8d8d928e5a34af5c60d5a9814d6ae179a,3.8988965646457814,3.8954018591560953,0.003494705489686112
2410,37,349dc2c814365a1b3b2f99e3f8318d79e8a973b2004624cf4f18f7bf824cb09a,4.429077249208149,4.425555292467379,0.003521956740769383
2411,37,a4fba0ceab1806838ab1a22db6fc8d3f6b98608960899dff62115ddc8e3b0006,4.269699952431438,4.271073632002754,-0.0013736795713157335
2412,37,18cdb916f5b5bd3ae154633fec2d1bf7d410bb7ff2d5d8311c283cbce0e983c7,4.483504308364807,4.526677773677136,-0.043173465312328574
2413,37,5518e756d472b3c975af85557e4d5ecd18e49f2b2c1dd0c178aa1cf378250142,3.9088889326598064,3.910773184788596,-0.0018842521287893987
2414,37,424cf540f6b6d8fc39111b221c82196c6e19199d0032fb6ef46aed618a43d927,3.8824128207806865,3.8830648728269352,-0.0006520520462487411
2415,37,5eb34ff60b0993003df9d821eabee4975fe45871a9b7f93f5e1bb8333f383f4e,3.826264391877629,3.825431774859993,0.0008326170176360392
2416,37,21906bee2c8eb80b6cc3f046f2b17ab3ddfa03bfac331a989c4e1d1d8bb096cc,3.7816001186895107,3.736044525889838,0.045555592799672695
2417,37,69eee2ef7cb4c8037f8ad9e763d869f4cd363d0d01f4571c4f06104c432a8dee,3.830703430995584,3.8404311158584505,-0.009727684862866681
2418,37,3552280f456a49ce7413d6cfd3b79b3766ce0420190e4a22bb40dc557ff886e9,3.668346401385861,3.7049847438386223,-0.03663834245276121
2419,37,a1d122d43da6c323a9cfd529151994abaaacc763af016e245cb0106e5dad3b29,3.681908900427487,3.6783759589307294,0.0035329414967577577
2420,37,01e438d5472fa172a312642b9633f129cdf705c28fec14934e64e2d9686c730d,3.553275192235162,3.5491500694428737,0.004125122792288494
2421,37,9b802dd4c68644bdac316bbee721165cc717501ae9c51cf077a3a310a30eae19,3.9498738157011104,3.9611567240504684,-0.011282908349357967
2422,37,4b75470b54d6a91c74f763a2f73de30f552ef0227a644ad5a78658afc7c247a8,4.212048510989234,4.244684527549907,-0.03263601656067294
2423,37,f3bafb73fb491a3c9867e11b0826650fd4dc6a8d0084de60a51cb241bc4c4430,4.28695285095538,4.296223354987891,-0.009270504032510729
2424,37,57f5f700c5aaf3f1ad45708c581239472d6ecd52a1973aa79aade4ab6d7ac0cd,4.030494412077701,4.063833151602637,-0.033338739524936045
2425,37,c59212913c1517936887f59982634e8073c0b6e5c65cafee1ddafc4b5ac6c12a,4.053546648042811,4.047432134303108,0.006114513739703398
2426,37,018be56dd92a0f779190409bd9cfe49a4da8f9c216f7b83a96e6c4905fd4e15f,3.6377132271787964,3.644074071390463,-0.006360844211666716
2427,37,ff9895989640abfe157163302846c82770268ab94a9b36a8654784fe835612a7,3.340070645445195,3.350341697483074,-0.010271052037879258
2428,37,82d2e706db67d37ddc5303d78a457fc863e292107d8cc71cf292077ee2c13d19,3.8269809898902167,3.8476241688840673,-0.020643178993850597
2429,37,7108d68a3057aedeef5e89cbbec96c2cebb72b713361501323e08c81ef9259d9,4.202662941547715,4.218088201974297,-0.0154252604265821
2430,37,5010a1b6dd73614814251921936e4342fc6a3c48937ca429e82c5844ddf647f3,4.012179144163795,4.018394103300253,-0.00621495913645731
2431,37,32532487d2860aba38cec1dcd094846cee21e639e7de22ca47b79e5a5129362c,4.1237653304954165,4.109709059305374,0.014056271190042935
2432,38,fd1616019b65e31c1da1fa933d580cbb35b8a63b541bc3cbb3134bb676ae85ca,3.8684663335923446,3.8271003851106116,0.04136594848173303
2433,38,6bd088af2c97a1a80d01caca7c145d967317321ff754105038b4ec55034dca77,3.6579305536520224,3.6385965547364094,0.019333998915612938
2434,38,5d09a3d31a55d2c2c5a3b354cda304667239fda47e317ad6ce035c9fee94be79,3.6988282756884843,3.687495617002753,0.01133265868573119
2435,38,fac4cdb59de40ef03f6256f17924a1f7a2fcb8c6178be09ebdd96ab8d77187ea,3.4389466543464664,3.418584057307015,0.020362597039451202
2436,38,9b6ba61be541babb268c93860f0ff3ac1aa5cdff265895b528b014715d80b2d0,3.831439604277648,3.7983271960158618,0.033112408261786186
2437,38,d029e4578326c218e12027d7123001a64e5c8566969697c1b6355fe2756bc978,3.725559714368508,3.708251846222524,0.017307868145984173
2438,38,b5e9e189fe101c73b0bb6830aff9df126bd6c557a4b019df391167a4dafc270c,3.961685355357872,3.959735903316613,0.001949452041259292
2439,38,8fc31cad63a40e11e82697276202e73d2cfd267452bf939ce590f99272602679,4.071697936498481,4.063100791999204,0.00859714449927651
2440,38,84b749eacad7998d78e5ed28b326991fed88c90ddf2860ec4d9f87ef6164465e,4.316571890026353,4.311051708193418,0.005520181832935123
2441,38,4121e35b3d6a59aeeb41e211fa434e40feadfe1b673b36daeacb13b9a1247173,4.2443579294345,4.244426194894231,-6.826545973126485e-05
2442,38,83cabb687a631149fc2e1af87f43c63df00dfcd7d85c5aa19ecb1237ed472e1a,4.350442875683484,4.36743591756931,-0.016993041885825733
2443,38,224c70548e8f7fcdfdfa885be97512362fcd6318d6f6f5865440122ba8b0c8a6,4.308258256177396,4.300075959473816,0.008182296703580505
2444,38,cd16abf5514f0896ee1951672dce9985c4fa6e85eb4b3b04c3ca27456f1ded9a,4.431918225778418,4.45004527879837,-0.018127053019952655
2445,38,f729360e83087d71993d5f5e6e9849f862cacfb740bd2fa69337052f8dd8585e,4.186874223569532,4.17634087474903,0.010533348820501942
2446,38,74c6132e91162348bef153d283ae9eb841595600bac2fd8c2f41b7b74a0eb1e0,3.727368308146879,3.720930115367537,0.006438192779341989
2447,38,68bef2d3f71b3b3fd1f9433e3c6913c29dc4f64616c14865aae0d6d18ca837c1,3.836004718319842,3.8118132353521617,0.024191482967680145
2448,38,164243f5fc25d370019afe7734c9a381851b926b8e1af82a8a71ceaa676a4820,3.6240454241400357,3.5852614545067354,0.03878396963330033
2449,38,5605b7f797fdf35b3abf76cdfdb52806ecfc5422bd74df6374dbac57d43134df,3.415438694613215,3.419676630559138,-0.004237935945923255
2450,38,1a604e654d7ce983c289448494785d3f9f11e06e762cfc12e99e8f5098ba6fd5,4.38332848692562,4.389284519613824,-0.00595603268820355
2451,38,212d1ab65e65ea716d994812806bc21096768bdb914d1633c39c9b2788d3dfad,4.299397070200918,4.301431029890125,-0.0020339596892071654
2452,38,9f07375772899603fd8a1ddbcda51bb1f5d5dd86abfd7b1a2137e927446583f0,4.218953554865244,4.212921322322103,0.006032232543141447
2453,38,e2b2fc8637184eeec8dd2c9197ca0f5b6d6bdfd3d153b249545569646229354f,3.947243558863647,3.9382529138283076,0.00899064503533964
2454,38,be93c4eaaf4f05e9764692c0d0ac2b92a5b4887d9d9e0a47996fb057140ba58e,3.3243423725811283,3.338807237799216,-0.014464865218087652
2455,38,6da3c027f7e5c3e6509b45622d478ac498795941a4440962413f64813a07263a,3.8564762274778275,3.8482170128186084,0.008259214659219083
2456,38,a7f5c0b558c4b66406316579dffbf1f91e8b26e27a952eafca5f5ce4ccee39c2,4.276488634360248,4.272025807488006,0.004462826872241976
2457,38,e8b87e857cb5b966afe4720e82df09d4d560c1927f9aebf21dea207b894ca7f3,4.1940997040385355,4.208119155712666,-0.014019451674130323
2458,38,e45f8ee2444e51c31af219054439770b8f82475c4423e83bd75ee11c46513b15,3.013757106703963,3.04906121541903,-0.03530410871506717
2459,38,acfb6b9c703e425d0404ca2022b48d1b08168cb82b983a6d66b48be77f01cf3b,3.8703464905396743,3.88561059633966,-0.015264105799985828
2460,38,45c1b2ca71595fb16603e18dca4843494ac98d8ccd5fcff360621a505a051b57,4.150488170817425,4.197427234604419,-0.04693906378699353
2461,38,72c9a18f95a17627f95fa3b5e67b803b28dd81be09c18f4c4886a2a5a3e7d412,3.7604036215625456,3.749538044319337,0.01086557724320869
2462,38,0ba61736ed4f22f44d298a6ae80587ed099c37013b01a35d8148c963bec02355,3.2591645655907673,3.269809132679711,-0.010644567088943901
2463,38,56a131662d31b0f13e9ee1b289b326e68b805dba9a71f8f57542f2cc255b9d4c,4.0816494577360345,4.078757117577226,0.0028923401588087927
2464,38,abd6358b16e702b00ae3e86918295cbfb3e8c6763f9c3101210c78c501ba12a9,4.107545359291777,4.1067311727641425,0.0008141865276343196
2465,38,45b48fbf05f69de8191fd97fcc7c0261a804607cc56afc06e60ea0c977bf8942,3.4326163557878715,3.4253180126811884,0.007298343106683092
2466,38,60e08ee57e03c02d0d1a57629efd3c75cf52c351444a122f4ab4f97ed384091e,4.2120831287781755,4.217305521675996,-0.005222392897820782
2467,38,179e843c9df351071d7ac814a9c816d8de9fe88b2fec3e0f1d414ba14cebce31,3.7576870898522046,3.737457122929186,0.020229966923018594
2468,38,ff12490916d1a063111eb44cfa6cb44d4a55ec4cd8258e30c9f871d7256114c5,2.8243114686358552,2.8199722457535046,0.0043392228823506684
2469,38,3a401ff4ca07f494f7542baa8413df2f8f39ce4b2467889a371abe1dacc73fbb,3.971440945740895,3.95944388063549,0.011997065105404658
2470,38,a519f3566d3af73cf18206198adc9b3be49edb9e32aebe96d85e0602973fc528,3.747704722482041,3.747701752286929,2.970195112084184e-06
2471,38,6bca969f3319f646a6ad7d6a7054d37a5486ab4836ddf997137ce90e3b38f6f7,3.7162831296251753,3.725796590417449,-0.009513460792273776
2472,38,84837972a6a3982f061b35a12badb0f124292446ad757f2caec067de2d70390d,4.146846416592666,4.126451821705302,0.020394594887363837
2473,38,62a5371fcf8d6c32d33c65d80fc0491ecc613b90a5f82d4b94a68a9aab80a79b,4.151986154737429,4.173831195091651,-0.02184504035422208
2474,38,b39246986cea0f7bad8b1834d9c59d4ea93eb8d2d25650864d7571293290fbef,3.4503349988248218,3.4567767553527773,-0.006441756527955533
2475,38,af6701b7e67f75eaaed2889990ac6dbfa56a779e9492eb9956d873035cc5029d,4.007269793033743,3.9750652842083127,0.03220450882542991
2476,38,3db7465ebf2fcd12769eb7c42b6b9fde263921c5858ada1a0ca23888e52ac05e,4.174178303939243,4.187179495908367,-0.013001191969124193
2477,38,7356620f0ca57064b7d199467c79b88d89090e25072f0fc356ae2a4cb5d8dd61,4.111784187252724,4.090128504553093,0.02165568269963103
2478,38,b7ab83b7af54af33897fa8c670a766d0a613946116becd28eb1ad7d276412da6,4.173968717313552,4.167414260936724,0.006554456376828277
2479,38,f02e25841e9c225ab436f2eeaf299b16356280453537ed6acf411fb514a157c5,4.302938101098178,4.315007772797401,-0.012069671699222795
2480,38,22f18e5c68e85e58c9f33d06718ade26000e00becbe52541123c3b5ee15c6ba4,3.877233225703179,3.855394331382257,0.02183889432092201
2481,38,f2c9c68b4f249f1c3f7ce0c2a0eea8e034d5ea4fed0b5f3e23c5181038284e9a,3.2925570697534567,3.3648942996728692,-0.0723372299194125
2482,38,56b72e9f90f794071b5c2d4b75a9f8ecf0913c5b5602b370acf445376cd5c323,3.684378314464709,3.6972740173188754,-0.012895702854166302
2483,38,f57d719dfe9e16b0be4056a1d50507c83f2e17d63e9586b6479b556828354fbd,3.969261106351638,3.9786114717593932,-0.009350365407755135
2484,38,026095db6fb7cd445fc08535ed235684c6335b243f5bf56f64f42662bcb03576,4.18304838563963,4.138001254451737,0.04504713118789283
2485,38,698ee179ecf83793109d89d9f37008a0373302fb68abf3497d9238530378adbb,3.5014711559340412,3.4775861241374173,0.023885031796623934
2486,38,13f5f0b8cbb5bcb0cf7575cf10c1a44e6631d3aae929c457e6a861d290724e55,2.8805256019556964,2.865624284841033,0.01490131711466347
2487,38,3c9fa8be71ef1ccf47bbc8765646723d89b36a333b0c732797e88b1bd49f808a,4.207413679157412,4.226631822562524,-0.019218143405112187
2488,38,16627553d7c9b4a3a0178bd89b3c08103a1efeb69f7a7e35505d065ca3a07867,4.540963693866274,4.5567725239402534,-0.015808830073979152
2489,38,adbcc77b0165e103a217ac6211e82fbc76ab6e95d54dab9f7700bc9609939456,3.5221863022246964,3.5146055089676906,0.00758079325700578
2490,38,f3bd084311dfe60a9b4f64ed87f9f4cdae2d17d01d72fdc99ede57eb31341d16,4.3569998880152525,4.36897297515776,-0.011973087142507666
2491,38,0e71e040d06636fd44ce1ce8245a329b26bf69512535f637b645d44ce384dfa4,3.795723285681021,3.803671493187892,-0.007948207506871086
2492,38,0834491c223855c085f7e3b29dfe6cb02a51a11d874cde3deaee4771a8bbfa9f,3.9880276700508404,3.925490905422947,0.06253676462789315
2493,38,ada81e4b2b2d706dbb7f004aa3188662fbe9547a8a62bb87adede797a884b395,3.9579723098056263,4.00987433935461,-0.05190202954898382
2494,38,c19a225d00bf29b5b7f2daa53322aa1769b521be3c9407e9fbe72f82b9e28036,4.207642895177685,4.1997776425376685,0.007865252640016251
2495,38,44da5865dc6cb57cdfa19564e4de07e5d9fb9401ad1248aeefa4c006e8a7a370,2.898308808091315,2.90500625186246,-0.006697443771145117
2496,39,ded4cb9686016443be40cdb8d28506af4047a353fd8d68755f837a168d2bc44f,4.136329708775861,4.137853306574016,-0.0015235977981546966
2497,39,7f63e191122210d37fa89ba4601e26c908b40548afee5a143633bc698f6483c8,3.8159637013040992,3.8021898201283193,0.013773881175779934
2498,39,d6cb7831e02590c951455d180fa57705d4ac23b64e31a2aca953eb5df8c066fe,3.9865674037462213,3.9956380162531104,-0.00907061250688912
2499,39,12961915df4aac6fda60128abf4e7726333c20645f13445c7ecde999e1ab4ea4,4.0262648584719045,4.00215738378057,0.02410747469133412
2500,39,2d86a31309ddabb484ce21c597ddb6cffdabd7978750caedf1b392b857cfc903,3.916035824457026,3.94875162694575,-0.032715802488723966
2501,39,d5b28f798c9fd92ab4ad98a8ff6cc6f970a7d59867204bc6ed5a52ea22f5eceb,4.157007079889411,4.135085956147407,0.021921123742004056
2502,39,58bc7576fd0251b5dbb9961bcd88e27cfe329c6cdf36da9a40dbd6e9ad633fd5,3.891029123383719,3.8917242395121505,-0.0006951161284316498
2503,39,274aa4dc4af7c7462b604fdbf5c30866b73474c87e3b52bafc24f3a12c82af9a,3.8534848248612406,3.8568845198995376,-0.003399695038297068
2504,39,3364f1c1815597701cc0ba146950f54f5010f5355885303c47a52ab1a29321ee,4.661003059152108,4.678688899559177,-0.017685840407068554
2505,39,02d869ff8f33527b9309e47b24689239b052e43535a0c905a5e859556ce05231,4.690747105360515,4.653609121371119,0.03713798398939616
2506,39,1005909c1215b652acf6dbfe42578b07e0539cc2b3fcc1c8a439cdad60478067,4.534516493291278,4.54744720473704,-0.012930711445761744
2507,39,cfeb584520a71c2fc4883a29a7d8ef16cd17eae811eeea937e21b8d9da23c854,4.640122198908955,4.640426273029107,-0.0003040741201516539
2508,39,0f784a38c2cbec724bf013221ac2faaa15b90dd2f0a1562a7c2b1eeecc5210c4,4.677254680208989,4.719548979367914,-0.04229429915892524
2509,39,eb473290e2819e6bd154d5bb6af187dace3232879bcaeb61766beb0166b5dde3,4.28260732538638,4.290060962144594,-0.007453636758214088
2510,39,9fc3ba95418d2a6fb961daa173e10bdf6736fafa374409d63345fcc2fed04897,3.693939634501703,3.693087070927959,0.0008525635737441917
2511,39,809882ed7be86d265b79c8723b509d1fa588e4eb94559f43aba97c696d3d04cb,3.9227874044662485,3.892572490588094,0.030214913878154448
2512,39,40ec51f28ae6fc77e1ba0c7f14abb38c7f5227e3ee30ba02a5930ce08ab1a0c7,3.9310395176466386,3.9449600791562034,-0.013920561509564777
2513,39,f3e51b5f1bb11c381cac5c498300ecf0a64a089561d3f42b41ba6a5bf42790fc,3.3563866082706113,3.3638155216350185,-0.007428913364407208
2514,39,2f9aa37a8dc2527c0aa8c71de891f47b2f9a49c673c9e7a079cf25be86437903,3.5078745833238827,3.4492119710440647,0.05866261227981795
2515,39,fee7ca065276ac73425d7c740c2ee058ac0cc6e9a37442fd7d51019267e39e0a,3.6503071245443692,3.6778662547665704,-0.027559130222201134
2516,39,88a0addf781c68d9c8d99fedcf6bc2064a4d28b1dd9bfb6a8df399813670ed11,3.8239366023401544,3.806315953020885,0.017620649319269432
2517,39,4fbd6dcddd30df2f584311210ea9de52740513c726e469d8833345064ea825a1,3.7488036433617253,3.8222603854742374,-0.07345674211251207
2518,39,de6985616ea8f4fd787c204dd986d90984b40acd9c7d26aa76aaba46f1fc8633,3.7795250511828726,3.811215720834525,-0.03169066965165257
2519,39,646e9ba84cd742aa14606d26904f91e3f4ede1eaf475fe53fd80295fae9ac80a,3.9953164645212382,4.01943282148568,-0.024116356964441366
2520,39,e29581af20f4f898aed0bba9ffb6cd232e3855b4772794a70b52ddb80b50dd74,3.942496351143518,4.001462518915332,-0.05896616777181407
2521,39,289aa5bad87db5e59feaf171b5b37ec565d0d40ba2b2b4bec6ff33ce1255b823,3.801760074557933,3.8536805025014473,-0.05192042794351437
2522,39,0471a2024cb59fed147bc3313ab148296e00dd4a0059e315cf447215e86271ab,4.1824989818483544,4.207944710367656,-0.02544572851930127
2523,39,44f300ee6e08a1f0f50958c2c0fe8a14ceb90bf1810fcf8eb544cf70f53bb7f0,4.369783973711478,4.3796623824629535,-0.009878408751475831
2524,39,b3ea478017f487bc30e8faf98fd2179105f09a6db56d9647c18782a79a6f6b40,4.181741869207997,4.198983722918641,-0.017241853710643795
2525,39,7a30ff97cb19b86a9f0f2e2d827574089d69b547654e6abaf7d016187d95e60d,3.3610386441799847,3.4389258190279577,-0.07788717484797303
2526,39,98f3c12f6c1026adfd7e4a5e6e240192ef0b690cc8c8f58e6f95cde0a6d737c7,3.8394750055876443,3.863864478494122,-0.02438947290647775
2527,39,970886d5e11583987d4504b71f503e5d8b87e2fc18beabaace32705e47b9d323,3.659976307449142,3.7371902646991657,-0.07721395725002367
2528,39,b8e0595253bd670930aa4e72306cf321ef010d9839f2097820dd9c8bb4e286ab,3.4418980083692077,3.5369985410440563,-0.09510053267484864
2529,39,b36e26c8df43e7cf67bcedb3d7601056ff525833f985f1139fe42e46db5a7791,3.707654227880994,3.7673414930104627,-0.05968726512946887
2530,39,79253ea5bc84d14a0630d0818dc1f3fd188fca43902f8c4355ec630aa2b1f54f,4.236761864346818,4.246348799882298,-0.009586935535480734
2531,39,4816a5c568a745e96fadd2f273535506039a470258a55832905c14e83b7e78e7,4.178771439189482,4.156878053799971,0.02189338538951091
2532,39,6fb2e995f476cbdc2ce9025c802c048a9a636f23e3f11ebd1c2fb84ea21cea00,3.93329886155783,3.9018008776361626,0.03149798392166758
2533,39,a3c91345313c09a8792243d59956beb5dc3ceacce61ae6d5a21629174b2077b0,4.101859526639153,4.1009083275823315,0.0009511990568213946
2534,39,43e579b415228a040a92cf995b3bf3f88047152b48654ddd0245b0c11d930313,3.9980348287958805,4.005551594848043,-0.007516766052162893
2535,39,77e6240388fb882b8f4ef774a7a8505654ed6ac4c16535af94d3e79780954f63,3.787512347870745,3.794164344379624,-0.00665199650887871
2536,39,3b68eeb2ad6813e6cec722e6577338f194434e0b2e151f75f79f0cf99bfdad81,3.7128967370393866,3.690242188247396,0.022654548791990692
2537,39,efffa925b4812cf2582b573a6f07877c01708072396677e9241ce6cdfd35f440,4.469379226602548,4.514681541474403,-0.04530231487185432
2538,39,d301bef63c18817f42ed002585f6b128786475eba28d383a5cd23b39979e3c7d,4.059198217551511,4.085977562525159,-0.026779344973647312
2539,39,29fdd7c6cf1678d42896d7fc99d5c9395558a7c2597f12ac4c578e68a4b5bd16,3.9865832688467435,3.946756058905521,0.03982720994122246
2540,39,e9b95784883cf6f5ccccfb98e87baa837b9937c072da47b5bbdb75bd6cad1dbe,3.514693849534357,3.5467396871324723,-0.03204583759811541
2541,39,deee60692dafdebc8d7a9d72aa422d09ff98e81eed0d9c682e260d6516b91fdd,4.459097769990933,4.461192377404835,-0.0020946074139018833
2542,39,53f3289afa0e0183516aad91e85f8c38bab972c3182e12da8cdf88d8590a5e69,3.3317766122250987,3.335539518247515,-0.003762906022416246
2543,39,b9e696e986e7744abc32ecf7ce38a0d282772aa127e28c790bef53c0063d9aca,3.60632607661298,3.5949576723703487,0.011368404242631414
2544,39,35fb0cc7da0cab26632a1cdba6fb8ac627101338e92c7f32458e823321c1e670,3.6209536794025894,3.630675953326559,-0.009722273923969738
2545,39,a2a18c99c95e21234ed6d3ed11a4e67a3736c4b4eefcc9283e49c5f4ebadd890,4.138300574462619,4.157473266675424,-0.019172692212805487
2546,39,c1a54962498715c5b40b96a00220036580cbcacd3a6f768121b22dae26983f36,4.271503348295937,4.3371971568024605,-0.06569380850652351
2547,39,81b622ee10813fa1a8f7608bf37ba39a4568c7ffb847531f7470fdb630303d93,3.9873821540248855,3.9727384907794203,0.014643663245465177
2548,39,35cf305205fca2df40f02274a5104f40dc0ecac0d29fa071b7f60e9a376b6f01,4.095594413868582,4.113033839407763,-0.01743942553918032
2549,39,f17b128b171e92259ede5089ffa8f7842631572bcb16bfca72b3ff77295d7aba,3.560311462630466,3.5562469084206896,0.004064554209776361
2550,39,011baf994cde7ede6933702671e95648d45593c951c4e19685211a568b39074b,4.033711206261778,4.047432258140432,-0.013721051878654578
2551,39,8de4f405e7cbb3666b9ee728714408a8042d2a017c9ab5ee7734f70178ce4e5d,4.057893000769482,4.059766520257298,-0.001873519487816111
2552,39,e73cb2422b08a27b360abe33a761973c855fd17c18daf0f69c95f4e4df949fdd,3.7976753968530303,3.8099712919162414,-0.012295895063211049
2553,39,2747c09bae544b9dab9da304cb7fd2e33fe1e938739181bc54fe1eeec9855f8d,3.7374203630147065,3.7455795093497954,-0.008159146335088963
2554,39,c9daf967d872a94d37f67978d68ad0f98d6b8d16b7fa484719867c54086ad27b,3.8823256196424154,3.8842809657589896,-0.001955346116574219
2555,39,61fa4ada2b1b1191497234d6a29b751e345d0283d92f675c347208e0ad0b2858,4.915382470492318,4.923365789049399,-0.007983318557080565
2556,39,8c01c2b4bb145c855f57a7b796fe7606f86e0e11622c1271db0e42a8b0d6ef7a,3.9682405373706615,3.980890142973493,-0.01264960560283157
2557,39,b4ca79061e9b9cc4bdab22aa64af1437001bdcf0708cc5a6dc36adcd1ed6638b,4.17156423642939,4.164620407445909,0.006943828983480671
2558,39,2383dcc4a748b4edf46bf56d341aa3bf40f3a12f2916b81c5a8a4e78bc5539a2,3.7371087953841453,3.7410665319537486,-0.0039577365696032984
2559,39,2cde2dfb4c96bac41fb16c8e077b767d177bbbf9035d00a4038d5ffb6527d489,3.902982845308699,3.921850550417929,-0.01886770510922986
2560,40,4c0fb768a83f8d0f1b575852f816bd8a82121b4d6de68800d77a01c95618257f,4.547546899889312,4.553474617391885,-0.005927717502572705
2561,40,c784583dafa543be342c303ae1adda696b20119a0736524e9055acffc8b8a71b,4.906170628381005,4.910350706484451,-0.004180078103445339
2562,40,3cd914915d138232852f18fd868ff745c40baf164f441e191880298a3f0080b6,4.803567301321436,4.798409447725135,0.00515785359630172
2563,40,447f5b6ab5a1af247027aa5b10addd3dabfc96873094eb8fbe9221ef6796a7bc,4.850157731049649,4.8799458744892945,-0.029788143439645864
2564,40,4013f68ae6b4743e11ac660eaf610f4667c59566df13161621bcb0f1bb06932d,4.9041735154071375,4.875860610976815,0.028312904430322305
2565,40,cf579f8ad8a580ed0962f33cd5f6857fab53664ea7f3bce2ca4a8c75317617a8,4.97501769893006,4.975240212469544,-0.00022251353948377073
2566,40,28f412e166d869f33961832a848b551efc583213d2efce66f0446809d3f87f24,4.835713813792154,4.817306076997966,0.018407736794188168
2567,40,f61f1da548f330727488fef020e4ac9d2c762c4297bd612f3fd928445aa92ce4,4.431106527509655,4.446503462622786,-0.015396935113130894
2568,40,c7310442a5ad343417d05f98c0ad68424649426b110369f0950a79408d6d98f1,4.463357262836553,4.448330148653895,0.015027114182657897
2569,40,79838516ffbc21d87c10bd9f803c43c001939a826de45bf03549976500b9bf4f,4.709862242818417,4.644697623702996,0.06516461911542137
2570,40,dd38b801c06c36a7d84f6ead503c397a4152b4d083ee3b4ca3f39cbe976fe90d,4.734912919726412,4.71758047010826,0.017332449618152168
2571,40,a0238665042a89b67d3a88cb3deaabfa353bccbc3b457924046e8b26b0d314ac,4.743867041924204,4.7138365296318625,0.030030512292341882
2572,40,69ef6fcb1e0669b3c9b7014f08111fbb9ca55fec2d0ac7bdffd2f41551d67ec9,4.141701430711237,4.144785758736816,-0.0030843280255794525
2573,40,bc57e2bea8e08b762d18b2cd11581e6dffee3cd18c4449b1ebf2340bd3ee61ff,3.995148766227203,4.013425340064714,-0.018276573837511023
2574,40,78677559103d2a4ba5dcee4e2d2647e3ffebaf20d53412fde249acea6e0dfd5b,3.924952341162907,3.9363577245693477,-0.011405383406440706
2575,40,aec34871e7986e4632045aebbf2640ee510328f0d9abd1e5906fe67eff15443e,3.8981266462271265,3.9169530968682693,-0.018826450641142856
2576,40,b43692da3570f921d7dfdf3422f48c058775ed04502dd6e99fc4584d2a780651,3.933582559924446,3.9471364578124053,-0.013553897887959465
2577,40,dc91e9ca3d262d1df11283f0a2882c17d1519481c40e63d917598350de24520c,4.102592377219544,4.138063023822667,-0.03547064660312316
2578,40,8bebfc4a1edad9eff5322f39b7ae44e65fbb87e2c1301a41b82a39192c737644,4.453430808736812,4.473340293320348,-0.01990948458353614
2579,40,49e8886370ee94be4cc18a7590bf50346e08d89c015e924364d4f1d2b7c11bcb,4.016137442315085,3.983590239128489,0.03254720318659565
2580,40,4d9ede6351158fa5672c7be3e0e75f3be2369b52d09c6c4bfcab15a59af8aa6f,4.036061202483893,3.99477270047214,0.041288502011752826
2581,40,128ca0761f10cea9875f2cb55cbcd077ab7d9718f54848e987dc1beb26dcbc41,4.094722103400272,4.096386220911654,-0.0016641175113818463
2582,40,d6a9ecacd976cc45017fd5e7187d76071ef51d49ef0b4694ccf61a470855b903,3.984338647589311,3.979371098683032,0.004967548906279262
2583,40,998dfccbf6a5803bce5f3fa2c310c98fb53835dbcbde2b9c21303eecb3477005,3.9446885192572836,3.9408421223134837,0.0038463969437998458
2584,40,819cf46af5911a347fffdd6dad19232fabe20ea809914c9e5d342f92469649a1,4.146014929773628,4.15066070943567,-0.004645779662041605
2585,40,2044431059d1277b41f6d7479af7e71fa548017501625f09d846f0065529aa11,3.9021560099579347,3.892074333826713,0.010081676131221684
2586,40,32abe2b51bcc0793d2a7c69971b7a553833810f039114675954e062d077e9f30,4.654194114461461,4.627196706509949,0.026997407951512287
2587,40,4a467b9491bd1f0d7653fc8df515f53812732e2931728607d01a9cc275f3d278,3.8122339256948408,3.8196035542061963,-0.007369628511355586
2588,40,ebcc6fc500978e10f7f0de85206adb0c771e98bb93aac2af826843bedebf1b76,4.0684977195155625,4.106936668681101,-0.03843894916553836
2589,40,3d0ad568171c3aa8aa50dfea64e6ba690717ce0a6527dd6759b276ce762d3baa,3.533720343315636,3.5567535203717,-0.02303317705606389
2590,40,e33fa9ca4eb18456fe61a631bbf72ec5705913ade3ca417ffd15306ffe0138f3,3.5234845211182346,3.539840033188966,-0.016355512070731493
2591,40,a3aa81ea97156dcb8565c09ca55e64383323b7aef2760abbdee647ba7ee7351c,3.9540341839444864,3.9767026656575126,-0.022668481713026267
2592,40,94a9f68c5959062c4c01af6bfe16acfa13df5f65e8df9b8f1d28894ff3a9fca7,3.9385395428575123,3.9494641668286476,-0.010924623971135361
2593,40,00d89dea4c86453fb0e35bde0b72495b38023bb7c744256ac84b869a05c82635,4.1057940791491205,4.123125681285842,-0.017331602136721358
2594,40,51154f186a9690e1fc4d6c7a9e13aead2483b6dd90f3f2b3a4198823e89f10c1,4.211901516925707,4.241159447529583,-0.029257930603876048
2595,40,bb3abe1721cd6f306373628705c761581eceb86253f8c175b3a1a3e5fa2c5243,4.037121101087166,3.8897819756948024,0.1473391253923637
2596,40,35cab8422f9a7bff75b052c5dad7f9ad9db062638fd9c7fb64599d67ae5456b0,4.177666242772602,4.179264328551881,-0.0015980857792783354
2597,40,13714b64af8e14d70e7f9bed91845d9881072b43db5e0f9325b8af45bb955895,3.6825475615248706,3.703327848507115,-0.020780286982244434
2598,40,7f31a2782cea15b309388a5379f1c162d0db306c343eadef79d1edfa9cc4ff20,4.176051725848566,4.15009952661125,0.02595219923731662
2599,40,d9a22696791c9e928e2f447ebd6d648b3e6026ffca5d07ebf359ca27269c84e7,4.139859102196773,4.144693319963608,-0.00483421776683457
2600,40,8284cb3f46071d0038ddfb74ef0ab0ef4150f8aaa43d7f94946dc2d753ccb214,3.885844086148097,3.8961849180815307,-0.010340831933433492
2601,40,ae0bbe442441e5c814faac327280b391e80823d4b6cbdc55234c1f013c63a746,4.163210386905803,4.140187893440725,0.023022493465077787
2602,40,6a74efab56c9d66eab2b755eab7ab8b9c76100a47e494f09d48f6e5fcfbf86b3,4.267663646220399,4.283540731671906,-0.0158770854515069
2603,40,7122847c48b6acdf7a50b7e299d16859b34a4767ced38a9bc56087a3c98b988c,3.878150004985855,3.8949117583235875,-0.016761753337732443
2604,40,5777d35bbb61cb3af16ab4efed3828ba00f2a780937e6836dd31e80ca23eb023,4.146096832939065,4.107022365007424,0.039074467931641266
2605,40,fa784eb98bbad3d7c220c2cc3fc58d5a0b322dbd6dd40042cebf7d856332c898,3.8954582120195482,3.8671060636370385,0.028352148382509768
2606,40,31b4042890a4472138b7c1acdd43cb57e69cc7b3757085cf7673ca1ca07393d5,4.098728949914971,4.066259802096965,0.032469147818005695
2607,40,143aba1608012391e3a6e6bccaf20df8d47946d5013a20ed8ed6d2aa64ca91cd,3.975327080051102,3.9732577016527557,0.002069378398346089
2608,40,e96d6fec8815e98c5bc10a8b31ca532f50336c2969b80e1c6d8b11b8e842f3d5,4.236720854759824,4.210266616398485,0.026454238361338867
2609,40,c3655bc3d452a9f737594e2657e5e87359f90c0b088922d7dd46196c70bb3173,4.0033330987678255,4.0161488991673195,-0.012815800399494037
2610,40,0094b1b0851ab0524d8db548b8f800162509eda8a294a63bec88a6db413be90b,4.300920404178157,4.297881457843005,0.003038946335152559
2611,40,498bd801c2900014d09aede06c9de56904b2d07dccdd28f3e31eab2f8dd748c5,4.132368290827344,4.138739825291623,-0.006371534464278739
2612,40,0009827d80f7fa2a281b9e896a0a1be8775bb578ccc1a3eaca2b41fa52785710,4.285513088012124,4.296037812835948,-0.010524724823824272
2613,40,83751e9e6321d75b623bcce56a424d2744a47e0d0f11b5e00d812305642ae281,4.352155862631662,4.329473827980905,0.022682034650756577
2614,40,77d0a3454618cd0d872114ae0f5159c38187938a90228db354c8e42d163db9cf,4.20510031103845,4.216322477219137,-0.011222166180687054
2615,40,a6d08bc9a55f3ae0ba8af5b30d22bf9fc8504938b25c68e339b87a559c0ef45a,4.370231416311981,4.361862581922196,0.008368834389784752
2616,40,60f77728014efd81d832cb214c5e71089d1656e1bbef7c051ee99ab935079d9d,4.065116226829161,4.057904112126721,0.007212114702440431
2617,40,1b3908c2a7c68b0e5020e541b500e61e237abaad5594653a049121ceb87e910b,4.352372484797797,4.319155190104993,0.03321729469280399
2618,40,be03880fdb986ba0d999b54afd20215df805c5175e3a022b619a7033ff2066a4,3.633042269344571,3.6474813582634624,-0.01443908891889123
2619,40,2d8bab8eb48d1b71afc675dc37fcc22b51250c9a919cf2931ec7658362ed4035,3.7930309472257306,3.797073264846844,-0.0040423176211135114
2620,40,35dcc659ab089237cdad6b3e9a37da5e435170f35696e9205a408060857dde7d,3.9033716669277965,3.9417903627614095,-0.038418695833613015
2621,40,1a358a97e12a2b508088a500d9ff907535f6bc98969e31339b6842bafc615745,4.178905622661873,4.160360398298749,0.018545224363123225
2622,40,b188c2ee5f97525eea9fce7411b00711ea4dab723c8bc325598fdda54ff47596,3.752579186072026,3.7830655605945083,-0.03048637452248215
2623,40,a0abe5bca0c8085c597ffd3bab214b1156f4cca290a02636216bea2890ea0aad,3.3326307201004965,3.3561305119103793,-0.02349979180988271
2624,41,56d94714ff505d244bc99668c9117c0af9047cfff3f3ed1fda3a08355dc1d4b2,4.092811645786412,4.093835358360309,-0.0010237125738967734
2625,41,3631cdb51051df7f7e389fa02de5166f10daa2d82a9911942a3e98540ad47d2d,4.034531679127099,4.0550173821478666,-0.020485703020767687
2626,41,f3cb63eda854d7ce376cc4624033e81091e8667790e990dc8421bd53dd2e78df,4.148757999182735,4.181442226848134,-0.032684227665399135
2627,41,f3b4cf83bf11087e8dd718470c17539d0d2ef2790ba0995acc1a709b35cde2b4,4.280155631616736,4.301944947674372,-0.021789316057635233
2628,41,10bd11eabeee1f7be24a703084062a26157c90721f9664d20602c44c9d0612b7,4.177076591530067,4.172579668583722,0.004496922946344739
2629,41,8dbe79f81cc8d8c9883e3b2e8a5f4cde97b792d1803d0ac5b520359271660003,3.712732592722375,3.7322851040039495,-0.019552511281574425
2630,41,6d2688b8946a182b1f0ff4048d6f0bf49a1c17a63cd1d348f3540c905cb2613b,4.015322595992302,4.038606836888903,-0.02328424089660075
2631,41,94de726b10c192c8c381481c2f26e14df58a6aa99317d5fc67648e95cc2f595a,3.6510175396734894,3.62726504646821,0.02375249320527928
2632,41,3c84f8954a685e80c913e39ed30dae5899cb1ac4507deb65fe2cbca033e8e566,3.1640329714972495,3.1807762851358348,-0.016743313638585278
2633,41,ad9a02dee54109e51b168e3e288dc838b24050cbecb65c8594137432d73635c1,3.0985854034333897,3.116421340971897,-0.017835937538507096
2634,41,926730cb06c501acaf002366d57b639ec11fb9dbfbd5b3c65f132be8271114e4,3.18217078546013,3.1916477643542294,-0.009476978894099375
2635,41,5628e057d8406603b96fc41744795d029e03efc9f9e91ef536f952e9c7180d88,3.7558786917226143,3.7505671701827623,0.005311521539852038
2636,41,28035039d24f6cc69cd592b18d440d0cc4b46ee7ffad58ed7db30ce0565f0aee,3.7887900016874028,3.8645634518854877,-0.0757734501980849
2637,41,01b196d6728867ff257ff9b54b858b62e23f713874328db9bc20f79df81fdf43,3.6610589391569874,3.69622168910405,-0.035162749947062366
2638,41,b20190a14865cfc059697cbd434c5de8668fafb24e55f9573af3e93a1fac7462,3.7668714565617165,3.790523419780129,-0.023651963218412675
2639,41,c547ee3a818f9a7764ae82b2f30f14eaad25b368ca3507aa902ec45e87207210,3.9190502935523455,3.9435016841223387,-0.024451390569993237
2640,41,a7d54f2eeaf2df33ab1e29df99167ac21260cf5f894e89e006c810939512e8b4,4.399540505500454,4.424580726091108,-0.025040220590653917
2641,41,0135bc3901b46160342569f8cba8870484525af17fe1362ceb23476aca04ee9c,4.195347815128116,4.205668349260009,-0.0103205341318926
2642,41,c76c053ff98ac7238bf8af34ae005e7258f5b6133d0ea9e9c90bf5d420b72454,4.216462837547624,4.2322500532186496,-0.01578721567102548
2643,41,e62b3c35ac8cca74493c9d6bdfc220b8982091f14232a3cdd00d984a4a0831c9,4.021331739072252,4.0204334611449895,0.000898277927262825
2644,41,ffb80b4b6911a70496a187e493bbae566ac4185f50a4edebbe549c73c151ea44,4.3844721425555235,4.39572169294604,-0.01124955039051656
2645,41,6b6f829320a2e9581d1f4fd453b3639be0fb2135cbe66823a90e0ef5ae2a4fb8,3.906181500480429,3.9387680494956854,-0.032586549015256594
2646,41,be4db846788228e67d39c54bec5ae04e74e03bf2c249128312c70352265379da,3.8314931273771435,3.851829121197312,-0.020335993820168596
2647,41,1cb4e83f5e9f44f91ce39fecca5f671e327687b34bd16dad81864551c76591a5,4.085114866622462,4.112404264702491,-0.02728939808002906
2648,41,432cd3046257e9c623cae348d871d50037c8d01d1e1dc03a6e94f9fc088783db,4.2004510199303695,4.2211740215497,-0.020723001619330716
2649,41,5c721fe8f8c4ae3228294c5f574b1acd4ba9b9cac0b7c6eef1835b45bc255ce0,4.2981420456235355,4.311384841076688,-0.013242795453152212
2650,41,d5d794469eb4d61aa3649e0b12f947cde3ee0e6e47157b7fd3f51c00a162e168,3.871751468015539,3.8737854202061044,-0.002033952190565458
2651,41,5422a574821ac6fe499d1f738caad7acc81b00d865bfdb185f7582635d0be399,4.408127612177907,4.432934124731048,-0.024806512553141147
2652,41,1f2e6f4935029d011f8f38e9baacdcdd754fc4070db508cef03bac2d4978863d,3.750967912080796,3.728826208585815,0.022141703494980902
2653,41,2c43bd99968c19895ba0ba7d2694853c4c40044d07f55d3d606329106d43b57c,4.001809551086538,4.0031934184205795,-0.0013838673340416108
2654,41,9a3cdba8ef25a6b7b049b16467e811d8c6999f233d241e370faf58c1ac61cd93,3.8306026866562775,3.853556494640344,-0.022953807984066543
2655,41,6e800f3dd03b0cfb486e919f98986701b7bc59b835e87cf1ff5b22bcc919a2d0,3.9490275055330812,3.9689984302143273,-0.01997092468124606
2656,41,ce91a51d81d3c69c6e8d67d5d5d1caf5260c14db209bb5249abc0926f1ac8235,4.5271100818278,4.507858665363727,0.01925141646407269
2657,41,9e991e59d994af611885dc022113b346430bf12cc7fe8eaae2b56b4014cdc7f3,4.0229725239521485,4.039638304738602,-0.016665780786453865
2658,41,8be9211f0714186adb65a4f8e19af1ab0fdf4496059e3c98b257c72c8b7245c4,3.882460336605913,3.8834176164651097,-0.0009572798591968024
2659,41,ba0b1891704fdf242a488c21760c5508e496f4cde44e3eed081e5189aa155691,3.9550526528972796,3.9635357489815988,-0.008483096084319186
2660,41,a25d5fe6feb4a769466d2ef36fe2f2602f4069b3ad68fd91562a1222f5483622,3.7006704500361707,3.705226338962632,-0.0045558889264611935
2661,41,5dfb185518d95df6ebc32760fc0ef4cb2e69d43e4de657f91a5d566b6f9426d4,3.097340679880972,3.131430316544538,-0.034089636663566125
2662,41,0cadc0467affba5ae84b9ca63766af6c6e7def3f6355d4507b4f2732c2250542,4.404685382018215,4.438478322810511,-0.03379294079229567
2663,41,392f00def1bc31aca7836ac7009eaeea2a9d13803150ec7661a941b913829634,3.000836368338497,2.9949997089782414,0.0058366593602556804
2664,41,7431f9cba08ef6cd2138381a7992cb5f98e46fef8b04f47662f4aa57da66c7b8,3.6338072009958466,3.6031163815823533,0.030690819413493386
2665,41,1baab3cf1675e3ac4fb0852dd7ab1ef2ad2da6d48f16edf3588c02aa63e60f19,3.7905792155882523,3.846776654055276,-0.05619743846702363
2666,41,cabad17f72db9ddb6bb551f4d3fb63d8efeb292915392eb205ac9c242b613a91,3.899889973544589,3.8767395581665482,0.023150415378040634
2667,41,15747b1503e8967df3bb6c04a41f12a10fb8cf2ff0ea60a6e40b817c1285a3ea,3.5396566160970906,3.537225034807136,0.0024315812899544653
2668,41,5dbf5bc696ce970b36178b3604c26051d6a67d71f241ed3e37933198d62b1c0d,3.9865259397493684,4.00991303096319,-0.023387091213821876
2669,41,de51c5a237e9409cdef3f3df323cdded48f4483586ae1a720112c943e46aa7c7,4.073481554726797,4.081540482574411,-0.008058927847613973
2670,41,6e72fa8a2960707662aebd498d1ed75e06c04ff0be76b71cd8f080beef55eed5,4.045919590613835,4.013460326335803,0.032459264278031696
2671,41,00ec9ba255d237d21a656ca10da4ff21fe5c4e4a462e417bb41a1dbf9231399a,3.835628024965672,3.82752037516525,0.008107649800422223
2672,41,434883243843cc6c1b5376eee8e6202ec84beb5f497bca74ccd1edc926f8adb1,3.9866309344305932,3.968645750327539,0.017985184103054053
2673,41,b695938f900ab84e9d4b0ee2bae7c96ed395733b755c59e321a0f28f707adfbf,3.4629262029824446,3.4593185664949146,0.0036076364875299305
2674,41,78cbd7e95f2c4a543ca78cbe32c93f623876e41a1a847f0d44038ef049203a2f,3.7890248260235637,3.800275664187268,-0.011250838163704202
2675,41,d0bce7e1b0f4876d580ca50dd8700b8560794133b44d587e42caf1be750d8e8e,4.058824282452122,4.045219885538074,0.013604396914047356
2676,41,67e45117087657cd97ccfe2cb9b8f51c96417de7e783f57c7d3e78aca458e4b4,4.25927038882196,4.235772593715865,0.02349779510609551
2677,41,2be55273088ef8e2f9fed352f48eea8e347575a9cbffb21d54abe4039edaeb83,4.476053050124165,4.527631195840968,-0.05157814571680319
2678,41,4e5d0753f9e8be0a71792c3dabc3c3d1ee058f68a950d7c0ef8d4aec5ad72584,3.7646989778904754,3.7806430542373164,-0.01594407634684103
2679,41,b72c764341ec627b5991d8bb6db99a88ca601a3e373662a45625a36e6b8f4c68,3.92332940944447,3.927864818070944,-0.004535408626473725
2680,41,f2045961ab1adf4ccb1e40ba077c949bf18b9e93dc4ce93f5cbae9bdb217908d,3.9440076105119743,3.996929939444186,-0.052922328932211826
2681,41,7222ab4169ba392f1e7c20ae5b57aea8b61d9a5e12d86afd0ee246f6a58a9734,4.3969592751722075,4.430477487876146,-0.03351821270393884
2682,41,ec4d184d8e25c188a6749ff23cadf86daebccbebc176c6594ec330589b803ab0,4.354901256495054,4.41078498386787,-0.05588372737281588
2683,41,b745431bcaa682b0df2e2cad296a5f95308b3765bc8762683e02587544d5b34e,3.9825845051783233,4.008280656254215,-0.025696151075891294
2684,41,5efeac45db14f4ef13baa43c0ace96d0377617505463a8379781bcd5d335bda1,3.9803967353165,4.024672578691209,-0.04427584337470947
2685,41,1d1c23e52fa921f39e74a2bee8e41f984cca00d3d686c8068de1d30b0d01c7ac,3.7312224929099145,3.79610101898583,-0.06487852607591549
2686,41,b832f1937c94652e99c1cb426a1fd18b8b8f6788c67d189a4420385661576a61,3.7093874874985318,3.7182347302088914,-0.008847242710359637
2687,41,68f2571241dc7f28880d9f49657c05363a673db3b2e4774c5ad907d005057e6a,4.407704473040781,4.424561274354403,-0.016856801313622327
2688,42,082427beb0e37c000f18a81b1127687f29140c3016084404fe5d712602074f37,4.071053365533999,4.072122216623939,-0.0010688510899399262
2689,42,60f034fc29b08673abb598088b6dfdf7b634ab077f3ace35fbee958e435c6545,3.988308123198294,3.9770824842653383,0.011225638932955917
2690,42,ac02c357233c3a53b6e7a6ebe5f14d68682176aebb46f1c17b997ef3f78227b5,3.3956146779020173,3.3582774643930975,0.03733721350891983
2691,42,2edc34c94cdf3cee74c0613173b62e783c44966a83519b811283782ffa910776,2.677663180449173,2.720342568167837,-0.042679387718663975
2692,42,fbd1a2c427bb2a9fcf4f24600b2f9368e2c0b90a6be61b7d664f700e880a320e,3.3169984189864508,3.3212267116809358,-0.004228292694484992
2693,42,0ada5748db947562dcdcc567c2b51f76842bca4d12afcc0840f24c00ed4695f4,3.4970028059174183,3.480693369424671,0.01630943649274741
2694,42,c8a771f2a04fa4f24f2714da853e199f2ed34caeb5e970975a97615ba9319604,3.457204780849935,3.4471578397259037,0.01004694112403115
2695,42,77f3ad0374b10679db34236f4c8e358f366baa2109750e5607d82a185d63c8ca,4.205570727943723,4.2008833465192765,0.004687381424446357
2696,42,16a100128f78a3295ab38a5da67b9ba106560517a97f072c182a34d534c0ab84,4.166742064908277,4.164472057515297,0.002270007392979778
2697,42,f98d36c7c80df4c2a81baaa3bb8c6daeaf370d122cea0cf88ab22e822a0963aa,4.650428274065234,4.624181124864663,0.026247149200571585
2698,42,06a63102f9bbbf491d72f20b94b55d320af81e0170d46c5de3c956cc435bce3c,4.667424993992199,4.695009248261385,-0.027584254269186204
2699,42,6484f31d3585e2861e8d8df26b3be9f92af622f8e91fefab07987946819cf8eb,4.4949687315493065,4.523390224015202,-0.028421492465895426
2700,42,9687aee4384b0bf9427315e2fb7db588cf940d72ee0cf51fe5c04fc71be1d2d6,4.2973832172610855,4.293187670752104,0.0041955465089813515
2701,42,9f5ce82b1efaa47f7b25f3ea98b3b4ee843e2d1835e708897231e9f66a62a87c,4.104323959248731,4.1227694436432785,-0.018445484394547407
2702,42,1f0fa9671b5feabac3acf6e8756ec0caa95120a351a97b400608978aace6d538,4.384875503831836,4.3529983794906,0.031877124341235685
2703,42,60beca5e376d0dcd894312147eadd13b04375011a50f86ace99d26d0c8f9b36c,4.0316124615693525,4.007281499471674,0.02433096209767882
2704,42,daa25b9b74c493d1e2a77362f3380f0cf3619f90771ed8a9f8ff873b0ea954e8,4.114467174271567,4.141805874377212,-0.027338700105644875
2705,42,a4e7da7380082780dbbeb5a8dfebe672f7da24004a181113e80af1d381bcd9fe,4.791628013375828,4.794396248896078,-0.002768235520250073
2706,42,4d05d9fdc16769bab0ab5eee27b0b681b4668355bc1d274e0d4b051256544eae,4.18525940432778,4.166546680742044,0.018712723585736057
2707,42,72320696cf972e4a99d4b8c0c7e425bb7ed09528e64a5a3cdd4eb55feaae2952,3.946316449315617,3.9616274578261823,-0.015311008510565216
2708,42,cef9bd80c095e905afdb7a5d79570b5f06911f1344048c1a0a684c5489926da1,4.477096449801991,4.4537756109475595,0.02332083885443126
2709,42,e7ab6784ed474452893a8ddc09ad680ef45f9bd7a055c30b4ea34f610953fc57,4.266195656295395,4.2422949597264505,0.023900696568944113
2710,42,b060e9f02b57dc0b81f4e9752aebc14ac2e2d759d43f5fe31fef23868e928a21,4.229642622470436,4.2260976829190895,0.0035449395513467152
2711,42,ada24299ebf6fd74af760e033db67eb0bfd15a65f2fe74a4aa77220b66f9f765,3.888448770539597,3.8626035132313064,0.02584525730829057
2712,42,e3a6bdf89e2df3b5e932888afd5d4bd341fc3f1dc688425428064477de603992,3.8028185002893196,3.791138390729955,0.011680109559364382
2713,42,fd4b4a88903442594eb1093e298e98cb517477614cda5343795c091c47785d68,3.733792898417107,3.697656788274074,0.036136110143033306
2714,42,7406f9c4cc673b0448282b918c1af97a7b6c510daf9b64eb106657b597bd94b0,3.801233713824672,3.7998119100204804,0.001421803804191768
2715,42,aebeafc7d936dcdf4cd07ce921ec03fb9c9d8165bdf5d84b9b9638edb8fdcde1,3.4008780584015312,3.4025420579982324,-0.00166399959670116
2716,42,83c6f4775e172d3ffc024a78092dfd1b804f007cd411df15176adada9e4f7b28,3.493376735595831,3.5420485045439705,-0.048671768948139515
2717,42,8af7ce87ef5be51293f0f3833e228e56979ccbd59ab320b3d4f78b3a9ef13074,3.4937958007167254,3.5226273401772232,-0.02883153946049788
2718,42,20233e90eabddf6ec9c8ff1c1d4b0125e44768235e08e15064be3cc05c7e7f04,3.904086238113848,3.8877385218700056,0.01634771624384257
2719,42,f25ff77498a186010a23724d13cb19f8691777d780810e15b860f2868c41eb98,4.226535259798425,4.237447789877365,-0.010912530078940108
2720,42,476a86f2016d9896fea99ec73dae1fcfcfa602b6ed1c516601d77dc6d6eb7e49,4.199177373162456,4.1917552856962175,0.007422087466238736
2721,42,9d1837a65367f6414ca46da0018f2220f16d9ec76852e9773ff9e96687e2d4d1,4.025595218714045,4.011330273355384,0.014264945358661407
2722,42,48feab29fdd45bda1d1fb6e58b744cf253b68b81833ba4cdf2c2984791875e30,4.1194877930694815,4.127654597093169,-0.008166804023687746
2723,42,b7f5dbd3ecf63e4b281f445372b62905e19077f15f322c1100dfaaea2b54e778,3.9141065011346967,3.9649852245887303,-0.05087872345403355
2724,42,2973f09ec1ae251948b51ea1ed4f2a6cc1fc070d3b4004022f78d6b0c4994050,4.202584220797078,4.2451125123081965,-0.042528291511118255
2725,42,c770c249bf81e763d18878b9b694776aa123ec757e706e3a1f763029a9ed2a9a,3.9277312354274727,3.9113962365318002,0.01633499889567247
2726,42,c8b70811061787bda031fe0387a2de67e0e1c5d7b148c6b5e431a5a2f90f283a,4.613498566326484,4.610720855602494,0.0027777107239899124
2727,42,fac533cdc5f78237190bbf770da767eaca2a69362efa2d029dadb6a1504e6b99,4.028863839650285,4.048418162843518,-0.01955432319323336
2728,42,0a291aaff2997c6ae2e3468d913d5bffae39feae905a1fa26859017a037812fd,3.8987312170704627,3.937520139750177,-0.03878892267971423
2729,42,7b2e01673815994adbd0974b3b4457543a861385af83f3ce25e73d01961e4de7,4.3762555639456195,4.365060814514834,0.011194749430785578
2730,42,56552cd0d4c519f6bd91041095e19825ea0f3d620cc33cd24d2b152b37ede665,3.959046943008161,3.956595867979104,0.0024510750290573924
2731,42,18b925497ec8da5f17ae899fb6d83f98e20b45b5e0b8ba6d1d10eb0a001ee52b,4.0936427574963545,4.110199515602972,-0.016556758106617053
2732,42,a842ff2123938c97889b8d945f2061091b0041875df0a624a05ff0b182725675,3.83153946788525,3.794838009639591,0.03670145824565907
2733,42,466a72ebfb8d804c689447176fac3c9045ea76cc9a862c89c48b5fd517efc896,4.147456393080944,4.1802451764456805,-0.03278878336473667
2734,42,d556564f40ebf840e9cfae57ed1a781fe6f4e0b44f41d418b2a2f220a74c6169,4.4497415915073475,4.464610582605246,-0.014868991097898743
2735,42,e957c6d9620d6df1920aafd9895fa0f0bb804329f501b3d3d84606b6e6cf242e,4.630650957197076,4.638984852836529,-0.008333895639452749
2736,42,bbda5f7e9ba2062a0f02b8bc44e8e07308afe19a5c5ced98ebf4dda95009e652,4.120365819866212,4.116934558159301,0.003431261706911215
2737,42,92f8980e77bc4fcf346b8704bbd6cd50dfd76b61e78cd684e2e100592d816b09,4.108760311289814,4.122985528366129,-0.014225217076315744
2738,42,75e13614787cd0b431d2c37d21309507d62677b06e69535948213c07b70d6e70,4.0896189011114075,4.142630164727279,-0.05301126361587194
2739,42,821d49d34dd6b6934ee9d8f86c476e16ab6d8827d7333d5aac5c14ae8627be88,3.8722104111521958,3.9316212678204465,-0.059410856668250744
2740,42,96a406886aeaee54269c25e4a6702b0561b88ec026ebd1bb8870623a07bb11f9,4.069590496681556,4.033063632041504,0.03652686464005228
2741,42,f40bd594de94cfb619785dd9278d7bb76dedbcffa5374d90dcee25b9ae6593e0,3.356897464679051,3.377393040242282,-0.020495575563231228
2742,42,e0eb4c5018b201aa3881121548f82a5ce022191b5a3a27f8b9775d7636f502a4,3.874795746296286,3.887429176919113,-0.01263343062282729
2743,42,2c3d35a0cd1a92a4c5748df66ac82add2bdd32b25b7995c41fd613fbd10cf212,4.201891245366369,4.201902619744033,-1.1374377663742052e-05
2744,42,8ebcc1395b7216080a5cdba289cea2d8de17504a85e6446bd19d1bbc6f0d316d,4.165696535604184,4.129545924159174,0.03615061144500942
2745,42,082dc7434f447394983a0ece13f8a3a68968ff4cf7eea6a7aae68a4e99041995,3.9989676380863557,4.037313482004265,-0.038345843917909406
2746,42,4a3f63c3d132214823c5b22a84cc74c876a38b1fe7777ed255770668839ecc62,4.3855117448015335,4.399015847583712,-0.013504102782178506
2747,42,b89a8f6a520622de7d5ffe79ae88cab29f9c3579407ec0d16c232b19dd562752,4.533033266918778,4.523716407785855,0.009316859132923128
2748,42,2cab210a035fbb812e4679c94dd16e59cb8ad5fabd8996b77ccc2539d4b1abd4,4.296246606817135,4.324598174508054,-0.028351567690918955
2749,42,114f97fca8644289397c2c5a98c50491c786b67b6bf92aabd7a5945bd07c1508,4.449624632649147,4.461962532879625,-0.012337900230477317
2750,42,f5bf2c8369f03f3c6167a4bdca295e04cf4a8be0943558d61783a9af3408a23e,4.552788205833181,4.565052559391461,-0.012264353558279595
2751,42,ed628cd80463bedc992f150421786f57860a8198bcb6e6c1e20ffe3e25175bd1,4.141781629707339,4.141923938527498,-0.0001423088201590872
2752,43,9e995af0e39e68869b353364678de5e58050d310510f4b793df5ba73d8442adc,3.3567054485795893,3.394946768400345,-0.03824131982075585
2753,43,0af949825f9cf1718e7e4fcb84770b36cd0f13d124584676565b479d50ee82b9,3.978066744942904,4.027566305982383,-0.049499561039478834
2754,43,123d630ca4c94ecd46701ed28a0cedca69a418179c6e8b9bcbd4d6d031e38380,4.310682186187009,4.334141866526224,-0.023459680339215083
2755,43,0c34c596868381fb6af265ae0d88739e3d8a2783018af55a4dd77828b9cf8f34,4.695474541010299,4.691827834547894,0.003646706462404836
2756,43,d0c70ac6891855ff5ed74cb116f12a48ea68725ef95292f8a4166c5d5e76d4f4,4.545806615093682,4.539174806776941,0.006631808316740262
2757,43,a40a3ec5d0bac24fdd9d671aef4881ea74cb2a4ec209bdd97c0fff883979d4e7,4.288982440644531,4.2849439359451935,0.004038504699337864
2758,43,f8e13badeca8ddd069b99c7d3d387a8fa87e87e71d2454f13df342c92adcd708,4.272337639039677,4.2780003095370915,-0.005662670497414979
2759,43,a85c12a1b40f8a94c7d4eee210e5d2152409da98cc0c31a654e89256ab73c056,3.895231698884878,3.8872032492173503,0.008028449667527582
2760,43,28f19b91dbd400c99b291903287a0d941631893549817bb31e10f987ceea361e,3.5294408037998437,3.5075965255213646,0.021844278278479123
2761,43,e220e3fdd7f7dce31d3ed7895608751e41539b94f8a7992fe56cd42db3878423,3.8154226115624184,3.830147834019762,-0.014725222457343534
2762,43,edafd9bd1ceec605be1891395714296b70d0ad92fabd661eacbacf1f6246a5f4,4.219242442243512,4.219872485746009,-0.0006300435024968465
2763,43,243bf7ed0599df55d3043195537e8ae9c9227332eba25e45441654740ab7a310,3.816171098699023,3.8039779672089793,0.01219313149004364
2764,43,99f0a96853c5647e471546a6b563d6ceeab50b651b90225ef513d87b01009b18,3.89882026787069,3.9041553249646483,-0.0053350570939585396
2765,43,a27a57dd4b83823dcd3495fbbed719d6847e4b5e5d2cc9d0da5f2bf2c563712c,4.114093747607626,4.138600864505634,-0.024507116898007553
2766,43,8a3edaf29f67cb38d346eca321b47c56ad2533b8f8183db0782175f12bbf1a29,3.7134785145459546,3.684959993308098,0.028518521237856476
2767,43,9133fdda109e0343cbdfb1628212ccbbacac29fa111a5d029b7a67dad78fe28f,3.7955849110287545,3.7895967495508103,0.005988161477944232
2768,43,c58b7644a8535bb052cf52bc1b83bd02546e061ee2fb416bb08c5e69ca6bf29f,3.871828364697876,3.8480592207385627,0.02376914395931351
2769,43,0f488413781b6209047b7d23306c724d67ff55a7920e4a391a7c19b358abec6e,4.276306404161485,4.278442960858129,-0.002136556696644476
2770,43,1f37f34cf5d2953fd668901ca6c802f5ccdc6b2d5969744d25caf599b18a11b8,3.6844046771801686,3.6760467965908106,0.008357880589358047
2771,43,f347b70ef455d89904bb51e5d8f165515dd3a7ff940edf222c10e734448bd6af,4.110751300587481,4.125324366203927,-0.014573065616446002
2772,43,d4f74b30a5334cfcbda3fdc8f56231295dacd279347fb21787481320d9ac5469,4.336786440191872,4.369927330027394,-0.0331408898355221
2773,43,c6ce980fcd269139ece86c7ece0ab53e6791dcc8b3416ab381f43c890e184c7b,3.9179238904388,3.9582003852409002,-0.04027649480210016
2774,43,4a3911e4ef41114196949e5e4c75aa763a3bd08d53524cf7e0f404d487f11981,4.208052994271668,4.207757187632694,0.00029580663897377235
2775,43,917c0fd16b2a61a9965fdf0de899d6711c4635a1317afd972f5923271e82ca80,4.335095640656391,4.329002408456205,0.006093232200186094
2776,43,d47ab80501ea8ea5aab5b907f6f422e48ff33f5cc904a9aadae8188025709edf,3.756497985527119,3.7399637987241476,0.016534186802971362
2777,43,6781867b960915bd7cce5f0a0b2ca39614693f44621e67c4fedb2b3795f7310a,3.6893069421889777,3.691144838409855,-0.0018378962208771554
2778,43,15c6b29f9fc72a037312c681532f740d0d8bf9d0ee589805cdd37a2a66a6cde6,3.8619439123554358,3.8597524293693084,0.002191482986127369
2779,43,93f411b476a8f87f13e83095cfc934e33e1c870ccb2e8e6dc526bdf37aa369e2,3.968940193648905,3.9933561376835627,-0.024415944034657855
2780,43,9a487308b7eef2aebb122f0559fe9d3de30c0416e3dd69380905d3207411260c,3.7737200141193625,3.772738982284409,0.0009810318349536828
2781,43,d38ce629ac9e4ae548fa1cd46c4287da9ae11bd95e82ef74dd5e5ca3f8dab0a4,4.390214942677488,4.397410326082536,-0.007195383405047551
2782,43,f7019c798ac95a1e49822bb68d4b2e1c50d745e4d6179121e5693cf62da03004,4.2505330594347015,4.309874943357954,-0.05934188392325268
2783,43,9945e3d15680e2428477c51f7c7f6149909515c5060343f5cd2e5e239737729e,4.423290970204334,4.426191782485375,-0.0029008122810409986
2784,43,093aec616cbc754e5c4b680c22982ef0ab400f68004c79f58e9ba64f34e9b974,4.4609331344965995,4.459572951578139,0.0013601829184608505
2785,43,91f5b27576fcb34286ee2232583cfce1450d115a44eb40f5774657ec0bbf1ebd,4.258107176939006,4.2671985060041635,-0.009091329065157083
2786,43,6588760d5236bbaf886811eabaf15da2c4496b65f2231f6d1b079addae65ba8c,4.056667082731053,4.0189068006804405,0.03776028205061266
2787,43,825813b8626d7d6b1914e3fc42b7bbe9740834e108220514741c9b1d9bad0f89,3.861250682348782,3.9123566705757185,-0.05110598822693646
2788,43,bdf1724149cfe81b70da4c11a9c2e5d5d9b891f325a4be84476a714b37ec76bc,3.7494300380030836,3.7321116757279924,0.017318362275091204
2789,43,3f944a039d1e9d77e3c17b13fff06d2dad3e6efbbabae56a407d8c7ab6b71009,4.074740488633665,4.092699386638401,-0.0179588980047356
2790,43,82d5e1e85feaf7adcb29166f4831de1679b261714cbeb836ba6ed0e8d85c62c0,3.5158516825614896,3.56741097421542,-0.05155929165393047
2791,43,ffe669947d8fb144336eef17cb8038fb4aed263d432b99a0d373c39256d946d9,3.838570103358279,3.8349297378895812,0.003640365468697837
2792,43,516895bc56e910932daf08151cd9eb1abddaf6e0d83bde7837ec3dbc53cc043c,3.7347962957352934,3.7568791174343232,-0.022082821699029864
2793,43,e02de7ab5b08ecd62d502e211c3ac209d5d67df3d1b53c20d2fcca05176d40bd,3.499546087716027,3.464606075912215,0.0349400118038119
2794,43,ceef3dbfa2e53502a517ae225fc6b37d55caea31d69ca77978e8997c5d0dc52e,3.629098822212484,3.6575180012001027,-0.02841917898761892
2795,43,f81896ef09dff35fede33cbac4428c10e65a5cf6c5a52b31b0d5e0d233524f22,3.2903158520501563,3.2618552893991932,0.028460562650963084
2796,43,dfde15bd8a9ed842f0674c628e5600b54a7c0110149d729a5d3a151419a2e9a4,2.999181593245453,2.9162844937548584,0.08289709949059443
2797,43,86b7c6107acdcf14391e71706e5bdf2d3085848cad5939834b0f9e192295e24a,3.990733934268121,3.999130639527749,-0.008396705259627879
2798,43,4b7cb42f940ada74e523465c95efcd03860252355600b251ad9836d4a7ea81a9,4.327217225672371,4.353922781289157,-0.026705555616786114
2799,43,eb7d4aa81348e7bb5c52a195c3728dad34bb3ef82eb5f7174104ea818d27b1d1,3.9293162700786457,3.924428415878049,0.004887854200596564
2800,43,6f2b3b8127bafd4eca2e0a8f518dbc5a3a1f6aa1b4fe20bb8ba1a1b0568bbc78,3.9242274099335646,3.889437243797488,0.03479016613607655
2801,43,7966b9e1995694eef4186673da47910a5a4f6d483629496cfad8e2e5b910d044,4.187518055487544,4.198335880224818,-0.01081782473727344
2802,43,01d858d4fea543d0a350e12cfa788b32cbb78df83c404ab9756203a0df542ca3,4.275079055825245,4.292783879287299,-0.017704823462054264
2803,43,632fbc25e96d5ecde93033eface8e31f140d2302073e0dfe1ca2e1ba20ddc26e,4.343354664410924,4.348795742745821,-0.005441078334897043
2804,43,2fc2857fe7bfb3738afaf1a93971b5c99a283c5dd1666266faf1d592ea1f0280,3.673166691073888,3.72775837663508,-0.054591685561192094
2805,43,6432a7a6396d07c31cb59116576dfacc8bb23812f0c5ce94950237436bc873f1,3.4951166279535073,3.5117099677217993,-0.016593339768292026
2806,43,5edb398e24166dc2173129cf142fb147c451a32315a3adee9e14288819f895cb,3.5902583816333618,3.6060228874971685,-0.015764505863806733
2807,43,9f32f86504f00af8faadca55cbb54a9eeecaca6adc1a2b68fde315ec7f5e86f8,3.9695701783157347,3.9559911029791976,0.013579075336537016
2808,43,d29c7891ffd578c2c9e4f3d6dfacf0f2b5f235f96119ac800763469a372d5617,3.7597787668695446,3.7918930486862905,-0.032114281816745915
2809,43,ab26907db911b73ad13c5929aa4ed87eb36df1be8a0b02af181ff8d35d24d515,3.1970692913409096,3.2356829419823896,-0.038613650641480035
2810,43,3318ab76e61faffbcc467ae02be95ff465728ae9383eb235f149ea3cb9d52d27,3.6559813290298173,3.6557223869307123,0.00025894209910504173
2811,43,bd3582a9e11e58209237ee3d8667825d5d3cd77445b2f4d4bd187f08f5d2a6fe,3.8220329570103786,3.811983480950744,0.010049476059634799
2812,43,008224835aa9edb415ab1b48c4abb77c087fc48cbafc5983f09b6c67af3aee7b,3.737509416874076,3.7619051482445798,-0.02439573137050388
2813,43,c4605b25c991c15ae217afb5349d1ab57f9c249c1c08b97cbf1aada30d1e12ee,4.114513113094404,4.114696623887653,-0.00018351079324929742
2814,43,626e46ddf3dab4591a08472e3f455b1533b2c0c8e654dab297100283cae46305,3.7000432500190072,3.7250791308879343,-0.025035880868927052
2815,43,2b1c25634097a07e1d627720df8a679a8dde7ff69461e2c915637fc63d27e932,4.048622222807694,4.082537009636894,-0.03391478682920024
2816,44,9ae099647bd3cbf27cb370b1690554de3bc119076b5e536e67eed5f90174471b,4.473219894041563,4.455623501816774,0.017596392224788815
2817,44,62f6afe8eae4290814f7a62149d519b18702691cac6ce647a6d27e2cc833b7f2,4.512213593218391,4.499789518790351,0.012424074428039944
2818,44,a882db95660487f6f2f46b222ddaa35182c6e5bcc00f7dc4d2891f0458319609,4.509023595941883,4.471588815447632,0.03743478049425164
2819,44,2882814f15aca8c9fb5ab7711fe065024099efc11d4d611f71ac15f177948f15,4.756676260469078,4.785708484755332,-0.029032224286254404
2820,44,1ad3258a671728b01585e1216f7f2912b4751f3e01d548d111e5e044f60f62e6,4.846558893878324,4.897066239197102,-0.05050734531877765
2821,44,c768b349e92e9408e15c76762117b9e0e91ca36c60660c4ab70054eff964e032,4.773559666962058,4.774233285150672,-0.0006736181886140002
2822,44,b9acfab752771ea56b663fb26c8f1c5bff32ec8154adc32006696ed3f7e0015c,4.0099794878956345,3.9728882314517477,0.03709125644388678
2823,44,fab0367eb369c63b00063fa88fd2f3224d2223ea8862571c61937866dcc10cd7,3.552724648295225,3.554106698718215,-0.0013820504229897779
2824,44,136dea8bcd035aa7457322a80997776e9fbf948cdaa58632ead7bf5bfbbf3ff2,4.309176472987694,4.305352880126279,0.003823592861415648
2825,44,5759972d3754d07a2364fd652b0bb5d8b928629d5e1a042fb0c0b7f7469aeb6c,4.0049712628953955,3.9927238283962936,0.012247434499101928
2826,44,81d58bea998a6f8e42103ae8d3083b94d78fc608b53985a842a1c54734dca18e,3.3210283246865515,3.3265766566625814,-0.0055483319760298855
2827,44,868c38da04ce7c02daf6146b4e523c1e5b94915fe8d29a9be9b21e432a7a940e,3.6499805859014884,3.643839143287792,0.006141442613696313
2828,44,30133c1c1a276c9b07d6137cab039c6cd5a181e0be7709366c5f938159d53b0f,4.340928744402163,4.353261984612118,-0.012333240209954965
2829,44,c7efa943b8169df57f9877c65ed17a5b6aba319ec75cf2156fd14ffb8472499f,4.6657540869482546,4.671749530044508,-0.005995443096253439
2830,44,36fb258cf81e04b772127d62dedfc48458962ad22c55902acadc3339b7857100,4.605931863572323,4.639579681435407,-0.03364781786308413
2831,44,745eed26869c5568041189ec64e8fa30330489a9b2ae1398addd1151c7c93534,4.506403501867908,4.533425904455044,-0.02702240258713573
2832,44,9f8c01e5cc4b7aaf17cbfe7fa480057a9fbc4095abe6e84504b7a0f19e85041e,4.507605412507644,4.50033453953796,0.007270872969684206
2833,44,2bbc9379e34e1b734ec559e865da798439d31a1bf5668e4b20040862c9df4053,4.577564198191169,4.558693808281646,0.018870389909523055
2834,44,45521c900c7a313ee7ca9446c384e2198a4f32e6faee9d33903edfd96b09dbb9,3.946755530791279,3.9752687598477223,-0.02851322905644338
2835,44,679046eaf7c0766a33b8ab030d8a529531ef879680e8699346b7e3ef7da74408,4.7155726182591025,4.700444790991185,0.015127827267917837
2836,44,c72fe2be719659df0a55a1d5f559d651d1bb3b6e94c134a623638b316c13f809,4.703305094830057,4.699655751233195,0.003649343596862309
2837,44,77dd350b2037aa77a1925b461bb170f503b2417a6d8b6d56be96b2b09aba4779,3.9418715142461167,3.9874966484844094,-0.04562513423829273
2838,44,e3ee25a98940aa0b4a84ba1165fefdf23dda531d6d34a00a0fd348cacb5a2591,3.7026866432763654,3.701104399467013,0.001582243809352235
2839,44,5da6c83dedb628b8acbdd19cae89d874c2cf506d52176f44d602f2a0cab06958,3.7245424616928418,3.739357911690064,-0.014815449997222174
2840,44,53f616b732f0fe792b8a97e770fe16f39ae1280ad6040d6c48f550f38b2b39bc,4.005232384679967,4.008222460515725,-0.0029900758357577217
2841,44,4f972d6793e3541448f90ac6df5981f70fa6cc6549c15bf24d05805f79ba916a,4.220235732506012,4.231896742573468,-0.011661010067456345
2842,44,9707342cf8e8693a35e29febd7709a1768e42503c0149203c6f3451f1683f90c,4.471781078951622,4.486756289763406,-0.014975210811783768
2843,44,b04e06ada95d83b88f3662c022f95e974a4544dec9cecd17c933fdf66f4025f1,4.101279631190067,4.1050508261158996,-0.003771194925832333
2844,44,1511bc3c6b6a7de3dcdea2ae8b3014d53f287a85e285b67bd0dfcfedc1c1f200,3.8841945679301944,3.893158493731505,-0.00896392580131078
2845,44,eae042e5ffbe4c618d50918fae5a5ba09c0a6c939a5c988772c41b858322d8bc,4.493004424534547,4.478331665211499,0.014672759323048012
2846,44,0a06a60ff65b990474f7d9ad0ee5bc197d9c8f8aac56ba0fa1de26be17807071,3.880647419700807,3.8795878038770013,0.0010596158238058706
2847,44,6c82628ba2f566f04bdc326049c855f7ff03de5eb10bd7c94a89fa690851c585,3.762675684565963,3.758755106346385,0.003920578219577919
2848,44,997780eeda2146c81796379307f8e6bee8ba50e6c35044e2ee1a6c1faeed812d,3.6860816696038086,3.6901435937273206,-0.0040619241235120285
2849,44,2a73a4c40dcc24f6bff1ba7249f9062ad4fbed7b5881a25ce40acfc43391577b,3.646977567577551,3.637097800719175,0.00987976685837566
2850,44,a336e87ccc09f7d29b67b4a8b9f93988ca33331b597d3744bc885261672fbc6e,4.257523105534119,4.261096975990711,-0.0035738704565915214
2851,44,141912544bda9b92bec4e344b17e33f3d95cb2a7eb7ac1c3a4855f8b367f7491,4.048773158279914,4.062414023661972,-0.01364086538205811
2852,44,928d9c613d57c980b4cc9a8ceee342e3d3a854c88eccbc72c584751be9071c81,3.7316408678641757,3.763717291723225,-0.032076423859049186
2853,44,c7795912375992c04112bd8ba5c4ee8d6e3ff3e5bd415e6cad304168e07087af,3.5924407991691254,3.5955142951105117,-0.003073495941386284
2854,44,e1a5f09c8105ccd815b0fd7fdb0579b7d810e638a1fc5518c5422091a6f91eb3,3.437106699312146,3.432299415544364,0.004807283767782167
2855,44,51ba74aa6799d268c2d4a37f2c0f8d5d81d4ed4142127956b65325bd45577035,4.378967026821286,4.378652879311119,0.0003141475101671176
2856,44,e48278ddfa60d44c25f29f9a891925ebd997c8961545df119c10298c9dbe2e7d,3.6260715833189465,3.627359197756448,-0.001287614437501361
2857,44,0d3313e8f4bfc39a920111cd0bc0625f4d7b5bdf5a50694d8e67dfdb7d3deed6,4.633418802102824,4.61836019618022,0.015058605922604329
2858,44,4631b3845c774994cd62d35408c109f2f0e06e6295234ccd53cf0da8371f2905,4.20977256358924,4.199973847221031,0.00979871636820917
2859,44,922941119b42d70b07468f2ef9566fe07efdf978c87d7ea4e67adbb873221682,4.736925573786721,4.737642240564469,-0.0007166667777482871
2860,44,01fd378d14ee1b1012eee8a7477f81de1795ba47a9727ce45ca41b1b59e14202,4.2791499210572965,4.277479512268201,0.0016704087890957453
2861,44,cfedf5c7591ac464b9a110599aadba39ef92b716a976e65bc9a5c6a2b146f3f2,4.24393153965525,4.260196248604188,-0.016264708948938278
2862,44,1fed733ca6c10a95f77aeae5d01163cf42d1afb85715ec9e9e0ed241d03a0e10,4.587447976699295,4.583754556966284,0.003693419733011183
2863,44,c50097b154ad5c871a1090782a989677c68b9d32f0165aa6273a1e2071e74051,4.168743705773295,4.173825892475861,-0.005082186702566105
2864,44,32b9087ac530b1c60d1db013fefb94a735776f1317bd1e62ee268270521a0176,4.593074656974295,4.629561109864881,-0.0364864528905855
2865,44,884401bdd2024aefb1990c116438734c9d268092532d3d27cede72f3e6fda0a1,4.105395470424739,4.13399960582143,-0.028604135396690822
2866,44,265422e8c45ebc525b76290fd6f5b0527505aed6b0ac17a610b60a0765d0d7d7,4.083227540901703,4.097956893596603,-0.014729352694899944
2867,44,39510514c0c491d9f36660172ed50edad3414e823c15cfa1b31dfff6bb14e276,4.079029424733108,4.053648988218356,0.025380436514751636
2868,44,c2f88bb0f9721fcfa6267aef82d3157addbdb1ecfbecab62939d1a10f5112796,4.188052423597753,4.219627548433152,-0.03157512483539904
2869,44,f9cad7f3ad354a8ab88acdbcebed9b1e6970e0d77b53e8c0dcc7f45030324edd,3.9043904662837576,3.8834200662800242,0.020970400003733403
2870,44,804fc98a5233e39826a966cefa0428baa68ddd111e712a3adc2c9e5ba3ab635f,4.038202702777085,4.045478957777732,-0.007276255000647325
2871,44,14cee1dd4e89e07ac3d5effb0fd4a57f62f065840350fbc320658f813e4a5016,3.8479444853153097,3.85790788142765,-0.009963396112340206
2872,44,80e774f9d9ffb67ae8980d9701c3309c8318d41aabb5180036ba967181306062,3.7864070858816206,3.824794997004119,-0.03838791112249851
2873,44,f40b96bbbfcd09940cdce2600fcace323c8d533ef5a0a09f4816215eda633b72,4.012786061882778,4.01886014636392,-0.006074084481141995
2874,44,dfdc99bab342dab104331ddafa3719b40fcd08cc087c1027e7130fdc45ff36fb,4.792232687879562,4.793430592452978,-0.0011979045734165084
2875,44,d836b5f5cd2203df71b47732b2b201aedd44dc999a1b8a4793fa1b4685b22dd0,3.677491006736034,3.6422947912369352,0.03519621549909857
2876,44,92fbeedd359af0dcc14a175680cd01468f2625e81cb6f42622006325c42df896,4.022743802925476,4.04169356134895,-0.01894975842347435
2877,44,241f9e0d248308b53ce8fdde67d61d1248902e75b671cac4b809c3c9637225bd,4.10200585717655,4.093701275467538,0.008304581709012382
2878,44,b610611b1ac560d50336534c756f02fac1044bd2e56c242dd981e8b9073d3106,3.6421790531482543,3.6710619574853354,-0.028882904337081072
2879,44,f51243640e88afef97d032c139cb63a33752a42fb6169b8bf0309dec4c60744d,3.8375510935687203,3.818170479767673,0.019380613801047275
2880,45,bcbc74885dd1857d0bf3084d5ac9a9e2cd1a3049a6363e8f90bb686f12954aa5,3.9548294173106058,3.9819503812627772,-0.02712096395217145
2881,45,3bc0f93a69682278d719762fef5a94e945af5095deeae2f0b6fb781a6fb6d6cc,3.7516687229068566,3.7732320606060057,-0.021563337699149088
2882,45,599265a49afc65512204058846078adcab263a121009ef184170acb3c8dbfab2,3.674313981698674,3.6818522482034837,-0.007538266504809599
2883,45,6ef77df30120115f03b9adaf682929c4a43f1afa3fad6ff407e70e4896f7ef17,3.724435615975935,3.673904600199492,0.0505310157764427
2884,45,4b965d6127d4af59537937d52bf51da4f18f598bf57a3f27c40205788f7e0943,3.951665047731865,3.9689877239098905,-0.01732267617802563
2885,45,5e414b1b083dca9b9873098db444804b95a15b7fd2fa68ff66e2e61e153a66d5,3.8483151620625904,3.828969545122277,0.019345616940313448
2886,45,fb319f0a909978102c0b028db1628878665c89ceb782d1d668210f7ea9b60ece,4.057575896069579,4.027699061786166,0.0298768342834137
2887,45,9de8df86094522f9239a092ca5f8d2cd0a32e66d8ddefd5d3feda73305f07675,4.090743609430092,4.043017580720175,0.047726028709917045
2888,45,4a5a018ab7f025e3e5aefad7179a9f4d3805d2fb8f0ecc78ed001fcafedc53b8,3.9217393117869257,3.9176010654082205,0.00413824637870519
2889,45,5883d04f41014dc098826611ff03c5f43eb56eb2fd9d354715d395819798cda6,4.1269071970923505,4.135458169760682,-0.00855097266833127
2890,45,53f822a2b2bd847bcb2d95ceb2c1e7e7f838b30b5005d12bf4864b28cd13c219,4.592993910971472,4.585249859620262,0.007744051351210146
2891,45,b25c9088836f0be15ad1c39b22a225e7d1c7baecc721d37de49e34f62aeac75b,4.158168188250784,4.15082838176977,0.007339806481013511
2892,45,c8e2505b26372302ab5d07b15ffb4d367f58dbeaf42c74c3dfac11e96ac5bf6a,4.360072799497118,4.34284415578918,0.017228643707937863
2893,45,c1190b7afb253e7815dc8a6ef74641bfec9a48115f892dd3294a176b5cfb2c6b,3.9429812847990036,3.966347334076808,-0.02336604927780428
2894,45,77427c09dd1a67af3fa6b2660e6718b079cccbf09cd2b9a26e721ffe66c71a30,3.8019159019702897,3.8085382640408056,-0.006622362070515919
2895,45,8c33d6235983f03fd0b387826d8f7b8e9784db07093bcd67f6586ca2183b37b0,3.5844018561924997,3.633847292777972,-0.04944543658547218
2896,45,8e20345b0be204653400c26bc77e4cf2cef1b46f334e2906dd7fa2d0ecfe2c9c,4.154057707959112,4.189103627082204,-0.03504591912309252
2897,45,1d5effd86beebdfeaff5a8856fa94a62e518f88b914b372407ad22a4ec0dc187,4.251498774266565,4.289771819452653,-0.038273045186087984
2898,45,64cdfc84a2e57641bdc76763933792dbcb22fd624c9abccb579206c6b40518f2,4.432205243981002,4.439270726757286,-0.007065482776283716
2899,45,2a8181137ea47ac697d9c13cdd38eab8b6b66830338017e2ec7bdf3a89da867a,4.149586612198391,4.160770659519585,-0.011184047321194157
2900,45,f24a57e7e993ba0a49636366eab60aa835aca6bee18210bbc4b1b1b9d4450b21,4.339643675891267,4.326419595481866,0.01322408040940104
2901,45,df1aad3df9e3d9c08b49edb27d2fd9dd9474c0d3baffb6976abe1718e7aa0dd8,4.328691862949881,4.305496227249989,0.023195635699892136
2902,45,52790ac74c2459cf7d609a65a1d324576ee26cbb3f5475286f56460c7d51f1e0,4.196676800100647,4.2164149016107615,-0.019738101510114348
2903,45,76e6b46673d3a62fece4db95b72c75798dde789e3b6fcbcb6ab5895d01b57cf9,4.102534821236304,4.084312083979967,0.018222737256337496
2904,45,21a17a8a79b821fd8cbc500804a60403f9dad354ff65b06ccdb2de5dc6a84e4e,4.1259544196163915,4.158463319646785,-0.032508900030393306
2905,45,fcab6cdbd23834091567c32962892a444ba8b9772da1d6e3fd4359448bdbe42b,4.819501375045604,4.857241649422917,-0.0377402743773132
2906,45,729d0e9294a278e01f661fdaecfa65e8e0b9a1f7c8b59051de880b492fe31bc2,4.504587463022915,4.518936217171984,-0.014348754149068554
2907,45,378ed3aa7e0e0389f1ed80162f9f4cdb64f5b4b8f487fd65a1c4ed0d4298a11d,4.427851856997677,4.455753976606616,-0.027902119608938847
2908,45,e3a9505947cfa51412771337c850ae7efa1886e8bf884ff300a3b68a5db7b730,4.228494475448542,4.250646680767886,-0.02215220531934392
2909,45,eb16b8e74e74007d93f7c267432bc05350651290c40798cafdec9b2f46448ea5,4.550762597580615,4.566286447543689,-0.015523849963074099
2910,45,e4c78721383a4bb299eb935fec224d82d2b780b09c5844e9fd2c7402f9a52f80,4.288691282115224,4.2743088200700186,0.014382462045205102
2911,45,4a92f90e39661cf16a531cecfadfb6f09b20908f062bd9d0e2fa750e06a2fb7e,3.9742661045988115,3.9705766990210236,0.003689405577787852
2912,45,468ad0439fec3da964fa2f7881f305a0d884176f84fa15d66e0db5d8aeb0f55f,4.11421660796691,4.136138725241381,-0.02192211727447102
2913,45,f5e4933f7c8e112698f5ea931459bcde91b2dc2fa97a23e0ee27e3cfbfc43ac9,4.337700227507412,4.347399541983577,-0.009699314476165455
2914,45,2a0cbbedc821ae11077af70d71b72dafdeca9f0f523bb40787e482247b01986f,3.8853187574323726,3.9175620256246475,-0.032243268192274854
2915,45,522a65744dd4c6df6d409d19e9fd48f699e20920cbfef981d79a7c57dde2d5d2,3.9698355934764376,3.9911538336625547,-0.021318240186117166
2916,45,a82764c73e3ae5b6ac8e5ccf8f81f0b224e229128ac26b98e7b91e5a96573a4b,3.9666389518421283,4.014298183759706,-0.04765923191757793
2917,45,d3a23c4b54b3601810fc93e20f34b5905266729817224b5dbd1484fb78c2c5e4,4.13518632823196,4.106953695806638,0.028232632425321924
2918,45,5a53625e976b5c104453e6806356f3d8f0222270e37b3c3219e3448866056a96,4.018250955287215,3.9941819965765717,0.024068958710643074
2919,45,8733376a434f034ee061cb06fb49854db0a208b6549bb7280a32b66850f9da41,4.443561719159646,4.439240193500154,0.004321525659491954
2920,45,baab02034f493611ea8208847aa811bf79d060c249b718662679f5af6291eb92,3.8577575337850476,3.8634352800284546,-0.005677746243407
2921,45,f7c1b21333fee2607b539934c77a7441bfa4da3e19bcc19af8823b1e430fed76,4.009795710184562,4.021760909063005,-0.011965198878442607
2922,45,a18e6bb482eda78ca37085ade43fb1f491772f82b4c2a960b3eba6b1520e459a,4.049126798675644,4.061356202636347,-0.012229403960702712
2923,45,cfe72052c6213ba17ac6de0ac900500aec914e402b58b1aa3a57f80bdfb19833,4.252387060200277,4.249145516479814,0.003241543720463369
2924,45,986bd6313dd51b75b98a4c43ffca4822961f460cad61e898a5b27f106b814a9e,3.9745321935559303,3.9830839478848645,-0.00855175432893418
2925,45,2e06ea744570bbd2d2ead1c0a6630332d64ccb67b327231a59584d4ff20a40a0,4.484178921190349,4.475216269695522,0.008962651494826446
2926,45,684f5cc2ab4222f27e143290949662f4899d4e3ab00fa7f55cddfbe3b8b2a78d,4.1638663940870515,4.174063808713129,-0.010197414626077261
2927,45,71ce9ff93c12f0d0ec08fb5c573fad4ce1a0a18b95b0e6411c9993775fc3411a,4.409543329401885,4.402802531183966,0.006740798217919064
2928,45,b3b496460e8ca0272dc035c9b2a808464345d818f89d5c0b2ff1fd8e66464af5,4.414163294810109,4.437536441002521,-0.023373146192412264
2929,45,e76691c862007435557076944a379f78880e691f15d552dfc0a5c706f1e1c17e,4.0476564916744735,4.068455927977141,-0.020799436302667118
2930,45,62e5f41cb246aac0b9a2775d7d0ae3f1bd792622a963b87415329d050814e5b8,4.0771437266814665,4.053137170989771,0.024006555691695297
2931,45,15d0c325bd4f8352e51cf84551fd3ac571f9427aa355379a37ea90d38867561d,3.91739427242328,3.914711762180559,0.0026825102427210368
2932,45,55633931ff94bbc1b4c1a9bfb29dedec004416783ea47a048ce401d2c32680f6,3.9204921249202016,3.9286677385466646,-0.008175613626463019
2933,45,ab187289406df9b28070b992e3e1718eb8de2ca5d8aed90889a40470edf36936,4.236369795100018,4.239857251740432,-0.003487456640414166
2934,45,b33e8f6ccc97fbc5d6b73c890d1d9a52fee608e4dc48fbe49a6db20579426d9e,4.312867722017415,4.306983348478866,0.005884373538549426
2935,45,ea5820c820541b72899ab0e155880ea9fb40dad54d8e296c7e3d68750246be23,3.9319174769174197,3.9260696482281787,0.0058478286892409415
2936,45,66a93dbde821ea72134b57f75a725724a1004bcafb98f010598fd469566c3d39,3.288673613670028,3.290442860440976,-0.0017692467709480297
2937,45,ebdc2228d40d11783538a1060951929293449e33418c9f5661fbec5c19e2425d,4.187874258923898,4.212832691928952,-0.02495843300505385
2938,45,08a4e75a3d6f0b0d9c05ca7473e3ec2fe8f5a2dc5fbd1e40a9a8f3a33a682193,4.013627663756097,4.026397452040953,-0.012769788284856531
2939,45,1d9be98bd658f2f21a760949843bbd621bfec3fcac77ec3bd0b608ea7436c5d5,4.271205062828244,4.289945889776845,-0.018740826948601352
2940,45,bdcb8da609d65da7caaa49312657f2e4f3014caceeb93e75944746b9a6496f47,4.286704835829596,4.320582555219062,-0.03387771938946571
2941,45,7cadcc5254cc9b5bc622204cc3ce3428c5420b810999c36fdc311ae06cd1dbe8,3.9500997519451175,3.9394596732431637,0.010640078701953826
2942,45,8a1a147c55c68bf45afb50af0c5c57da1e3b25d77dca7c3904986a8280a8cbe5,3.964344543501113,3.9599597526282935,0.004384790872819622
2943,45,730f418ee8f95bbf2c7f3f4bfe6b890a36c90279e2fff2ab6d6d244347dbd7b0,4.215439289731023,4.2638823482985515,-0.048443058567528396
2944,46,424df7889d36a93b2732f0994faa3028dcec58a755f6531e465baf7969415808,4.292750448374534,4.281939920854825,0.010810527519709012
2945,46,17c2e8de427cc266f9fa6133db3a414f57bff728f89f378deff6ec712b89c95b,4.1901456002538,4.174468927734324,0.015676672519475687
2946,46,9562a5e71fdfc0c99ae3b337d1100aa8cde2364a6392f45b12e78cf4328fa0bf,3.764857906579323,3.7641266196035303,0.0007312869757925
2947,46,ca5a359e19864b2fbdc8d78400d00efc5efbd5da6b409af95f26c8a863934993,3.6640695150428044,3.6306946139142298,0.03337490112857466
2948,46,96e445e5bc62f151f1c36b27db43b1caa3b951ffc470286432ba409516bf6f6c,3.9644841588840336,3.95081248941608,0.013671669467953507
2949,46,ccee12ee012afb3c0771fb0a6ba2c573327b3c0949f419a673e84e1c38dcee8d,4.222952110827464,4.226843176378452,-0.00389106555098806
2950,46,b442b848141d86388ac84589b4fb0bd76b05d31e0114a0a2b7a5a283b18fca2e,3.8572702762287463,3.8747297290594815,-0.017459452830735245
2951,46,ae97269e2d950b4b018bd1b1f7887a28faa0938bf8ab2b97f1c10b857ed29bc0,4.298363933828568,4.28301761917362,0.0153463146549484
2952,46,5233163e2844f3aa5d240baa677b768b469c3eee2928c43f868ffaf42aa3b943,4.002850350614608,3.9882819812273738,0.01456836938723427
2953,46,b5faace06bcd4c565ced59e3e85ae6137d989136c94e8ac0e46f23e6595f1a2a,3.772445776923419,3.7907125951317724,-0.018266818208353186
2954,46,ecca9b5f5bcf13679f65465919eb19426ae46619bbc18af06671fcf34277725a,3.723745551740876,3.7236559149192914,8.963682158480424e-05
2955,46,11045a69932f26d3570d5846b9377bd111d7dba24a1edabaaa12c863e3238998,3.6840654055238247,3.6806962087949273,0.00336919672889735
2956,46,3218fe6fae290f0921d3b14f218cfce3c2412831c25f49976610360952cdb4e9,3.8653656749819447,3.846228775613156,0.019136899368788818
2957,46,186aefd33e18339b95e6d0180569aec34e859ead6fbdc5a999974aa87b98c2b7,4.035018458311242,4.001415318919385,0.03360313939185744
2958,46,b627564d6b2745bb2845301be794321c14221baa8ff546f293a4c0ab53077522,4.136994274275821,4.118413652104664,0.0185806221711573
2959,46,14edb58a583afb43d54c5d4537d29a85e16de0cc1fa406c8c088618ac3ea7802,4.176686120443264,4.188792776003993,-0.012106655560728541
2960,46,a343995208e7f3c173615ae918dea8373b29fc71bbffb922d62ee34c4dd4ccbe,3.3880883597527713,3.3519869583427635,0.03610140141000784
2961,46,914ef451c879f41af28ff640a81b44576b4ed2fd296d6e418ad8a573b6ad4af4,3.166415792783482,3.100981832033881,0.06543396074960128
2962,46,236e6e13a00455d3b1893d683198d35b9cd9fdf1b26c9d6416becbb6c5d19f9c,3.199014824598919,3.0598932481738075,0.13912157642511147
2963,46,542f8b9e904ee0fd930333349d88ec20fbb15c829cb5f4b611a213dfe2f0a5cf,3.2137712678990695,3.1417130859565674,0.07205818194250213
2964,46,abb88dda3cedc6b42c1622c67c89e30ab5df23274fd82cd295d01259faae3c53,3.643000126358288,3.638602618151367,0.004397508206920975
2965,46,cea2cf71fc48f8c65e12f2b05b6fd372de3b3fe6df7591677be54370beab4c1b,3.639163282574984,3.600280460119194,0.03888282245578978
2966,46,e210d0ca6945f2ca1f72150731c5ed53752d6e7a576c3eba5df31365653caddc,3.7209410125538227,3.6987759930422044,0.02216501951161831
2967,46,000d944bb256adeb60267767d23a64c1d6cb878ab1f7575a52e3a2789644aa80,3.7494256079393153,3.7944915647033213,-0.04506595676400593
2968,46,d08a13da2f1c5e4bd8937488a8b9d9328a732b383fbafe70a569f497e72b1234,4.011025233314399,4.0020586584985836,0.00896657481581542
2969,46,b728220f830ae9fbd907bc1a601bfde122070bdbc374f9735ab87b2dfcf55caa,4.110207530698091,4.132382436147935,-0.022174905449844573
2970,46,ff14e184bdf1cfe3c386754fe4a62f4e5a98104c764aebe8a41c91cebf96452c,3.8172808829939484,3.8190032594974213,-0.0017223765034728444
2971,46,62f919fa72995de77d123a52b12dec19763c6c4d5f4e3707bd0225bfffa56b81,3.94363828245136,3.928540547136379,0.015097735314981264
2972,46,948d5794f56b3595245023daddbc67a2414b85d76174f8bd4d616893baf37942,4.002578632492742,4.012294797525584,-0.009716165032841673
2973,46,2e465b5ba4c9bfac44569057d405745b99c78e526463f69bf3d36993f29fc680,4.335664147976786,4.376278407242808,-0.04061425926602169
2974,46,28667d315d848e907550a1c99b35fa0da5c427efc3790b551d0508b1d54a1d85,4.056449114118891,4.10193904023572,-0.04548992611682934
2975,46,c92d84981e407bbfacf49a68d22bd66a97f2c525a07c95254beffe98809df10a,4.230663768058712,4.240675049231527,-0.010011281172815245
2976,46,9fa22918fc7d021ab0c2799ae2ef4c1ebe6ffa700b6fb3dee7a0871404ece73d,4.384506500484122,4.382258193059883,0.00224830742423876
2977,46,763b33b245c3740b558ab774e8c6252b18d4ca9c0a92c053bf298a14ed4094fe,4.081528803191986,4.103300691739776,-0.02177188854778933
2978,46,e5873e6ffa28fc1bae8f5ce05ef1848cbc6764655121f62a6cb799f32dc86d64,4.112269105554944,4.110868740353226,0.0014003652017180457
2979,46,1be0cf7c51edfbd6c0bcf309d74dca49491ea9a4a515e23114a7c07b7cd88cf7,4.166198292428277,4.188237492002315,-0.022039199574038548
2980,46,2ee1171319df3c7e7e0c906846a2f3041b1d274b7d3ab3bc505d19ef9fbd58d3,4.123724584840772,4.144794819625929,-0.021070234785156572
2981,46,399867e44ecba66cbab91018c37b55e139aaf9b9e824f7f5104795c688a8bce7,3.920578875941942,3.9143131337914383,0.006265742150503684
2982,46,54cd04c985b8432b4123ff7cf196441345ac9be3b771279bdae3e5637304bd29,3.744108633926487,3.7484852208679627,-0.00437658694147558
2983,46,74dd72ae6f98192b544823bf81611af40d17b9aeb84743fb3589a726d2ef75d3,3.9934678674012503,3.9650344959286485,0.02843337147260172
2984,46,8a6e27bc3ab58756ba81979f8bc892eebc67337336ccd2ef3c8e7be350c63b5d,4.219049364996863,4.225667641979271,-0.006618276982408133
2985,46,3120a6a00e7677a375706c1dcce3af9c8f7dc001a96cf6e546a94fa5e3bd6f51,4.133249268892541,4.108044823599812,0.02520444529272936
2986,46,743e3ad4046f04ac4cba07229725da0377783655be03cf01d521fcf32cd27046,3.647742960137209,3.6905707552235647,-0.04282779508635581
2987,46,8571d6b02b9456aec9dc214c449316235078d907ba0902dea7a29ab65274154a,3.972383003360733,3.98405543053471,-0.011672427173976985
2988,46,a626452c093d910291a82cddc80176dc56bb8ae1bf34b49f1f554e9707cfa9ae,3.6408278537098226,3.6573229999467287,-0.016495146236906066
2989,46,918fbd9f4bc4775eae9e1189553e9d9e0a543063262c7a5803242b4b600c624c,3.4296781255197857,3.428168995206761,0.001509130313024798
2990,46,ea12d7a6bc7dc99655e4dc73fd9275a5ab283d55708a31838f1cbc708801402a,3.9332751503548025,3.9531194700357446,-0.019844319680942135
2991,46,c72d6a6030529804025b491eeaedf404cda2791dcc459aa84b79c578a5593533,3.7213987013597887,3.7223045931707475,-0.0009058918109587921
2992,46,f9b6ef583922c49da1ce95451f24317bc9a359cced1c2526a302bff74f72febe,3.0819523825708686,3.0815376800122536,0.0004147025586149766
2993,46,f62c910f7fe1d3d628af28921f23b822f1fe7e315239c5c2eededfab13b813a0,2.718281318798063,2.7443770465890793,-0.026095727791016543
2994,46,2b511ab47bfd946e52d5dde2f75afc7ae5955963a4028d5d7d5463101187ac71,3.203985447657601,3.1692491901334847,0.034736257524116354
2995,46,396325ee92512c6f417e0244658854f3b5a13581d4a99b3aa042ed0e9dfb2896,4.403632171142249,4.397880524588686,0.00575164655356275
2996,46,a4c096d8f295a481b2e73940746a637ef677e656a419714ecbfeb2967ebc7cac,3.8616556987748822,3.8859089972759193,-0.02425329850103708
2997,46,47d22d79d5afacd4742ce3429ae33e3f21844582a4a28d011481a2112b316af6,3.8168682880216807,3.8179621208656727,-0.0010938328439920042
2998,46,5c589eeef78775a4c19cd1131c4a2171ab245c3c1480662deb1e03c5e6db36be,4.23295205621406,4.221256015575364,0.011696040638696559
2999,46,78239a678b68a88342df555148eb2bcb6feb9ae005dffd4b816c2385b50a7aca,4.510240149077617,4.528517128724161,-0.018276979646543623
3000,46,ee6d11bf915a6d684c213b39d0086afc128e200ae38225c563e72e2df6350429,4.004749976885762,4.014607578239065,-0.00985760135330338
3001,46,9ec8299436ef4a8364dc1560072a420cea46d04db71bb5ded15f5800415b9adb,3.9747144315395104,3.973380174098139,0.0013342574413712782
3002,46,e6323ed16685680f1eb0a275f9cd44943f5b14b2f0528bf46cf877c30b15a792,4.092687672090705,4.086469571886056,0.0062181002046486356
3003,46,fbafcf1a12ef39dd79cb769c1299aaa911489cd3e7bc980702d50252baa6e6d9,4.0982873177240435,4.08248199456898,0.01580532315506389
3004,46,04b50fa36c8e7860400f73babb737656e1c38f2ec3b36c2aac124b9730135b6e,4.4379364098060705,4.477352095151673,-0.03941568534560247
3005,46,654859244be08530b167d98542d33c91d03b1af7efb95cf7e90381ff8de6ba02,4.342810189288969,4.357036948593645,-0.014226759304676762
3006,46,0e1cf8aad1543d5d303ac30e2c6c66f703ac20bb79e825e651dd1bfdf572d2be,4.1011284628202755,4.1431741411070675,-0.042045678286791954
3007,46,ed4807108605a57f3d084e86beff926ec0dc4e6c97768e4287e5da5b4bf78494,3.8930317929263367,3.9083650165470694,-0.015333223620732639
3008,47,3424b1f78ab5740fcd808f48cff6b9805f93b6055ef3853bde46fd6e69b931a2,3.994401405445956,3.974360733803451,0.020040671642505004
3009,47,b32f8a28476568d7052a02a5eb613c6b4cd7aa3364760b8b074531b6e0346d09,3.9173880138175434,3.915634129672995,0.0017538841445485787
3010,47,5e719ea0ce84b1864194482d1cae6c924b7a152d2e0035820de90915e9d9f561,3.7411729271665592,3.7396204146769527,0.0015525124896065279
3011,47,8b1e46405a2790f40a67e2cef0743bb4753c87accb68274d9b57b242901333d2,4.06564590541975,4.066520303632341,-0.0008743982125913874
3012,47,3aa33126cee7bab8fd5a62f73608ee606270b63dae24be44dac016f5d56bba12,3.8209268106535816,3.8156796609822266,0.005247149671355089
3013,47,21ad2e4821b0f81cc89bd4421c135f5549a4fb268128b154947ad03a4cec4b86,4.119557409939034,4.154032837323427,-0.03447542738439324
3014,47,8cdb8c1f5c5ee3cd42806bda6fc98c60476ffa553580ba36e868469ebbb605a8,4.381054784234834,4.397377565720717,-0.016322781485882842
3015,47,5675fedb72560d18dd02753f32713b6a0bebfb00393a73bc1dac19a6c256b435,4.581118494215474,4.596969413270415,-0.01585091905494096
3016,47,b1288ecaeac95325207fc4b90cd26dd9ee842f516ecf349b22cd4798b9216ce3,3.791536609068878,3.753471259365341,0.03806534970353681
3017,47,edd8ee14dc9d31d0805db0db4a72ed33532c5a1987b0fe13d10c40235c38713c,3.4614628197044226,3.4680861892815074,-0.006623369577084759
3018,47,f0548481cec6856b8ed9e050984b8229fe6249c89ace2bc85fb074d5025bf541,3.937655315390998,3.9640528284598986,-0.02639751306890048
3019,47,1635942a56b37e4720e9ec663e9e3435735585d9616851e79d9403f3b88c7ed3,4.386113391677782,4.414734114791258,-0.028620723113476743
3020,47,018458582472e5f151fdda1122514600f9936f17c055bd78df3ccdeae2cf3d60,4.084962388797294,4.117232492311473,-0.03227010351417903
3021,47,6034497c7a2ef77fe3bccbf628c278d5822924abb573db5eded50cd785b9da4b,3.9582185401563947,3.959089074829876,-0.0008705346734814157
3022,47,75eb16c41e0ee4bba3b87a5bff0209f0835530b94a99d58a291add973cf69b90,3.9029703007929086,3.9112983475038163,-0.0083280467109077
3023,47,b4f093203d1334c9b4807aa8e846aaa4f4ce69465d64ef6368ecb04e7ad70934,3.9644347114355014,3.978932088532787,-0.01449737709728538
3024,47,db5370a090ec821bed6f747d34339e335a0daf70c67d9ed26027479c423f7040,3.2933568972872536,3.3237900918907144,-0.030433194603460834
3025,47,32d6b6c77128dd3c8a1d6bdbee5dfd24c0c242a174387845a448f4c87ccfbc22,3.225502012179902,3.233085652909523,-0.007583640729620811
3026,47,e20c2a57d6283a865f8c95ba1a813892f8cfe0909e1f8ed95c16aca49362d28a,3.95731576101781,3.941281102324581,0.016034658693229176
3027,47,48821859742677535a451f5697af15aaaf54fb87e4f01afe1f423ed9a0712fe8,3.956692425506162,3.9431771243848743,0.013515301121287848
3028,47,5d02578390a107d286ff9a5c67f97337b6a7bbc5db4c78f22c3137a53ea9f2f6,4.121298019902156,4.138996778311878,-0.017698758409721904
3029,47,c113135ba7271e4cf879d3f80e980c7d342d574c9454e2838c8a57c1e18f28f6,3.5132371300051233,3.5374288242647935,-0.02419169425967027
3030,47,a26cb817a1751bc255970e22c9b9bf3f386dd00fb895a78723c18583287067ba,3.409792616226092,3.4141203127300344,-0.004327696503942491
3031,47,1731360dc9736ddbd3fee8be7b10324de7c6fc77f263e0663134738f5d65c99a,3.7904527334523372,3.793120930474565,-0.0026681970222277585
3032,47,95372020e970ac003cfbbecd3e5be016b607bc61992b2829370c9ce62f33014b,3.626392080574533,3.640492289913709,-0.014100209339176217
3033,47,156f4196ceb44f2f5d77a45023a137081ad8a3b43169451fd91785074d690527,3.7801088510504997,3.7874180985828616,-0.007309247532361951
3034,47,9decc2a2e8dae50988f3d1c7c756a0de0e0feaa532b9e1ad79b2f8f7c764d176,4.16109651583713,4.206149275225698,-0.04505275938856812
3035,47,facb085ba31d48bd9421a5133b3c82b6001365ec03c2974a0c2761371e6796e2,4.054139254691677,4.047224328318066,0.006914926373610797
3036,47,f08a3c3fb6dd3b7486191151cfd26bd8936572b6f99a7b84a62711d1852c44b7,4.142955430654638,4.1646493745465705,-0.021693943891932577
3037,47,2cb77018219f334df4e84f9d280585f97a01e3fed9d29cb5d590c4ef69e246b6,3.885068039903217,3.878922340977283,0.006145698925934084
3038,47,b6664710ca86ff79bfb5a6ad1cf7e6e1b82ab0bfa1016e1c1bcf0272cf23e5d3,3.914674757139437,3.9103314804339675,0.004343276705469634
3039,47,64e3422e2fe106d6d7f0ef145e0da809cc3f9eb3740dd3b761db45eb36e4df50,3.778131930305449,3.820168184253504,-0.04203625394805499
3040,47,4cd1c739e5b412235f981525295355bd48a1ae7323160d15454ea54f6ee01fee,4.243321773782647,4.236602888408186,0.006718885374461081
3041,47,9f2fda68f014ae38dbdafb9af38b21725275584f68a40a7510f0401d5a9de113,4.124021948925986,4.121062073717212,0.00295987520877361
3042,47,bb77807289847f4ddbc15fb1824bc739155775b4540985c26bc21e7828ca8cec,4.484738468960359,4.496492773287628,-0.011754304327268983
3043,47,83a0e7ee2f8efb198faf151c8f6d8c563b3a8e362e67234255d0d5b008da8933,4.221758615293,4.211069127875419,0.010689487417581134
3044,47,acd9b924d6d30b30560a930bb439b398f142eddbf3f03a620b2e1324a099488e,3.9995354633629177,4.093121293056129,-0.09358582969321105
3045,47,f3e9d3e54a3240bad08ae959863d606d1170749a3440a396f65fd43c79a95755,4.260197331061704,4.234143183614833,0.026054147446870957
3046,47,89e3cba3b5f7c15d1f08a68c7de3dd290d27deee36707eaa6b6de1b0f6208db1,3.754359460633623,3.709371747624658,0.04498771300896465
3047,47,22d1120f637445dea34a78af89fdacc98205aa40c161967d99ec9559527cfe1a,3.9831990227703926,4.023246737164655,-0.04004771439426236
3048,47,b2887d41f2674e6d2d40e8390e40232a126f78edb4c9475eee271a7b106a8e4d,4.4543846004060015,4.467846378906643,-0.01346177850064123
3049,47,9d22f5961bd195d1a5204641e744283a5f02caaa34b0ed4651dec6b466b21b8b,4.150455300830117,4.1374527543865725,0.013002546443544816
3050,47,5788a1193b95acadf7a4769278d7616cda5f71872a003187a78d55f558bd3580,4.117659700295235,4.138992785435619,-0.0213330851403839
3051,47,de99e13e95867d7e75e5da8bdaf68c22add521d174bbd852865ce6d04434017c,4.200386809638758,4.210055400183336,-0.009668590544578137
3052,47,8308ce1c714986df00e241297bf3efa2d40c8b685eccfae56a42aa1ef7b2e739,4.2331699576186566,4.220107959767347,0.01306199785130957
3053,47,37db02e797b2147efbf7fb60148c552f35338f74e00d713a99c61b3f1c1b8df1,4.26166083568134,4.296758283000827,-0.03509744731948672
3054,47,4b258ebf9aa0d8545d09a9903d8972133c02e80b33b9ca6a0c7267f5886ae2da,4.258918408940417,4.284457047408296,-0.025538638467878627
3055,47,b82ae953adce92a0a529502edb3ff6688f778eef343058a47a1ef3e32cb5409d,4.320755656374445,4.311700152408093,0.009055503966351353
3056,47,d03235f3a64e57ce53ba1dc7a804fdbfe36f154ee2294f105569c4b61e35ae1d,4.150614280889897,4.181560032436437,-0.030945751546539668
3057,47,240c152f951aaedad7eb98a4cea8395649f9f8d8ba86139028a0c59c66d33849,3.83955379923475,3.8435072822960024,-0.003953483061252427
3058,47,c8fcb4d8ee189e21dc663746cc252b4411c59fe3ee02d3dbaff17489868e2981,3.888091566058449,3.9027838785410154,-0.014692312482566194
3059,47,9d4046c4fc96f9c3c6918c54e8c510366a37e5c9d73b54d5f00bde3860ae7585,4.222416169771975,4.271325445914215,-0.04890927614223983
3060,47,f9f76144f1c47e1dd32a283e7d2d8a63ab4f6fb2e344b38ba5d0008212121da9,4.14373057789453,4.154869629969085,-0.011139052074554456
3061,47,71b8fc9c011225d938e94632fb9922b4f27fd23bb826cd86d440079b116de4c6,3.791482912501536,3.7933253401461826,-0.0018424276446467047
3062,47,06c5b527abb62f172c02a0c0eeb8155e00a8449c87d955a23f45fd53bc610330,3.564071078467123,3.5707492499005156,-0.006678171433392777
3063,47,89e3cdac2b92599dcf94c08c9c20b211c8cfd69ce1de2f5a7672f4975e938d21,3.4259076285089805,3.4198168715731754,0.006090756935805075
3064,47,51f37f86f191b4ccf92a3812f35c00b00902d664b9af774a8e6b26d8c5540441,3.219077782669615,3.2564171901232157,-0.03733940745360087
3065,47,8ee02ba052b16a49ec17b8e962d2227c72ee357d3aa2f0d823f6c2afebba02a1,3.5021339170166357,3.5468836371341013,-0.044749720117465586
3066,47,9744b0a641baea1efdba5b4454a62ed139ef009f2a164f03608355e68ee126f1,3.7258284238432395,3.7360871652612246,-0.010258741417985107
3067,47,ea19b33a4cdcbad8202f6f257afb46304df60db98cf830aabd2fd085a8a44612,3.4894520565077016,3.522750996672869,-0.03329894016516732
3068,47,6943c74e722531f2556f3b7a1dc425a18535a57f09375ff471d71839ae03573e,3.5548165912342427,3.5237390071776815,0.031077584056561136
3069,47,753d93634b428787c1701fe55c2994b2c0af7bb3ea34c01e7ae29bd49b850b30,3.784740371400659,3.7674559863701376,0.01728438503052132
3070,47,c47274065516dcbc551341fe4fd2d4c01d50c8bb5633e80a915117b3a2328d6c,3.7502796473761038,3.7384776185930804,0.011802028783023388
3071,47,e2ff219a7ba5e8ece6b1b066bb89d3f92b8f4e759671dd4d724b6b191a1e191e,3.831213599121334,3.8201680989749818,0.011045500146352083
3072,48,35e3c16dde23013d3bb8cc905102b2bba52726659984724c774d75595fcd45e4,4.190479558767947,4.222187986313827,-0.03170842754587966
3073,48,1ab03607c09d2d3e09195e1617f9ce42d21ec5240b2317156faf71695d0f922f,4.316661303961155,4.306747591034764,0.009913712926390872
3074,48,7f2bcb42b845419a657d6cd52be9d9f767d207708358471c4b989b68fc3699ed,3.7531403693373875,3.746181515663949,0.006958853673438625
3075,48,be72df08d8b29e24a839e280069eb94014172cf966d6397ee81798d80a6dfdcb,3.546800212862138,3.534100798624962,0.012699414237175688
3076,48,0a080a7621d7e021cd08808ed7b7be029531a346e4506bd25690fe42c1af063c,4.374079524036098,4.382860748237206,-0.008781224201108273
3077,48,afab3cc0da68f6ae3aa4500fb24ef1322a824da0ad047ce6f3f3ebd957308416,3.997844701686688,3.996498028433507,0.0013466732531810521
3078,48,4fc468f66154c4e954bcb542d760450643ae491b1f0392cabccf17efd234e6e6,4.0565998876777485,4.060365665292011,-0.0037657776142623334
3079,48,07351943ef4343f74fb383050ce4a2b929cbbe532499d9accdf6fbb0e0b3b9c5,4.067032271786218,4.086741455325367,-0.019709183539148967
3080,48,f0407ea13822cda588b5433daab555cbb53683f770cef938de76effa3e965884,3.8369461009947656,3.8267894127784245,0.010156688216341081
3081,48,6fb27ef5cff1a0b85ed0f4a32abc8568055a84acda5dee94100c5299e3a12b0e,3.870297840651464,3.8441997579186236,0.02609808273284031
3082,48,410b400ba1cbc49e4d771238402b55a23b5f4ae4f1ab1e7bb5a1f5274053c030,3.881130614271342,3.8763672616440488,0.004763352627293216
3083,48,7752967a08a04397e5ca0a1820810bce865017541166b41be98efba86494ddf5,2.9986917615364064,2.9793288011483128,0.019362960388093597
3084,48,e4be55d57bd670e4220f59ce7bbcf196e7fe7b4ccecc8dfd000fc3fd0311ce34,3.368548253953122,3.3579353437444865,0.01061291020863564
3085,48,1392179127640724e27bcc8b2763f7195e37ca2f2af43791d7f58f666654ee09,3.737741633258338,3.778083959054584,-0.04034232579624586
3086,48,56d10005b8dc3702128a74793c2d8cbb8d1a9c431c17f3eed0863b4f423c9424,3.718859244317855,3.719192566160359,-0.00033332184250411956
3087,48,11b79d7bd2578e7691610085edd354ae7d805d8e74e5ffe1ca5b9be1afe89337,3.7672946026212344,3.7649275887304157,0.0023670138908187255
3088,48,4fa15c9bef128f37b9beecc362c18239b294821fd94f801a4254c22270801dc4,3.5777179030256008,3.5793661209230265,-0.0016482178974257522
3089,48,0ea759bf97eafc2d2a8812ae127ba4dda0282ef8166d7f316b5cb4df5d26d0e1,3.100463076237247,3.068808829739794,0.03165424649745319
3090,48,ac89902906c58da296bba197165943e5a14674496093b7a50f33f788a2a07260,3.3091500792657484,3.291962886399631,0.017187192866117584
3091,48,01b24b8c8e182221aa5132c9a545b2debf336c1219fe1f36f95a0ae4eef0a6af,4.017405763939877,4.041327022449366,-0.023921258509489007
3092,48,c25c493cd76565eb1898edb8f21bd274980b438d09e5d5186b7743522b4c761f,4.09651672370461,4.122578412813823,-0.026061689109212693
3093,48,abcbe7fa3b9c4260a998830171b1f1dcb02554eaa47df1591e8c5ae0c2972537,3.9394025518700744,3.906028073517035,0.033374478353039194
3094,48,778f12ffe216ae527752b981336d84a5ec7bd324d8a2a8c22a4b5473bf77ca42,3.906482713549167,3.935963657059517,-0.029480943510350244
3095,48,a7c9abdb883cd02694f2c1f3ebfa2419e149388ea4ed2910aba1cbce4fa25f29,4.059854152664087,4.00088479544246,0.05896935722162766
3096,48,c86dc525cec1ca20e3823d3551807dd85689f1ead6512c696b402ef94e58edcd,3.6245554057377376,3.6023379285084047,0.02221747722933287
3097,48,88c981f45752ff1c436c417d52f06bf23a7869ed346e53a44f5e7fa64cf73bb1,4.07086728686977,4.075543905990173,-0.004676619120402847
3098,48,caf2e249fc70718eef418858b96d6e5458d44994b071f96c1161e70459932f8c,4.012295704274607,3.998798272944441,0.013497431330165455
3099,48,b20d4a4a03a76778ec06f8fe643c922c5e5046ab0c91e1a32d0adb32092bbd1e,4.205173665484608,4.205666952223908,-0.0004932867392994922
3100,48,ece9d13b86e2a7c06ef196666a39f465c247331475d75fe07e00aa4c90189610,3.9605838854480737,3.9686790682199558,-0.008095182771882037
3101,48,cd957155fbb5eb57fdfe0ce814cbdbf6ad94c7e21127b810fdcdd221bdb9db5c,4.024393920735122,4.0682524291345885,-0.0438585083994667
3102,48,e8294b54665e03c22cef6750257a1a07f3a14e78ed3fa9a055978f212b87b380,4.156764037544576,4.183455492836629,-0.026691455292052524
3103,48,7d969baab7975f6e1bd8978055162c6b59020aa2b8b35a91bc7154803d2a87ba,4.496651143930137,4.501162841012274,-0.004511697082136834
3104,48,08b1af6b5f5a37c2ec99271ab30afe4844b3ef7ae0c034c5d4bc630012a5f963,2.954703401493589,2.957097943241024,-0.0023945417474351416
3105,48,988b8b3a328c3804628458f484acb9d4c2a7befcac43ebe04e90dc5524bfaf04,3.7567175370706707,3.7812204433712537,-0.02450290630058305
3106,48,99499487e9f55652d3a9b7d124247617f49f02cff33315a0207ec0868b2e8f22,3.8625816900005248,3.932503905277372,-0.06992221527684706
3107,48,07bf23bffa904ba3f9a3d2b1e4e529f78fc4fcc40bb190dec401abe054883cef,4.249950066217622,4.277611050741427,-0.02766098452380561
3108,48,f638deadaa2f4d91dde5ef1f5a457aabdb0e1830001965a878692ac3e06df408,4.393719370573734,4.40244687773,-0.008727507156265801
3109,48,7e65c5db7b1563903804889a966e9b584e0ec4286d927d7d2b774a41512d89c1,3.8152186662153724,3.891075682714302,-0.0758570164989294
3110,48,699f5074c78b0b493c91cbd80eaa4537b7f73f846298579ee9d8fbfd9384dc46,3.4319384768875807,3.424232344495522,0.007706132392058862
3111,48,33c49d893613141580bd4e6696feb53cfdb9d940d72a5602b761541f3bc90e56,3.4808817925872138,3.4852038447240687,-0.0043220521368549925
3112,48,2469021bb28923132801fd77a19caf562faa5133405879f84847f1e6316521ce,3.8685867801580542,3.8851467603837477,-0.016559980225693494
3113,48,b26b147c4d8102fd772e55709167bc666b43b732887c341c9dc37694d26f3203,3.8777935358966147,3.9113972111415762,-0.03360367524496155
3114,48,f83287f18b65ca2eed1708f524abc8f33cb9d2c43fd93e07cb8c33566d76604c,4.203412164967688,4.2143068273361735,-0.010894662368485797
3115,48,82ec1167354cf51e31dc52051183a7bf05a285244a2fce5f49794c9e3a8a80d1,3.5572084132422788,3.5654394590593768,-0.008231045817097993
3116,48,a81c36fbf81e2ac966265899f00abd27fea167464f0eee11f4dbab6f1fe6d9bb,3.659468706259588,3.6355024266967177,0.02396627956287034
3117,48,a7aeb09b7900b31f902ecb9b194f1295a13fd34714a8660fbb36da7c1e817c90,3.884914956656246,3.876911336761907,0.008003619894338954
3118,48,c7ba5eb5ca3f5175cee012be84d2098572a6a107209da15ce9885a07c15a597d,3.768031888663245,3.7678127097323113,0.00021917893093359453
3119,48,8cd4b02bf3da95deda752a704279af04730fdebc23845b9e0bbd7e23110c36b1,4.0841590713162645,4.110223575855855,-0.026064504539590416
3120,48,27b33fbe0b345e37a68a6bb8efbdf183fe7268e47bbc1bce7adde8bc29e49ff8,4.250053954501773,4.287109006172585,-0.037055051670812134
3121,48,5179e24a79375bbc77b7445fae388da7d44a5a2eea1ab86fba2d95e8bef03abc,3.3324348083110777,3.3242228594388052,0.008211948872272501
3122,48,b7c517f8b0761dd2bf91fb2fe21db8db1d63de842a807a04e95d237fdc97d99a,3.549314640157718,3.589521857667137,-0.040207217509419024
3123,48,0ecb988f73f77f62014a2ab7cc94b400994e64f704b67d0ad77df49bfde669ef,3.787395466272187,3.7921948178157976,-0.004799351543610442
3124,48,f60456a883d9a2484ff29960f6997db1ef7ccc6f28a35187cb63c75179eb82a8,4.009334681108626,3.9416755635557124,0.06765911755291398
3125,48,348c1b5828f2cbb63df133874e16609860c016a6a6ff5657472039fa66c85622,3.7538474680356515,3.7186821429247416,0.03516532511090986
3126,48,1e788d8ce7a436b81a073e6b391461c4bbdf19ef2a57eb44b503a79789f2ad25,4.395497280966069,4.421675662717604,-0.026178381751535085
3127,48,59dd389d381d1bbdb25660217093bf5aa2a93acc52c1c0b49e6eb18a63e75b16,3.717287023112277,3.741112501596575,-0.023825478484297946
3128,48,d03df76a20a9a9826a7bd6152927b864150021c3c9a684a468b7b62c7dd4e62c,4.058011247798191,4.04901401309948,0.008997234698711054
3129,48,3c914632d7749d99a6fb93e5f459b05813e5e78d2bd08f19c6f22997e9a2e9c9,4.218216797511673,4.2350069402634745,-0.016790142751801795
3130,48,a1bb3c43d6c46349c8007853af55e314c483d621fc18d3c3d8f04ab345845d71,3.8745266504377014,3.8770735161859307,-0.0025468657482292656
3131,48,71992985b92d9438453d6a396274745a14e471190d230714d24bff5774f095b2,3.600722018898324,3.5751510836633713,0.025570935234952685
3132,48,9fdd717445aceb76f9dca4142dfabd023a4ecd66b2ff3c9b1d609443607f12b7,3.744116719340923,3.744561529909447,-0.0004448105685241899
3133,48,57de315ab42120f645dc110812b1f158c4c32f964c0a7e53e3b84f276cc07151,3.6362229186013337,3.651046314060295,-0.014823395458961386
3134,48,d46948ab435727143efd7d38f82fba168e94bd538fe550fe2488b1075ac608dd,2.8674350892096356,2.870807533148252,-0.003372443938616243
3135,48,c75984483532a29735cf44e0803c583a4870ea373235e69c34598ab59fe5e090,4.001545305032437,3.992452619950768,0.009092685081668606
3136,49,6d4d8e110dec95d54e994e3e63da780c978d415c0b2507feda7c2ca8e733d539,3.7806590252635033,3.7205927739662457,0.06006625129725762
3137,49,d28c57d2092eef4db6c07785e5bf7344ed46a5512d28d7292584d96f80f120ff,4.101424672802182,4.095706361725661,0.005718311076520877
3138,49,b761a3f7563fd592865f3536848c8c45f494ff40f7300d0e5732496f426970e3,3.9467544488049953,3.9321161163707075,0.014638332434287804
3139,49,2c77551eac3f0801d6bf25e35d11936eb51dca4f1447290032de446c2d5a118d,4.370671013049787,4.32155310521307,0.04911790783671677
3140,49,d79ea9a8f7d25db9c9405923822e07351919c85cdf93cf5f9518da9b4fe0a6a3,4.421906672212117,4.4493375532987045,-0.027430881086587533
3141,49,6cd06c6ee4ac4959e45bb62c85f0a1f0faebacb247df0eaaef5c455ffe09adb9,4.512144976884883,4.518258036378938,-0.006113059494055051
3142,49,6666774cc102b471c69b4c7398ceea56c8b990399079f9c03f0a28d13d9a0441,4.152510990545437,4.160045314042577,-0.007534323497139894
3143,49,5cdb7167c1459a48db4f92a87c3666254eb4892d631a4b5171f16d879e99d164,3.6213722957704206,3.5870747067497746,0.03429758902064606
3144,49,4b916b5b63dec24fba9b50ba4c8ea59fc9089aad2ebe2b40d96ef767a287edba,3.6360610926248285,3.633232549872872,0.00282854275195632
3145,49,a0ec01dad4aa98f0570790220a6d1530631260aa2425441cdd87fd5534b42451,3.8688444347802005,3.8336090130839864,0.035235421696214075
3146,49,4368af47191c0fd0ca85e8eef2d1b2a643b9ea6388d1c826416fb171e53387a6,4.033482208819223,4.039859287327118,-0.006377078507895817
3147,49,6471424a62f72f81294374f5aebccdfdbc6373c78a9e660b819d0de0d6db27be,3.97596202500403,3.9862484742892406,-0.010286449285210608
3148,49,b8b4980f7aaaeceddd9a57c72939ff6126f0c8604d9d135775041d4fb04dc442,4.311818235441592,4.328924955108789,-0.017106719667197012
3149,49,0a29035ffd3d7ead5c733d640048da9cb1b0d0e6ab7097478e0adca44065111c,4.193987033025806,4.184591905341122,0.009395127684683757
3150,49,d456a5e63946b0638160be1d5fa0c42fe50f31a3c5179d3dca967003c66fe74c,4.5989550327716415,4.586657805426398,0.0122972273452433
3151,49,a403861b6aaf7ba8a9789edb541aa33fa315a64f1f0568cabb6052bb7d406e4a,4.385088658893892,4.440398458945197,-0.05530980005130459
3152,49,5c37f0cae66844f2bd3081b2af4d0468b972e010054fb9de30386e23381d7ade,4.219874356582459,4.206997048874783,0.012877307707675811
3153,49,001811e8d3f0bac9f393e46ffe78435f4b62ac19a9965f38a1eee71985b81145,3.978412029159429,3.9941964145113076,-0.015784385351878427
3154,49,320ca050b97bbdb138c882d09e6fe62dc55a99d8d879709c5915c8645b2b6d87,3.524267249839845,3.5162508168046855,0.00801643303515931
3155,49,f29a686bdb93ef8fd5e3ceb09e2919a814cac684e5a9447752ee5425a49d7ab5,4.478026776041361,4.457226341229671,0.02080043481169014
3156,49,ef591ae697928b1f18caf370345642f9ca8dd7d99e1fc4df88d2c31145bd6c9a,4.3811583164798265,4.356328827769801,0.02482948871002577
3157,49,18e3a0df0bf76b8d8aacb0fb18d8cedfba50a32f6533e78d8b730772a691cbfc,4.440052861152651,4.4512515585051915,-0.011198697352540421
3158,49,747614f791e801ae9564b396fb13d8e0e8d86f09449364d9affd9208ebbd6ec9,4.368135632239728,4.359106545702161,0.0090290865375664
3159,49,519a8cffe7a1a512732dd1688486ef37e7c40cd4dd3c776754c8a3feb87860cf,4.469946634574427,4.433608072322656,0.03633856225177112
3160,49,cbfd932b350f225f52982b3ff5a3d15252fc2fa71d04e28999393d788c6bee33,4.523261204540006,4.48750847432774,0.035752730212266215
3161,49,2e96a4bd3b698b1ffcb84749cac7d01f3a0a13e39e48dc25d17c887dfb53fbac,4.430604732942356,4.401747125923293,0.028857607019062925
3162,49,375caa45a12e7d8421f994b0321ded79b7aa5db0412594b109ff04253e6fb38e,4.445254950257208,4.432870557270832,0.012384392986376724
3163,49,4e46a0a0a022310003a33ce617af9726f170fd42b295ac3d9a9716803e5ac93e,4.296963058859859,4.286859438499704,0.010103620360155219
3164,49,8a07ec3e4a9fa66128dfee8708dace2864143ddf4bef6c7b3d19dfc8b30a88d1,3.7577439936592327,3.7180405456660424,0.039703447993190366
3165,49,4687b8f3d5cf06328b75f2e2f90bad0e964e1f1c6841111b2b0edd544451199a,3.4561710711159606,3.469842107668697,-0.013671036552736382
3166,49,caf275c39f421848e502048a9a10f182b506a5d500084203cc0e1ba6551ef00d,3.422753737106774,3.483059480158232,-0.060305743051458194
3167,49,71794c2ed55d4107222b7edd4e09c9cd02e49203634864bb7ab877a302e4604e,4.428507938856228,4.475212555090366,-0.046704616234137575
3168,49,7713f43cbe44843b66e890be79c0f308d8d8c2311ddab23ffd017c48a304317c,3.666847774148451,3.689765954002425,-0.022918179853974152
3169,49,89a577ebe9421b0955b3007412876bfff3a9d2fff493112474fef8ab3bab5e90,3.616104353815402,3.621851831926449,-0.005747478111047144
3170,49,22a60a0f1c7f0dd233c2e58282695f5a759eccb7c0dbceefb3a882a29c782111,3.713156812495072,3.7480912182612656,-0.03493440576619378
3171,49,48456c1f7310bda78b5f3bb5d58a2759718d1a12da3b1a79c8255dbd063159b5,3.663730900478619,3.643993332673446,0.019737567805172773
3172,49,5b86d4fef54e89fc5f6aa4e80d9d1d34098d644400ad6dfee41d6f8f5371d737,4.013187463119721,4.046666794081489,-0.03347933096176803
3173,49,fc12e121dc977151785daacab76417fc79e7442f03451040c9176e40505979aa,4.24698299764168,4.1204138737321045,0.12656912390957586
3174,49,a4b6b237c908eda438582f71686d450f05120730da564ab7b9bd80c7ad46e166,3.7133145769973837,3.700419601720405,0.012894975276978471
3175,49,86e44ed191f6029d7401e3ea28bd1136a097821819280aef256f4f17af11854c,4.03544835780761,4.041900602901194,-0.006452245093583997
3176,49,79e430a871cdb900883670c0a3a1723175b9fdda2fd3308d0cc622d44c92eb67,4.254773965943883,4.299011032736217,-0.04423706679233419
3177,49,32dc2f2682008cb1420d4a37022826bdd896ca7ac11023b847dd3ad9332b3966,3.5865908314244734,3.615054820985165,-0.028463989560691516
3178,49,ee43df11b2eabdef533ea72f72472525946b3180c02c9050e3abdd274dcffe1a,4.127492763916081,4.091168707453363,0.036324056462717635
3179,49,f9b034dd84bcd2fb6ffc1adc67489631a189b86972bbf53ab721c4c43b6da813,3.9784868683642287,3.96780309095098,0.010683777413248663
3180,49,b9c9d5cab48d37d76bba00dfca2f62d3b81f0b55e360c5a0cb35f3c163ec7282,4.250212162245049,4.222259209990284,0.027952952254764796
3181,49,19457859783ca37fe25970cf0c2950bf8fe1cce4d3dce00479f9a32fccb55877,4.006818675809313,4.010939438160676,-0.004120762351362828
3182,49,1ffb076969af17c59c154c7968080ebf7a5affd9e6c325d94d1d13acce256087,3.7477077483635384,3.7215388139612458,0.02616893440229262
3183,49,6de46029d5c833f8136fc23c8b128b9bb359724f5a41e8c7c8b2db4eed2e4d79,3.9469622498858996,3.928581555158928,0.01838069472697157
3184,49,4a8bbec2472da0e45800b580aa62feae812d50577bfb57116d42cf8147c7fc14,4.1409565348062,4.1652449324139695,-0.02428839760776924
3185,49,c4bb570634454781a3551ab8b97c07a85c54a54ff8074e2875dc4a36485b9644,4.112449546561251,4.146576078647001,-0.03412653208575023
3186,49,444ab623e1cd22fc714b78e014ca55db429599663dbfbc97e28f9c68682ea086,4.276681478818226,4.2901434230594475,-0.013461944241221602
3187,49,53571d8660a5edc6b42dcd6a7fd469aaedf521b0acdd5545b2a570a34c902143,4.148575786312975,4.141053093182649,0.0075226931303262745
3188,49,67c747b1f9d6a8d600e526e91f57b49dce8848f189eeed05758027af84cee9ff,3.8946830340194083,3.9019313756161864,-0.007248341596778118
3189,49,0a4957de7782f132d6f419a88a60a322e8569af41d70061447ceb31e8f49d3a4,3.619334850388043,3.6393809565809647,-0.020046106192921798
3190,49,1f298fbfc1722b45aa6a8d277a683a8a54354e96dd2414952dabb039735aab15,3.8368866502682977,3.889446219917545,-0.05255956964924735
3191,49,5e64b310e2dc34535b2cc0049b9c2109cf65deb76af2b38298a4f158af5edfde,4.088079041698052,4.080530381743529,0.007548659954522918
3192,49,542b7c7812ca76dce938424d96efd416f4aad2656fc01c9ed0f2d87bfecf04ab,3.645134469462903,3.5902566673776164,0.054877802085286476
3193,49,2e06e52b2ea902b3c82656d419a508c1ca0a70b1f05d9caf30f27ede24eb0628,3.802961254980403,3.820223220672318,-0.017261965691915293
3194,49,1dec809c4d6d667bb2f33e6f95bffaf6fd05af3acb882affab0468493958e3f2,4.1732211812296995,4.145161605488518,0.028059575741181675
3195,49,68068be51db766eba209f90203de5c0d57faaed33f9e06d6484d6575248c325d,4.348167306380404,4.3542952655773774,-0.00612795919697362
3196,49,7e3231e5473bc868c134d152ad456a35215a9d5452caedfbd1d88555d9d2341a,4.113028496491779,4.095612487241397,0.017416009250382558
3197,49,9e82e988ad7aaad557ff008c4dfda888b09cbc3043c04f5ce152339cb7188556,4.245833485919093,4.244279353451475,0.0015541324676178192
3198,49,99664cadbbaf1c2e93030afd0e4c3782285ca008048dbee4fadf6dff6e5c9868,3.942399058058413,3.948413466428633,-0.006014408370219826
3199,49,c7338c936ee45ea7de56ad8491e06aa4c03237578bf28ad26f1f65ac1cdebc94,3.9426431853927397,3.936375250564197,0.0062679348285428205
3200,50,ba19f6ba2278de8a3bc75300ee4457684d07c6930207d54ddf72be23fc8ddc7f,3.8751741052361126,3.8921771001268866,-0.017002994890773948
3201,50,8ff40fe626e39b4f3327c5b316ff8bd5c7ee53b9b62ad6e4104c14aa4bebd753,3.9709695122062953,3.976469120083493,-0.005499607877197832
3202,50,2100e2ad0c8dbc27e8dfd0afa4e25e54ac0da2f6231de50f10ec6591fa1e65fc,4.102593223835811,4.118566788305088,-0.015973564469277335
3203,50,e0b4736bf86e56100c15f764f8f65fe3cfab217483330b2af91a0a0bee37172b,4.313498306726842,4.263145254999813,0.0503530517270292
3204,50,ad07b7749f6a5f902bae7eebbe14f476b06475c3769ef8499d9e2b0852f9bda5,4.31164229534312,4.299142552473199,0.012499742869920283
3205,50,8aeca0fa90fefdc72037e665cd56e8d7b107d3a9b8ad4a20ff08ec33fb364ccf,4.299601456961909,4.3032451799312526,-0.0036437229693433437
3206,50,34c7f1a673d9033c6f848b0db47b4004b8b59ac21be68f5f9ff892a9d5bd4e54,4.361014996296376,4.334739766883672,0.026275229412703993
3207,50,da2ea2971c67d6e840bdcd9b23f4aff8cbba06b8f2c33c67523f6c22a2969c4d,4.202424084694485,4.225680017657282,-0.023255932962797488
3208,50,547bf43ecccc907ef0023e4135cf56a7196fbd223aed2a637a5587a98ed92c8d,4.16652121503364,4.150240176717375,0.01628103831626504
3209,50,49074ac0a9fa1aaa578db234fc243db5ae608f3294dc28cdb76bc68487110bdb,4.184158075709092,4.125707639368329,0.05845043634076319
3210,50,0eae464e4df2e2f3748e2ccf523e36148d72cdae9405c94782307ea02917855e,4.0787970174664,4.078223048525956,0.0005739689404435921
3211,50,65df349768fb7b81f2d2a5c12183c3f4f45049d3636f9cd215ab10e2d5f2d460,3.962450203154276,3.959573945381635,0.002876257772641111
3212,50,1a9bdfc1b20b3de81dc7b8f0a9861189dd842994111fcbd6462ecc4a0dec0a55,4.2255986528521134,4.224265419627102,0.0013332332250115542
3213,50,2761b4a56ed73ebdfc6b4d8071de34fd37766d5bc21f33a04eda1376b6da0e2f,3.8981823421462423,3.8999157719673576,-0.001733429821115351
3214,50,3367ebd5368c97a4e240a61d35754f34a0e24889189059572afc5cdf2dad3054,4.222829579156638,4.253910704041246,-0.031081124884607902
3215,50,d2e6a5429758c75145f4e5871ccc7dbcc13b377fb5ba096fca61e20685c46d94,4.018233143838074,4.040690149995299,-0.022457006157225123
3216,50,fe35f527769e4d5bd4cf4cf295e5ddedb933456005a709e6d73f4791f2f0a243,4.080444482598452,4.104694843968076,-0.02425036136962433
3217,50,744c91a5f299c5e03329c0ab5cc3a5e228663e5d3767ef6c1d3f1fd8342cf00b,3.5325660183135597,3.529191602371384,0.0033744159421758013
3218,50,22b392487c1f4c067d57a0c3b5ac850e8c04951be37c3ee24cfba8e4fddce0e1,3.979957991600715,3.981937703677211,-0.001979712076495943
3219,50,92114c3df484ccdb20e2b6e90effcd0008554098d1eb666fd56bca47cd65f7a5,3.842287004228922,3.8611258315221164,-0.018838827293194527
3220,50,6c2a1f5716db5248a76c575527cc7951df361edb00bedefa4ae76d85c4a75c2d,3.8248459308476868,3.828047489821472,-0.003201558973785268
3221,50,2402e781e7a5c366cc5cae4742b7fc45e0d5ca0374a17e6ffc0a0d6843db7226,3.9490294393841623,3.9783430028392104,-0.029313563455048097
3222,50,11437c5586fc496434cfb19dfcad820ec3f87d23e39829b4d1491d8341ba5e15,3.9041306055811447,3.9164632178544707,-0.012332612273326049
3223,50,f415dcac144635d96b6bcb2a79ed8cba403bff12d141a1b3fcdf6aeb1e83594f,4.097330718239277,4.118784564088799,-0.021453845849521258
3224,50,a97fdf291509307448ec8a9cd1cc8c46c44de341774e32abac563ba64094b2d9,3.5546581161540587,3.599505688243589,-0.044847572089530274
3225,50,ae41efc1bf170c887330e14c5f3954296c0f018e80ae1f11ab0a8254ae81490a,3.8497944524709737,3.847139872734715,0.002654579736258711
3226,50,8a09fedd519e64f64283f9de4b348d8911e2cbebf48fa313269a134907b391d9,4.1266237769741565,4.107898140387533,0.018725636586623295
3227,50,45fec2d19997ffeb771bc78015fa7fe24f0971e2e366ce7c46d8efd21a007876,3.676140540633014,3.7148940501236893,-0.03875350949067524
3228,50,c0c19c2c5c65bcacbb934643d0397d365b11a7c1ed32d17cf5a5da8737e4717c,4.331826934836954,4.327349004776806,0.004477930060147628
3229,50,1208437df946591f766441ebe1b69557cabd798430ce88519fcf958122a7ac17,3.728860305269791,3.76424947175542,-0.035389166485629175
3230,50,c38e2110081af67b20f1b8c71c172941dcf9cf6b169f7f1d95e0066b60706055,4.625099714929092,4.623667374891738,0.0014323400373541517
3231,50,05d8524cffcd225e9be89056f879c170407e0f3b55b9b3208a8af68431ddd539,4.100277130517156,4.099044129521445,0.0012330009957111088
3232,50,4a56a2ad3062fa52d2c2d8cdaf5a9ab08b4718801f1bd2688866ac4203618a46,4.0916574170955755,4.0521975774461225,0.03945983964945299
3233,50,d845a29ab80f5cf3b475da9c655d7130ea7cfa8f4f1c48ae0455cddaf4881feb,4.116852548246925,4.151812672262395,-0.03496012401546977
3234,50,6c2ac8a0576d0616f00a7da7bfe1025816e92fc3757661029cc95ff7b97bb74a,4.214633720072811,4.239776014741665,-0.025142294668853538
3235,50,01f42372513a7d26d21af74cdcb9efced7e68ee97be79f8bf00ab281c7c36f35,4.11266518956387,4.092620877282172,0.020044312281697785
3236,50,078de40677f6d6b65d09ca499ddd6bf6de9a7350a875918e2ef811fe8eb12212,4.004954399030055,4.006974191726798,-0.002019792696742684
3237,50,4f893015e08bd7f55e08c224d5756112d13af415e40fc60594ecd91f5d1f08b0,4.248030389544397,4.287310402849471,-0.039280013305074135
3238,50,de7edc5a4736e88c0cd2581033103320648f429589ab086f6274b33b76276752,4.063172837833747,4.0201385681803,0.0430342696534467
3239,50,158fcc695f300f7858f141e0b3384346bd047aaa8dfc1a19e6b5394293c174d1,4.004902503302532,3.990164522138741,0.014737981163790437
3240,50,d085c88e8e09757e6c2daf3420f407acf83468aab7b5a62801499b1eac2fb215,4.327106117223593,4.315521743653335,0.011584373570258322
3241,50,0e6a95979cfae2155d4fbf555b1bb4a78772d271d1c63bb2244ce3290a7acd97,4.209390346386272,4.222913338151102,-0.013522991764830294
3242,50,f7fb0aea94b75da10ce63def9bf00dda847e72ff1878a84c8fee73230f89dbff,3.9729935017285243,4.024416314579412,-0.05142281285088757
3243,50,3f0e696e696f5332c514e014faadc7bc4e1b1e4e03573098bd78d4dd6697fd5c,3.9830122977853932,3.952567540841301,0.030444756944092433
3244,50,31c8c0e7b0f1bb1d3319bd50dfb990bc8f57dea768e0faea3de29ce57d87bcb6,4.068500905669794,4.049864646912738,0.018636258757055657
3245,50,e51a5223a7ee2e396a845f0f45fad7bf9f81056037327a9342a787ea7a6bf544,4.857653980287978,4.890087813937271,-0.032433833649292865
3246,50,c1b81a6e1a03a3e61dbd498c3c6e95df9d94e7342304cdf81fd66275fe42b15e,4.243379203441961,4.224778731007937,0.01860047243402363
3247,50,c950633c0ffa3564cf864d27645756e0d65dc6e6611b2c18881d96044c345da1,4.292367573790216,4.3084288169421825,-0.016061243151966664
3248,50,47e71d5e6835c37227f1176736c2b6dc6e4cef5fea43a72dd2dcbdbcf850f252,4.247933514527972,4.2527968260266675,-0.004863311498695566
3249,50,5d25919bb02466391a5f179a67cd1545f953b023bf39ce8754520de83c35ea39,4.08418820183158,4.108022310689535,-0.02383410885795456
3250,50,64a7b445c47c2e92b20588fb8210f33b43d116e5c9438e24f7951c8580d931a1,3.900775142515773,3.9229071960161974,-0.022132053500424576
3251,50,2d5912f93a9b6f13d8794871f07ec523100823470fa822166eeacf878fc9d6f9,3.5763209078891123,3.583206064630758,-0.006885156741645915
3252,50,4a61c5d50af903ee74939254e1feeb729945e5f787b0c1a2cd3591d6d13ce148,4.40908355712638,4.413802207484878,-0.0047186503584981665
3253,50,19e2e5ee886c2d0bbebda6fc8331d0b483b5b1c58f719b7e84379064a7f0c7ab,4.4403089308684685,4.428261946530256,0.012046984338212496
3254,50,f60a3551d225454584daf5713e2b0c38db79919527dab59db480c7eb1ff2ded3,3.855471725043884,3.856244219293501,-0.0007724942496167841
3255,50,b2deccfd2027ad9f3b17549b0d29558023415bace0d9b5729a08561574cbd6f0,3.6230725850141425,3.6179006301099434,0.005171954904199083
3256,50,f7d9423cc190c08222f29565b708241d885430c2b6bb4bd38464feca91aab1ef,4.013806347302705,4.036172579978441,-0.02236623267573634
3257,50,1edcef33fa2378fb5ddab652236a6ad14259d718209a263c4a909fe264cb9667,3.9753009875329894,3.985933263604295,-0.010632276071305569
3258,50,a1ffba83f42f782abbbac8af2e86e1bf281d42e2ec2f816812cd0ad8e85473c1,4.214191304610267,4.205418250142429,0.008773054467837937
3259,50,6262025b2d5a97899ccf2feeb925edf8b610fbcd86071604dcbd2b4290d25020,3.746104946586513,3.699244321707056,0.04686062487945719
3260,50,ff782a388685248b83a68853500a7b53914fcfd3a6ee0f2575aa8394530118b3,3.572119479495825,3.5595951451159067,0.0125243343799184
3261,50,9312199fa4eb0545de9c6d84068e8c24dddb910915f80009a0b7980758cdb835,3.6468624582345512,3.6650527290126007,-0.018190270778049467
3262,50,3475ffcfe2497b83a26e4cc2acffc55470c12247eeae9deaf7bae458f4fa0af3,3.7480337647238002,3.7612667666948028,-0.013233001971002523
3263,50,0e381c0731f2512bec2c497ecece90f66e403ccc51cd8581f0ee4c58c5807ba6,3.7242901768071803,3.7309638512778633,-0.006673674470683011
3264,51,2452c93e6b76501d533a3f81b714b18e695faf3315775030dd706c6f008370bb,3.77294319620583,3.735595679070016,0.037347517135813746
3265,51,f6d6989449291aaf825a9b3b87e94cc2c6ffa36314b762df5774cc907edb5941,4.090303667634998,4.089962549411609,0.0003411182233890031
3266,51,3115a40eef7640af69009215303f970def53af1ecc2d1325fae0e3d9adde4eaf,4.255983177176631,4.271503652088086,-0.015520474911454585
3267,51,a1345441d95c3cfc8e8e161329cca3b08dedc28dca41733643467182db312cb2,3.967946045900362,3.996795630526776,-0.02884958462641407
3268,51,7ca195a3d4ba6ca78380118e5482156db10899becfb03b0515a373b1114401bb,3.88377469205642,3.8924772907446368,-0.008702598688216767
3269,51,46cbe09e02958f954f14fed1c40f491b1e35297aa1478f81095dac830b789f49,4.252297632608222,4.2539418004026714,-0.0016441677944492028
3270,51,0a657d5319efd6a4ddb3eeb9647e2563bc82151bb540e78fd9dbfcc821bbbc49,4.333534880199718,4.350237716604003,-0.016702836404284938
3271,51,2cfeb4f81beffaa9b00602e1504679ba48faacb2dc95250e9fb1f16ce5cc6b81,4.264372711432486,4.236484810388433,0.027887901044053365
3272,51,765863e4e85ee6396ace369c2f15bb5a2e0d05a9f7806e447d8bbf84a061339e,3.9637546520517617,3.997896482419037,-0.03414183036727536
3273,51,549cccaf5a87ed114425df821689d681e588d9d31c72f5a4373e1f6cf909ce5e,4.062358338008558,4.033015741732996,0.029342596275562016
3274,51,e97088d7012973576ede0ceacfb2c13360fc355e391d698e30512f86b14606a9,3.566112864015196,3.564154844546266,0.001958019468929706
3275,51,13ba0e36958f1c7d599722bc2a3b0b1c2d01e0f8ecf9d371fa2ebe1f3d4a6299,3.782753648773678,3.7789262278886326,0.003827420885045285
3276,51,3ff006ee1bea75971f9de35b310bd359fd9292cb24b6f185d2723f666500f2cb,3.4973189249460575,3.4768051934987625,0.02051373144729496
3277,51,5cccefbae07d6bee0be6f706ab1a26a4e980db69d9cd8ad91020643135f75f9e,4.136103565472098,4.134144952103981,0.0019586133681173123
3278,51,b5fceebdeb47596e23521abc2e393c165cf9a9ef8dd8c5f8d9881ca7f880886d,3.2044252178922648,3.189696506932478,0.014728710959786895
3279,51,383a8867752a7e99057c4e77546eda2b33f0e0e724c00544936d376a788130b6,3.1696188204832794,3.173879106905403,-0.004260286422123727
3280,51,d7a7d545f6faa02abd1aa01221005d367bf1fec32595aa95c0e4baac86d51c31,4.214900182756793,4.241576847847313,-0.02667666509051969
3281,51,0db11f8a702dc385144ed5579160a24fc067ef8c459e42eef710c717f6fb757a,4.397047984629815,4.4101591209660285,-0.013111136336213747
3282,51,9413a6276514e5ca333bba0419ff1c21afe9a7b28e7e5f1733f13a6f60b0f248,4.115409981276834,4.1042579553056555,0.011152025971178148
3283,51,ff1a63829c68251a5bb396fd0a6e2ac91446d0365fc46676ffda1473bcd87ac9,3.9360577387726536,3.9799191639461498,-0.043861425173496116
3284,51,78107d814766d3f30b1264d7a0681acfef9cf764f8f44799c35bc0ce662c37fa,4.382428294607166,4.363094845684714,0.01933344892245259
3285,51,d0f529f5238a8f3bc2a2cc4645816b21b7e9308c45c3fce86a7ca9f4920d2c38,4.042358244280585,4.054936442181628,-0.012578197901042643
3286,51,97d4df28e0f6eb82c8dd2cb4bac2a7dd1371089df65c02c3f0390392395b955b,4.032732501485185,4.065146124703716,-0.03241362321853103
3287,51,61c8c4a650b8b756cf4db90bb56f6d22565f3929a4f9fdb1ea6f1ce206810094,3.569370449007941,3.595985415612745,-0.02661496660480367
3288,51,efee45f1288d389252a8233cc049c827d99d7f25fc565e04c9ccc1c60338425a,3.7545023710059837,3.744718425091719,0.009783945914264791
3289,51,75aa9e14067efc9ff6effa4e844a07443a94892acf59084ca1fa52d9406efc8c,3.9975981116426738,4.001393769647066,-0.0037956580043925214
3290,51,54dd815aa89e050f8cc05b93a50acb720cb6e485deca84082b6cb0be77d8d393,3.9864869357538737,3.9939594775754585,-0.007472541821584855
3291,51,2486c6a08f3ac8c328069ff79e3eda58db04b2aa67a18d3efac3393c745e6b04,3.0723496534390407,3.086263535162459,-0.013913881723418342
3292,51,dc7690cf93f901b6e005198a404d7ecd82cf15e809654c666ec6b1b521c57353,3.6390133443166945,3.6545456465478168,-0.01553230223112223
3293,51,54c72ec73f37b37cb6444b0890618f13896ede0f6ebf0834e58ab7508b901054,4.064117253431348,4.050427383476148,0.013689869955200606
3294,51,e25326a189b1efca1969524d7422e22dd78eb5fdc5f94de31c5570807aa18016,3.8380648921036453,3.8817273225841546,-0.04366243048050933
3295,51,a2b376d6a633559ff4a1cbf6a846fd09c00903d05f988ac889f2762f1ef5fbed,4.287601056908855,4.315317223489345,-0.0277161665804897
3296,51,43aef8c9a7da258c4cb584a4e71c2bff79f4c12c6b8218da622aa40bdc513b23,4.154392001696635,4.1802537343371,-0.025861732640464652
3297,51,8e9d7452d08d95721e9fada0459775562032e1e0a2c7903a16efe8be7401e035,3.879456147165925,3.8791362097898627,0.0003199373760622848
3298,51,d9b67d9b455e72274630aa113b2a53bca9271d908a9067cbb047b30aafce8fb9,4.101254216307103,4.072264056768002,0.028990159539100446
3299,51,3647ec2b928e0ca60c914d27cde70f26596945a6824a3fa600e2393511f81718,3.8300545709495637,3.866780457971373,-0.036725887021809456
3300,51,28c2ff9c6f36289e4ce6adadc09b0c5fb1a8ccb66a7dc929cf5bddc650daf147,4.455921620565238,4.4615478152712456,-0.005626194706007226
3301,51,b3c594d75d3594b25c8667b6618652547585b3eadb0c1baca955362cb3a67c71,3.7176704826712523,3.743959752030136,-0.02628926935888387
3302,51,633b7cbd7596d12f7b3c8a834e64f5999e3e13d20f24e316162c8d2b667e4033,3.734293227292575,3.7217808458807013,0.012512381411873719
3303,51,13f16f1b8acbee80bb1039d7550320eb8ab49297d4f4c786bf177ef11a7459cd,4.184921846755444,4.171568351669748,0.0133534950856955
3304,51,48655bd87b2f3344086cc5ef8bb016234a2850f130cd072d2b2454c479ce1a6b,4.2818215052900825,4.267379577353552,0.014441927936530874
3305,51,b7be1b6201a004bd7f99290f0026fe275ebbcd4926ba5fb905f59402c7d67d97,4.261413061787039,4.246536533440121,0.01487652834691744
3306,51,e06ce55ea3b5cb2e1e1a7e20d668037b07339fae2fb7dc428f06cbc05089e93c,4.450733147290748,4.445090785761977,0.005642361528771289
3307,51,a28ca3440a44de11d639f1b7665dc6a2b530700dc70b4cdd1b5992232e4047e1,4.332371113995677,4.3340663285436705,-0.0016952145479933733
3308,51,27aef64138d392bec89e5cb72e91b3024936d6c130af885bf596c032bf987766,4.266625616136167,4.239705962381663,0.026919653754504225
3309,51,eb15fda06c9c7ba01dbdfe2b2d59925e9aabf8834ca5381c2725d683745cbf10,4.106044284727659,4.0489906115732595,0.057053673154399576
3310,51,d91a5fb4d36a5bdcfd4969f195f8365c058c1a92f1092adda74029c3edfecff0,3.9891505917441563,4.005899112805395,-0.016748521061238364
3311,51,76bc3e70b15c03f1b9463308839d1e7de2742e69fa97a70602720550f698ab5c,3.610945719101302,3.624400420063978,-0.013454700962675759
3312,51,f865aa9bfc63c8df98471d8c79d76e72b3644bc70ea0ceb7dc6652f52c1e39df,3.7054241119061544,3.719447503105158,-0.014023391199003754
3313,51,b8d7ab665ef8d3cce3f8ed119fdbbb66c773eee1005068788183c44f21e2de50,3.827524406620185,3.8285656519533404,-0.0010412453331554161
3314,51,07fcd884ecaafb248ea001e362c0c860b66de144d1af37ff6973878a461b641e,3.5875775512279198,3.6014920779802964,-0.013914526752376588
3315,51,bb5c1d455dd987e5b7eb79a396ddc174c391578183ccc2c6ea53539edaecb34d,3.640506836053518,3.6491593187272997,-0.008652482673781492
3316,51,a215a00d473153745d9fdb5947d515ec42cb5c341de6b71698dd8c5bb4eb69a0,3.7923336344249776,3.797222352095673,-0.0048887176706955415
3317,51,7f4a96999f14d1e909813a97a503a42efd1e4a7a5ae483b4942ec7495f4b3022,4.521732411433732,4.531293764315706,-0.009561352881974017
3318,51,bc0721e3541e979a65570c3c7e55f19e9342f0652367e05004a5f29e82717b59,3.8841353862847754,3.896142382518036,-0.012006996233260736
3319,51,c8591e49ac10d02b9149d2838d0dd7b7fbb1541654bf21bddefe0bf583175020,4.077904718982495,4.120731962902369,-0.04282724391987358
3320,51,810f8ece8ba66a395faa402844ea296a5508fa32329ce4655bcb55196321632e,4.229929832995367,4.2271043849607395,0.0028254480346276978
3321,51,efc66a5f6098b42c5ba96141a1ab9e37ac70add9ebe2fef07ae4e5ac961bbaa0,4.28998050257028,4.3020803173542035,-0.01209981478392308
3322,51,ba19ca79d871b60e52f85f8c4b265c4d75446e40ba14065e37d1cf28f93c9fa1,4.095363264214939,4.108809810067896,-0.01344654585295757
3323,51,87c47bc588f5c2bfda7b33d11237741d4a8d516cf60d8976531d5b87632d6b97,4.036854515360574,4.054038832136712,-0.017184316776138076
3324,51,6135d8ae84a8859af141a3d4997d9da8c44db7e46f47ee51c0fcbcea75709ed0,4.2899921357861786,4.309883137541419,-0.019891001755240723
3325,51,639d4fb4d742c0b7ab45289c1478194aebc34cb6e2733508178060b4fea3229e,3.642606876826534,3.612269340295285,0.030337536531249043
3326,51,40d3ec245df51b27b4370e31b661e28b650501fbd376a809787e12f1360c2eb5,4.158733203516292,4.183935252888801,-0.025202049372509805
3327,51,4ee05d4328510a834ce0a53886c95c7ceaeaba78d77e6bfe883e1d0d6228188b,3.989658854713639,3.9599362027002485,0.029722652013390416
3328,52,b5ee10db66957a46880ff717046bd58cf6e19db4176d20f1aeafe03e3b153cd1,4.351809204450319,4.368642390427993,-0.016833185977674248
3329,52,9ab2c440c27266640a34bd6f74d8b275ed2d80f7022b30e142cac9104c57eec5,3.730733943464429,3.737633450712792,-0.006899507248363079
3330,52,f9a63b6bf54f1e8d2810e7e27f658705128f97bb26c6c550138baca094ebe00a,3.5452088824185637,3.560747075930948,-0.015538193512384169
3331,52,9176699d3c52e4d965fa4fb62c6bfa14213cca8c44bd255010ae4a71f133e059,3.904526657177229,3.905045985359621,-0.000519328182392087
3332,52,36625c5f225b7903d0d244b9dfbd7d7d1e153973416b0cdc669f5ff8e75c1664,3.4884872981066337,3.457695087609352,0.030792210497281758
3333,52,0a1f6fedc765d54d3fda9ed42fc3faf04d3c211089037c61c2c0b73186dfcf3e,3.9056337310943547,3.928859092113541,-0.023225361019186153
3334,52,3948cc4aff23b9e4d2cc06627da2a872046140af057b1e82f4e96064047d43d3,4.521284377886843,4.482524563234108,0.03875981465273526
3335,52,e101ec1e16102ff9d0aec0ac56046fabec14db0c9d6006a80cda3751994ca115,3.8635483853402093,3.888097099674951,-0.024548714334741817
3336,52,3ebc27ee7d2654450a0140714aecca72af2d0fe0b51b4c47bb9ab9e651b2daf4,3.5178065169526036,3.5339998405618758,-0.01619332360927217
3337,52,7410421ffab6234f39b85d5097ea9b06b2bee5ab87dd8a687e07edd471963472,3.4845907590679417,3.505376242414968,-0.020785483347026457
3338,52,e45753cc8da9f8766cc8a8cb35264cb9a3c946161945efee954d13109fb4e64a,3.778641719278994,3.753126764968556,0.025514954310438043
3339,52,67e78803b1e22c54295600615083eb64c53d14621b747018c07069a6935ee8e3,4.107021524287234,4.065437663447199,0.04158386084003496
3340,52,1a41ea73ca9b53e9a80603c80452d912044c8034f28ac8b7ce45ee75f754ac94,2.7853387407552646,2.807789038636656,-0.022450297881391634
3341,52,d23e424c8f3aade27479e284a4adbf44a788ddb909af33e13d990bc826d5fbfe,3.397978399745881,3.4084510265437302,-0.010472626797849216
3342,52,28d03a6ef0e27bb257798fc33527206e1ea152474e3363204e865acda2b8fefe,3.645819221213941,3.639778887125658,0.0060403340882828616
3343,52,a932030b0380ad2abe3f95a40c7914b10a66b31bd23d37817430888a4ef444bb,3.475278985012906,3.473880877360216,0.001398107652690328
3344,52,6909b15b8fa7ac5ebb8ae3ed33fb79ed24160ab193ca876bfcd82d3c80a14395,4.37331725711141,4.438082932650332,-0.0647656755389221
3345,52,3a5830a53adeb7a23f1ca4082a51caa3d895263391512d7b0d661d3924fa1488,4.295869170390688,4.338862891369445,-0.042993720978756755
3346,52,5b89c52961c7ede5984ab9257bcf0b8ea4829c6bffe6dbee51db3da9776f4b88,4.121240958026419,4.1548810766557835,-0.033640118629364224
3347,52,267019bf9e655bfb86f7f51bcf3675021d8f70ec6cef29cf3cc7daba24d1ba92,4.262730680458958,4.284474077016284,-0.021743396557326378
3348,52,f5b25ff5b421e96ba100a18b5dae38bf151f2c6088c4666683855565382c5616,4.4220648079490275,4.460133207993863,-0.03806840004483547
3349,52,e66c3f8abca5141ccbd3233138eab429c915ae33348ca0864f029bfa10669548,3.971393920679475,3.9633022909220017,0.008091629757473129
3350,52,8e2d55ac2b73c8e542a79c5b4ad2a68921df4233b2b4df395fe11fe04160c9c9,3.8014002379779868,3.8209903522024433,-0.019590114224456556
3351,52,db02fb37b0266a7c099b732970482478227eed5ee71941c8dadf4823ccd45b05,4.143278383549799,4.151054776286088,-0.007776392736289495
3352,52,ff2c93958f9791a68962598d380358d9159f434d2111ee799d1784885e0a705c,4.165732765064746,4.161834937008166,0.0038978280565800105
3353,52,8c6b905109f175169532b72e0ebaa3c1d6096b30e923665821a475370ae789d2,3.8460623573697745,3.8840578771347936,-0.037995519765019026
3354,52,5dbe9c15bd812b787fcde405f0643154b9dabaf5a45727e0c4f6fc8819dffa6e,4.055492417842636,4.046931091058525,0.008561326784111145
3355,52,6e38dbe54f513cfd7f16eca8ca7de11e041ad3407e981c89e93d910956f69cd4,3.806770389018652,3.8223131058299487,-0.015542716811296486
3356,52,6c061bbc0901620965fc26ab3056b657d2ec689dda7625472c3db91f84b7579a,3.8407865614167775,3.833621479844851,0.007165081571926635
3357,52,dee31997350b28cdc4c9d5ce2393597d6cca4dfcd6aa26afa8ce751d4f4ed0c4,3.926929966773173,3.9233018410319573,0.0036281257412156265
3358,52,9f47c711a4b3b1b751b4f89148acfffcd7559dfe392abe1ab3a1f8d397245d73,3.8703034994995846,3.8637464611070413,0.006557038392543291
3359,52,ec0ed1fbf873ddc81f43fe94043d609e0be57f25575efc9c792fd972a1599379,3.973039267592256,4.0065728115564525,-0.03353354396419661
3360,52,9f627f187082b84b7b70beff33d307b1e71b27527becbe9ffe9a4208c50cc94e,3.8569205688216215,3.8609272226767715,-0.0040066538551499775
3361,52,6f6c85decd6e60e4e3eb990ee3a0e66427c0d28f32a41076f8cf065397c8ec7b,3.910549377614757,3.9059091319175323,0.004640245697224543
3362,52,4d458ebb2756d1b992e71395e6b0ef8daf8dd87755e9190b2dcb9a43ecb66a0b,4.271602510885586,4.299028912014961,-0.027426401129375222
3363,52,2df5e0d2bc902fe478f5abe807cf0fb307b80c2bcc347e0aac4934842c915398,4.027794377672507,4.057703100635294,-0.029908722962787238
3364,52,5dd696565e16a619875d8a4df33fa06329a855c84f8e0cbe5009435dbbea39db,4.213741814073302,4.1714118513669405,0.04232996270636136
3365,52,2dfbf5da56da79f0787e5a0bfea17d6bd86fb4aa94febaa64d20a79ba24c36a0,4.314378480341929,4.298854057189601,0.015524423152328382
3366,52,d9d448b4b61e365b881f55c9c3b9f1acf54460101cff12dd7560a91c266c57c4,4.911689662648314,4.981447140969067,-0.06975747832075285
3367,52,f8f8608042be6523b910e7598a5dc5c05dbae190d1d6280dbf40aa7b1415957e,4.377996458098551,4.374667853856863,0.0033286042416875716
3368,52,8864659dfc044f914104af6c916dd1d02ed8bf6620b6249b31b335d85fd8ef4b,4.542820812480613,4.526557070918216,0.016263741562397627
3369,52,8aa19040da9d952cf3f23f8d72d187f3c87da4c0d1e67f575f0bbe1a2967ded5,3.9341755263210416,3.9766904124805933,-0.04251488615955168
3370,52,d39146c9145649741be999dac4b23bb3415f1ffff16a6574d2e1a3c38da0e82f,4.068967749896103,4.069509895004671,-0.0005421451085680928
3371,52,b05240aaf239a6119eb11802f7766f71bf9450805053d7c17dcf070f5e7fa097,4.281765465118042,4.3139998012618435,-0.032234336143801556
3372,52,eeead1671055ffd9278b6930a055a2b20202450ec6721b26b0da19f134082477,4.098121356876618,4.124872054572961,-0.026750697696343195
3373,52,ba5074e610bf6de8b75a48fc2ed234d71093bd537d5dfa48eb1b088fa8a5e3a8,4.159006533878582,4.157263978568402,0.0017425553101801938
3374,52,58129ac3801b8330ed58313b5a6fde6dc34aa9401229388bdead19461e142b84,4.127033611572756,4.10056232939678,0.02647128217597583
3375,52,7cdb18bbca00da78236c0a915148b0ec93f56f33e971cc3a985771e9f363f998,4.268450729911251,4.300664540241996,-0.03221381033074522
3376,52,ca5b925bdc80aa33c04e5bdd9a6ecf832f5ab0fadda3f567a53c63ec21a9afaa,4.15481986526072,4.162131937041863,-0.007312071781143459
3377,52,c35961e77364c8e43de15d3a3a77a362e9005b5eb801f0576904d8bfd8414331,4.315165753794304,4.314658396252071,0.0005073575422329668
3378,52,d290c63b9183ff675bddcabbd9c95b4a5af05f73752e3d6810a09a30057780cd,4.028955478949229,4.059300823607771,-0.030345344658542217
3379,52,b235daec36a181e13228802f2b18711eea015f9fc56e07a355be5f4288059ef9,4.493179284547523,4.519949142375225,-0.026769857827702026
3380,52,bce8a3baa14e577422870b87a0556b886925db7b91483abf4ff413321f06629a,4.326201758841762,4.391021638311599,-0.06481987946983736
3381,52,d00326567884465ab2ad9963260a35a872c7f5e3af8bedbe2c79ee521a94f0f7,4.061673872199208,4.111004032865594,-0.04933016066638629
3382,52,cf703367c38232c3cd9d6942e32a36796bdd25969e01cb3afda006362652d222,4.088658190916021,4.073329777130311,0.015328413785709927
3383,52,87a35039fae0c598c75a8c2a528c5c2fa3228c220090aade874b6549f234b733,3.7206993478885124,3.7375269147025847,-0.01682756681407227
3384,52,8b6bff32cf0d0e875b9d8e24d8b3e2163bd36ab6d954ab009f6cc4e7b710554b,4.34025351736318,4.369093447827709,-0.028839930464528152
3385,52,f9e18be8ef341822dd74f16f896bb49fd6db007c2b7ddad273982ec0e70bf6e6,4.2021556231501975,4.213066582917222,-0.010910959767024053
3386,52,ad4ba44ac54bfa2d6d2e8d54fc33a6a6d9059d6c0e2737d21c092a0ec01af8ed,4.180547019674464,4.166744164729948,0.013802854944515275
3387,52,53fcfdfd3bca055bbff215cc570822ef7ac80c4e204006adc0c4626cfe1fc209,4.027107192814356,4.023404342593949,0.003702850220406617
3388,52,9270bf5d3845fb8776472230eef5a159b3a682bd4b83cb4e3d70a5d058fb3f41,4.020573292965992,4.0676958906125265,-0.047122597646534814
3389,52,1b7f272e18a552707a14896f7fc681d4ef40bc653c8fd66425b5ed32a0027609,4.167738773702808,4.201540011567431,-0.033801237864622635
3390,52,50304909aed39d72196f752f5141555ffba178d05bd6db94e5395dcd295a6fe4,3.9017663861325786,3.909515729287534,-0.007749343154955568
3391,52,4f7a61b1c7314e7781bff112be7c3b791ffcebf5d8e6f2c16cd65ec94af8089b,3.9266579496702434,3.9491643297329517,-0.02250638006270833
3392,53,b785be3bd64da82d64d6aa77920a8d2530d275de7d2d45c4148ec5a25ae5ea03,4.000116977626362,3.9683276698277155,0.03178930779864686
3393,53,8099871ff1a76a5f0d461de90d6b68f84bb2488edb59ec47dabfc1216ebe2ca5,4.068119116284606,4.033538599999872,0.03458051628473413
3394,53,52f4b9b6f0e8e308a2d5e65838c63e7e5e900946653bc8e0a7f8b5a38a6b22e9,4.174039072154983,4.131474533047822,0.04256453910716118
3395,53,ccc61882ba8374ed68b2bb6d2d647d55c6300aae19ea1181b80ae14f9346a2aa,4.357974234392714,4.3475180355042085,0.010456198888505241
3396,53,eef536cb3698f4d74c692cd35c843cf138e2a61f5fbd958ec25ef2b296711176,4.055811109605088,4.0614164868879925,-0.005605377282904556
3397,53,df1df3bffb480df7de9824fb094bd0a810ae1f27b7ff8a3806f6893bdd6f04ff,4.226264196580814,4.225060158803444,0.0012040377773701039
3398,53,96c9fe7ae81d9054f6b4eecc7d3384dfa6eb67127178544bce5d70b97789f997,3.8998406262703043,3.90642961637878,-0.006588990108475912
3399,53,6b869df8892d8e956eb0c0358b1e651bc208b10ddc28db9d13ebae07b1ce2bb1,4.000770512028339,3.996076379720982,0.004694132307356824
3400,53,6a1d77b4af46a1dbdbddd7bb3e7a19e07e61c4433c1e80ca11b49a161cfeac85,4.053496192874718,4.043892250049794,0.009603942824924161
3401,53,e0077f054333d822a90336989e287e3ebd11ac5b7b1592785d0d58b1983ffadd,4.2727690333481405,4.2779970662709275,-0.0052280329227869515
3402,53,7eabdd48f3ff345303ef78530ae2662d44f2889c0b08e5222c576e56b1ce8534,3.436884777027217,3.4067158912151854,0.030168885812031476
3403,53,991e8411bf06ae6d92c2b4f0bb3670d558b308705075cc0dede1f1e19133484c,3.526482222417144,3.5238990966574875,0.0025831257596564683
3404,53,a2babed2dbcd2df82e1347908cb8c6df01ca81af54e2f36ff59f038ebd06a1ca,4.507376924431597,4.509106529257451,-0.0017296048258543806
3405,53,ee5e6519443263fe17062270041ae1c94e441c8ff1b941ccd17b9d7abf0a9fff,4.532264094635053,4.5231706482042,0.009093446430853191
3406,53,79d749f1c9763e20e391850f9f1e74c688992a3fa2868d262708d89fa6011f16,4.047862443031249,4.028935851754852,0.018926591276397176
3407,53,58749c4609fc394b1ec3a60b87f7b8e00c900f8c96bdb945bad74fd95ff2c682,4.496284161669564,4.49833028306125,-0.002046121391686029
3408,53,9268d350cae5f9926dd7c8c114c8ceba4dfa9ab69052ecee0d1835291b5ca89c,3.9902878569823486,4.0322214698795165,-0.041933612897167905
3409,53,c57d4bfb6f497e37cbf84b9ae7eee3a2ecb0981ca963126b35c2a7233af2855d,3.808739304610521,3.8550365196719483,-0.046297215061427366
3410,53,c524f03d1ac602cfecdd9ee6b6e756b4130c29892c19cefeddd3afe56c97d536,4.0241734587997655,4.040759859873361,-0.01658640107359588
3411,53,99e7a8d72d92c353611ce0d5736b252a289d47ac56d7da6f6cc3a3d067049353,3.964622496349648,3.9520356731362085,0.012586823213439402
3412,53,cd47990bc4bac9fdf4162557e08e7524928c52080511c2da80078ca4450878b3,3.3714741654001443,3.3705901744343123,0.0008839909658320266
3413,53,5968bd7c9a124e5d945b3a304926d391811787392f654efed0402ed0d2c61efe,3.867385700488171,3.8775528588308816,-0.010167158342710536
3414,53,19c37902c0d54bdaa1b895bf409a093cbecfa328667cf3b7fb212c30b81aa7bb,3.905876073883192,3.946282406633543,-0.04040633275035077
3415,53,cd545982553c8bf3a9349ee4c67049d88030cf770e185606de43087b59a66d21,3.8908412606232616,3.877959796572128,0.012881464051133662
3416,53,42bfad14385ef7ee5b7685e4402f72d1b4414188ccf7fa61bdb4efc801f81391,4.288832241434335,4.268118889101061,0.020713352333274315
3417,53,122ab7d52465b685ddac5aaafcba904ecc98dd91c831e4f6697c1127f37fe7c7,4.016211966901309,4.0096732112322115,0.006538755669097895
3418,53,40bd647cc26d08867c11185196c7e0ce45bbca902c7c7210b1b06d545c8de76c,4.107684398598849,4.130420598613,-0.02273620001415111
3419,53,abe1f0deda3228f0cd575110ec4d52284e420ba91a8578232a06289ec0cecb9a,3.997565158481507,4.010604324309057,-0.013039165827549937
3420,53,9eba15cd634b59a6c125106a5552e5d04c17b4a4db70f048af1f39ab2386d776,4.118508516597558,4.131442320208407,-0.012933803610849282
3421,53,18b53b168c16d0ca936aa488461dd7df66dc3fa23c3cb67fd2a2255d00b6e4be,4.101015591032365,4.114831414717742,-0.013815823685376927
3422,53,4b18565bc9ccc9f114aee611c1a47148e02e2759968207116191eb612c5898fe,3.7319766933354614,3.724683535303882,0.007293158031579594
3423,53,879996ed83fd3e52eae3532863e49fa63eda0c7c25ed052cf96226a61f880767,3.615901792826776,3.616854953867687,-0.0009531610409112545
3424,53,e96c390cebf04446921ccde578bec60ce439936c785f4e6c9a26fc08dfc7f920,3.059823587596611,3.053413975709077,0.0064096118875340835
3425,53,34c8be9efdacb5a7da1b4e696c9301910d1566ce9186ffbca71eea3fe8ae89bc,3.4258415059236995,3.429754649209599,-0.003913143285899423
3426,53,e78edbce4f0a60836681a4292acc59b82e595888d6ae9cf83ffca9bafc96a02b,3.437053437240138,3.4472873258923187,-0.010233888652180667
3427,53,63e4d1ec1f3c844acf75708b480a25657c99a8869d51c7a122660c7de0415bf4,3.6702022718079377,3.6530444554026076,0.017157816405330095
3428,53,b4a41f7bd05744e96c3192b33c8250e11f845193c84187800beea421501788bc,3.892253606950817,3.903835219735015,-0.011581612784198114
3429,53,17507b2c92fcb971fdf2b520f8e4dffb4fdfac1b8dcf79c4311a52ed76790fa2,4.39737352406155,4.4076693705185335,-0.010295846456983782
3430,53,db78c897e5215b819828f62491970262c975f5bac123d9ac1a868dfceb34092e,4.288938010041875,4.303198215963903,-0.014260205922028035
3431,53,84179bc1f325c86f1f1649a64f6e51c6af89ad214641ef77e34c5b29bddb79c3,4.1456841148740295,4.174033282180858,-0.02834916730682835
3432,53,ab0c56daeb849053b75cf888888e75ed620ef847be045768c2af570944e0660b,4.444990752348531,4.452082058697101,-0.00709130634857047
3433,53,dd1f487ea41346181d5c4ab5b0a42a2ee20de2e2a9fd1ea4ec5629fb51a5c4d5,4.180694732368352,4.208126081793949,-0.027431349425597773
3434,53,99279bae40e1bb23fe0964ec66a4e5cb9f81d59d3662092f4b9d0af7517651e6,4.244015039991027,4.243598265654214,0.000416774336812864
3435,53,ab3383bfad142c563018ef9bd37d6ced3b5db5815d7946e161c50a06e604fc7c,4.393369425016829,4.449767713571504,-0.05639828855467499
3436,53,3ed0b82d71547ff06e93f2f4d8c263562049f541d48f3385478f4219d67b4061,4.085106543417268,4.066259576051799,0.018846967365469425
3437,53,4d8ee60b6be0b2316d3bb3346eeabe7607b504ebba6080b0271591b7d5cc7964,4.06728259078794,4.073602996209857,-0.00632040542191703
3438,53,21ad55e11132e6f0a78b63d4f6ee3087ef7e7297f83f6cec552453ea509cd184,3.730450851142564,3.7139653816880127,0.016485469454551094
3439,53,3bf962f0e91536a4d76f7f0863a8485271e611b2f54ca31e9d4b2aeaf451fe2c,3.1396286939390166,3.1658301268355444,-0.026201432896527876
3440,53,d7ac2d287f76792f28b0af4c6bf60551c3c9609218ffa83590b1a0ab49e543f9,3.9765626333288537,3.963211077699299,0.013351555629554923
3441,53,d7e4caf656baeb824ba441683a51b726682ef3e3a69752980819ed15137a8c8c,3.8205007002932234,3.8207840155459962,-0.0002833152527728089
3442,53,262223094535ff9dfd9f32882e5fb8e86becff2d371592489a9cdb089cd4b51d,3.5895452599107216,3.575019349596033,0.014525910314688417
3443,53,597f07f4a716ea19e245fc89c2e5bf62c93311fc8caabd39e329ecd0fa21879a,4.406518006267248,4.382834580223744,0.023683426043504596
3444,53,13b1c0af0bc71a425e25207e2b24d718ed41a381893a36611626b425e0a8c885,4.186399375283486,4.205447814842273,-0.019048439558787322
3445,53,3482ac9c1f0802bce6d75e9f6c18a3d8db750467198e976515edffbe1d093549,4.049473366718473,4.040090104526826,0.009383262191647646
3446,53,1fc05a2b5d2c8364ef390d56b07ef3e827e272f51b55ed2ba1fa8eee272a90f3,4.027423343357071,3.954273987827719,0.07314935552935253
3447,53,9ea6990ff31b39889db128da459f7d71e12cc137ca64e9941b8303f231b275ef,3.645086881362488,3.66031804848069,-0.015231167118201938
3448,53,6fed0f53b4e7c6c5438970ad68f8bbfb4f6683a0c8e9d3f11131025ce4c857af,3.895681989599325,3.9282297183845003,-0.03254772878517542
3449,53,c1aa4ed901ef4ec7c95b5c4b989fccf89d388ea41a73297f98138b7391c63146,3.951700212186296,3.906978023037766,0.04472218914852988
3450,53,75c3c28f6c2f7b547a3cea2b86b5299a58a48e3f9aff8ca1fc4495bfd597f364,4.099706721963891,4.122375820475725,-0.02266909851183385
3451,53,8f472f88f30736e869e5b75651d9f41de1c2e55f7e1efb8056ee14a3be60dc49,3.6197400417644197,3.5967925580393008,0.0229474837251189
3452,53,174e807fb9212fe78c89cbd006b8113336ea34b3b116784f0bac1694beba6669,3.838158160344747,3.8452938054132915,-0.00713564506854425
3453,53,4f51b61bab8c7028f17321a67a9ac8421272ee165cbe3b0726faf396e5990a0e,4.078577944720735,4.1010732206258,-0.02249527590506517
3454,53,ae5c19e0307e47fbccd9bab25026cc7b4e3ed94a4fab6414ebfc224d10ceade0,3.6440762213616154,3.627807583164781,0.016268638196834218
3455,53,588ebbffb569ec7a94fea862abfbaff67808ecbc4ab63f7029b71ea68e6d6cfd,3.9468750153996552,3.9683277941605866,-0.021452778760931324
3456,54,e79e60f4a1cd4b43abeca13430c6dc76d1bd766425de79d851fbc8fa254b814c,4.692898524217355,4.705562057618067,-0.012663533400711913
3457,54,1cfd4c8ae83b24294be25ae65ced38792cb3346f1ba0d4b72496f7a5398ba5a4,4.164945473599744,4.196518392785464,-0.03157291918572014
3458,54,c7a689282c9e41c0d603626816b4f992991dc488ba472e2c97e83acc09f1d406,3.9722157752524225,3.9385228836299433,0.03369289162247924
3459,54,a80439909fb37d1294d6ce729a4d34c4c0f98445c391a2d94fb4d3731596fc53,3.732970328689646,3.745958850932709,-0.012988522243063017
3460,54,a9084a00f161011ecff43cf925a544db4cf6f1d2ae20be4fa8d7324824d2a649,3.742449401009253,3.732164741556062,0.010284659453191125
3461,54,7e2d5896eec154e91774e17c188ef8788564bec7d881d47db064f5982cf59b2d,4.1493804583276415,4.161454288762798,-0.012073830435156196
3462,54,32512e782164af33d7ebc2e4fe5e4ba87aa03b8a3b0a638a1255bf9fb6b1f5b8,4.343060747270329,4.325910422753623,0.01715032451670595
3463,54,0d6cbf160f9203d695cd24e31152ed700a12861c518d3d98a5f2d9fa67d08d44,3.6802069556426886,3.693738044989459,-0.013531089346770386
3464,54,bc8de293672fcd74cdac489c434d1675b8c2e88348b5b8cfd7235fac806ec857,3.606054690911975,3.5848217248129117,0.021232966099063333
3465,54,7ed5ddcda79a7a9f3e3d1e5b00063d7a00a00188fec45da1a780bd73aa5ee382,3.9211740637554016,3.9225131857443785,-0.001339121988976899
3466,54,7c6a5fe5244655ddd7e621e1b19f57269bf9562eed7adc60b2cb1a73ef74f5a3,4.0804606435712,4.120579837911009,-0.04011919433980893
3467,54,46c6531c78527551ef343241a51caf1b6f0bd17a6a48c0c1c6942bc7dc620308,3.999699473068631,3.988286239904255,0.011413233164375924
3468,54,6d94935d209564efe348ec96f815b983fc10f8a0ce2011b326b5ded5585d6781,4.4621699768838425,4.479260466764231,-0.017090489880388304
3469,54,ef531152ff34e3254c11ff4b9fe8c51228297e409114b79fce824fb714f8e58f,3.795619135907515,3.85660307896498,-0.06098394305746524
3470,54,b5d229e270fdae5dc06a9e16195994f89a35a6c89d92084339efc04a7985a1c5,4.349957646261032,4.386603477700987,-0.036645831439955145
3471,54,049bcf12cb2188a9cb36f20f25844c8a6fcacf6c29427d698dc5cbe1385d2c71,4.690037745684094,4.708567594461783,-0.01852984877768904
3472,54,21479352f903b31c5f04450760b7bd332f25d42a96692197c519564aad90cabf,4.467010378743453,4.474120695098463,-0.007110316355010582
3473,54,148f8405267f88df3e2b5ecd0966eea4874cdff65a30cee2ce38e1fa947be206,4.649879174314265,4.643177734964411,0.006701439349853899
3474,54,cc39488fef58d73ea660353ef9e111389784cac97734bdc2084918cf68b36180,4.569817600746774,4.58034463531726,-0.010527034570486649
3475,54,1fd255276690cc82204dc9e8b720c641f6c3afed829c75ef23339017f196a64e,4.5484286901773885,4.576994079720862,-0.02856538954347343
3476,54,1e987e8453412d3f1f4bc63030e03c9d35d6bf14fede418b29dd9993d06c0d2e,4.662873443226999,4.63250408706881,0.030369356158189476
3477,54,24b1fed69563eea684a9355d0245f4177d48fa026ddfe7ef1ccd752f533cf509,4.715375016225153,4.751850474589446,-0.036475458364293445
3478,54,6e08a3c81abe527a0edffc614ebee9390cc4834a34c5d3bf684cf02aa8c8a865,4.987083861879,4.990236525310593,-0.003152663431592373
3479,54,f1c6ad64061b4b672537cb60e8caf280e7079335c28874516e99c1e04aa496ef,4.641479525371324,4.654821451180851,-0.01334192580952731
3480,54,8ccce9b3d9096549b85ba9968cf52b24e6d7a55f9068e75d9fae6c39620c110a,4.641018303256715,4.632012901470262,0.009005401786453149
3481,54,b7a071f7ceed4c4eca19ad1f5d6f23a37e30304632186d45ce0bda6968e4446a,4.64551512148023,4.670972317969358,-0.025457196489128364
3482,54,048005a9ba275699bdd7d82298947a01f0cad48fb4eda4566f1454cfefd97484,4.840756695718483,4.810686434938816,0.03007026077966657
3483,54,9341ca8cd3184d6417a4ba4e80d1936e5421e41dc28108ebc21f86da65cbaf2e,4.682143954567437,4.68314503405054,-0.00100107948310324
3484,54,c2ceaa019966b9ddce3cab1cbc64767335ea785dfb91bc6d4dcfb3a2fef0aab4,4.465017405784238,4.470327679289767,-0.0053102735055290395
3485,54,a8aa69ca02a9b00747514c39f04742961856cb4cd0f10659066f2abe381318ca,4.674042628936149,4.69232924960545,-0.018286620669300646
3486,54,a181de232f65e43fa40aaa27cba16c7ba55b228f41e105f45333926f83e0ded2,4.87455214081092,4.8850367282138905,-0.010484587402970647
3487,54,5e9fdc4cb3feb5a4b14d1c0aea28ad26dd5296bb22b1458159d5816ec7aefffa,4.883816288537673,4.912748020042272,-0.028931731504599156
3488,54,add169590ab151043b6d061fa4a057654f2f22d822f182fd59c948e4f1bf9035,4.476678801793696,4.509883997103316,-0.03320519530961974
3489,54,6c1c586c7d8c1a7d6aac3b28efd05a4f783f3c3832c7d6d069f04b4833795e5f,4.111951540070322,4.103370704205986,0.008580835864336223
3490,54,48b19e51290ecb199607209dc6c184bb16eaab7a134805bbbf4ab57ea89703a9,4.161355316160325,4.16317188960079,-0.0018165734404647083
3491,54,3625463dd2a0b360aead4a76b6166e438fac7f546c190e300c7c0aea627c3ef5,4.240271085880764,4.212908666728708,0.027362419152055395
3492,54,d657999e4662f8c4b37d040574bc047c1fe1a0db377305e9ae4599225aa91e81,3.395615918738258,3.4044068435443933,-0.008790924806135081
3493,54,c91b4322de9e35e0d0bb6c4f0f6661421b846530f863112e91cd781540a34082,4.2790665899894975,4.30998674393868,-0.03092015394918235
3494,54,d4ff3c42073dd1042aeceda6830020fa8810bd79185db57abf04967ef9b90073,4.144553843759269,4.123716854261602,0.02083698949766699
3495,54,d0eb2729b54a121e389f396de9966e428f5487b4bdb4b7e4b9a6ea57ace874cc,3.807505995788233,3.817101226945283,-0.009595231157049966
3496,54,b7b8ea83ae1742112d1b756aa250c1e645e3f01fd53855c96e01736fd937cb4a,4.0918741454793235,4.109506024806251,-0.017631879326927447
3497,54,8c552ed89574add3700a8abf28d22414f8491ffc418fe81d07a956e4f0ff6665,3.7747880742050484,3.7511578826984078,0.023630191506640585
3498,54,ad91f4e96aff094dafba0ac884133483a120dac751353eaa42664cb5f2c27780,4.3214776708883065,4.310422250974973,0.011055419913333253
3499,54,cd0c01b18b039dc75878b7ae70075889f877912c67072ef37ef8a5660424270f,4.297997784549253,4.344798674047979,-0.046800889498726406
3500,54,f8c446e27414e9cdebbff8f180d73cb6bbb713320c77abf553b4590d3f324d78,3.890681486428093,3.8878266748641295,0.0028548115639637217
3501,54,95400cbbfcf112d2f773f06308a288e3d3e2eeb79a85134cbb4cf72dece89bd8,4.0505573166515205,4.02036545163719,0.030191865014330688
3502,54,f7f336a8ded74b7ffbf1571503e634d0f0321a1e7bcdb8bb2f8fdc1d1bccf1b0,3.7293610268033035,3.711178023572529,0.018183003230774375
3503,54,1026788b05a9fba2b139351dcd56fb036c08f7e173dbc88a5d9b6066ef67ecdc,4.082208980911503,4.080875858079594,0.001333122831908895
3504,54,d15c374c4c865741b7d97dc993c691c8277a3bb80ca64f77961377809f6d60c4,4.02439141514904,4.0136308488228,0.01076056632624045
3505,54,d51b59decdd8462f6eb7e946199f3936180a506590699d1c5042b196051bc5f6,4.007527673820277,3.9976078544852953,0.009919819334982094
3506,54,742b0fa238343d0307c97fa2c57f8e3912caec3e30001a528cf8fd9e808b2be8,3.4057685265510145,3.365748449173566,0.040020077377448615
3507,54,7a002d775297848daaf4297c26ff9ad5c2ef4bee61407bb7ed943ecb53cbfa07,3.538855155865349,3.5608454590308156,-0.021990303165466685
3508,54,9d47253ee55b0c3c54cb793a10d139780e05bb01f7edd2212ebf621dffe4fc27,3.5162116333257245,3.5387832404178994,-0.022571607092174872
3509,54,82722ae6ecb013d7b3b1db1eb42ff7cf1a00915d9fd5243c01ac6f9d6dea6af8,3.6978208288823,3.7372711608469444,-0.03945033196464465
3510,54,6f1cb3889407ba1363a5229e2caa598d8c88ec867b260af5bb41df85efc27942,3.7971679928638196,3.8391839554030867,-0.04201596253926709
3511,54,1ccd1336fff0ed91acd3252027a9c8476e7356fe8381a66a6816ddfaee6c9a56,3.8943942211861895,3.9045723187564363,-0.010178097570246791
3512,54,99e29153870d7bfa7d461f51c4b8296f1867ee38aa0ffce918b7f0946f0bd6ed,3.6422437410549264,3.6469984361108345,-0.004754695055908087
3513,54,130ca028d6293bfeca110261b2ac6527d08dbac7928c1a35ca9e882281d868b3,4.46929422086896,4.522625212226899,-0.05333099135793873
3514,54,1002087ef808a1c19d20fb67e8642e7b990aa9b71a65e2ea5d36520ee5a23e0d,3.9741292521398464,3.9851245862316773,-0.010995334091830955
3515,54,4bb4148db8a8be0093506d11f86e510ef9ee948aaa3d020a318090b680fd33ee,3.391327948934304,3.4055035464609773,-0.0141755975266733
3516,54,faa3f75711e1df763f5f6d0a566d0ba8d530ef06440dbbc3c8f105b9ce769353,3.4302644154744826,3.444550624415001,-0.014286208940518463
3517,54,2b43fc14023918e98ae444501f375db0f2f7f1c36b85c94b1c8d9edccf373876,3.479490357606096,3.474658818528326,0.0048315390777702305
3518,54,2b4c6d4fe18100109d13aa2e36a31bb6024a494b32a2d0ad6019f833e7ffafad,3.738165331992832,3.7356961633740866,0.0024691686187452433
3519,54,2b074a8c7117c4b9b24b562e5cdfa294b750b68aac1239421509fea0473c0c22,3.7472202800080368,3.7490060371690674,-0.0017857571610306877
3520,55,10083627cb3fb7963f157eebf9b7748238f7dc146fb2341fdcb14ef2e6616659,4.246964093120084,4.253603298790367,-0.006639205670282422
3521,55,29e09595a7882e8a98d98515a89d287df0569dbe0da63d1d454537979dac03a0,3.915137577988304,3.9229703970382275,-0.0078328190499235
3522,55,cbe6cb1ebb4ce373231a343f63c923217f9cc570eef6e2d688744b05a42b577f,4.0385548121983454,4.034493230036318,0.004061582162027122
3523,55,8ce9e0e02701f3f80183e00a582576ed8e955b3fb76a7ba273f097734180637c,4.406054617926699,4.414612581602235,-0.008557963675535518
3524,55,242c82d6786361c5c42c783f3eda5481156cbd9cc87c5a8f4e881de3aa102197,3.890399252689008,3.860763883001894,0.029635369687113666
3525,55,b0646bba358835cec15b6ad320488963ecfc1c8720bbce845c687765419ef7d6,3.742176369476738,3.7609096250878338,-0.018733255611095956
3526,55,90894ca1d2bd2084722e949cb81689adff921c24543398beaa5f4d14b243bcad,3.879266807312888,3.8754485825617166,0.0038182247511713285
3527,55,3cb64f748dd57384e5419c83250afbdca04973a033470121d4e6280857524149,4.046537873446823,4.012699184963822,0.03383868848300153
3528,55,325c220e64594e7bc6132201b61df1f7b112216601571e7c1305c47c30d1737d,4.297763766726121,4.271837692385816,0.025926074340304694
3529,55,b4f52f3d254580dfbe369ebe4b8da9e3ce8ef45e121497c82107275496633a55,4.363129953829002,4.368731708542327,-0.0056017547133251355
3530,55,2cb42b0840dc6a06b10554596ee216cec506cb8e0a60da926efb248f7c859d46,3.776959307053744,3.8456110006461586,-0.06865169359241463
3531,55,8164f393332b7580bf228ae243a78275d023309a5f746f887ff59982721c7938,3.860944857253571,3.8466890183901796,0.014255838863391546
3532,55,9fe195673682d73820094678be7e2269fb64abbf32634d8eadc7a863f6863d02,3.4505360474755093,3.42953911349494,0.020996933980569565
3533,55,28cb406f82426832201bab88d196137b4e80d7e8096307bf579f4f3b8ae7430e,3.7208489434427747,3.723826115909276,-0.002977172466501088
3534,55,3aa3751afccceb2da792b104fa7e388f9c7e636611274258fd552f77b1b2d6c4,3.96663652598113,3.945361927441354,0.02127459853977598
3535,55,dfdc887d8f8dc13e2b6cc366ea6398c92bf7d4138013c46b6231d2d8a443b4ac,4.1154262692198245,4.129972496536141,-0.014546227316316163
3536,55,70a4401b9c7aa5207356c5f08cbf6117dbd30a2b979d5613cbb236d2768b274a,4.442707032088265,4.44873396035382,-0.006026928265555398
3537,55,15dd82641c31ca6fec3ce3b20551e8fa7991682bc17929cf1e86e114e7fa1bdd,4.174423894752181,4.172009020333462,0.002414874418718682
3538,55,e8388038539aa6c8fef050c8961d61722173f86a1ca9afbe1ae08bb32c9a30ef,4.413327339008902,4.446581657321985,-0.033254318313083786
3539,55,4c0e21e87aa6c2597424870a24a4a22dd37dd8b87b296d98567f138bc18ad44d,4.414480718643972,4.427006262932309,-0.012525544288337187
3540,55,c5e111ac4f072330454ae008c180c3eaf74c37e31d47887973fbdabc0af68c70,4.544209667451469,4.503386924176539,0.04082274327492996
3541,55,6832e5e48edfdd61cd5fcd47cd8e1c420ec0c56c05d4fd1b33b148882f39a01f,4.542779404221619,4.521337494885074,0.021441909336544995
3542,55,f0811d36dcbbd840f9783a455e8ef4ac059779ae0755fe1f7ff8ebf3b6bcc038,4.076567687583861,4.063724538400493,0.012843149183368041
3543,55,d9b68ff96d692a52a74f5b351ead8246fa1a0d2235237e1b22583624752880f5,4.377907194271131,4.373403529694201,0.004503664576930078
3544,55,b10e0ed53380520e04b193547fad9d4be982aa76d0e317d521d94be10b8da409,4.159722107264457,4.152147523353904,0.007574583910553656
3545,55,f6a9f353d2440189fc387173458e36d44b8da0a139fe8090fa43c25ce6b43b8d,4.501635219486161,4.546199687039746,-0.044564467553584564
3546,55,b169eab2434f79588c92c694f4115b7b752f06931d172f86bdccbe0b84d7f8b6,3.5258160440279624,3.525838544529904,-2.2500501941635775e-05
3547,55,6b20aa58ac1b5b305aa0b8da14e6d07131487fcc4c4731d6ac2fc0ee59398c5b,3.749514415293369,3.772113581779081,-0.02259916648571192
3548,55,56e10ea5ddccdb726aed57269c56ba97322093ca770643076235032d512ac49e,4.69161167135934,4.717585295825984,-0.025973624466644196
3549,55,8bda8d05a7ef8ef9e484601e9df69734db9ed9e28f51f2b0f358f6983e076475,4.043624204236977,4.028329766416277,0.015294437820699613
3550,55,e01f8eb44cabb061e2f2f47aa2a1c26019cd0b026e1fef1ea8052d2784af7ec8,3.4783472752154694,3.474105114076224,0.004242161139245582
3551,55,518aa24f6c1a5a9babb7dc34fb38862feea23ae87313676a74cbab1967e0454b,3.4082655376285693,3.3948079739842285,0.013457563644340809
3552,55,df82920d26e37010b894d33a95dc5d064c65ac06c85488a3e38d3c3a97698272,3.924288141752072,3.905978991345819,0.01830915040625314
3553,55,f739661545045f70d89a4a19fe2a28a44a1de64e2746709a19fca5103279a5f1,3.759529143031557,3.7932897813620343,-0.03376063833047738
3554,55,27e66f8570ec3dc9487641de9f346b35e196d7f890d017ded99e7e3d32d90a3a,3.328824397448045,3.3209173839100004,0.007907013538044794
3555,55,c5fe4ad7803749ffda9ef1c2bccefde97d01177d3305f22e9d317c6e0f6bf4c6,3.5080026492896508,3.4985172635544473,0.009485385735203522
3556,55,e5afd9fe29b9a14ddd11b431731b7a1c9ad78ba77fa537bb7a650f49ecdd0b07,3.581347375910866,3.5971655318884928,-0.015818155977626702
3557,55,e626855a5a6ab261b7d32cbaa7721af8942fe36c7297f2a7754d6d9e18eaea88,3.895086468574391,3.907983339768464,-0.0128968711940729
3558,55,c81afd28eef93270a15a3e922b98f2e78b04ce6f4e7010f79a3c1e5ceb4b67d9,4.265871930386311,4.247330304447843,0.018541625938468087
3559,55,b2449e4c9fab54455e9707cd604124620d74a63dcdce42dc02e7333b423a6353,3.8655800697225686,3.852940602652211,0.012639467070357568
3560,55,27f4c79fa314be2661869b87a593fc27c77d5c0ece787b05447d1cb1efbd48e1,3.458744818823817,3.4668879253103455,-0.008143106486528495
3561,55,4cf030239dcd699bf21ab191bc4d42fa59aef3bc4049f50c0f285b865a6be0e4,3.5670095746914114,3.5667001854579325,0.00030938923347889613
3562,55,d08a27f66ac71d9d7a02d1fbf0cce1b96a6da3dc43135e02dd20ca9f1d1fbeba,3.7038198300976717,3.733374655969868,-0.02955482587219649
3563,55,6e65bf5101dc13935b180b464263d42a5e7f0907244c58b9722c096eb8ea3aad,3.7747647557583406,3.7899637394217507,-0.015198983663410104
3564,55,2c743846cd2c25f74b694d9c72379c6d03528b442fa564e989e426a94808e0a7,4.1018011607895986,4.09809886966292,0.0037022911266788583
3565,55,46398e434dd9661260144864558984dd7606acee8422490b89c968e258626bd7,4.264457099700962,4.264664534454425,-0.00020743475346307605
3566,55,1d5a4274273979d32b3436f6e50acd7f5b9243a304aaaf45b408c72de0b2ed86,3.594498255315912,3.583555151384175,0.010943103931737141
3567,55,67caefccf6704ed2f59a1922a92d0c524beb9349b0625f7143b80fbe3b4bdb45,4.3012037146491195,4.300853938234809,0.0003497764143105542
3568,55,c81b20c564549658d545e8fd98a0a222057c7dcc15e304915ab64d9249b9bdd6,4.205099859823122,4.185655027395086,0.019444832428035852
3569,55,d9727f4812b50d824a1d895ab398dba78f4b60f90130b076c8902d69b39e2f1f,3.9566145235804697,3.9773226378076743,-0.020708114227204533
3570,55,5956c02d5e90cd40e0cd98829df47b9eb14608df89985eb79df2186c54b5ec11,3.4507148693542717,3.4586178056678136,-0.007902936313541886
3571,55,105e43cacdc958d304efe7f55faeed5f5ee8a54ea69149bc4e89fb26e59dddb3,3.7689581140271002,3.7897813546696852,-0.020823240642585006
3572,55,b82fcc27f50c65229607010abfcaa954b8ff519ea7bde0a9d660e62fcda05416,4.131986540496769,4.1618701527022495,-0.02988361220548086
3573,55,4397681a5e1657a84c3ed08ab7e19fc7e18ec0e3b1fb74885e3af7a80b5be45d,4.351489100171079,4.368371398336535,-0.016882298165455722
3574,55,55820a5f7ef6ba8d0fe003f9f90e5bd4e9360d64693650561ae96d76320e65d1,3.9741131728721015,4.030636709189736,-0.05652353631763418
3575,55,97f2d8c332f46d89ad91e558366746fd5ac82e4076e358af47888f0ccbbc0aba,4.089786541568095,4.093719837983258,-0.0039332964151626015
3576,55,3f7c36a7a53e162858afece500159c0002733c1071e5739161a6b014e4348bf1,4.440620018415679,4.484198220939618,-0.04357820252393907
3577,55,29be58a9b0a3639863ede2b974c75ba42bcd7a98a84d775383bc794e809575f0,3.938605250568429,3.950193984575151,-0.01158873400672178
3578,55,1983ab480bb723ee4744cb58f6b8cf90bfce8a29c9f37bfab7892d5d1af2f4d2,4.147835260794409,4.164273470248162,-0.01643820945375296
3579,55,b999b5f516e650904d39d9038179219326e17f41ee55e75c714589e5d650d7ad,4.23305765149513,4.256119742509441,-0.023062091014310226
3580,55,da5b29aa7ed7d1ed3c3f2fecabc47432aeafbd2286e0c2e60bdd23a2a5d41596,3.814334464096845,3.85514610826732,-0.04081164417047489
3581,55,12baf2bf206732041d08d26f95134160f8254ed151a70c9ed180938baa3ef6bd,3.758899700751954,3.7775760608794258,-0.01867636012747198
3582,55,806c4a234f0e0fc1a781d3b0c0759704a0d523ad7a7e6bb55ddb8b575f98f500,3.7439052190833166,3.7844225489214693,-0.040517329838152705
3583,55,75861d2df7095d590d556544011ead93d55d0b0526ff88f16e7fdf7be9929111,3.8055762891910234,3.8342798136745557,-0.028703524483532306
3584,56,fd9797d1b672de3ffa0e6241359ee1d67911fb93591e105247585aa60864cf8e,4.06518622411204,4.102086671097595,-0.03690044698555539
3585,56,3743697be2a6ade59dfe5200e65ffa7162476d09f7a3839b193551fe13d1c1e7,4.0191526954661185,4.011488955239656,0.007663740226462323
3586,56,def25d992e9075ad7da0d58525e162f1c45eaebe88cd5fcca0bd247bce710462,4.063219756455339,4.072737594520689,-0.009517838065349338
3587,56,05498ee321c62896344211055b93fef248e369ca3494489a9081702bf7ef1cba,3.369322177880381,3.3731034307818817,-0.0037812529015006646
3588,56,1c70fc14fd14697dd5ee6b7fbc722994882422db728399c0a64798e60d752afe,3.774314628818445,3.768569136540407,0.005745492278038
3589,56,037231de4831bcedb94db373871023f5bb33eb92e4484858ccb32305b7b4fd86,3.7965128948665665,3.808618477321886,-0.012105582455319563
3590,56,9a79cc538d5b4b80e6ef23c8fcfb2c943479a428fd1efdd6e1be2cba02878ff2,3.3748720218992503,3.3601769127507595,0.014695109148490815
3591,56,1e570abb148c6150a4ec2283a6427bd7a526b6f87ff7acce5616ceb5c89b9e5a,3.776618905135365,3.7669724070204893,0.009646498114875612
3592,56,6552336fa8c40d7761f9cfa0a1b5408dbfc97c0d29e3ae6e72b9c7e7e2314807,2.914930902836886,2.918403221469248,-0.0034723186323617483
3593,56,6eb3920ab5f614111181cc9b29ade5e38aec6869f7b54afe634a14ca1c2df24e,3.7280398873590457,3.6961310626770683,0.03190882468197742
3594,56,e29aa781664cc495eddc4b5fa4efc613e95ff266c070eff19597ae32a8c7336d,3.9435233325210675,3.9448352589874958,-0.0013119264664283037
3595,56,4764c33efcc10d440bde0e2a00a0d2a84f072056bd2639a10c584c2da79d4e91,3.805273221747825,3.7956488538500253,0.009624367897799857
3596,56,d3e95ba2cf46e638d85b823924ba4060764d71267e01fe8e1510102b60c2e605,3.7773514248406954,3.8257499913432724,-0.04839856650257701
3597,56,8005a41900e2d05a2664bfb8f02bdd7c003b60967299e0a8d157ad4979351e4f,4.273615500638357,4.272419020263442,0.0011964803749151542
3598,56,e1eb1b19307d8de00de0a6a5b7f022055d309fd857935b2544a05420a957e9f8,4.448309490676934,4.435458678904752,0.012850811772182169
3599,56,dfae11825c0d9b4217fd7a9c5843c2f3730eb0953ebaea68dbb5ed616e744d57,4.550487602966058,4.538931989137552,0.011555613828505784
3600,56,866a50c664d58363fc532d6207c7b3073e44b6769733a8b213da19e76e78fe82,3.90518057139667,3.8981278101170744,0.007052761279595643
3601,56,656ad9e5b0022ecfd2b7af23d04e138b6fefd2dc4a238416775fe0e7cd20efcb,4.026011121902741,4.02954128568598,-0.0035301637832390043
3602,56,0a4876dfec090cc5e9df0bd166e9578df7df4de5fa6acbea477eeef886e20639,4.102384589304407,4.130076199530677,-0.027691610226270313
3603,56,33d83640c70cc811880432125245813fdd263a60a5f5c9a4f9cf21b03a330b8f,4.097564344266118,4.079833328165435,0.01773101610068295
3604,56,770a0c2ac678bc4875d38ba456c069d6415c4f87cc760e74136519ded27dcaa2,4.518404076765307,4.548508815540529,-0.030104738775222017
3605,56,80cc78cb2ad2be479e0932cb872cc7c6cec9fafb2d4c1e31b58e413fb413e970,4.344138670687698,4.357565851481581,-0.013427180793883053
3606,56,4db0c4ab56d5a8cd21f166643e4169e3b8a1ffdf8b1da552a2bf7578a0160368,3.7256640719515417,3.75155385488506,-0.02588978293351829
3607,56,d2ede0d419290363d314ac8441cbccf46a044344c831c9b0cd46e1d24b45379f,4.043329952725344,4.058013172437768,-0.014683219712424034
3608,56,c93638fed795fa80462f1b99283db46a860b1ce2fee8e7135a996d9b5a73697c,4.010592488938528,4.058723609471144,-0.04813112053261648
3609,56,5bba1ccfba3a4fac3c13a4fe54684f065e30b4583a127ee2bebe251276f4a186,3.4449824837747656,3.4080910228874473,0.03689146088731832
3610,56,bf0e70aa1965164721a89cde5420d809c63181374d51431504702a11a39295fa,3.7026382741229895,3.6944964421741133,0.008141831948876188
3611,56,cac5e2bcd1777fa1ed71a3b0e91dd481f427afbd7c75d1d54c16085160f239cb,4.0110303371629925,4.013997223843035,-0.00296688668004208
3612,56,fa20945f91fd80238660be7c88fc9c73921488ede18dc354301af0f4ce2eca09,4.428688878914272,4.385843092346249,0.04284578656802296
3613,56,d32ecfebb8a8be00a9499d6e9c65c4a9d50f00c539b5cc1d4aaa2fca92a48990,3.9684469851192716,4.040845695663847,-0.0723987105445758
3614,56,1b053b70aa34319195aa8f0cacfe05daff9e277ba99a6ba527b2858c950fc62a,4.044644930718391,4.063603909745325,-0.018958979026933775
3615,56,caaf86d291b085010bbe89e7eb9ebacf61b7e33098f8d36e008c97a805f8a04f,3.86731189551233,3.8941671572013092,-0.026855261688979226
3616,56,bfb75bd651b7f3ff05664f01028297e5cd8fb1dbc20b9a5e65ff872279381bee,4.172264412441109,4.168630613967707,0.003633798473401839
3617,56,a03975208fe1af4f6087b338e6ed592836140719cdfd5dce48b1f8084d8686a4,4.256335205202731,4.2544506120016194,0.0018845932011117839
3618,56,498ae212673026de6e16ac3311444a9ca39e1df3a76ec1c47a7aeb7c58042ce1,4.280404644362534,4.2987474834585555,-0.018342839096021635
3619,56,6564114cf03ec915d3881a70d8f50f018987805db298ead8b0323f39721638b2,4.27140885460625,4.332014791324582,-0.06060593671833203
3620,56,e42899d3d5c025381474b0306e69e158ed1420d0532b0c478578ed705e3ddb67,4.103654151107094,4.083688444822428,0.01996570628466543
3621,56,bf46500ebb93f073abb07014027d7b371fc20642950d702ae6960dc4b031c06e,4.067812329946918,4.061420594245192,0.00639173570172602
3622,56,7380d761eb4444fa89db9133e837066a98bae99f6cccf8e0b066143aa48b83d4,4.089326177190969,4.145579658121733,-0.056253480930763544
3623,56,3d9dad22554c97bb6cf6a4d4d3a533cc968eff5e0e0d460d3e88349b6bb1e03e,3.873834557090049,3.9097944831489713,-0.035959926058922065
3624,56,6c8fdc43ab92cdd7006ae4c283c632b31ad8110e3c407219603394dbc429e4f2,4.400808278130626,4.430430794374388,-0.02962251624376222
3625,56,8089dbc670be7da241df95d4417f794aea3237b47ac85caadb8746f7f5429432,3.683416611343773,3.692333417101054,-0.0089168057572806
3626,56,c6325b32a9ca26ff22be0248de36a87f15255139684712d6e4d22722bd159822,2.8980419212473407,2.871363553631909,0.026678367615431853
3627,56,159f48e4746015e8c66464f26418751d9188598b95940b815e32872799f19020,4.060472661441054,4.055115621905145,0.005357039535908825
3628,56,8ac2499acdd7a203f205dd981af2ffb95c11046aa0ad9e81dd3b5336849034ee,3.985214620500635,3.967818377114895,0.01739624338573975
3629,56,819a9e676645a2a7bfd22501ad5296ccd6cdaacb9a170a4a277fe8d4b626cef8,4.117344127371098,4.118232444478394,-0.0008883171072966434
3630,56,fc1c8c5a6c081978f5534104ab3a9f52daa0b074503cf81068cd64bdd97e1922,3.985201467729439,3.976377501590605,0.008823966138834294
3631,56,ec4fbbe89507dceb13eb7f390101cfe8a463112a06ce0d51a2f8ab3cf4e80fd8,4.0985410403282,4.1014839374154235,-0.002942897087223173
3632,56,c9893205a699bb214ef658c3c744a6cdd90ef1d092590cf9f6c6ffe55759de9c,4.079581186697851,4.027666603236071,0.05191458346178024
3633,56,db8439137931f06f3636677b5330182de92636ca84dda717c5c2192e5c524cb8,4.051017510568954,4.029074821645736,0.021942688923218157
3634,56,fe6c2dcd04d00246494e9e978132188dd07d93da15cbdc5082e1d42610da2423,3.988389104041744,3.9711863935804104,0.01720271046133348
3635,56,bdc4408f471c992c8a9b143ace81b303d3495de45e07f5c1f77bfd9ce7b931a3,4.311515573181282,4.297657510853696,0.013858062327585685
3636,56,5cd38e570febfadd050ed280e9b655d5db72df70701569cb79d9b517f5469a58,4.033719490784733,4.0183078133343315,0.01541167745040184
3637,56,e640ad25814a65433380c88d10878c1712815703f4371d8bd89228070d0f8637,4.187794530829251,4.1780364527588745,0.009758078070376541
3638,56,3897f80203f59a5d14030637476ecbf704be78815ecce24ba5ed2a545360c633,3.8292043114267926,3.8356408198372947,-0.006436508410502029
3639,56,1d0da8fec61ae31c3477fd61ab62993fc957b37d5beafd93cf0af4c74442d87a,4.116241744995023,4.1065715414081865,0.009670203586836124
3640,56,143290c2785bf0c22704fd97799dff88e8607ab660b4e526a24f1a2f1cf1cb06,3.842381748368325,3.8476816385498296,-0.005299890181504452
3641,56,a00dfacc199836d61252aacb7d0e10848072106f9ed3bd3826c64b977095d0ed,3.8033451926594353,3.7871876953385595,0.01615749732087579
3642,56,6ee5771c8bbf09b429c43f3fe9e07c173740ee7a3c1609502965a3463771cde4,4.220150357689363,4.197572809677695,0.022577548011668114
3643,56,50875536f88d766bfc23e1c0705eefebf641ce35a90879ad60505012858b7179,4.067841526331449,4.038492534435591,0.02934899189585849
3644,56,2a1010ec0158a9dc25f1a117793e92d7e891db39b791cae504b46c8b374cca80,4.06865672278218,4.109194441528643,-0.040537718746463725
3645,56,41a166d81eb13463b4bd2d8ef3f95807d960c239849fb3dd36d6c93eb0ffe11d,4.029815573808264,4.014799401597884,0.015016172210380319
3646,56,d16a9e50601a55ac40d60df89d17b0abcb4b4e234587cb8351c71a7b7f63c436,4.030250386124976,4.026094176301285,0.004156209823690915
3647,56,649eaceb0e300aae6211c2ef01c918cddfb6c2f25d3c7b17e221d29dfe0ac306,3.7899573449647477,3.788823192520809,0.001134152443938774
3648,57,3a2594b9d70b4271eec572ab4209ef0cd0f142da8b2918ca5e16c0ddd0fabbb2,3.928307077309796,3.9238778507998404,0.004429226509955697
3649,57,b360b636453d4250d8c610ea0dd3058401d3ee7fc0e1667b8c14493f3e174911,3.5537069867256363,3.561475080212702,-0.0077680934870656415
3650,57,12fe1aa3009127f33423afc363dfb1499109e0e6107d674c61043984d2eeb9e8,3.926370095828588,3.8958080608613272,0.030562034967260843
3651,57,94338af0b6d5b41684a56934d14f89718e7d6ff84fb1855ef587d72c407cd01a,4.148626563148127,4.132043829452186,0.016582733695940988
3652,57,f20ed544d2c58ec0fc2dbf12f1c0212b1a012858bdc3316859b29c87d648ac28,3.9186797053737905,3.9333973988457274,-0.014717693471936855
3653,57,b5f962c19ea949ae86e831486d14963fdc3240ba49270f2df4d592b34788ca80,3.9807291916547456,4.000345020997315,-0.01961582934256967
3654,57,9b10e56c6b288d7bea432dca05f8ac9926fa720d7b2fd68389318c5da55f23aa,4.693040258827978,4.684048677558124,0.008991581269853555
3655,57,60eaa2d8b4ac45b52f57d9c9b0e7e9f1a96f08850b0d11d24ddfc3502e7cf934,4.228171803333801,4.2447447261788795,-0.016572922845078608
3656,57,eb556439319d56a0a357ad9459fd32715c24502d884b32218c5722ed54619037,3.9772453096029494,4.003431255556507,-0.026185945953557166
3657,57,f981a65caec85ea3dec824cd5214ce227b6e118fc699053d62519e82058a14b5,3.9664803243268665,3.958771419204382,0.007708905122484566
3658,57,60e0d5543f9d0cd5f8280ac734556f3fb438fe42327d935c6ea06d47b2fb35f4,3.76946449644457,3.739799513339591,0.029664983104979115
3659,57,4debdad8320e04102963ece9091e7bda949a0f5aff9697095f0bc4d7aa9d53fe,4.058753242330795,4.097275158547411,-0.0385219162166166
3660,57,392c177ee2e134505e008156e4385dba4ac89539cc5f938287ea787b695ba889,4.166236984772549,4.170712932391652,-0.004475947619102527
3661,57,e630daa2036ed8ea82ee390272fb7283163c4643e75291fb0b94fafbf61a4129,4.164002621693093,4.188356266460115,-0.02435364476702162
3662,57,50fa30927517842548f9a5bbd627187bbecd1fcb6f6674e307c62ad5a167c8e5,4.515596721183954,4.533839100080968,-0.018242378897014078
3663,57,623b46911578137d2dae18401af3d9a36deab2252213d5a48a5b8d1446b5ebf2,4.221326615873284,4.229699050369632,-0.008372434496347836
3664,57,1a9c10e08bd249ac9a1c3f40f66d37722568ba257db6162d091f360ea0cd0aef,4.245816926143071,4.240173881559343,0.005643044583727885
3665,57,ec0e75fb29b5a3cf2df79de684e89e96f6e42dd96bcfae6b9aba2be7c153c286,4.507051470764949,4.493028243502408,0.014023227262541127
3666,57,d00e48d3b7bc3ad4a019e9387dd09f16bbf79705bbddacf170cf9cf389b0549e,3.8813037913444326,3.8961510374816513,-0.014847246137218661
3667,57,7c1c2226ae8b0fcf2defd6aff63c30fbe47e800131ce31bf273173842e188e6f,4.239392351776274,4.260328911801267,-0.020936560024992446
3668,57,321fc901320546ac53fa85c5017f5a3089bea2d86a5273d0574ebff6000190c8,3.989730637465847,3.993100211999412,-0.0033695745335649008
3669,57,2b1cd0c9789461bb40ca8a5b6430730b31b994a840f2f5bd867f95ec73c3ae2d,3.8324475159317544,3.842222589106246,-0.009775073174491666
3670,57,ce804a4e8dfdc687f9a9096619f2800b613be09e4b7db6566e2adaf373268821,3.4664671976824764,3.510014725775818,-0.043547528093341725
3671,57,686dda38f058dc40f6b8c50849d4fa3dc66ea543b75e2432e558534962144bd3,3.0236316963743377,3.0545918794957316,-0.030960183121393925
3672,57,1db4ef28923ebd2a8dcec2cfb42653596f268f7b96a60dd06be73c17b6f0231b,3.653327085226895,3.661281310865931,-0.007954225639036139
3673,57,42c14763dd818961eb94bd32343def5d50094d598e1d0a0f2689e503e62201e8,3.712296603546312,3.7060951391435744,0.0062014644027375
3674,57,1cd31d1f87938f7a722c80a0b3338199297e1bdd98d86b925dee377bdf04bb21,3.571822181326972,3.5643045336602768,0.007517647666695382
3675,57,626eca0404da092b516ac858edf2effda42c1352bedb02f81ae0aed21c235834,3.8745936894270017,3.8493939985189627,0.025199690908038974
3676,57,891f30bcccf3846d8d39c866e4801a1055dc2b123de5f278cd23b0127fcff6be,3.7398704349425316,3.754798014960045,-0.014927580017513264
3677,57,4e8035f05de70c7de01da47f7c322ece6394c1a911c8888a53c22b5540a1d63e,4.042085381973731,4.033988521879124,0.008096860094607194
3678,57,f39b2429b2853703d8c646465917cb68d1a786dab8293be41101eff5ec363355,3.732343555457021,3.740780647423435,-0.008437091966413846
3679,57,3994faf6354b85dc4643f322ccb3dcde2a87da92a8aed61faf94bb51de356985,3.9991084680063302,3.9670165946792793,0.03209187332705099
3680,57,5b3b94ed959687af9baa9ec84a5906205e49c45d27814bfe7549309e096421ee,3.838825545351966,3.850061345810758,-0.0112358004587918
3681,57,89eadfebedca92e4478f7bf410058a7cbd178d459a4e72c1a95f4f7db39ba7c4,3.859029227985417,3.841944265791483,0.01708496219393396
3682,57,bd6b957054454e068f8793539792998fb38430f5630f3bca3fcf5310772e8062,3.643583454084302,3.6521895460990947,-0.008606092014792566
3683,57,a0752f2ff85fc377d82e098520bb2e8aaf25499f6f97ff51bc58d19a2f98cc45,3.9073292804871187,3.9003040717352633,0.007025208751855416
3684,57,6638d57dad76cd8dfabfa601fcda0a93f92e968f992bd23db41440ab659c041b,3.5764314413019065,3.53569867943213,0.04073276186977637
3685,57,23fe54e279e5040128df3b78e38c7eaf09eea7c5577c591d368acd466abee1e8,3.7273685280351856,3.7519564696440284,-0.02458794160884281
3686,57,34af6fbc50566c1d6efcbd9593dc45060344dd851729b37bf1eebacb3797ef27,3.7041626673781565,3.720185785827944,-0.016023118449787432
3687,57,36aa9d96c33bd7d5028806d2a0eb6b97c8b5398f6b20ac3aee2b2517aa53e698,3.472583286357235,3.445616868012678,0.02696641834455704
3688,57,84033f557d9b609040e0eb5b93e4c8e76a431aa81faebaf6d5294e227c7c864a,3.9575703042372865,3.952505871996138,0.005064432241148609
3689,57,a9cbad7a8b33d15169f69e94473c2e4874d50f4c999da1e9da69c614453c5a56,3.8361609959006273,3.815990686350034,0.0201703095505934
3690,57,0aab42753b4d823bda2fb2ed7d77094e73bb9ecd1e486a72cd4aa5324bb7bac6,3.5668779014842755,3.55551458961736,0.011363311866915637
3691,57,71b65809b0978496448f30b00fa35f1ed555b4aec967d189984903363a69ca6a,3.8244225094382998,3.828853358988127,-0.004430849549827087
3692,57,a6a122d0a9af139608905c94a8d9d28e8e5f9e7ee6a113885c92b0b4bb312e32,3.873907615033602,3.8653329438620148,0.008574671171587056
3693,57,fcb44cb5bd177e7a055f43506733bf38dbf562eb79faf065aec2b48de9eeeec2,3.775507405002017,3.762229367334598,0.013278037667419085
3694,57,c55f3f96747718f39dad8182cbb01577fff4f381c3ebcab955997adf40339f75,3.6629028300660593,3.654478657605978,0.008424172460081536
3695,57,24d8fa28f6bb3338b54a8253ac020928fbc19adac8a1f74bc6ab3dcf391a3a40,4.4522126532701805,4.479328270559108,-0.02711561728892775
3696,57,1af665fe68262a8ac941c22a0a50a47f110cbb43b24398d4def4ea7a464f4fd6,4.104085169006165,4.065568813719899,0.038516355286265735
3697,57,a1ddd0f6a1f3ecda84ba9a63b9bc6b1729d0d9872772388e025ec88047d917a2,3.6215464040178063,3.628697939152538,-0.007151535134731546
3698,57,85fd0530d64ebe57deddea6aafc86580bb40bc2365fc5de20b952f08e7661b2c,3.7367908162449694,3.759328477465502,-0.022537661220532357
3699,57,a5a62c8a571959c64b02f3d8bc75ddf78834d2030f8ba6e555c37965f69441ad,3.7989350697752258,3.772991763992607,0.02594330578261861
3700,57,69a6b46451071aec4fad71fa341b98c66e83939c5d46cc2553daa92ff6a18e5b,4.04455295435136,4.036366992845274,0.008185961506086414
3701,57,0afd4c726600e9a59ce360f9bce7e48fd5a2e0599edf201de04002c5074257e7,4.093505708227525,4.0825040193309405,0.011001688896584483
3702,57,09db22d7fb15e58ab8e25a4038643c2e3883fe77e87e73b6117a9515d7808f91,3.9869296015497184,4.027483512802625,-0.04055391125290697
3703,57,14fefeeac8e11f92f811a3cf96848aa2ab5614f9db11018034a1ccb2d32204e8,4.060324873086216,4.076764375244295,-0.016439502158078767
3704,57,e6c952f7099489b5803e60841765978f36cdaeab9bd7629834685127f56d36f6,4.004030162981735,4.023284718359264,-0.01925455537752896
3705,57,470156a4e197370899e6893ba681fceba0538931d135841cba8ac5d5726b1fdc,3.85072548669109,3.863404328669276,-0.012678841978186028
3706,57,e63543eea1fd0b6dd3f89572e858e810a679b1bd1e2eb17b1d7e9381f81dcd1c,4.001277999299774,4.033375066088109,-0.03209706678833513
3707,57,c61ab74b416aff3f20f65caa73a8a6569370f9af5e8001d2b95a6e471c843752,4.318471994565698,4.328326712735134,-0.009854718169435728
3708,57,094c0a3584654a3153de31a4ef3084bd8304350b543ab2f663e94ed4d424c8ea,4.3555459784602135,4.356156918956913,-0.000610940496699186
3709,57,8beeac2d214ec6851116933cc9757c1e6585e42d6633afdd4f3c5a74f4ab8f4c,3.7364197932110983,3.7463194559113617,-0.009899662700263434
3710,57,f209bb85e84b48c95a7e9a8b533a7e9fc06e0da14e9666a37fdb3ead209e813c,3.9311611976825134,3.9398488962274314,-0.008687698544918021
3711,57,8a1a61f84f02f194aed72bbc554a2f9b707153c748957945ac3b147f30c1fed5,3.586811485207143,3.605782083989496,-0.018970598782352965
3712,58,bd92c872d10f2c006e449850293199778516eaa0babb977a8a88a4b5112d9560,4.350357020474405,4.323598702131562,0.026758318342842813
3713,58,03737de13b24fdbce469fe501587fb7fe2db843134857dfc3b782059fac7b0c8,4.328995221175582,4.373917212911046,-0.04492199173546396
3714,58,6c365bd01aadf9702fc66cb8a357127dd435b756c45e891334cd25af7236cb0f,4.352080517398463,4.351310702693809,0.0007698147046539816
3715,58,8648282a629e1e0e7228801620c5aa2e7aabca0a806b8837fe0e13669894f83d,4.44267346629681,4.453135797661162,-0.010462331364351485
3716,58,a16b1992ff40811e548459fe9791ebfbfc901df718a9cdcd4a51c2f2006d8dcc,4.170898114420197,4.219670104740089,-0.04877199031989221
3717,58,0d50b6fc58eed4864e5c4e41db90b8c92e22e761dca293cfdbd9a32f6b0c9f7d,3.6272041393715426,3.6203927140263374,0.00681142534520518
3718,58,7331af3d75b2a1ad979525545a094fc75815ce9dadc911fd18e944799efdf277,3.8659391999902937,3.848812406988941,0.01712679300135278
3719,58,b6e423a8bc6635fc44a9df7b1d404d626833ad77c5a04459c5bf349a4e5c9f26,3.7978495262653666,3.8469912771454347,-0.049141750880068
3720,58,fbf5903aa28bd4730c9c11412f35a9ffe23268ed44d8f942523a2e6a17c2bf69,3.7668546290263514,3.785499430105318,-0.01864480107896682
3721,58,a0f2846fe218d55d251814d1f3f9dabbd22929cdea3cc207153d4e6f8d750f49,3.857145233103978,3.8201250699954414,0.03702016310853651
3722,58,831429ead69647c52c919fbd83f802d9e8bda6996a38f87b2a1e2e4574b84fd4,3.778284395717849,3.7897417688116093,-0.011457373093760381
3723,58,e4618aa8c97a4d28e6a008f2347ade2bad58ca0a242a91823ccc6254bfde18b0,4.227964305964022,4.235909212219298,-0.007944906255275441
3724,58,40c923783b81b7ae801e6f66ae96070101c42a538e2742aba0c4b061967736b4,3.488607805288403,3.476314160076967,0.012293645211435944
3725,58,4bc35531d4773cb9f1439359a8f45f6bdb1e25be85c5bcd6a0e59e8ae20e77a9,3.663515871067929,3.668867533835197,-0.00535166276726784
3726,58,57224548b3d9887515742d744cf8f9be4faa8b073a3f61344ee21732eba824e4,4.271828499525782,4.287139302213632,-0.0153108026878499
3727,58,247c1dab543e88a6544fd9268c77c608c19d1eda18f6dd4fc0576f5b7c06f95d,4.257213552348276,4.315172443409892,-0.05795889106161667
3728,58,5541bc4ffd32eca5886d8539b254b12e948e24806f672f2548396582c1bbeaa4,4.457449679120494,4.440072354559646,0.017377324560847285
3729,58,cd7288643bae573ba0f9c6e38e6f1785933ac01d0b649c62e9d057502ca06b3d,4.006816688008513,4.042044895831594,-0.03522820782308145
3730,58,3908a0a02d69b264b38be5874a317e2655c2ace278bb2781502e5797d32a9d9e,4.270977314807169,4.32377598135713,-0.052798666549961126
3731,58,b587b65839a796dd6ba278046836bb41db9bc08abe3fc2debf61b57c810be3ae,4.57916485434243,4.612922913696906,-0.033758059354475733
3732,58,294d36d01a3a65b0c4b6db89674755db9ee211db344598f408424b7313a112c5,3.77885979555262,3.784183607743728,-0.005323812191107891
3733,58,6e8410b0e94f68cab01ccc45a19876dafc7001e5671daf4fbf3fd1e90b8c0029,4.038130824433267,4.046697007470897,-0.008566183037629571
3734,58,e16808bb0763eb5072aa62c67bfa3857db1f65f1d5fa56d95435fcfc284f945b,3.9769129745914142,3.9913927238231963,-0.01447974923178208
3735,58,d3e22c2eee8b5c99568ed32f88f274abcde93c6232b98a77228ca7ae7b411c16,4.084103100860759,4.097126003210008,-0.013022902349248966
3736,58,0e13eaa5c4f06f435186c39c8abde344434b614621602400d261b0ed63b1be53,4.961851435451422,5.013266828334167,-0.051415392882745437
3737,58,4e020ebb65ff8412d8c24517c55e2b53a89bfda1dfa5581608defac2cdd61d5d,4.351361316421276,4.327889290485814,0.023472025935461716
3738,58,d06f7e17d7c2bb0bea7aa91bf2e4ec8ac518c4cda93acf5507fbbe206f0325b9,3.8915913665815367,3.9174868912198377,-0.025895524638301026
3739,58,4f940e02ccb8317710c62cbc12e232ec3bd40f4d172bbe50be9ac2a61963fa1e,3.9480364326376964,3.943710074141194,0.004326358496502536
3740,58,81c9bec85e8f997e40bea730b99145bca35ecbf03cf761939d72f2732ff54b0a,4.035163439328585,4.02924220514106,0.005921234187525215
3741,58,06cabe64f078671c70d561a80fe8473b3922071bc4492ab1f6e7311c6f16484c,4.281132340666886,4.287786782359149,-0.0066544416922624805
3742,58,1fc505fa91b84aa90911d5c98da9be01f1b64c0a03b2411d5fb10836ba210709,3.433307287460707,3.4323859093979934,0.0009213780627135293
3743,58,a3a130d8199b5dec65907b626adddc52894be7616480d4892a5279d805101568,3.7931064965781047,3.783312845114324,0.009793651463780861
3744,58,66468bfe9e9faf6e45f0136d9af41e0c3162edb14a0e1e0edd898388635ea912,3.9174721314724366,3.907530774743236,0.009941356729200379
3745,58,443ed8cd37814766b13bc37547ad01b6b01a12b2ef79661a5535b33e11bb94c7,4.418684389004966,4.431338149223848,-0.012653760218881871
3746,58,87a3faa962dbcc3dee117ab1970aeb68819bf9b77afd6ef9754fd0d814755875,4.673324243636671,4.71342527236925,-0.040101028732578925
3747,58,4455550017abadc8dad622e09f1e09c0dc0af21b8b8d156fabde4847f503d960,3.7408037558469402,3.7310490589846452,0.00975469686229502
3748,58,2974809333080570054ec77e277ce5341cd9dbb48ba3f35e91665c79b4076d92,4.027015114734866,4.018369884866985,0.008645229867880744
3749,58,a641571e5f8693379e60d736b5dcef4e109976933f9ee44112399edc49aba1e7,4.458356732580995,4.481940792324451,-0.02358405974345601
3750,58,78efc4dd233e6550a53fcd4b935f02fd3444bd1f7e8e05fcf035eb7cd2ae8ff7,4.646041484384114,4.655111440785561,-0.009069956401447143
3751,58,1b9881d7226661947db01d662f334aa579ed7e2f48e9439af0ae28ae681b7f4e,5.155136924563067,5.147619211943493,0.007517712619574013
3752,58,e617e493c37d1f9b4c174cac4508688f35db77774760d6ad0fcbde3c7c33831c,4.111341108578074,4.1233469674052685,-0.012005858827194515
3753,58,894bcd25bee615fb3fe678a90ad0661f7b9913494afdc9ab9596b4a6b46ed9d8,4.53466600086773,4.504069566224871,0.03059643464285955
3754,58,7e27f9b321d3edb81c846176a456b1857ccec9d037412c70a0f2b21e97dfe922,4.377709872627307,4.413891565637414,-0.0361816930101071
3755,58,1d9815d4a89c64645c1d159fcf936a9fcfc84d0a4482011e0859a062f867cb70,4.318166302520922,4.327927160151489,-0.009760857630567443
3756,58,7409f82015121862b83764ea1a1053ae82710b5e927d0a96eb904b8c71ae3555,3.881912035794926,3.8765245316652113,0.005387504129714671
3757,58,32b59e74bbbe619a9ab25fc0dab2a645dfb7a322c40d8f868cc202b7e72b6a03,3.6404210556980843,3.6341379251825856,0.006283130515498669
3758,58,4babe75fe4e59d81b47c4c4f379fd6a0c5f60d94fa27646918b77005b655c14d,3.7521493031360933,3.7601415669599874,-0.007992263823894064
3759,58,c26a34d0c359b823c475ea0874405a400b743a7b111e02260b6b869a90fcae79,4.103241109171279,4.053863719682113,0.049377389489166035
3760,58,0520d8c89e49d3081c8a08e8107cc35f86745204a4fd1db5ee1b28aff5f250e5,3.9578846399885563,3.9798130041561137,-0.02192836416755739
3761,58,f76d4641da15a8c678fe8b442afee23ff86dd5a38b247d9d8bff9d76761e74df,3.7318771273453137,3.7459419401145766,-0.014064812769262858
3762,58,b33eb3dde0d6fef995b618c180b12cc58c318f1b7414ec2480247023a1cdf825,3.6331456984999306,3.6409020716724996,-0.007756373172568942
3763,58,cc5936a5c7d32905fe41a884cfe463a0bafde55ab72e8d8234cda84fd249b4a0,4.589125494910029,4.551674531747288,0.037450963162740436
3764,58,cc9504a5565880f938a1fbb58ada5e297d8dbac3131b61d9da275993768d7eeb,3.4298241609258397,3.4260627859180204,0.0037613750078193675
3765,58,8515ea293f295012ce0dc47a90647e22c77947cf2098554588b370da3a5722fe,4.111073467499061,4.141915995975921,-0.03084252847686031
3766,58,66f076dae966ba0e3db8508f56778add1650f8e871818ffcbe2e304e5af47b73,4.240181155841583,4.286461439762661,-0.04628028392107808
3767,58,fd41e1e73abed01130ab2a4b0ace4b7db1da41a4e91600b09f79cb334cbc80fe,4.338638481518615,4.316222694884004,0.022415786634610413
3768,58,ec42b8b854fa6878c2137ddeca2cc88785672f62c51da0cb78933b682f10ed4a,4.255027095921349,4.267813311541772,-0.012786215620423036
3769,58,87887a3e459e271d949156bb3ec702028d9082d5877f4ae614ac3ffcdbf18ff7,3.9710189075073004,3.9504093561554328,0.020609551351867594
3770,58,ec8c0bffc9229ea8ac554a0bb49946249093aabd734af41b5d7ad2786d0edcbe,3.894386969715981,3.895308368353099,-0.0009213986371179317
3771,58,acec07896f91a034c68516c526338e730ad9dc64b8d9d7a517733bcdfc8f5094,3.5567302598865354,3.561005849099047,-0.004275589212511477
3772,58,3093e2f603aae0bf3b406816d660291c42cb4afd88ad8b04468b6f63c6e23140,3.6243475375533762,3.6436298740151187,-0.01928233646174249
3773,58,9ca579d3cfdfc658dae1ee6c19f6c2d4d57be3fdd2f880426b043804e7ceea72,4.311694436444668,4.278389145086976,0.03330529135769211
3774,58,7c6015cb2f8ec77a42372b48a8d8668b5269e02d3154d570f52fba26fe92899a,4.063981330954789,4.079266426369202,-0.015285095414412808
3775,58,e7ec029b6a0f03ec9274a7fd43af78fadce903ef2477bd35399e4e8c2c088bba,4.639654383149491,4.618776207921201,0.020878175228290274
3776,59,2c820412f18d69baea959e00bd339b7715113a9c593f04a29efd7ff50ac6b1a6,4.035969866247363,4.047433350041686,-0.011463483794322826
3777,59,5f2266d4013ef7fafb9cfab5b276cf6f90faebcdc0ab98290da32e2dda198034,3.5460211204302254,3.5635466440572756,-0.017525523627050177
3778,59,4a4337dccaf605a5ca793ea93504cc3112a6d3dee4e47daef5b8fbe0815742d8,3.9831031168295468,3.9927337380090293,-0.009630621179482546
3779,59,f5e3fc73cce790f5aa4c1f9f26810ed88dd8329b49e8fef965f4d1198f9a7947,3.9436704083827863,3.9458403335016783,-0.0021699251188920243
3780,59,ab76678021d071f7831c379a0416199ecf7843863ceffb4660c35813aaf12b4d,3.8931506981089115,3.9327108771790336,-0.0395601790701221
3781,59,0aee93beb9e986ae33b2fa9c60be4b051aab1a20e4c4e77f1082beece16036c5,4.140733477450198,4.138592082422804,0.0021413950273938553
3782,59,c038dfce13e60eba5903d9016bffdd7aeac088d2908b633eee0b558ad6fc8d2c,4.143070256562169,4.1318999785855794,0.011170277976589205
3783,59,2f3c80b70e44e0b3016b8766b86db42bdf04a3d9e7a64947c60487c48319686a,4.080371097259672,4.069229413954588,0.011141683305083916
3784,59,30dca403c6981069ba43d88f745d3a16c1ccd324d61682c96efc2c4568350a73,4.297842658778023,4.300106935075945,-0.002264276297921697
3785,59,0014d707b8da986796389d91ba9c8e15def4bdd9f33c73108a46193b38b090c8,3.9803327822822894,3.992639959229251,-0.012307176946961818
3786,59,b71a09b92c59862a9095ff7a7b2cba4d3e8eb4284b63f37057fadd23f5fcf3ce,3.966553076052044,3.9822361051546906,-0.01568302910264663
3787,59,3489eb310b2f10508b13a59f8dbb0f8a73ab312d15f170a8c787c14ce35c8d64,3.7088824725845626,3.7361880464608817,-0.027305573876319045
3788,59,746566bffc51684f3ddb0f327ab4f80704f479eb21906933801a8434d505e883,4.408845228984319,4.419412175827347,-0.010566946843027836
3789,59,b9cbe4797220cea1cb958576580a9da4535bd656f0ebc608fd4e9276886a51bb,4.434831752013054,4.468307260621984,-0.03347550860893023
3790,59,aeb44e8b71c82d0fcba69aafc6f0a9d64c3dd74d009e59fafbcab23a0896475b,3.944500818098959,3.9243944787551754,0.020106339343783475
3791,59,26c5e8f4cd43280b41165d45bb8ca77d16b357b8eeaf7ce3e94aa9be579c965e,3.98960661570694,3.9825892375571357,0.007017378149804188
3792,59,f5669a58121c03c6c8bccb8125f72c7e7c2f92b5069b541e965b052696158315,3.457486745867584,3.500963713916917,-0.04347696804933321
3793,59,20d87fbfe9eb3e2feec86d7e8d34f991a69b26f369e1cfd71495d7e0b17bbf1f,3.7626825335644885,3.72985986524354,0.03282266832094827
3794,59,88a1ce5013cb42bc5c659912b2be75a666e3ae35ecea657efb0b8a3c4bd03dd8,4.053789059262158,4.045832843355129,0.007956215907029218
3795,59,e9eb78e44e899cd2c1953d642f3149091c59db787c400e4e53451fbd4c3fbd74,3.8617438642334037,3.8617868187978956,-4.295456449199264e-05
3796,59,294f4b835a70d47e9da4f07ceb31a510c1496e655e57e907cb9612517b155714,3.952730143843155,3.962164839316131,-0.009434695472975818
3797,59,a3aa2625835c4200986d23abac4131d76bddd3460a456ef3eb4d9cb6107e76b8,3.836211268366185,3.896643442492177,-0.06043217412599233
3798,59,a9cd6aa5f329abd455024af745e4e07929ce5bb313c232861a247c3f624a6b2b,3.653408619038153,3.649421968771197,0.003986650266956104
3799,59,8ddc4ba2ea41aee1ccdbc8b320a6857065d77b9de27d30b45291a706585fee89,4.066919412784955,4.054711161620617,0.012208251164338435
3800,59,58f4c4a0a0893a85f38bf2fd86d4f777df069c3f68366d854a3b1b584ecff3b8,4.511184401418973,4.527684379988386,-0.016499978569413543
3801,59,d309a6e820a81a10f34554ad25bf73b58f1d41d3e0f98e4ea3e118878ea62ec6,3.706527140061862,3.7109378157529136,-0.00441067569105158
3802,59,660bbf60cd820d8a52fe3d95a9de1cb8ce81c0f7d8ab33da3500a854de707a65,4.052563573019256,4.018420536563326,0.03414303645593009
3803,59,38574d06c2696e389961571c8d516ae2853de19479974c63b30f1e001083213b,4.001842291051105,4.04362290889776,-0.04178061784665488
3804,59,bb3a019b9882a1caeef137153241c8397aec08e2b7215709debd8fe1e1b8324c,4.175153040545183,4.211228762177939,-0.03607572163275563
3805,59,0c6ced2532fc08e52e7cc3b0e5e6b4b5efa2c536aa2dee8ea069996812597c2d,4.183085028397727,4.1763717457934035,0.006713282604323467
3806,59,34a4dafb136349c6974833f064aeafe2fdebb56c62b8afcf814558af67b35c4d,3.9137956385053485,3.900634365435451,0.013161273069897561
3807,59,b0feffd78153148ddd5a1c8acb5c00b857ad65121e19ae8570991556e95541e3,4.012236640243486,4.026320618449176,-0.014083978205690073
3808,59,207200aa29f0418d34dcd48f17f7935dd4b1796fb84ec8afe622a3ad5a92f9f5,3.9507811548816107,4.026460542538757,-0.07567938765714644
3809,59,6aa1b36c29bed0dbd348f78754d54c9609926cc7d27c2406de7df1b6162d9a2a,3.9644555355259854,3.93969100698655,0.02476452853943556
3810,59,7d4b4b46ed6c987232c2f6cc226e86cf3422f3a872091c8c55b53b8008386f63,4.018169884481068,4.034720109562784,-0.016550225081715553
3811,59,43a43cc31f5aed043478fbf46c0fc2fc45b65ce05d6b2ef8a3c27bb52552dfd2,4.06619334021002,4.097084336638545,-0.030890996428524886
3812,59,365499a384534d58f7a4a5793446329635c0e9b3a03fdc2eb36b9bad1cbe02a9,3.963660634529788,3.9954778155913004,-0.031817181061512656
3813,59,4e6348d33c1a7c8e1261b62e34069fbb34ba9b2ccf4d5240dd62eed95f941789,4.318755886000645,4.346348702826418,-0.027592816825773525
3814,59,8720f6435c53b47d706f03056f66117decabf087e97d3415de6eea1ed6679c5d,4.488459585871489,4.503556845644312,-0.015097259772822724
3815,59,3aa89768e12e32c3f8829bd8b87edf0d1abaab0740c58db0513d13f5205d1498,3.8005015139087845,3.816322724443296,-0.015821210534511465
3816,59,8e2c12133b80a97aa4311291b7a6282ae8c18f3fe6df56e54f15572ba87a0d2f,3.340708942428421,3.3151579325141824,0.02555100991423842
3817,59,8fe9d0dd7b35d542648bafa565f1ad4dd00ba22a856a7026ed06371103014e0b,3.870256595491324,3.873516774175002,-0.0032601786836776725
3818,59,1b5a38e04eb5c5053bf9f5f81a5187005c0eb395105b2aca476beab5b7f066d5,3.8643649635093595,3.817139781191088,0.04722518231827166
3819,59,e27612e42b4979380e98d2f588fbeb9f7e4f52d850c1e2892a3512e5b57d39c4,4.060576244793197,4.040667755537697,0.019908489255499262
3820,59,af3f6c6f1e94ff376ddcd129e03830f447890ffe2efa634bae340e35cc45a112,4.077284181116319,4.066526473126231,0.010757707990087795
3821,59,bfa4e57e2804261e7e0a84d100bae1e2b359bedaef914d0d68c20aaec0a64b59,3.993343351091312,4.03211542290785,-0.0387720718165383
3822,59,e885d08aee66854f4786ab884f8c84617bc299f82bc765d1e7f9e9d0bc8e02a6,5.039103982603876,5.069355508791659,-0.03025152618778293
3823,59,8766fcfc0a616315a5db2ac89e3e57eb63202f9a23b1dae946ad04542edd71d0,4.541541398732733,4.532734562080037,0.008806836652695438
3824,59,78430da8b0a77dc3adbd7984864faf5477ccec033e8415fa089046c2e3d7c3a9,3.6989736826695605,3.728032319252236,-0.02905863658267549
3825,59,a3db36504a7ea3e78138bd4fbaea02e35c5d62d2acaf12a0bea9cd11cba3b014,3.4696931640618516,3.4650262080793084,0.004666955982543186
3826,59,cd0d4f5811ad0c3ef5432cefdc246a8b7da4d9dea37cf8220c59bbd7968d204b,4.138771670168069,4.0864958122313055,0.05227585793676326
3827,59,bd7e60c86a940525952e7695657a49300288d17c3746ffef1dae6916ee02e9e2,4.220489029309874,4.187871098162532,0.03261793114734246
3828,59,63bc10d25feb48cb4da23fd5716538807b677272a93bd08502a7fe2257f8d92f,3.7652586448724037,3.784631554851046,-0.019372909978642383
3829,59,da269808608ca1057225190c050fe8b60c68250dd0c61567346fb264e9681269,3.869078233784421,3.8877575930816306,-0.01867935929720943
3830,59,8faa885499f079f678108393404312961e0b1c8d2c7e7d33c54ccddee4b85b98,3.916655258769083,3.877413835539471,0.03924142322961188
3831,59,1e9a7e305cf9434de9d24e9af9ccc0c6fb2242642be8a3c4ba442adccaa0ed57,4.1392933002807695,4.139570519226027,-0.0002772189452571183
3832,59,3f951e889969091a902ce22b71dd56e5b6f24b6fa3a8ec25ecd709720ef371fa,4.502784782500385,4.483235823501673,0.019548958998711896
3833,59,af7cf6895c935bab58eca4c90ce30a550873dd3153a3805c536eb3cefc5d2c3a,4.313446930367718,4.3578588580894575,-0.04441192772173963
3834,59,b742a3c3f932c839b4c460a500b5a300bdec924592ad7af8b4b64065f1398f7b,4.0632935617404655,4.070798364125494,-0.007504802385028597
3835,59,367ddf321e2551aee3dd305ce5bc8e067a92fd3506d29e37ad2ef4f02187daec,4.139705711757415,4.149070911185845,-0.00936519942843006
3836,59,47c682390b2903c84e6c22a474e6439f6911db0198fc455d2d196b08af881e9a,4.032935556762823,4.042755552753022,-0.009819995990199004
3837,59,27b72e57bb685dd9f76dfa77fe399a42b4c363ea3af3bf9a00feb5edc6856c22,3.829011929907807,3.7903607639061363,0.038651166001670845
3838,59,be38b3200bb776b57b213e9b4c3fc0b31adf10e7e46c26d91c078b464f937a98,3.9990227312757725,3.9595991265064185,0.039423604769353915
3839,59,95e95c99539483f14973cc1cc1a212e533adc2e7218e61b8742f671c4ef81cde,3.995661874882785,3.9908100773105843,0.004851797572200667
3840,60,e7a9bac4baf48f31ba39e0f0a32dbdaac2c203b76b0d174b498d2fe538c6b328,3.53619674005407,3.541370202379383,-0.005173462325313238
3841,60,056af9ecfecb50bb294c7d08477bc5433ca439b2370a21fdbfd33ee0245a06f3,3.6566575423747736,3.6926508033458276,-0.03599326097105404
3842,60,8f8f55495b2d23bfab98e01f7685cf6b08d06691359879950f483afb46846034,3.9701847864916857,3.9462879363460956,0.023896850145590065
3843,60,3f62e2c74a09b81413c57cdc670faf8942c841e87984fbdb61d5702a511d8b51,4.0367116861648356,4.040961546497783,-0.004249860332947719
3844,60,ed1f23e081ada806901d5e3816a2673e65ccdff0767d1d3d49bf2dc2d21637a6,4.129982888649579,4.1435279553866735,-0.013545066737094658
3845,60,b09570561f8f34d6b4e6eae27cf6f0d81eab1318b213b77a55555a2e1ae857c9,4.406625903659915,4.426335335571025,-0.019709431911110187
3846,60,9c857029ae51a889c8007457aaf982f9ffab449e67880d730b4df378414f4da3,4.1895484253534505,4.186029628579718,0.003518796773732902
3847,60,ab095c55f5fb0dc6f5308b4a64e24e2f44c0ca6177959d9c5381157aedbbf0fa,3.8736466334921715,3.910205493774697,-0.03655886028252553
3848,60,477402e5c8ba1cc89544dc978401d38bd2a474660be0b94f5b435b76b6ca2034,3.9373945555307728,3.957055181011583,-0.019660625480810268
3849,60,f633ad271f9f468cd6a5f97b13aecca718585247df1065ba10408bf3dad48044,3.490013898774464,3.5123986268465615,-0.02238472807209746
3850,60,239f6623f1444b5f3bdacc82185cc274ffc75a8e321691591730448c01584651,3.347399287543567,3.3719116099358644,-0.024512322392297392
3851,60,e79137cffa59a5e57b37ce47435ff3fd63666a00f1a29190913a2a3c8e165adf,3.393702293821306,3.3838608799890935,0.009841413832212709
3852,60,b4be79f23bb09154d6ebce6d561bc06ce785eab55021667f9c03a4944cefa980,3.2613952383792366,3.2583512494140905,0.003043988965146127
3853,60,06ee60228c3252191e39afd59fea06571b36b03e0aa964f050d52bc4e0f9af82,3.9321022708541022,3.9635023934644096,-0.031400122610307335
3854,60,d6a2077a6bd3f5d94bce1a6f73aa5864b91096bf81ec4751303114c39e43b8d7,4.291899247940819,4.347412908073466,-0.05551366013264669
3855,60,d3eaf729047366b67135031a6cb5e858790216f54f987ef9469394705fcf9e83,4.373863026256004,4.400904740542501,-0.027041714286497154
3856,60,3c43b0b6059a2e8738f2fc89e23ddcc3b23ea952b8c704f8335d598a3e81b27f,4.193010524921874,4.219325180794158,-0.026314655872283765
3857,60,8444265994bc195f9aa7564be675cab3a1e4df8535d6eb03c73cfd4cd8f52295,4.343932067280548,4.37471625818398,-0.030784190903432318
3858,60,c1de2c9e0390ccf7e903a0ee1ee2a8248bc8671d7d06ffb047bd5e1cf77e92e9,4.150783582709209,4.161891814845035,-0.011108232135825347
3859,60,429c8ea7420ff8f894fd74636a730a36e2fbaf5a00a8f0a756485f4515d29cb5,3.7583079760235023,3.7888915844332587,-0.03058360840975638
3860,60,418924b90380b37017ce7753c6c834463e887b32b4608c5f2f1c6183d824b810,4.1511487413493455,4.16578165734289,-0.01463291599354477
3861,60,cb08082ca965e445cfaca4fc3f2a83f7cbd6ce79936a9b63d9cd12422bd1c41d,4.265879378341879,4.244831706915875,0.021047671426003944
3862,60,768c4506219f544af7799a93b2cb7097ca7e46ef2cf85848c7e20c50064372e2,4.10872365244785,4.1229155394814825,-0.01419188703363261
3863,60,96a89133a50729ff7901b87dd1293230fcbd4162440c39eab0da02a583714b25,3.9763368159497503,3.991787182773919,-0.015450366824168782
3864,60,0a497e83c81046df0983f608c7455c5f50679620cdd116d2715d978a47e3e098,4.058890567924095,4.0972767204125375,-0.03838615248844235
3865,60,83cb4760aad026a489dbd1ddfd6c96745d1c3b89bd5093d5ba8a012762323751,3.7561369022601134,3.7556609900657634,0.0004759121943500588
3866,60,0ba51a0640cc6ba87f37eea00ee399b7ce799812e189a96af0a6e36fd96dbd6c,4.155113488560062,4.1672459465554965,-0.01213245799543472
3867,60,987b3c37ca90606bd9d339dd4da5469a959879df053beac02cd1aaabbd325a22,4.064138591454366,4.067836379990837,-0.0036977885364706253
3868,60,c0535e415bfcd6566e60254febf0ca9e2c5d9490c44311997ecf1625814039e7,3.664163359932445,3.703875357582774,-0.03971199765032907
3869,60,2ff77ea80b01f6510ae8500ea01f1e1701d1408354c063afaf936e1ea55a6d40,3.5180422565319986,3.4697984581976016,0.04824379833439707
3870,60,50f23c563e8f4d4454e5bbbe7b27fc079836fc79bf2c1f71ddbb3b7df2df5ed3,3.9480083232745073,4.003197670814359,-0.0551893475398515
3871,60,4afd0ae54da0f99d486007e3193b561fd46f22fa227e14430fab2ca672d7cb4b,4.233595978339011,4.2520096528763816,-0.01841367453737064
3872,60,5193f8dd4a8a7ac7b368667127d1e4b6a8ef12016bd0fabb19c9b6f2fea36578,3.9140953465926884,3.897818953221872,0.016276393370816322
3873,60,d4f5aad1019f29c092fd4b0f3628451f4f8cd46f73a42f3322b74c66f2b17a9d,4.101019787973883,4.10164110952573,-0.0006213215518471316
3874,60,9bf4d6d9b33df445fdbb10f6deb8c391e7f701c579ad22282eea17d26bb51169,4.176916875826237,4.1965644324729965,-0.019647556646759767
3875,60,0bc3889f37b24773d267ff871b52c081c69640e60b97d6fd43168dfc3ffad055,5.099976262434666,5.043714623533106,0.05626163890156022
3876,60,a60a87ede45aa9f907cec2f309fcbb72023df81b55f5aed765d80e5c10706e40,5.357515435317055,5.3326084422151325,0.024906993101922126
3877,60,f9f6f3c6ce4f125b00c0ec4060caf3598f33a00c1644e5e3e607c1ff952885db,4.146918397513673,4.188258615254881,-0.04134021774120811
3878,60,2e876892146aa376c5c75d5875295f3d4ea54b598785f84c0bb069070d7fd38d,4.407907951132756,4.43130540604659,-0.023397454913833826
3879,60,fe20498950b7d4e72885d922e7923223074804b44044e527f4d610fbecb78cbd,3.948690270657721,3.9348403889741803,0.013849881683540843
3880,60,e49906f46370b6ea76912a684a548543ec39a239c738ecd8de1180d1968b2dfc,3.98338802356875,4.001191290808492,-0.017803267239742127
3881,60,e081cc7ca5c0dfdf0b16218333581e4e08e81ab30754eb53ca989540d20521d5,3.884495204390987,3.9098815688464583,-0.025386364455471266
3882,60,03ce04cdfccbd6646d429266e48cba4e782cb7065e87760df28b88841a626df1,4.104227797206477,4.1135440370335346,-0.00931623982705787
3883,60,003550824d11fffcda15f355455410d676f7b1e16e5b4f98036227a5acbaca82,3.765811069876648,3.746289662015073,0.019521407861574858
3884,60,b5809050191063fa92f0968f5cdefa0e82087e81568daa6e087845a7d68dbdd4,4.003973168187258,4.004231109014199,-0.00025794082694119425
3885,60,81bf9e80b8cae2a2d0d99e1a303257829a126f098931b4592554f5bd5cdd075a,3.9730188216504985,3.956322226059413,0.016696595591085384
3886,60,ec6c824ccc1dd32310d6c4c725c6559921429a09a559767be28c1a3008adef12,3.868828021608124,3.8286410791292838,0.04018694247884014
3887,60,dc86d78f05b4699ce80ea4e9109c6987bab9812f5bf422caaee8b5bad3ea675e,3.7744054506479188,3.7640391739914776,0.010366276656441187
3888,60,969e2c708148724c1b786a7df569bf989bdacf86e9f8673cd4aaecf79689315e,3.858602413063636,3.877517733955756,-0.01891532089211978
3889,60,3eb40d26a5bb7c1655621f5ebfa5bb3cfcec8ae8c282039ba6643cfd752f0c06,3.9478569048860663,3.9343111496723395,0.013545755213726807
3890,60,c7f76ba2e0f6ce3dc26d5a695372f9c8f612445078b996ff9fc99191c528a68f,3.7965822336227433,3.829499610851215,-0.03291737722847188
3891,60,8ed577d084277f41d9954af4b01e88fedfd088f05b87113d3474ae21f835f546,4.0709470227176325,4.064785967675903,0.006161055041729924
3892,60,a23d9cbac9938d5617768d88efb630016c48d04bd9fb4201a890e846bf3b7686,3.6789673009523085,3.660657638860471,0.01830966209183771
3893,60,2ffdc85cf7e3882a715297a60169d98077c97338d90c0691713ae6355c2d5b4e,4.277965059988219,4.286436337190366,-0.008471277202147576
3894,60,aa8470f2b12de1e63c2d6f8b1f5ae230fb50c1d550dfc9d41819b4dcadd1498c,3.6845734154322827,3.6978056231371284,-0.013232207704845678
3895,60,e3f4826836acda861e4651c70c243a96619bc885022cbcf040ab8d1f8c530ea3,4.311156582862054,4.3310703564419555,-0.019913773579901317
3896,60,0849a3ff90f4058208a6c07575f8b998d1b1866d70fd4d70fbee73bdc834d44f,3.992325149918628,4.009163915857414,-0.016838765938786082
3897,60,ee65ea795f13050ff5f5eb280010206fa79efdf34530fd09a6f016502c3252b4,4.1753954080302265,4.157019632461314,0.0183757755689129
3898,60,164f4b58ffbdefed7ef0a9608646f9f921d3e971c8485fff71b5585863e4e834,3.6431254208934405,3.6643723205237393,-0.0212468996302988
3899,60,3fbd1134fdbde397524198b96027b2cf9b50d57bc4d9b7ef482de0bbe25f713f,4.087385457613578,4.078081278995626,0.00930417861795263
3900,60,7fe747b41a41e2428f1736e093fc9cf9a43c645158a5b97c7de55ea7b2c2ea92,3.7961374128922785,3.7940374652081914,0.0020999476840870557
3901,60,bde6444349a51fd1a687e61d92d6f700b787a7128eb7d61035362cee06d44510,3.640376707380156,3.6702360694741856,-0.029859362094029507
3902,60,6c67b619c3fc3285f90ea6768e16fcfb5d70dffa7889da882fb6dde45e13ff7d,3.19668726756413,3.2063048877587335,-0.00961762019460366
3903,60,a25be1da0ad8a247dec21fa80676e29472de6675075c2884fd80b639dc96f063,3.7632882426123047,3.7716764789078354,-0.00838823629553076
3904,61,90002861c5c9b2088497676f453acf9fd13fc8cb44e862a49fb8c97732e736c8,4.018792198116614,4.026989166863643,-0.008196968747029132
3905,61,7a5d120172f924300ce35d6cc3cfd9928c4b8839f68ff3eb1f444f8a350c9447,4.204093184664089,4.200497551093349,0.0035956335707396647
3906,61,8d2fe5daa6839235fa6697d1f9f2744ef08d8f58b6098d8683fb2196adb8cd92,4.209268779834133,4.232587721524851,-0.02331894169071802
3907,61,2daa1d71f11f25430b837247a61b8e5d0de4a64ff0767e99e8d16ae505d375a5,4.4739603309517975,4.46541031201491,0.008550018936887227
3908,61,3b723d43fe7f93dc1c7f89f0cbc0d5b6f4ae8560c0b653e6c1c551fbea89d4da,3.908696170573812,3.897329339753412,0.011366830820399798
3909,61,1c85e8efe5a5cc59e5e2ee202efde44c14f55ba2cb48feb6a7aa9221d7ba2dcd,3.8212282338411114,3.8333949568374237,-0.012166722996312274
3910,61,b23fb327081afd0361db393e6340458a7209e73bd8ece2e9e9c462971e6ceaa5,4.019661723877618,4.028587687382128,-0.008925963504509582
3911,61,d0683f1f444925d258bb9c65fe50589eafeb740d27f042559878b3a0d377ac2c,3.895180208999676,3.881295991443494,0.013884217556181966
3912,61,c1ba82936a53f86b9119624639345760610fee05ddf518f2329778f98a40f230,4.125624921402505,4.139123855942358,-0.013498934539853735
3913,61,a288226d088b9111a96582ca7413d57884badc52156461781b7f7324c4ded696,3.7436955874177187,3.743739524368479,-4.3936950760326e-05
3914,61,ae53625fa27fbdbad87476eed91bec60d3a7fcf51a7963eb5781dc4f80fc2c4e,3.668847874906419,3.672044366422142,-0.00319649151572321
3915,61,eec936cee4c8fbdbe90de3577c48b4d4d98e13c19a8da54772c5e54f5dc01c7b,3.8222945952808374,3.832028500070919,-0.009733904790081738
3916,61,519283509acf5d02bb5837c750757cef8f5b0cae52dcf787817af1ac2ecde8b7,3.9681699957683634,3.9829177026405773,-0.01474770687221394
3917,61,9e80fefe322d4975a27a17f3daac7046b63890bbbf6a1f763575357440d53977,3.91275313472039,3.914844812335005,-0.0020916776146151506
3918,61,2a93e1faadcb0840b087df2a7bea5a34f1d40118b7fdd83036aef8212b8cdb7c,3.1996124186189263,3.2118523621269297,-0.012239943508003392
3919,61,0588b6ff4fe56f3342afa4a85e85f1400b0ba7f606f4b25c6e3f9172da420892,4.161173274183966,4.173219582609477,-0.012046308425510688
3920,61,2ed7d458181d718abc634d3928d9420c1fcf6a0cefb28a69a37442c56e5e7ffe,3.839355608148935,3.8445588270747066,-0.00520321892577158
3921,61,7e3bb846b750d2f197dafbbfea3f0a9d1574f77c71b765c7a6ad8e06cc9a51ec,3.307481471221081,3.2646876833667875,0.04279378785429344
3922,61,b2248d9ec5b8d2318863bf33ab9759e3665ab042aa488cd3c7e4e7b27b5eaad8,3.7555974773181333,3.786376241358994,-0.03077876404086055
3923,61,5421c49aacf89fb5c414d822f6afaadc4bb931d6177f237ae86444fe539b722f,4.168608839243404,4.154026334310004,0.014582504933400742
3924,61,8859accca71db3e36c6ba8a1391b3b2c59d7e589827ae6fb58b749f570309fc1,3.7067090388566726,3.7262358877553936,-0.019526848898721028
3925,61,c00052b75ac70ef928bd7c67061aa4be00657bed25b391dda712160a0ed1cdfa,3.0981529778051993,3.0805150851769554,0.01763789262824389
3926,61,c397fc1aa350227ca56d5ece1923534b560c01fc695f8b800bad6169cd07af3e,3.5551105922247643,3.596019709045777,-0.0409091168210125
3927,61,6eb316d77959251c73373114e556078bf434c8ba52476bf406de91e2b92fa50c,3.8717435600419776,3.8897415437069753,-0.01799798366499772
3928,61,eb241b7a9649a36f5971fabc37a859f376c9ea8ad7d695c65c09c7d7e8121899,3.949424354005373,3.9566046838589273,-0.007180329853554213
3929,61,000e8dfac8608a010c55a36dd33ab0010aba5e0eab6ed39a210f2474d0e052a2,3.785562235765326,3.7855020462641846,6.018950114139443e-05
3930,61,a50367207dc1a8f2eed738e1cad36ae6615fd6d04c12ad08f424214aeae4ed90,4.513534524051124,4.512027152174767,0.0015073718763574107
3931,61,556663a50c840625587e4312d54835a95f7bb9696483fe2607b9efc2ec753c1c,4.3725157958453025,4.373803557941557,-0.0012877620962541414
3932,61,b81be9e527efa8da75269c57d36177277d92968aee14891d059ea411eea7391e,4.555695916983666,4.555893340947989,-0.00019742396432320675
3933,61,deca72d95ffbc3373d3768d7b770293ceef6b35e78472d9d82b6d7d8fdd8ac48,3.640979989629443,3.639858624418075,0.001121365211368186
3934,61,ec375c39fb97beb24b56afb36d4aba6f4f367738262ac7bb3399930f636af121,3.5046439368144533,3.509916571399714,-0.005272634585260505
3935,61,b3bf3592020f43f228e59b1ec71146e317650a57f6013f6baa0b0f747f437550,3.443139713592899,3.476843290826082,-0.03370357723318307
3936,61,c10e899c50803ea78f70219d067b26f3bc7785d6fda288fa1c6d2ed570f5cd1a,3.4190471901935098,3.4027669698270984,0.016280220366411413
3937,61,319dd9f0cf19784500969880483fb76a12df66b23316ca1ff7f0e26c7ac9d7f7,3.290297694886192,3.2814187975328934,0.008878897353298498
3938,61,86f2f9fa7526889d6c233a3d6a9f5c922b8146c0ed99e805e28310c95a66ddce,3.7067477064345553,3.705080937753948,0.0016667686806073334
3939,61,d531ac699e2e25549156a45d8f50034933ef603d995de1892feddc4826e92d7f,3.8243043520736286,3.8253512301259676,-0.0010468780523389398
3940,61,f2ee69dc68113597cdba9211fbdef8eea3542fe6822b41451e8797aac96c315d,3.6850652724834845,3.7301883200519512,-0.045123047568466745
3941,61,91ce3a33abe0999a493f61358787f2c701b6e242511a3e29be8a14e9be854d44,3.683948881815695,3.694560727209364,-0.010611845393668773
3942,61,a17011cef1b9a234e855fd39ebdfaf208633657370ab7275db65aa613260a567,3.8635609237139334,3.870035743831096,-0.006474820117162494
3943,61,a3030af43e78380fe745b8bc595593a4aebcd8eb91ca1be8893f41216fc7c6ce,3.9558053400544395,3.9663172180810022,-0.010511878026562727
3944,61,2d128b7cd8922f7f07ba04f8f0bc00cd3420a3d04e9f08d07a81d4e2da091339,3.82463279351407,3.8473044516611594,-0.0226716581470896
3945,61,b1d84c015fe1c92ee49157b6fd99699b60fb7126f4f7f34e466dfd65a5c3e16a,3.917208827161488,3.9221208942135206,-0.004912067052032398
3946,61,f9557f57371dd003967c011be04c662afda780cc710e3097c5eebb56590d82a6,3.748531545536622,3.7514053976609603,-0.0028738521243383275
3947,61,dda616b6a5f40058283ab4b7b747f6201463b8a25dc64d65022257a490fef974,3.69434317872674,3.696506591291495,-0.0021634125647551627
3948,61,8bfa50b1212e7cf935d943c93531dcb9b3ee8fa03c5afc30ffe909a5fa2ddfb5,3.7247468175211793,3.702408710237137,0.022338107284042508
3949,61,5b9d375890220a3503c4ceb88f166d2ec059e4cd932e284a95ed0bfa2a7b256c,3.932783895763066,3.9432101746986064,-0.010426278935540267
3950,61,0e0e9a6c653f3fbaf12adc70177b7babb0d7348bbeec719e274f4ab8df5f3780,3.389929213421354,3.38080983601526,0.009119377406094031
3951,61,08c83adcb851d893074e2b45618a2be00b010468e58e47addf1173863d715c40,4.157391189623354,4.183490863618545,-0.026099673995190642
3952,61,791f3ca3310e4282946f2b4358a88c7c6807a633b20ba0c167ceac139b93d5ee,4.55887283629977,4.583131158584138,-0.02425832228436775
3953,61,e4e1f1b3242ebf7a59c5d4961f5e8cffda8c027ff3c3397239bee1b17900d228,4.82575835423404,4.8401916330781205,-0.014433278844080633
3954,61,f9b82fe4fd3a15e3e85af034a7b678cb2806a679c69395d2f6772459e059a179,4.5429553056933685,4.538799512106948,0.0041557935864204865
3955,61,f55365847f4a18820a4e48a445e71b56c055c682dda6e3f9890f644addf4546e,4.379723608147117,4.366064679370197,0.013658928776919765
3956,61,c7ad77052da3995be538ff72220fa6cb16932e79a9e1c1936efea2860af7b802,3.9043114438534303,3.9583210291811213,-0.05400958532769096
3957,61,cc4709180426ff90afc30b9728b1e0f377c2dc93c3596ab8d449b7ef515c2088,3.449314579780534,3.435944698700979,0.013369881079555057
3958,61,127064149272a1e4d4c0a939c90d5da3faf9e19f25f6034a808049e5d811a813,3.532997666455003,3.4973542854889956,0.0356433809660075
3959,61,e8f9f46a61af7610ae109062737b66361df9850822dd512428fe7c85c3416f0b,3.6332804727790062,3.640189891799764,-0.006909419020757923
3960,61,218a4204ff3daa47854565e8fae0af8933da8f08a1aece67b453d1e2c793a95c,3.7499895970963735,3.74035521079054,0.009634386305833686
3961,61,c8d481b5ba682ecc10475f150aabe4f812ec1ad78f42500820f3e4af7438ee05,4.176157043376179,4.161344576494685,0.014812466881494402
3962,61,44a4a6acd9fb488f5958bb1d5785929a01397908179417a53cb7aa777df8bd2b,4.023049831557088,4.032712194108569,-0.009662362551480896
3963,61,5d82f3282fc957da1d2f6ad91aa76d6b7d20584b2bdcea83be5e599d65296e55,4.0094975980624525,3.9894085526181016,0.020089045444350973
3964,61,3150809183744dbd9ff9a9454fa5a848794b8126f88dfc3defdc94cc385ca457,3.4093063908562726,3.364836960309617,0.04446943054665553
3965,61,d56503ad4fe2ff774cc4690b5117e371bdae4e340d8ba8b8227f3614f95ae42d,3.8220086328837333,3.803045864290567,0.018962768593166146
3966,61,0d1d734ab5a2b57dab42e727a2cc8d9624e2d1cb60fca3905838cba118267dac,3.8913004449249797,3.9293448462574787,-0.03804440133249898
3967,61,aaed13e79f7bb8ec0f466d08d0de9ccaa95d5567fbe5ec5533cf2607c68e7512,3.932435483655354,3.9424425905126554,-0.010007106857301551
3968,62,6901fcde78b45ade66781c7391b52ef66c7e1d8a678bb44fb2b29b72200ea475,4.056867942470603,4.030962420392996,0.025905522077607657
3969,62,85636d357c1b970014401fc32fee70ba9988a790fe0f9ced1180c18c6967c074,3.3694919933979577,3.3573997737111227,0.012092219686834937
3970,62,59efa577fe14ae69889a41ebeba46d89abfd070a67d46e9ae5e2b8161a5276d8,3.9538480957893256,3.959385431407611,-0.0055373356182855105
3971,62,c08e39065cb1bafa4197454ec6641246b709b11820b65a75142171828105b669,4.390364148702197,4.437647383780103,-0.04728323507790577
3972,62,f3854e0f4c3bded4ce1dd745e414229053630672443082b1079244ff777fb325,4.105176097141772,4.129966521114966,-0.024790423973193754
3973,62,1cbbf214c80b0810d608c8f8e288cdb9c9482138e89b61d6eb69aae8a99dc64d,3.3353619116130133,3.308352087941387,0.02700982367162652
3974,62,1e98abee2b43df3afb33ea869fbeb63682bef257da29077cad22260e6c654d67,3.9472512384710505,3.9887171072830654,-0.04146586881201486
3975,62,ad0d82948696d9d54896921f6f92b3f37b88a3bfeecd7be792dd4c203d7f976b,3.907566685929311,3.9640415579011687,-0.056474871971857965
3976,62,cab4ef03fb32097c8a391b76c691d6aba941d79f85242f0dc2fc96fb10885fd8,4.200668026389025,4.210014305998897,-0.009346279609871999
3977,62,45075af150086f59569fa954cccc8ff541ba8b7489d8a5ad6ca032a5d08d2e6b,3.9918806662448034,4.012462458128908,-0.020581791884104916
3978,62,fb4537de4af6ad8a97474523971b083d2715c4608fa1e8a0b66b8ff7e812f24f,3.492113113513824,3.4710350601823734,0.02107805333145052
3979,62,65210a855a9fcdbc7f1ba4eaacb80be93a9ccbdcd3ef12b4d081bf90f4d6ebd8,4.447900469743971,4.48493786650954,-0.0370373967655695
3980,62,4913d174415dd63356f214c9dc59f6e1b1223242926f9de79ec47f5e3e1ee98b,3.8007662361242183,3.7816742011212767,0.019092035002941543
3981,62,09894a507ecfe4bf9ec8098ee7b247d1c93ade3860d77a08940fafb7e346eca5,3.803655707323628,3.8037695447985698,-0.00011383747494164709
3982,62,e1e49f18bc64d007e9578ede6b0e99510e278e89d97a66a182205d9dd1bc36d1,4.309405789761001,4.315656050963412,-0.0062502612024104565
3983,62,64a47ec9ba9632ad905eda6dc6f913a4fa53170cb078c620c7f1cadc9b8aa669,3.5017225566876533,3.495532308516289,0.0061902481713644875
3984,62,57c4c5853fd3ada7e576a35c019c518133c8e3e8627770cdab3d9303d30c15b8,3.8777687841020594,3.9017076408579925,-0.023938856755933102
3985,62,0c0da280d5084b03f68b7a0c1c403616206bd49bf9f3036b40cf7933cba2db78,3.85163310605995,3.8555049375606245,-0.003871831500674716
3986,62,f37f29fb4261967516f9e26cb715d558bb6b8579c4a9dbccb89a7c7e065dac76,4.183918002477753,4.197717886569848,-0.013799884092094317
3987,62,346b143f3c65b65afdc958db2a113235025dfc8d7a511f05f74ce4027f34885a,3.951166662787166,3.926432937200744,0.024733725586422395
3988,62,b2e2b6ad07a091e002b6bdb8d06d975600cc3638de47ab5417739b12c073214b,4.441137200775501,4.468691714039068,-0.02755451326356706
3989,62,c5bfe64c6a5bbd36aee38dffe73d9df61e813c9b7a38554972e57d9bbf7ff928,3.8071896379850507,3.8210593714875927,-0.013869733502541948
3990,62,9f7898b0422f00f1fabe438ba1d0ebdf419f9ececfb1e419f9479c203f7f359e,3.420835491919661,3.4374785824506944,-0.016643090531033522
3991,62,60a16a3fe7ca4245574e0176c1e1d6b4987388005f6dbeeb6918fce36e3356f1,4.12234994165658,4.1275184296704595,-0.005168488013879369
3992,62,b30ebd8b455e52c2c02a6ee42c12b5b04f6655700c56b52f37cbb2fa529da98e,3.967019292586599,3.9338047307036277,0.03321456188297134
3993,62,8b7d036cab90e26171836506b9635235da6597036b5c9f5ad483199602cd0c00,3.7531456255276225,3.749284949166338,0.0038606763612847317
3994,62,22475e2027a9a97a8ff4574fa5b350fcb771fd3ea5333467e171283935b5a5fd,3.8606401173572067,3.83542062136911,0.025219495988096696
3995,62,9be7fb149ad6d563b813f1c1db5e26cfa8752cae2a6a73f588bbaca8bea59d57,3.961284657945356,3.9455538520901428,0.015730805855213248
3996,62,efc47de0c3d83559bbd7af9f4cd13f2bc7cac8189e67a6479bdc59055f188509,3.8886581806144704,3.900740477609503,-0.012082296995032493
3997,62,6492b6eaf303e41853977e8e6287954038b0d99822e4cd37c4557f61ee23e7c1,3.932903734362867,3.957642999826703,-0.02473926546383609
3998,62,08287872b052420a409293cc42d63ac4e6f8b3d403855dbac0e205017a803b29,4.008628192066226,4.019542792310347,-0.01091460024412072
3999,62,42a96af8a4848248072e3b8e25a122062977ca84b95508409805e166ce418a78,4.481589777224144,4.464635515207192,0.01695426201695227
4000,62,387dda7b49917ab63577eaf1356a04f2abec3c237fbf24df7678f0faab795a37,3.521605766970737,3.518902789918201,0.002702977052535971
4001,62,291c5abd5a7ece1b3b0181e81cf366f1d1bd375ca5f22eb1151d7f9943ee45d4,3.853453532126565,3.8524219731538736,0.001031558972691471
4002,62,68a0a635f21b4b77be65c8c03e3b5fe05ba0fca8b2fa70554fce3bfb3c267eb8,4.206143324124582,4.2385613403376965,-0.03241801621311424
4003,62,5a4bdf2f630882919720f9913b9e2a24efc50ff74c5f6d910c8a19b23f634e2b,3.1114694963129637,3.0606004407362946,0.0508690555766691
4004,62,9dadf23e97a236034ea242d2a32055c8055a6da2c979cfb69e9983b4a3976ca0,3.8578756699139376,3.867832856823611,-0.00995718690967351
4005,62,ae253a8b617a3b0aa8b312e3d5600b5e66e4cf227ca865b51032adcb26bdf3f2,3.7429789926202126,3.778320191724468,-0.035341199104255594
4006,62,c46fa6aa73ff51b51727942fcf57e70b8fbd3ea81d20f4c4d56d50e11cd85cd8,3.222991684183029,3.2389654719711416,-0.01597378778811276
4007,62,c36cdbb4a156d62cdb1c3ebf32a3af63174326dd0992b1dc8152eda70a8eac1c,3.4637731937399963,3.4682547274909865,-0.004481533750990252
4008,62,f83eda928e8ee171fa7c21d0ad480ba75607e78990a771904a619035aed2abb1,3.1123132585387623,3.0920292098115425,0.020284048727219783
4009,62,3519a94b4485be17dac5490fb4bf3c106012a7fcb4be82160c9ad22fae690208,3.6129103272050287,3.615817997313542,-0.0029076701085131162
4010,62,40a5459e58527b5272aa6be38d0826fa62143fc009de1a8b30daf8fceb0adce2,4.057155615680813,4.0623927587735125,-0.005237143092699625
4011,62,880874d75b9af7b2689a91fd2e4d64ef538989e90724b9a03623d902832a5c77,4.514033871179862,4.522986908810097,-0.008953037630234917
4012,62,c132bb76a43224ab9669a721250c533ea2d121a443451c46ad1dacf89c5f179f,3.9023061692267476,3.9181284038350555,-0.015822234608307895
4013,62,f1655220ecb743fe3cc9e3fc611d4fb494b7b02a495b79cc5b5c455b54509404,3.4605181314204856,3.485867456293306,-0.02534932487282049
4014,62,724df4f5b08d4db0666663881c62c82e2a286203e05f129359adc4b5be510be8,4.083309952712739,4.093906435669794,-0.010596482957055287
4015,62,4c390489c2df5594c133f7228d002eb5d54799ea79524104b8912b8e82728c40,4.935594935053473,4.9121314556957785,0.02346347935769444
4016,62,5392bc04b6ef2f7e4f533534935d27cce6a98e27ea86cac1da35242b022d435d,4.5187343069083425,4.504252312067038,0.014481994841304413
4017,62,06ebfb96696b5f7565f4fd11a16e3e39f78050e1b64c90c5ccdcd0b9f19f7cc4,4.3993322368990135,4.400095083328182,-0.0007628464291684622
4018,62,742b7587a0b28291a0016e7c27f0754c63b2d2c86c2a86d04d0956d3202313bb,3.5745136326244022,3.593376739761595,-0.01886310713719297
4019,62,31fcea19e933ea6decc120ec02ece9e17848aad6db453665802c15008043434a,3.414874895539988,3.4095693976863117,0.0053054978536764
4020,62,d6991c7d6daf21490dedd8f6b18980c3085addfe1f6172c4880c760ef20402ed,3.733487993993478,3.7220715649379557,0.011416429055522315
4021,62,4df9280ebf6d676fdf5a61d75cae6dd425ec76f5f9461bb75d98db300c07423f,3.8353351844992574,3.861783115746846,-0.026447931247588485
4022,62,530b16e60bf1e7862ec1f50c2a5bf76c11c146f4b1e5520bad15798b4d2451e5,4.18381283438697,4.192620221159956,-0.008807386772986092
4023,62,ea4a77be25969e494dcf55b020ca77105f04f660106965563b0b64442eb6ac70,4.282466323683934,4.275856413161023,0.0066099105229113775
4024,62,2790e10d895a9e9b7592592923d0636b6c0f1d8cd39e4f4328a14088bb81c43c,4.3533018132902725,4.372834774429748,-0.019532961139475447
4025,62,d88687e3fd3e1ccd2d9873c4547feab061c916fe9cbce57864a9d7b765d76563,4.211722448277783,4.227790557256412,-0.016068108978629425
4026,62,8af24d99d07aa5b739f3bc7a2eabd865af4ec8c4e2c29a42fe1c05b2ee9d5ad3,4.465613843303686,4.525283086457208,-0.059669243153521734
4027,62,cfe720db969626730b3d325e883c03cd51900f1d28e7511e892ebe6df2509f4c,4.4775187761666615,4.437115104610712,0.04040367155594993
4028,62,c7100b915767e5dc96b323fd90806a8edb633ce274919cc6546336f005c25eaf,4.5239200720335475,4.551831428642743,-0.02791135660919508
4029,62,6657b3e4c3ba93c6ff1e3b0f486544d18e13deb5df3cd79c52cf7722f637dfe8,4.137068760619485,4.157149948683923,-0.020081188064438038
4030,62,72dc297369f68e32439a9ef3e8c40206a8f49108a3f29e1555112ff06e31fcd6,4.050389474477264,4.084174485290902,-0.03378501081363794
4031,62,b802c0d35de51a3bdd2f1a04a5dfc6d86395bda1c3bb6d1cb866da34ddde3c29,3.6864815688488477,3.7175821679770245,-0.031100599128176754
4032,63,42dcb3f2993e30122375dfeb080a588fcd696063a9cc72d8dc7f70ad14e36002,3.7558987379925526,3.722693374170568,0.03320536382198469
4033,63,a23ed486e409e26caf746d272dda07cb958d6bb495e47aaa1383e222dc623889,3.6577521038973586,3.6458218329826337,0.011930270914724872
4034,63,4fd85ee8b8c82549b1cbdb8d1c7294b04d98d1514d72659723020c89b3db5857,4.21744425388556,4.216067942012955,0.0013763118726046741
4035,63,ede157d7f68269d1cef3c94c012b1774f0a9033f2a75067d1f381632301abb50,4.823346877587937,4.794987196698457,0.028359680889479932
4036,63,df341b268d164158a108c453286a9e8544a5a33e06605dc5a5004087cc7ed318,4.259097415313192,4.26068267241169,-0.00158525709849755
4037,63,d6ebed8edc1ba677cb228250ef346bac2acf9343cd8e533dc936e875ccf38805,4.403607369117324,4.451149213265907,-0.04754184414858287
4038,63,c9f2f56567e9c4a31fd9255038e13fc872c258e81d4af643ca37a0589b489e9b,4.458243680986868,4.486377276069348,-0.0281335950824797
4039,63,8ed502100914ff82deacba3efaacb12a835627fc9695b16e57901caa9abd07ae,4.580157213836685,4.609023515965248,-0.028866302128562893
4040,63,d97a991a224ad3d54218ee6844cafa2891c1a9157d89154da2a35208841e3eb8,4.083556009455229,4.113330656752481,-0.029774647297251988
4041,63,533481a0c5a9ae5c3d346fc0aa045b11feab21b693b68a9b35ebff1ad69b14c3,3.706112634496101,3.7041919718379575,0.0019206626581436126
4042,63,1bc7dfbd94b19c83d74a46036a312c12319c6136ababd39ff78f84a3c1649caa,4.0747267047753155,4.0846368997233355,-0.009910194948020035
4043,63,1a6b18d2dccac4add95e6e9c1d664605bf3548fb44a39ab8dff92f02f811385f,4.410292215927726,4.479724837258544,-0.06943262133081873
4044,63,98476a12e75aaf1c606ee9b569967268709a1aa0db9d568157b8d927013f9381,3.862149032853729,3.873121034125468,-0.010972001271738918
4045,63,27a7a839f009b2797927a9c2817a2a0945e4f774f5b94da87885bca40a179003,4.20754236253822,4.214988628878217,-0.00744626633999701
4046,63,63e18134c308530f20462b0717a35b244cb5a6ac23bfb861730096577a8e467b,4.126689526508464,4.154181129382891,-0.0274916028744272
4047,63,9d76dcef8b93d60e2c8c95bdbddae4f2fc66bff731a5e0e782960913aaf80ec6,3.188113104214004,3.1462028614104156,0.04191024280358846
4048,63,f32ec90a42044608480f704b849b1f4c8515eef8e12ab9c782038d7f2654eed8,4.1014657624181154,4.110787999951697,-0.009322237533581301
4049,63,e75f3f6a6d7b0e93a5a8b13db26a0db7e4830abacf71f5f45033ad01996db0ec,3.967011311999844,3.9378508537476193,0.029160458252224686
4050,63,1154e77be37e9c3051c39c7dfa4862d1819e5cf56f95500e18b761c45295b8c8,4.076472687324639,4.084391847199072,-0.007919159874433035
4051,63,4207dbddc120ee0405f8eeb6be74950255421d4fb82f5f0f3f188cc905cecac4,4.360531437925147,4.405926029364991,-0.04539459143984459
4052,63,abe7297650417927da333ed9f94aa1d8d6353f7cf7993c732f84239c86880ab0,4.37693871043291,4.355732661733782,0.021206048699127678
4053,63,f5bf3c415c84caa3aef4b8da818fbb2d909668cfa07840b2bc90ef0df6bad8cf,4.072970668535675,4.0749458233767655,-0.001975154841090898
4054,63,c01321c2682209126a3e4bd452f4f5ee5d78504eb0c62ba596a0c44b7d9cf317,4.420318906342608,4.4390529911287615,-0.01873408478615346
4055,63,0d283442235324372cd7181b3ca9e189722f5f9531fb3913ea666ed2f78ce578,4.175374867203789,4.17378086584138,0.0015940013624096139
4056,63,9483e3e80bd1a6664997e745c32f2796588fe4ecbc72cb7d3be1ea4cb4074000,4.235548212183183,4.2402965285156995,-0.004748316332516822
4057,63,c09e167cfac2924ac18374b8fc152ca9a926efb8db043cd811dee501041f7071,4.458316723243172,4.494090468421348,-0.035773745178175886
4058,63,a97fd6890a7b3c69c2c89aabcf2c5652173c72a9c14a6df51dc827beaab67415,4.538059910670313,4.547176340860773,-0.009116430190459823
4059,63,c03c80855189cbaed455a1caa63eeb7abc9bf1207221c55490ff09ebc475d831,4.280550149000533,4.289573576505063,-0.009023427504530446
4060,63,4a56965ac2ebe82b34a5e2d1dc4da3ad5fdbb0f94dc21ecee260088bb1de05ed,4.703062185246836,4.708839903665535,-0.005777718418698896
4061,63,3dc1f21b40debccaa4b5447f33f29d79e758d21338cc9c0584506f77deac6b69,4.711675976490369,4.721186071022885,-0.009510094532515723
4062,63,ad67aa29da9f1342da8a8775043e75423591a9db2827a8fbb8e4bf44180a355b,4.816197880304571,4.781757358505274,0.03444052179929713
4063,63,369c4afffb467c0c76dda81c1b1872b9e547a031f5393ed62611a2424a92cc7d,4.895066393134584,4.902443916667835,-0.007377523533250496
4064,63,17d8c46839bc4af3e697c1d91ce8a4536f692105830d385c5d864dbaf2f05419,4.8030401326747665,4.8057339785056,-0.002693845830833652
4065,63,e70af4dba5511f2722ea6f12485e3bfbeb074a15f7200456c469a2754f13cecf,4.755864842754818,4.755783097974472,8.174478034561616e-05
4066,63,2b114998275d02d056e107a5a07c2d711cc3775cac445c42284576b9b2731e18,4.662411820621401,4.687841178985991,-0.02542935836459037
4067,63,5477c42ad4af3612bb21a1e5261391dfd35f601c85b1e870c24489117f3f1b3a,4.622264339676349,4.658206367041771,-0.03594202736542229
4068,63,9fc11f5dcb313a25e4ca8f68df80c67f444a0ce44ca1d59dadcbb2570dd1e49a,4.551112997379676,4.548870831836155,0.0022421655435209686
4069,63,09cccb6324f8f822643efbb18b27c440b46a5fed62b159d8d0ba2afc9d612a55,4.597062754427952,4.6048273799578965,-0.007764625529944169
4070,63,b935d52afedc0811e5261adc0b7638871815013f0fe6ed94d5913987058d1eba,4.702349230946311,4.728081485086705,-0.025732254140393707
4071,63,53f775db3b5846af187b5655070bd3c74494be13ab32571d4580b1d5dd038b7f,4.2873118263649985,4.272744353486246,0.014567472878752596
4072,63,8637daef7dd0cb3e8496f82b25d7f5c994c8cfccd2ec5a29d404727458ce4c1c,4.460380907666433,4.46456583805309,-0.004184930386657015
4073,63,3f6e1e21f35a2e253cd324d86d976be57eb346c874e3d8e0ec29f35ea7247061,4.4173013014859634,4.432305250012263,-0.015003948526299382
4074,63,20900cff6bc4cf1b09689bbdfbb8c1886acd98a71f42e3c8ebb8b870d9017039,4.0142926612210275,4.044267052267784,-0.02997439104675692
4075,63,148609cb73d381e7338b8960d96c4e2fbb02e9daf7af315958d12dc2cfcc2d25,4.005493899210467,4.004663907196232,0.0008299920142356143
4076,63,50738fb2695ac4dbf49565a610a0788f18e875eee580ed321ebbb88396179868,4.030740622009631,4.045998634026901,-0.015258012017270062
4077,63,65d55bdc73c12e43220ea3e4a28a7775b8b3dc54dcfa886003a1842c33b5fd75,3.6562773294672866,3.6552233180985354,0.001054011368751162
4078,63,a95f0d804b463d70579ed11b40ecf3e055e62dde26dc97d87b959789db4497d6,4.218345278494269,4.216267149282999,0.002078129211270152
4079,63,5ecc1ce4d489cedf4887d32406cdc35da4f1677215ea631b62ae882b356aa724,3.456292578387391,3.442746596545774,0.013545981841616594
4080,63,c46c22a132f36d0c17ecf631eb81288f787e763f796fd6104cf5df0c6e61a34c,4.027198791842011,4.042095937200884,-0.014897145358872876
4081,63,72c5fd2fd14a7e84d2cca6fc327dcfdc34a598048f753b68155b2591335f0337,3.8395438555628516,3.850063809504263,-0.010519953941411586
4082,63,5d02bc3ec7d5c05aed0c1854dee84f721c3a405b917415de30e13dcf569efca6,3.5482473814732316,3.5796186398321765,-0.03137125835894494
4083,63,81f60e117c6ab932d98178638c99eacaecef1b0bc1aba37f0a48ac316b7e71e1,3.972835780648751,4.011513798596269,-0.03867801794751813
4084,63,8234be7154108480b99273d2325c36fcd4939ae1aef4681e5f5ca86d9828c17f,4.1011381072016775,4.130217338437433,-0.029079231235755287
4085,63,a5cb7d7c83165f64ee18036bb0c05bafe8e9a4027e802eb9783cd1740569c921,4.164680895221224,4.145624081630842,0.019056813590381694
4086,63,4c37c40dc7b0b282654291a7c423e2cb8a2ff67f6a79a9f584a28ca493b574fb,3.868917377431785,3.893489602492423,-0.02457222506063772
4087,63,555a8b71c7bbed65e067af0ca4c443beaef11f53fe060f34e50abe7f76d7546c,4.033692500027836,4.046811693927239,-0.013119193899402859
4088,63,6674e38300df466bc5bd30ec88af1d0f67bbaa2eb7c004e95a05e8522948cf92,3.745767680980297,3.763027618979578,-0.01725993799928105
4089,63,f2b5b56c973fdd8fe6848a80d2d07f9398381e63cc935289ac931eb5f7c9ff66,4.0239225828709095,4.035859364650037,-0.011936781779127159
4090,63,d0b6463fababc67591d3b76aeb1fe2f42e3407a481c333b20ae4bdb0c7e191b5,4.431915558200274,4.478115850895563,-0.046200292695289136
4091,63,e562814a71aa22bb8e321faeaefa45be40870b23ce55c9bad2019cd0ee8b9b61,4.066926996609382,4.048426307440586,0.018500689168796214
4092,63,8f89be573c204f6f3f9916242022570c135c0710b4171a7ba31b10d93d320bbf,3.9667194318006977,4.016045469863911,-0.04932603806321367
4093,63,f96fedd8c35faba28a3ee02f63e752f8b808e4ddce6173351377baf5625b68b0,4.285804963731607,4.288988745977349,-0.003183782245741895
4094,63,103ec60d64a5e8ac60b46608639efb529c541436771bcb524b71db2c734b281a,4.022773904907524,4.030567247832181,-0.007793342924657054
4095,63,715a86f7d041b4e95092bbe7eb3682f7a6ab9acb4bf30eb57a74a9354118bdf1,3.7082400907711417,3.6944737623115316,0.013766328459610122
