ce,count,id,nll
2.898646536093665,1024,0,2968.214052959913
3.067776136356187,1024,1,3141.4027636287356
2.941271482378225,1024,2,3011.8619979553023
2.7450501096923645,1024,3,2810.9313123249813
3.238683031296489,1024,4,3316.4114240476047
3.507870762629011,1024,5,3592.0596609321074
3.0560503563176837,1024,6,3129.395564869308
2.703473906456395,1024,7,2768.3572802113486
2.4508813285006408,1024,8,2509.702480384656
2.4641416029009235,1024,9,2523.2810013705457
2.49131927039093,1024,10,2551.1109328803122
2.4218032932813855,1024,11,2479.926572320139
2.474898887541322,1024,12,2534.2964608423135
2.4683470088562487,1024,13,2527.5873370687987
2.595079089398702,1024,14,2657.3609875442708
2.8105505126404715,1024,15,2878.003724943843
3.1574480869117565,1024,16,3233.2268409976386
3.5376180530371926,1024,17,3622.520886310085
2.8326355491653885,1024,18,2900.618802345358
3.133647537869223,1024,19,3208.855078778084
3.4563953131729477,1024,20,3539.3488006890984
3.73865602010369,1024,21,3828.3837645861786
3.773584666805249,1024,22,3864.150698808575
3.2924405589466588,1024,23,3371.4591323613786
2.8920401759752945,1024,24,2961.4491401987016
2.8890506157347318,1024,25,2958.3878305123653
2.4242150752331,1024,26,2482.3962370386944
2.2536859284681725,1024,27,2307.7743907514086
2.6373863335706424,1024,28,2700.683605576338
2.431327331234961,1024,29,2489.6791871846
2.9417614536199466,1024,30,3012.3637285068253
3.1366171920884938,1024,31,3211.8960046986176
3.217296565919135,1024,32,3294.511683501194
3.3275904085642143,1024,33,3407.4525783697554
2.631493500916207,1024,34,2694.649344938196
2.68969458977344,1024,35,2754.2472599280027
2.1781792027020472,1024,36,2230.4555035668964
1.7350668057323537,1024,37,1776.7084090699302
1.5727685826170354,1024,38,1610.5150285998443
1.901068711581221,1024,39,1946.6943606591703
2.4353335115225265,1024,40,2493.781515799067
2.859688351530096,1024,41,2928.3208719668182
3.55076445102452,1024,42,3635.9827978491085
3.394100545077322,1024,43,3475.5589581591776
3.7140764204222023,1024,44,3803.214254512335
2.6352670389144954,1024,45,2698.5134478484433
2.5150051652755394,1024,46,2575.3652892421524
2.6822470000111682,1024,47,2746.6209280114363
2.804975366874693,1024,48,2872.2947756796857
3.3023910257528293,1024,49,3381.648410370897
3.1991303440731897,1024,50,3275.9094723309463
3.0535437970063697,1024,51,3126.8288481345226
2.8286578330022394,1024,52,2896.545620994293
1.9015316900141608,1024,53,1947.1684505745006
2.5275693523594214,1024,54,2588.2310168160475
3.1116349192169537,1024,55,3186.3141572781606
3.0918678501154204,1024,56,3166.0726785181905
2.8700482606667377,1024,57,2938.9294189227394
2.9515863406189045,1024,58,3022.424412793758
3.2301396166678913,1024,59,3307.6629674679207
2.727275656951285,1024,60,2792.730272718116
2.7952636021186095,1024,61,2862.349928569456
2.640037601560003,1024,62,2703.398503997443
3.0126111212471045,1024,63,3084.913788157035
3.110856851770265,1024,64,3185.5174162127514
3.585185979969566,1024,65,3671.2304434888356
3.2184435437181307,1024,66,3295.686188767366
2.1741774142211625,1024,67,2226.3576721624704
3.1973487363086406,1024,68,3274.085105980048
3.414185898888036,1024,69,3496.1263604613487
2.77122795996263,1024,70,2837.737431001733
3.119286901033668,1024,71,3194.149786658476
3.726173066848837,1024,72,3815.601220453209
3.6968791522457707,1024,73,3785.604251899669
3.1251652840277124,1024,74,3200.1692508443775
2.799177564423669,1024,75,2866.357825969837
2.903324389833166,1024,76,2973.004175189162
3.254277727363103,1024,77,3332.3803928198176
3.5089947850513568,1024,78,3593.2106598925893
2.803103958633322,1024,79,2870.378453640522
2.8318221637212275,1024,80,2899.785895650537
2.9947767975487523,1024,81,3066.6514406899223
2.9446551173037285,1024,82,3015.326840119018
2.9807847714862366,1024,83,3052.3236060019062
2.7818535372226236,1024,84,2848.6180221159666
2.2497489168566585,1024,85,2303.7428908612183
2.988599151593931,1024,86,3060.3255312321853
2.7834937253028755,1024,87,2850.2975747101445
3.122516546301995,1024,88,3197.4569434132427
3.037074363953991,1024,89,3109.964148688887
3.141439857280041,1024,90,3216.834413854762
2.8538654295035286,1024,91,2922.3581998116133
2.7647205898117875,1024,92,2831.0738839672704
3.2356026696860027,1024,93,3313.257133758467
3.5142786810272355,1024,94,3598.621369371889
3.4909843730260093,1024,95,3574.7679979786335
3.7737734807896572,1024,96,3864.344044328609
3.4847483190954165,1024,97,3568.3822787537065
3.334835124885201,1024,98,3414.8711678824457
3.339627115657212,1024,99,3419.778166432985
3.378983808252949,1024,100,3460.0794196510196
3.6379856281069465,1024,101,3725.297283181513
3.681226655748617,1024,102,3769.5760954865837
3.050742801586722,1024,103,3123.9606288248033
2.9838056288083408,1024,104,3055.416963899741
3.260831259873328,1024,105,3339.0912101102876
3.610934583098299,1024,106,3697.597013092658
3.3947150250477094,1024,107,3476.1881856488544
2.877993790139598,1024,108,2947.0656411029486
3.3241431267982122,1024,109,3403.9225618413693
3.249248855864934,1024,110,3327.2308284056926
2.516079173231077,1024,111,2576.465073388623
2.1210083143718492,1024,112,2171.9125139167736
2.645794218755018,1024,113,2709.2932800051385
3.0481166919814644,1024,114,3121.2714925890195
3.0910056006415374,1024,115,3165.1897350569343
3.019867391722645,1024,116,3092.3442091239885
3.0882038586731824,1024,117,3162.3207512813387
3.075239879900323,1024,118,3149.045637017931
3.3251529534100257,1024,119,3404.9566242918663
3.5960286399798846,1024,120,3682.333327339402
3.1509071635468615,1024,121,3226.528935471986
2.7700922839794586,1024,122,2836.5744987949656
2.986369893734196,1024,123,3058.0427711838165
2.883285516254844,1024,124,2952.4843686449603
3.247664618372518,1024,125,3325.6085692134584
3.243169811022625,1024,126,3321.005886487168
2.719059153553699,1024,127,2784.316573238988
3.443917313071907,1024,128,3526.5713285856327
3.0145866979931455,1024,129,3086.936778744981
3.067497595372112,1024,130,3141.1175376610427
3.2748048098718634,1024,131,3353.400125308788
3.0704192938985457,1024,132,3144.109356952111
2.841157942167043,1024,133,2909.345732779052
3.6908363467265843,1024,134,3779.4164190480224
3.4681224840489513,1024,135,3551.357423666126
3.27344239081349,1024,136,3352.005008193014
2.782863563878749,1024,137,2849.652289411839
3.2512480316873678,1024,138,3329.2779844478646
2.8761415348772346,1024,139,2945.168931714288
3.5146327688447485,1024,140,3598.9839552970225
2.4767242737907296,1024,141,2536.165656361707
2.8839947439722993,1024,142,2953.2106178276345
2.958336636439043,1024,143,3029.33671571358
2.718068944068598,1024,144,2783.3025987262445
3.110716833331992,1024,145,3185.3740373319597
2.6644546704318044,1024,146,2728.4015825221677
3.0341864815941744,1024,147,3107.0069571524346
2.610931035941782,1024,148,2673.5933808043847
2.7569110060795055,1024,149,2823.0768702254136
2.9642361168347406,1024,150,3035.3777836387744
2.9319108859540393,1024,151,3002.276747216936
2.9947349194262856,1024,152,3066.6085574925164
3.2648079586404197,1024,153,3343.16334964779
2.309941854736852,1024,154,2365.3804592505367
3.5162547987631,1024,155,3600.6449139334145
2.861910620022833,1024,156,2930.596474903381
2.4991411540926265,1024,157,2559.1205417908495
2.6533138057869436,1024,158,2716.9933371258303
2.955389974249684,1024,159,3026.3193336316763
3.5382683881332326,1024,160,3623.18682944843
3.538175043159523,1024,161,3623.0912441953515
3.243362519770887,1024,162,3321.2032202453884
3.1935511818420537,1024,163,3270.196410206263
2.864870572128744,1024,164,2933.627465859834
3.0288704781858797,1024,165,3101.563369662341
2.9238117780888615,1024,166,2993.983260762994
3.0836475600490587,1024,167,3157.655101490236
3.05577974296331,1024,168,3129.118456794429
2.9818085138509893,1024,169,3053.371918183413
2.629788580192278,1024,170,2692.9035061168925
3.0604999563841204,1024,171,3133.9519553373393
3.4715393515801036,1024,172,3554.856296018026
1.9616385205273046,1024,173,2008.71784501996
2.098829792421668,1024,174,2149.201707439788
2.4666578441682816,1024,175,2525.8576324283204
2.6221254153869893,1024,176,2685.056425356277
2.726925560974223,1024,177,2792.3717744376045
2.840443557150138,1024,178,2908.6142025217414
2.7905713214235526,1024,179,2857.545033137718
2.9312837591435823,1024,180,3001.6345693630283
3.2683761340517634,1024,181,3346.8171612690057
2.4969171522417852,1024,182,2556.843163895588
3.3581981661645237,1024,183,3438.7949221524723
3.4867177004444443,1024,184,3570.398925255111
3.3364631212434688,1024,185,3416.538236153312
3.6306684324256935,1024,186,3717.80447480391
3.4451647538637644,1024,187,3527.8487079564948
3.5896305356269167,1024,188,3675.7816684819627
3.426162289800942,1024,189,3508.3901847561647
3.247849855847745,1024,190,3325.798252388091
3.3722786566458893,1024,191,3453.2133444053907
3.106380026720224,1024,192,3180.9331473615093
3.106644450062266,1024,193,3181.2039168637602
3.219815374748004,1024,194,3297.090943741956
3.3250744077384766,1024,195,3404.8761935242
3.112015674009058,1024,196,3186.7040501852753
3.56726112421849,1024,197,3652.8753911997337
3.073353000889023,1024,198,3147.1134729103596
3.024475446385786,1024,199,3097.062857099045
3.3031236847254917,1024,200,3382.3986531589035
3.7973670115984817,1024,201,3888.5038198768452
3.575888337316414,1024,202,3661.709657412008
2.7764366869203094,1024,203,2843.071167406397
2.8191572573997945,1024,204,2886.8170315773896
3.3371834852908577,1024,205,3417.2758889378383
3.230471143802516,1024,206,3308.0024512537766
3.021818996534819,1024,207,3094.3426524516544
2.664762971004464,1024,208,2728.717282308571
3.220848329004667,1024,209,3298.1486889007792
3.5261108662066363,1024,210,3610.7375269955955
2.8584854442731773,1024,211,2927.0890949357336
3.1444079918447576,1024,212,3219.873783649032
3.045192382456605,1024,213,3118.2769996355637
3.121032156331246,1024,214,3195.936928083196
3.507449935221416,1024,215,3591.62873366673
2.9189457238721452,1024,216,2989.0004212450767
3.379074662912558,1024,217,3460.1724548224593
3.264702683904005,1024,218,3343.0555483177013
2.781328184221806,1024,219,2848.0800606431294
3.2469569328062065,1024,220,3324.8838991935554
3.3366906634648856,1024,221,3416.771239388043
3.386122489112239,1024,222,3467.3894288509327
4.186576237061374,1024,223,4287.054066750847
3.3361797449387076,1024,224,3416.2480588172366
3.229991480996574,1024,225,3307.511276540492
2.247751972956493,1024,226,2301.698020307449
2.1270213616086977,1024,227,2178.0698742873064
2.208558236114513,1024,228,2261.563633781261
2.1449340223354056,1024,229,2196.4124388714554
2.2966009315095164,1024,230,2351.719353865745
2.4178117588941106,1024,231,2475.8392411075693
3.101556220905252,1024,232,3175.993570206978
2.7619453172577906,1024,233,2828.2320048719776
3.0198611352080036,1024,234,3092.3378024529957
2.926502241752109,1024,235,2996.73829555416
3.188502071817595,1024,236,3265.0261215412174
3.1568455579290085,1024,237,3232.6098513193047
2.8464462447143646,1024,238,2914.7609545875093
3.363343819406907,1024,239,3444.064071072673
3.4548453108440285,1024,240,3537.761598304285
3.4431745530027946,1024,241,3525.8107422748617
2.855014859209831,1024,242,2923.535215830867
2.9621126894095653,1024,243,3033.203393955395
2.337221674965271,1024,244,2393.3149951644373
2.6589865195847437,1024,245,2722.8021960547776
2.979237992043636,1024,246,3050.7397038526833
3.291071192274096,1024,247,3370.056900888674
2.741930937108478,1024,248,2807.7372795990814
2.70277081603356,1024,249,2767.6373156183654
2.266891535954123,1024,250,2321.296932817022
2.3057001497752907,1024,251,2361.0369533698977
3.0078145783026713,1024,252,3080.0021281819354
3.172063397140036,1024,253,3248.192918671397
2.548246023641152,1024,254,2609.4039282085396
3.086319067380316,1024,255,3160.3907249974436
3.1026626212840824,1024,256,3177.1265241949004
3.374028391206423,1024,257,3455.005072595377
3.0311245806860825,1024,258,3103.8715706225485
3.0067479747133348,1024,259,3078.909926106455
3.182729919822833,1024,260,3259.115437898581
3.456570492819651,1024,261,3539.5281846473226
3.2766280264093126,1024,262,3355.267099043136
3.26629726252915,1024,263,3344.68839682985
2.985494268656258,1024,264,3057.1461311040084
3.100035571210512,1024,265,3174.436424919564
3.027944006174664,1024,266,3100.614662322856
2.741256729820009,1024,267,2807.046891335689
2.8008747443424085,1024,268,2868.0957382066263
3.053117309707744,1024,269,3126.39212514073
2.8333061190752,1024,270,2901.3054659330046
2.7769084059286513,1024,271,2843.554207670939
2.68611546448097,1024,272,2750.5822356285134
3.3116809896471295,1024,273,3391.1613333986606
3.2989497254883062,1024,274,3378.1245189000256
3.1485445719010343,1024,275,3224.109641626659
3.305802365669198,1024,276,3385.1416224452587
2.943547154531899,1024,277,3014.1922862406645
2.905722508890822,1024,278,2975.4598491042016
3.2999398796557102,1024,279,3379.1384367674473
3.3643530884172606,1024,280,3445.097562539275
3.5381605055391105,1024,281,3623.076357672049
3.535717194246189,1024,282,3620.5744069080974
3.0241812368034005,1024,283,3096.761586486682
2.9259411107973055,1024,284,2996.163697456441
2.909381895857024,1024,285,2979.2070613575925
3.10314061674498,1024,286,3177.6159915468597
3.1932095145516612,1024,287,3269.846542900901
2.744605940816001,1024,288,2810.476483395585
3.147576531731872,1024,289,3223.1183684934367
2.8246416439040587,1024,290,2892.433043357756
2.938612262756351,1024,291,3009.1389570625033
2.61641951961316,1024,292,2679.213588083876
2.8110814601152043,1024,293,2878.547415157969
2.7494283644088,1024,294,2815.414645154611
3.4897946865769427,1024,295,3573.5497590547893
3.2945022524493197,1024,296,3373.5703065081034
3.4988680524639335,1024,297,3582.840885723068
3.1401172767380103,1024,298,3215.4800913797226
3.606350983531172,1024,299,3692.90340713592
3.1260596467758432,1024,300,3201.0850782984635
2.9688517961080336,1024,301,3040.1042392146264
2.7144106755604938,1024,302,2779.5565317739456
2.6677088540288167,1024,303,2731.7338665255083
2.631928022893632,1024,304,2695.0942954430793
2.7902164479252,1024,305,2857.181642675405
3.002902044540022,1024,306,3074.9716936089826
2.8741036487000713,1024,307,2943.082136268873
2.5803411361428914,1024,308,2642.269323410321
2.33420847615551,1024,309,2390.229479583242
2.631604167823969,1024,310,2694.7626678517445
2.9211356033609945,1024,311,2991.2428578416584
2.8567883872391207,1024,312,2925.3513085328595
3.014974613298527,1024,313,3087.3340040176918
3.211910599510155,1024,314,3288.9964538983986
3.1641922387883596,1024,315,3240.1328525192803
3.004807059813615,1024,316,3076.9224292491417
3.0304156097816417,1024,317,3103.145584416401
3.160808737097682,1024,318,3236.668146788026
2.9798274308056243,1024,319,3051.3432891449593
2.9152240595810675,1024,320,2985.189437011013
3.0893011292380876,1024,321,3163.4443563398017
3.2077525388706363,1024,322,3284.7385998035315
3.138584438375034,1024,323,3213.9104648960347
3.2398450141449757,1024,324,3317.601294484455
3.186052948346912,1024,325,3262.518219107238
3.135478106922619,1024,326,3210.729581488762
2.883217841419082,1024,327,2952.41506961314
2.8721758700258277,1024,328,2941.1080909064476
3.203707373095938,1024,329,3280.5963500502403
3.172710639146743,1024,330,3248.855694486265
3.27607771337302,1024,331,3354.7035784939726
3.279117684861566,1024,332,3357.8165092982435
3.4978616809739123,1024,333,3581.810361317286
3.381211923169296,1024,334,3462.361009325359
2.999924925707937,1024,335,3071.9231239249275
3.2284140903836374,1024,336,3305.8960285528447
2.956282044972575,1024,337,3027.2328140519166
3.266129452387503,1024,338,3344.516559244803
2.931520141645457,1024,339,3001.876625044948
2.7378761080417977,1024,340,2803.585134634801
3.0828800389158744,1024,341,3156.8691598498554
3.114110075278404,1024,342,3188.848717085086
3.3162338909742743,1024,343,3395.823504357657
3.1063427429746824,1024,344,3180.8949688060748
3.258486543253099,1024,345,3336.6902202911733
3.1643071517290764,1024,346,3240.2505233705742
3.752055789728942,1024,347,3842.1051286824368
3.1708942482243714,1024,348,3246.9957101817563
3.162505090918131,1024,349,3238.4052131001663
2.521605029381618,1024,350,2582.123550086777
2.1692631272551974,1024,351,2221.325442309322
3.023149596142588,1024,352,3095.70518645001
2.86717002616291,1024,353,2935.9821067908197
3.126870075645485,1024,354,3201.9149574609764
2.783649746618348,1024,355,2850.4573405371884
2.959663913162217,1024,356,3030.69584707811
3.0985840133494804,1024,357,3172.950029669868
2.778077366044826,1024,358,2844.751222829902
3.0501674999703425,1024,359,3123.3715199696308
3.14898804090177,1024,360,3224.5637538834126
2.9577485861160824,1024,361,3028.7345521828684
2.958708586082537,1024,362,3029.7175921485177
3.0060186599098273,1024,363,3078.163107747663
2.9453715390924025,1024,364,3016.06045603062
3.1113255294250095,1024,365,3185.9973421312097
3.244091336966477,1024,366,3321.9495290536724
3.130502749998442,1024,367,3205.6348159984045
3.4051039635896814,1024,368,3486.8264587158337
2.8069334632151453,1024,369,2874.2998663323087
2.6881430354505564,1024,370,2752.65846830137
2.929355446169856,1024,371,2999.6599768779324
3.225298300685907,1024,372,3302.7054599023686
1.8774132398834968,1024,373,1922.4711576407008
3.1826123561523296,1024,374,3258.9950526999855
2.8825113045185944,1024,375,2951.6915758270407
3.1298582119040006,1024,376,3204.9748089896966
3.031438685712743,1024,377,3104.193214169849
2.9420564505757767,1024,378,3012.6658053895953
3.4180193150238765,1024,379,3500.0517785844495
3.3097083469934603,1024,380,3389.1413473213033
2.9441727259707102,1024,381,3014.8328713940073
2.880322528934883,1024,382,2949.4502696293202
2.660965112384993,1024,383,2724.8282750822327
2.866723388314,1024,384,2935.524749633536
2.8327063275887667,1024,385,2900.691279450897
3.104954944283037,1024,386,3179.4738629458298
2.9777783555814423,1024,387,3049.245036115397
2.985452965089742,1024,388,3057.1038362518957
3.3194356376201313,1024,389,3399.1020929230144
3.2510283938977977,1024,390,3329.053075351345
3.2012807452677805,1024,391,3278.1114831542072
2.9785614231984994,1024,392,3050.0468973552634
3.4052464169257632,1024,393,3486.9723309319816
3.278912765363202,1024,394,3357.606671731919
3.4252430827075955,1024,395,3507.4489166925778
2.97029086508806,1024,396,3041.5778458501736
3.0477889849856297,1024,397,3120.935920625285
2.819446565168576,1024,398,2887.113282732622
2.445492356903898,1024,399,2504.1841734695918
2.899771291261418,1024,400,2969.365802251692
2.6682174001148837,1024,401,2732.254617717641
2.7090965659958783,1024,402,2774.1148835797794
2.862576361430179,1024,403,2931.278194104503
2.8354459353843673,1024,404,2903.496637833592
2.8112834288859503,1024,405,2878.754231179213
3.0923828026688653,1024,406,3166.599989932918
2.607967032050766,1024,407,2670.5582408199843
2.828769444100381,1024,408,2896.65991075879
2.8203754350528296,1024,409,2888.0644454940975
2.876314279461905,1024,410,2945.3458221689907
2.7290744703652337,1024,411,2794.5722576539993
2.8746332452795826,1024,412,2943.6244431662926
3.161184742624963,1024,413,3237.053176447962
2.9524660899912334,1024,414,3023.325276151023
3.0323799606057804,1024,415,3105.157079660319
3.3180062179158565,1024,416,3397.638367145837
3.484072091582881,1024,417,3567.6898217808703
3.1129801203997687,1024,418,3187.691643289363
2.936683086643548,1024,419,3007.163480722993
3.0461938535298785,1024,420,3119.3025060145956
2.563275869099442,1024,421,2624.794489957829
3.3404860727984556,1024,422,3420.6577385456185
3.4056130557877964,1024,423,3487.3477691267035
3.4526735619774485,1024,424,3535.537727464907
3.1772389242421752,1024,425,3253.4926584239875
2.498529500078961,1024,426,2558.494208080856
2.587104971926048,1024,427,2649.1954912522733
3.129673631039715,1024,428,3204.7857981846682
2.7921746178538456,1024,429,2859.186808682338
3.3303947156094083,1024,430,3410.324188784034
3.1603563203450307,1024,431,3236.2048720333114
2.8145942943781392,1024,432,2882.1445574432146
2.84924466478963,1024,433,2917.6265367445812
3.2031418220313004,1024,434,3280.0172257600516
3.5140005639037923,1024,435,3598.3365774374834
2.658855506120563,1024,436,2722.6680382674567
3.156300318462044,1024,437,3232.0515261051332
3.1976920063779204,1024,438,3274.4366145309905
2.869280532105801,1024,439,2938.1432648763403
3.3212324816933574,1024,440,3400.942061253998
3.348286523218619,1024,441,3428.645399775866
3.521255156906423,1024,442,3605.765280672177
3.4808191911563005,1024,443,3564.3588517440517
3.614901049314696,1024,444,3701.6586744982487
3.455766907223744,1024,445,3538.7053129971137
2.9969336632186776,1024,446,3068.860071135926
2.6553209487891536,1024,447,2719.0486515600933
2.6356725419557847,1024,448,2698.9286829627235
3.211605665486843,1024,449,3288.6842014585272
2.4868627128024485,1024,450,2546.5474179097073
2.898862166021763,1024,451,2968.434858006285
3.24401950957553,1024,452,3321.8759778053427
3.0685601180636084,1024,453,3142.205560897135
2.937711337739982,1024,454,3008.2164098457415
3.0687881532780246,1024,455,3142.439068956697
3.3704899274682703,1024,456,3451.3816857275087
3.154922872390479,1024,457,3230.6410213278505
3.485927795487896,1024,458,3569.5900625796057
3.411018636883398,1024,459,3492.8830841685995
3.547437424230324,1024,460,3632.575922411852
3.451641412322612,1024,461,3534.4808062183547
3.2974315258761133,1024,462,3376.56988249714
3.4317789755474806,1024,463,3514.14167096062
3.318980063860508,1024,464,3398.63558539316
3.215004026782765,1024,465,3292.164123425551
3.0718889386231893,1024,466,3145.614273150146
3.011447764963094,1024,467,3083.7225113222084
3.0131592909932294,1024,468,3085.475113977067
2.74187463182479,1024,469,2807.679622988585
2.6606575191733555,1024,470,2724.513299633516
3.41522070990807,1024,471,3497.1860069458635
3.5316788992631487,1024,472,3616.4391928454643
3.7210143108068507,1024,473,3810.318654266215
3.6541825141238604,1024,474,3741.882894462833
3.157541915991658,1024,475,3233.3229219754576
3.300018181977549,1024,476,3379.2186183450103
2.553783550628923,1024,477,2615.074355844017
3.054504290818148,1024,478,3127.8123937977834
2.812073289662436,1024,479,2879.5630486143345
2.781496389828643,1024,480,2848.2523031845303
3.0478746001612507,1024,481,3121.0235905651207
2.1514233515511023,1024,482,2203.0575119883288
2.851189364387878,1024,483,2919.617909133187
2.7465008582054153,1024,484,2812.4168788023453
3.046280936583063,1024,485,3119.3916790610565
2.969143112534283,1024,486,3040.402547235106
3.0972879738675587,1024,487,3171.62288524038
3.129098262044316,1024,488,3204.1966203333795
3.2740406019267994,1024,489,3352.6175763730425
2.6369897889590277,1024,490,2700.2775438940444
2.050773318985506,1024,491,2099.991878641158
2.472508308925285,1024,492,2531.8485083394917
3.092378066895293,1024,493,3166.59514050078
3.362667452537714,1024,494,3443.371471398619
2.4911408232391743,1024,495,2550.9282029969145
2.652865382744645,1024,496,2716.5341519305166
3.174684122533975,1024,497,3250.8765414747904
3.133431416895341,1024,498,3208.6337709008294
3.1520480720297144,1024,499,3227.6972257584275
2.8783262534472733,1024,500,2947.406083530008
3.316125767217251,1024,501,3395.712785630465
2.9672047043846064,1024,502,3038.417617289837
3.2977071480237683,1024,503,3376.8521195763387
3.3179247188366503,1024,504,3397.55491208873
3.197080413755714,1024,505,3273.810343685851
3.241674239993557,1024,506,3319.4744217534026
2.8521540679687867,1024,507,2920.6057656000376
2.720698728665127,1024,508,2785.99549815309
2.2795388389518436,1024,509,2334.247771086688
2.3061609051075287,1024,510,2361.5087668301094
2.878906477348842,1024,511,2948.000232805214
3.165225486127447,1024,512,3241.190897794506
3.2257857219978376,1024,513,3303.2045793257857
3.6122490285131477,1024,514,3698.943005197463
3.456250168489774,1024,515,3539.2001725335285
3.0959005130251214,1024,516,3170.2021253377243
3.4796657148286627,1024,517,3563.1776919845506
2.7188495474354237,1024,518,2784.101936573874
2.795325069200871,1024,519,2862.4128708616918
2.7326121151741276,1024,520,2798.1948059383067
2.8009248593913547,1024,521,2868.1470560167472
3.0020852734185226,1024,522,3074.135319980567
3.02787540985881,1024,523,3100.5444196954213
3.2735200323678555,1024,524,3352.084513144684
2.869743967135875,1024,525,2938.617822347136
3.213715324951009,1024,526,3290.844492749833
3.3974982467087216,1024,527,3479.038204629731
2.3782701634396375,1024,528,2435.348647362189
2.916705820026351,1024,529,2986.7067597069836
3.070669661481464,1024,530,3144.365733357019
3.2221043301800023,1024,531,3299.4348341043224
3.107451732728123,1024,532,3182.0305743135978
2.467830951855408,1024,533,2527.058894699938
2.858322114253724,1024,534,2926.9218449958134
2.909428437892501,1024,535,2979.254720401921
2.783177898497229,1024,536,2849.9741680611623
2.8360197606480853,1024,537,2904.0842349036393
2.9733437361700403,1024,538,3044.7039858381213
2.759939975250999,1024,539,2826.178534657023
3.0196576034304066,1024,540,3092.1293859127363
3.049557953435013,1024,541,3122.747344317453
2.969564168263581,1024,542,3040.833708301907
2.965286438266162,1024,543,3036.45331278455
2.739415553912668,1024,544,2805.161527206572
2.2573451282626706,1024,545,2311.5214113409747
2.2883449702381427,1024,546,2343.265249523858
2.5913870060114235,1024,547,2653.5802941556976
2.9942553048081066,1024,548,3066.117432123501
2.933597129341308,1024,549,3004.0034604454995
2.372162656871426,1024,550,2429.0945606363402
2.699670126365824,1024,551,2764.4622093986036
3.115833864133945,1024,552,3190.61387687316
3.1581015397751884,1024,553,3233.895976729793
3.0247898000481257,1024,554,3097.3847552492807
2.958910047427537,1024,555,3029.923888565798
3.1062954708552297,1024,556,3180.8465621557552
3.031468271331093,1024,557,3104.223509843039
3.091327465036791,1024,558,3165.519324197674
1.7664889336169396,1024,559,1808.8846680237461
2.1482845991052084,1024,560,2199.8434294837334
2.4311929481051173,1024,561,2489.54157885964
2.321457431201658,1024,562,2377.172409550498
2.5210925790836747,1024,563,2581.598800981683
2.847337934706026,1024,564,2915.6740451389705
3.265345999939658,1024,565,3343.71430393821
3.1920200040183175,1024,566,3268.628484114757
3.053959863643982,1024,567,3127.2549003714375
3.3168485205532114,1024,568,3396.4528850464885
2.967161027913022,1024,569,3038.3728925829346
3.130963518240108,1024,570,3206.1066426778707
2.9885718347538948,1024,571,3060.2975587879882
3.205586346398121,1024,572,3282.520418711676
3.2875716807903252,1024,573,3366.473401129293
3.0225247582943027,1024,574,3095.065352493366
2.600657116935629,1024,575,2663.0728877420843
3.4470510003808528,1024,576,3529.7802243899932
2.7442881294813013,1024,577,2810.1510445888525
3.0030415278153693,1024,578,3075.114524482938
2.991832420419712,1024,579,3063.636398509785
3.027394574807186,1024,580,3100.0520446025585
2.946259101654981,1024,581,3016.9693200947004
3.1683776040092972,1024,582,3244.4186665055204
2.9502602226137142,1024,583,3021.0664679564434
2.9239629168691152,1024,584,2994.138026873974
3.290407343737165,1024,585,3369.377119986857
3.1153586645351155,1024,586,3190.127272483958
2.7704699980371004,1024,587,2836.961277989991
3.6549097467451475,1024,588,3742.627580667031
3.423078224755521,1024,589,3505.2321021496537
3.702093439703617,1024,590,3790.943682256504
3.5904745106175824,1024,591,3676.6458988724044
3.53965481199225,1024,592,3624.606527480064
3.7796910886566337,1024,593,3870.403674784393
3.6769363522061553,1024,594,3765.182824659103
2.839009512887955,1024,595,2907.145741197266
2.997062789412581,1024,596,3068.992296358483
3.3717734186080577,1024,597,3452.695980654651
3.1708738077522867,1024,598,3246.9747791383415
3.243503384713108,1024,599,3321.3474659462227
2.984772247167143,1024,600,3056.4067810991546
2.9557904119746663,1024,601,3026.7293818620583
3.489324170903359,1024,602,3573.0679510050395
3.7804162144183238,1024,603,3871.1462035643635
3.090125751098025,1024,604,3164.2887691243777
3.1122547235473377,1024,605,3186.948836912474
3.1167776645230276,1024,606,3191.5803284715803
2.8837862225819535,1024,607,2952.9970919239204
2.920038755728985,1024,608,2990.1196858664807
2.9757104573378683,1024,609,3047.127508313977
3.0804533790526385,1024,610,3154.384260149902
2.7252237991661232,1024,611,2790.62917034611
2.6661099270380646,1024,612,2730.096565286978
2.583039208539631,1024,613,2645.0321495445824
2.3633799711975314,1024,614,2420.101090506272
2.3885027951419193,1024,615,2445.8268622253254
3.100309891865095,1024,616,3174.717329269857
2.749295062848433,1024,617,2815.2781443567956
3.0507717616916175,1024,618,3123.9902839722163
3.1248186871045878,1024,619,3199.814335595098
2.9564772553671617,1024,620,3027.4327094959735
2.9810937891587628,1024,621,3052.640040098573
2.813107076066359,1024,622,2880.6216458919516
2.4944729914899906,1024,623,2554.3403432857504
2.547020344398753,1024,624,2608.148832664323
3.3244320976641006,1024,625,3404.218468008039
3.4652593641221756,1024,626,3548.425588861108
3.308709774847074,1024,627,3388.1188094434037
2.871974875910995,1024,628,2940.902272932859
3.096558353030062,1024,629,3170.8757535027835
3.241588124598934,1024,630,3319.3862395893084
3.0174198001273567,1024,631,3089.837875330413
3.526509940737128,1024,632,3611.146179314819
3.7336623396929554,1024,633,3823.2702358455863
3.3186812389574385,1024,634,3398.329588692417
2.9818013910766723,1024,635,3053.3646244625124
3.3617514443314462,1024,636,3442.433478995401
3.711623941887183,1024,637,3800.702916492475
3.6182010281291923,1024,638,3705.037852804293
3.4824318896832125,1024,639,3566.0102550356096
3.0221855689966333,1024,640,3094.7180226525525
3.2524386322521934,1024,641,3330.497159426246
2.676556257130386,1024,642,2740.7936073015153
3.1156067030310055,1024,643,3190.3812639037496
2.7995030341306943,1024,644,2866.691106949831
2.584478714815205,1024,645,2646.50620397077
3.0868182903858497,1024,646,3160.90192935511
2.5002656457269,1024,647,2560.2720212243457
2.8115594787793725,1024,648,2879.0369062700775
3.1832173435233813,1024,649,3259.6145597679424
3.396110199185859,1024,650,3477.6168439663197
3.5038034361402026,1024,651,3587.8947186075675
3.4104547816629633,1024,652,3492.3056964228745
3.156237180126716,1024,653,3231.9868724497574
3.52775803893336,1024,654,3612.4242318677607
3.2861097820676903,1024,655,3364.976416837315
3.592736745947377,1024,656,3678.962427850114
3.2715696990941012,1024,657,3350.0873718723597
2.5874042708434715,1024,658,2649.501973343715
3.233910167410045,1024,659,3311.524011427886
3.481625563761,1024,660,3565.184577291264
3.249859699946356,1024,661,3327.8563327450684
3.318414820957031,1024,662,3398.0567766599997
2.5171882369403846,1024,663,2577.600754626954
2.7093175983197924,1024,664,2774.3412206794674
3.444334081090167,1024,665,3526.998099036331
3.2819531888612232,1024,666,3360.7200653938926
3.39124333694312,1024,667,3472.6331770297547
2.8056303983516955,1024,668,2872.965527912136
3.239146898501872,1024,669,3316.886424065917
2.7512932380314226,1024,670,2817.3242757441767
3.003553618941325,1024,671,3075.638905795917
3.001355292278673,1024,672,3073.387819293361
3.1138625156268773,1024,673,3188.5952160019224
3.1234237143641543,1024,674,3198.385883508894
2.929084886513877,1024,675,2999.38292379021
2.908469456637885,1024,676,2978.2727235971943
3.350262922759242,1024,677,3430.669232905464
3.43638584044254,1024,678,3518.859100613161
3.5872475114150575,1024,679,3673.341451689019
3.592219679711846,1024,680,3678.4329520249303
3.2092097756942337,1024,681,3286.2308103108953
2.3515948416452943,1024,682,2408.0331178447814
2.499908007083185,1024,683,2559.9057992531816
2.782325474763411,1024,684,2849.101286157733
3.4023697155892023,1024,685,3484.026588763343
3.8126499163712424,1024,686,3904.153514364152
2.9834459400337856,1024,687,3055.0486425945965
2.851719863715374,1024,688,2920.161140444543
2.8947611408526086,1024,689,2964.235408233071
2.7237748088655422,1024,690,2789.1454042783153
3.0157946685555466,1024,691,3088.1737406008797
1.8974680985424754,1024,692,1943.0073329074949
3.3332966562659294,1024,693,3413.2957760163117
3.6056397875250923,1024,694,3692.1751424256945
2.740655431076931,1024,695,2806.431161422777
2.9689241491252165,1024,696,3040.1783287042217
2.9652358943032393,1024,697,3036.401555766517
2.582638979723015,1024,698,2644.6223152363673
2.9943377715447337,1024,699,3066.2018780618073
3.4376994886239913,1024,700,3520.204276350967
2.632256672263722,1024,701,2695.4308323980513
2.6371615589583435,1024,702,2700.4534363733437
2.335563674781085,1024,703,2391.617202975831
2.9771257926175467,1024,704,3048.576811640368
2.763319291427627,1024,705,2829.63895442189
3.099591646142116,1024,706,3173.981845649527
3.3289990250396784,1024,707,3408.8950016406307
3.058774695658789,1024,708,3132.1852883546
2.741489151923787,1024,709,2807.284891569958
3.1715445966738693,1024,710,3247.661666994042
2.9249425441124046,1024,711,2995.1411651711023
3.114513446160153,1024,712,3189.2617688679966
3.1097617624011846,1024,713,3184.396044698813
3.260433431620541,1024,714,3338.683833979434
2.894844650923197,1024,715,2964.320922545354
2.919999128154771,1024,716,2990.0791072304855
2.3061777361349716,1024,717,2361.526001802211
1.236108319782435,1024,718,1265.7749194572134
2.774294701935986,1024,719,2840.8777747824497
3.3911155883421884,1024,720,3472.502362462401
3.3900573694632072,1024,721,3471.418746330324
2.8141495207988783,1024,722,2881.6891092980513
2.9548255308255165,1024,723,3025.741343565329
3.162275362602525,1024,724,3238.1699713049857
2.906121633703931,1024,725,2975.868552912825
2.9694963287525242,1024,726,3040.764240642585
2.326912709473328,1024,727,2382.758614500688
2.8848475397865627,1024,728,2954.08388074144
3.343485045680495,1024,729,3423.728686776827
3.2778765734523887,1024,730,3356.545611215246
3.448589963718028,1024,731,3531.356122847261
3.3115992683122073,1024,732,3391.0776507517003
3.1798063430770895,1024,733,3256.1216953109397
3.122053229171181,1024,734,3196.9825066712892
3.0706310971352746,1024,735,3144.326243466521
3.073835406757695,1024,736,3147.6074565198796
2.9184916175471756,1024,737,2988.535416368308
3.370945670811139,1024,738,3451.8483669106063
3.38159181633182,1024,739,3462.750019923784
2.3050182949370175,1024,740,2360.338734015506
3.446523093102428,1024,741,3529.2396473368863
3.018910877487663,1024,742,3091.364738547367
3.11663079129832,1024,743,3191.4299302894797
3.064371914622086,1024,744,3137.916840573016
3.0949277938511983,1024,745,3169.206060903627
3.172965035629929,1024,746,3249.116196485047
3.174608241056003,1024,747,3250.798838841347
3.166564627330735,1024,748,3242.5621783866727
3.1014233939161784,1024,749,3175.8575553701667
3.170093392426267,1024,750,3246.1756338444975
2.8400303317297286,1024,751,2908.191059691242
2.8683112899527146,1024,752,2937.1507609115797
2.5868963927038635,1024,753,2648.9819061287562
3.1845455174913724,1024,754,3260.9746099111653
2.7695238065054752,1024,755,2835.9923778616067
3.1498067923969417,1024,756,3225.4021554144683
3.0074100918965634,1024,757,3079.587934102081
3.0052046642613846,1024,758,3077.329576203658
3.172622505271889,1024,759,3248.765445398414
3.1304404605597966,1024,760,3205.5710316132318
3.5456361601223776,1024,761,3630.7314279653147
3.00009721245695,1024,762,3072.099545555917
3.2759022171937033,1024,763,3354.523870406352
3.1330965565510382,1024,764,3208.290873908263
3.1403481711705297,1024,765,3215.7165272786224
3.2117382846010116,1024,766,3288.820003431436
3.4837709950542717,1024,767,3567.381498935574
3.433864579507315,1024,768,3516.2773294154904
3.292203043901715,1024,769,3371.215916955356
2.9962633503457106,1024,770,3068.1736707540076
3.347571709047024,1024,771,3427.9134300641526
3.494538545183591,1024,772,3578.4074702679973
2.6074320782193467,1024,773,2670.010448096611
2.2354041148939814,1024,774,2289.053813651437
2.094462447500973,1024,775,2144.7295462409966
2.558264420678043,1024,776,2619.662766774316
3.492236389024754,1024,777,3576.050062361348
3.4943631638891652,1024,778,3578.227879822505
2.3923989155205163,1024,779,2449.8164894930087
2.1522742532663415,1024,780,2203.9288353447337
1.835011990292287,1024,781,1879.052278059302
2.5814501855984417,1024,782,2643.4049900528044
3.1187927429353977,1024,783,3193.643768765847
2.4129883781552053,1024,784,2470.90009923093
2.6299404328844957,1024,785,2693.0590032737236
4.307059315716913,1024,786,4410.428739294119
3.8659893006137054,1024,787,3958.7730438284343
3.5645126109027103,1024,788,3650.0609135643754
3.0500080900479816,1024,789,3123.208284209133
2.71355823283875,1024,790,2778.68363042688
2.209806633699259,1024,791,2262.841992908041
2.6421740336367705,1024,792,2705.586210444053
3.26754061248149,1024,793,3345.9615871810456
2.7969193813962505,1024,794,2864.0454465497605
2.7166064227247126,1024,795,2781.8049768701057
2.8694730904010353,1024,796,2938.34044457066
2.8793223755269706,1024,797,2948.426112539618
3.043851139715379,1024,798,3116.903567068548
3.2287341934634792,1024,799,3306.2238141066027
3.0522264393597496,1024,800,3125.4798739043836
3.3366082835872817,1024,801,3416.6868823933764
3.5765518843671913,1024,802,3662.389129592004
3.2338858224124607,1024,803,3311.4990821503598
3.4345160362160527,1024,804,3516.944421085238
2.825956338949652,1024,805,2893.7792910844437
2.976738230061498,1024,806,3048.179947582974
3.4146267745003804,1024,807,3496.5778170883896
2.8954610495226945,1024,808,2964.952114711239
2.583291082017901,1024,809,2645.2900679863305
2.5690778189737458,1024,810,2630.7356866291157
3.0923615072684356,1024,811,3166.578183442878
3.0293179922222535,1024,812,3102.0216240355876
3.076475956096628,1024,813,3150.311379042947
3.0393367425379623,1024,814,3112.2808243588734
2.80878793477153,1024,815,2876.198845206047
2.802933809313048,1024,816,2870.204220736561
3.1288960451870054,1024,817,3203.9895502714935
2.7865416026186267,1024,818,2853.4186010814738
3.2906722959096015,1024,819,3369.648431011432
3.107502206702563,1024,820,3182.0822596634243
3.1919940134400235,1024,821,3268.601869762584
3.179353586229709,1024,822,3255.658072299222
2.8935994861623016,1024,823,2963.045873830197
3.137449231905407,1024,824,3212.748013471137
3.3142113377133455,1024,825,3393.752409818466
3.601926087032666,1024,826,3688.37231312145
3.412323444504949,1024,827,3494.219207173068
3.4124010974946666,1024,828,3494.2987238345386
3.541005397498452,1024,829,3625.989527038415
2.633518543191663,1024,830,2696.7229882282627
3.045061263836658,1024,831,3118.1427341687377
3.0879412087124187,1024,832,3162.051797721517
2.8974870905212313,1024,833,2967.026780693741
3.3371294364044175,1024,834,3417.2205428781235
3.2566481542952204,1024,835,3334.8077099983057
3.290138877524633,1024,836,3369.1022105852244
3.438823116290557,1024,837,3521.3548710815303
3.046748870180352,1024,838,3119.8708430646802
2.9925642329387863,1024,839,3064.385774529317
2.672084930474938,1024,840,2736.2149688063364
2.8920310322889833,1024,841,2961.439777063919
2.811520126222028,1024,842,2878.996609251357
3.0343937652579385,1024,843,3107.219215624129
2.4784929046990527,1024,844,2537.97673441183
2.866480086734896,1024,845,2935.2756088165333
3.182912149537392,1024,846,3259.3020411262896
2.971597307297145,1024,847,3042.9156426722766
2.847450271014239,1024,848,2915.7890775185806
3.210602094901162,1024,849,3287.65654517879
2.957181149521439,1024,850,3028.1534971099536
2.932422603778683,1024,851,3002.8007462693713
3.322077649272238,1024,852,3401.8075128547716
3.8672817098974406,1024,853,3960.096470934979
3.124471470218907,1024,854,3199.458785504161
3.0095603558973085,1024,855,3081.789804438844
3.2006439479958875,1024,856,3277.4594027477888
3.491538336497797,1024,857,3575.335256573744
3.3519516863565286,1024,858,3432.3985268290853
2.985770262266726,1024,859,3057.4287485611276
2.883262415361429,1024,860,2952.4607133301033
3.308367235543784,1024,861,3387.768049196835
3.0404983021464105,1024,862,3113.4702613979243
3.2364203741257143,1024,863,3314.0944631047314
3.007790677234995,1024,864,3079.977653488635
3.119338567949981,1024,865,3194.2026935807808
3.7959063187395117,1024,866,3887.00807038926
3.592757859434812,1024,867,3678.9840480612474
2.5175144662541697,1024,868,2577.93481344427
3.0309543436631543,1024,869,3103.69724791107
3.4582991898901057,1024,870,3541.298370447468
3.179195886137606,1024,871,3255.4965874049085
3.14890782795473,1024,872,3224.4816158256435
2.996201447286296,1024,873,3068.110282021167
3.3708570360431622,1024,874,3451.757604908198
3.3753360890333397,1024,875,3456.34415517014
3.502803633801612,1024,876,3586.870921012851
3.4236695384849867,1024,877,3505.8376074086264
2.9812752143124044,1024,878,3052.825819455902
3.0705178218582887,1024,879,3144.2102495828876
2.97061028417788,1024,880,3041.904930998149
3.642205067884909,1024,881,3729.6179895141468
3.1980684543173545,1024,882,3274.822097220971
3.229446849216231,1024,883,3306.9535735974205
2.877979918357653,1024,884,2947.0514363982365
3.000465724978085,1024,885,3072.476902377559
2.853080716969088,1024,886,2921.554654176346
2.8712957547911966,1024,887,2940.2068529061853
2.9235881462443842,1024,888,2993.7542617542495
2.7629541039779326,1024,889,2829.265002473403
3.004468781523858,1024,890,3076.576032280431
3.263537211423234,1024,891,3341.8621044973916
2.828451394839,1024,892,2896.334228315136
3.229952506373394,1024,893,3307.4713665263553
2.4355504230811533,1024,894,2494.003633235101
1.9376573777884722,1024,895,1984.1611548553956
3.4458506115651915,1024,896,3528.551026242756
3.0822754812348414,1024,897,3156.2500927844776
3.1677079546092894,1024,898,3243.7329455199124
3.4935991290368804,1024,899,3577.4455081337655
2.4807806472346314,1024,900,2540.3193827682626
2.070352908769479,1024,901,2120.0413785799465
1.6771480769891483,1024,902,1717.3996308368878
1.6846028039195957,1024,903,1725.033271213666
2.776612431271438,1024,904,2843.2511296219527
1.8114957285887288,1024,905,1854.9716260748582
0.6869621347299955,1024,906,703.4492259635153
1.6869528705520693,1024,907,1727.439739445319
1.5758605508185468,1024,908,1613.681204038192
2.1977354448601787,1024,909,2250.481095536823
2.5808435007846526,1024,910,2642.7837448034843
2.63113840971533,1024,911,2694.285731548498
2.8159830170509963,1024,912,2883.56660946022
2.6586870228086426,1024,913,2722.49551135605
2.8364134035078923,1024,914,2904.4873251920817
2.960584245151445,1024,915,3031.6382670350795
3.110441021140266,1024,916,3185.0916056476326
3.155333580146646,1024,917,3231.0615860701655
3.2294809835082745,1024,918,3306.988527112473
3.144446304773325,1024,919,3219.913016087885
3.7289931287199067,1024,920,3818.4889638091845
3.0950047087975037,1024,921,3169.2848218086438
2.7307759378829815,1024,922,2796.314560392173
2.9415101651807927,1024,923,3012.1064091451317
3.1379801637753033,1024,924,3213.2916877059106
3.1321411510334656,1024,925,3207.3125386582687
3.3204089419677985,1024,926,3400.0987565750256
2.9329401613733808,1024,927,3003.330725246342
2.867232670399744,1024,928,2936.046254489338
3.1237900530902323,1024,929,3198.761014364398
3.0309172153066584,1024,930,3103.659228474018
2.390611840723521,1024,931,2447.9865249008853
2.8003314839239835,1024,932,2867.539439538159
2.9489501510015828,1024,933,3019.7249546256207
3.305432213425595,1024,934,3384.7625865478094
2.7893351260034365,1024,935,2856.279169027519
3.0850739521706387,1024,936,3159.115727022734
3.2006298612087107,1024,937,3277.44497787772
2.8659147530572113,1024,938,2934.6967071305844
3.8013777065060594,1024,939,3892.610771462205
3.8793733032132423,1024,940,3972.47826249036
2.906235010754312,1024,941,2975.9846510124153
2.8104501904097674,1024,942,2877.900994979602
3.6068440835500866,1024,943,3693.4083415552886
2.768292343180221,1024,944,2834.731359416546
3.04259546385164,1024,945,3115.6177549840795
3.3469845205371485,1024,946,3427.31214903004
2.9834480965708536,1024,947,3055.050850888554
3.057133074090906,1024,948,3130.504267869088
3.4376655792304973,1024,949,3520.1695531320293
3.241308452857993,1024,950,3319.099855726585
3.164624808968881,1024,951,3240.5758043841342
2.699850627536655,1024,952,2764.647042597535
3.071079056292554,1024,953,3144.784953643575
2.996929376394199,1024,954,3068.85568142766
2.9471562405649365,1024,955,3017.887990338495
3.1154884837327472,1024,956,3190.260207342333
3.202296236799242,1024,957,3279.151346482424
3.02655981257395,1024,958,3099.197248075725
3.0021541073593667,1024,959,3074.2058059359915
3.303141246910979,1024,960,3382.4166368368424
3.1300738792912455,1024,961,3205.1956523942354
2.5550000145756826,1024,962,2616.320014925499
2.7472231917248564,1024,963,2813.156548326253
2.8342511430172834,1024,964,2902.2731704496982
2.960334089443336,1024,965,3031.382107589976
3.303665506055097,1024,966,3382.9534782004193
3.451320206792195,1024,967,3534.1518917552075
3.0584009086603032,1024,968,3131.8025304681505
3.230958623051265,1024,969,3308.5016300044954
2.991558374516501,1024,970,3063.355775504897
3.114452724791928,1024,971,3189.199590186934
3.198222051236314,1024,972,3274.9793804659857
3.0230587310578585,1024,973,3095.612140603247
3.53775502876951,1024,974,3622.6611494599783
2.9687370562190267,1024,975,3039.9867455682834
3.0400174827534485,1024,976,3112.9779023395313
2.4683646482108657,1024,977,2527.6053997679264
2.6558651121614503,1024,978,2719.605874853325
2.4868106623128767,1024,979,2546.4941182083858
2.791732246198677,1024,980,2858.7338201074454
3.1779912527544667,1024,981,3254.263042820574
3.411170076080964,1024,982,3493.038157906907
3.632668067753386,1024,983,3719.852101379467
3.37598424931571,1024,984,3457.007871299287
3.6752066022440886,1024,985,3763.4115606979467
3.664242390888262,1024,986,3752.1842082695803
3.2156511657198266,1024,987,3292.8267936971024
3.192267077267715,1024,988,3268.8814871221402
2.985122229733527,1024,989,3056.7651632471316
2.981204069630129,1024,990,3052.7529673012523
3.023729529659448,1024,991,3096.299038371275
3.0271088588318555,1024,992,3099.75947144382
3.074468668436687,1024,993,3148.2559164791674
2.9713428875529644,1024,994,3042.6551168542355
2.8923289043988234,1024,995,2961.744798104395
2.9136745607713976,1024,996,2983.602750229911
3.015435424396106,1024,997,3087.8058745816124
3.0438872421277665,1024,998,3116.940535938833
2.9352422866423282,1024,999,3005.688101521744
3.066504604222934,1024,1000,3140.1007147242844
2.765724913044199,1024,1001,2832.1023109572598
2.928425569110388,1024,1002,2998.7077827690373
3.1556122899282286,1024,1003,3231.346984886506
2.7269659076836774,1024,1004,2792.4130894680857
2.748494702082752,1024,1005,2814.458574932738
2.9033023998630085,1024,1006,2972.9816574597207
2.90408894307879,1024,1007,2973.787077712681
2.99785109007901,1024,1008,3069.799516240906
3.0353578891903368,1024,1009,3108.206478530905
2.8501576251560934,1024,1010,2918.5614081598396
2.8301103568102945,1024,1011,2898.0330053737416
2.8811584940710304,1024,1012,2950.306297928735
2.93189238602929,1024,1013,3002.2578032939928
2.850361825421942,1024,1014,2918.7705092320684
2.9630359872008576,1024,1015,3034.148850893678
2.8639923860795307,1024,1016,2932.7282033454394
2.9023049940356316,1024,1017,2971.9603138924867
2.734152668847287,1024,1018,2799.7723328996217
3.0558130597972877,1024,1019,3129.1525732324226
2.2010518317157306,1024,1020,2253.877075676908
2.794724844060397,1024,1021,2861.7982403178466
2.758365388203501,1024,1022,2824.566157520385
2.864790850545134,1024,1023,2933.5458309582173
3.386345169343425,1024,1024,3467.617453407667
2.6391950431045217,1024,1025,2702.53572413903
3.062771338285117,1024,1026,3136.2778504039597
2.611249377113637,1024,1027,2673.9193621643644
2.906142925253235,1024,1028,2975.8903554593126
3.2195562959150266,1024,1029,3296.825647016987
3.043496264178266,1024,1030,3116.5401745185445
2.7892061409163276,1024,1031,2856.1470882983194
3.001367941872047,1024,1032,3073.4007724769763
2.788544980042122,1024,1033,2855.470059563133
2.527285805181908,1024,1034,2587.9406645062736
2.7849453988129085,1024,1035,2851.7840883844183
3.011098479139463,1024,1036,3083.36484263881
2.69059264098577,1024,1037,2755.1668643694284
2.793274520555242,1024,1038,2860.3131090485676
2.666955001573978,1024,1039,2730.9619216117535
3.040735172760577,1024,1040,3113.712816906831
2.907125283893807,1024,1041,2976.8962907072582
2.8872566849081416,1024,1042,2956.550845345937
2.5846020672040844,1024,1043,2646.6325168169824
2.925102354662066,1024,1044,2995.3048111739554
3.046706398782291,1024,1045,3119.827352353066
3.1200370843599288,1024,1046,3194.917974384567
2.870553357772831,1024,1047,2939.446638359379
2.8938656289170055,1024,1048,2963.3184040110136
3.145513511115876,1024,1049,3221.005835382657
3.6899075920448094,1024,1050,3778.465374253885
3.295301055825121,1024,1051,3374.3882811649237
1.441149350990223,1024,1052,1475.7369354139882
3.0272981434711426,1024,1053,3099.95329891445
2.5193953068475423,1024,1054,2579.8607942118833
2.839009538608317,1024,1055,2907.1457675349166
3.4359597548852605,1024,1056,3518.4227890025068
3.576284798029448,1024,1057,3662.115633182155
2.748137591598141,1024,1058,2814.0928937964964
2.7471125619241263,1024,1059,2813.0432634103054
3.087260941293941,1024,1060,3161.3552038849957
2.8089917319037294,1024,1061,2876.407533469419
3.268053341236989,1024,1062,3346.4866214266767
2.702915451937434,1024,1063,2767.7854227839325
3.362844800212315,1024,1064,3443.5530754174106
2.5978835704089285,1024,1065,2660.2327760987428
2.5831957288526475,1024,1066,2645.192426345111
3.188764122382871,1024,1067,3265.29446132006
2.9621556776703706,1024,1068,3033.2474139344595
3.4912714786898427,1024,1069,3575.061994178399
3.3046575162597662,1024,1070,3383.9692966500006
2.9490808877939116,1024,1071,3019.8588291009655
2.960043585379527,1024,1072,3031.0846314286355
2.244165062916256,1024,1073,2298.025024426246
1.8731651911671374,1024,1074,1918.1211557551487
2.3388642493803875,1024,1075,2394.996991365517
2.8418158277706382,1024,1076,2910.0194076371336
2.1413570452735717,1024,1077,2192.7496143601375
2.3493523882749336,1024,1078,2405.736845593532
2.3942642684458555,1024,1079,2451.726610888556
2.8799202567398297,1024,1080,2949.0383429015856
2.973004619900962,1024,1081,3044.356730778585
2.909376116074,1024,1082,2979.201142859776
3.025885816676311,1024,1083,3098.5070762765426
3.135573030316152,1024,1084,3210.82678304374
2.6674782648871087,1024,1085,2731.4977432443993
3.6371459128098333,1024,1086,3724.4374147172693
3.1896926063137396,1024,1087,3266.2452288652694
2.320152105835305,1024,1088,2375.8357563753525
2.4360794938579318,1024,1089,2494.545401710522
0.3595623816339657,1024,1090,368.1918787931809
0.9295251239314481,1024,1091,951.8337269058029
1.298107928301846,1024,1092,1329.2625185810903
1.9392393966616126,1024,1093,1985.7811421814913
2.9721430068237993,1024,1094,3043.4744389875705
2.9890397474333685,1024,1095,3060.7767013717694
3.0235842440167033,1024,1096,3096.150265873104
3.3282254816192705,1024,1097,3408.102893178133
2.7920786200672296,1024,1098,2859.088506948843
3.1082098449249997,1024,1099,3182.8068812031997
2.8714884925234685,1024,1100,2940.4042163440317
2.6424406143614476,1024,1101,2705.8591891061224
2.884783850130418,1024,1102,2954.018662533548
3.334934257995485,1024,1103,3414.9726801873767
3.199723360834355,1024,1104,3276.5167214943795
2.916937733160097,1024,1105,2986.9442387559393
3.5517481698561255,1024,1106,3636.9901259326725
3.4922732758562347,1024,1107,3576.0878344767843
3.620628560161663,1024,1108,3707.5236456055427
3.5821424397739747,1024,1109,3668.11385832855
3.1810311792483574,1024,1110,3257.375927550318
3.258616914425261,1024,1111,3336.823720371467
2.602800008273668,1024,1112,2665.2672084722362
3.135933676768204,1024,1113,3211.1960850106407
2.718289733586749,1024,1114,2783.528687192831
3.1528060992434064,1024,1115,3228.473445625248
3.192877996693646,1024,1116,3269.5070686142935
3.270009622810079,1024,1117,3348.489853757521
3.2485643389572516,1024,1118,3326.5298830922256
2.7750446808133375,1024,1119,2841.6457531528577
2.997348077694557,1024,1120,3069.2844315592265
3.0770482882649475,1024,1121,3150.897447183306
3.110868417720255,1024,1122,3185.529259745541
3.385772514967975,1024,1123,3467.0310553272066
2.9625050649211566,1024,1124,3033.6051864792644
2.9131818349133667,1024,1125,2983.0981989512875
2.9362485218057355,1024,1126,3006.718486329073
3.2756553793772127,1024,1127,3354.271108482266
3.578440390561198,1024,1128,3664.322959934667
3.7415743505359558,1024,1129,3831.3721349488187
3.4619241078849257,1024,1130,3545.010286474164
3.6408447098577454,1024,1131,3728.2249828943313
3.0910642574625804,1024,1132,3165.2497996416823
3.395473251016142,1024,1133,3476.9646090405295
2.886619087385384,1024,1134,2955.897945482633
2.680927045147591,1024,1135,2745.2692942311332
3.4899418450305006,1024,1136,3573.7004493112327
3.894052930143573,1024,1137,3987.510200467019
3.5527602973731973,1024,1138,3638.026544510154
3.8172897742059604,1024,1139,3908.9047287869034
3.8140215601212546,1024,1140,3905.5580775641647
2.9855253812957443,1024,1141,3057.177990446842
3.2541266293448174,1024,1142,3332.225668449093
2.6582247972075237,1024,1143,2722.0221923405043
2.563639504018761,1024,1144,2625.1668521152114
3.258250234949003,1024,1145,3336.448240587779
2.9768015285373224,1024,1146,3048.244765222218
2.961364822587818,1024,1147,3032.4375783299256
2.8336234449260544,1024,1148,2901.6304076042798
2.6934083626244743,1024,1149,2758.0501633274616
3.067554532825369,1024,1150,3141.175841613178
2.619949687629912,1024,1151,2682.82848013303
3.3236069219264266,1024,1152,3403.373488052661
3.3547998992720807,1024,1153,3435.3150968546106
3.213328812306486,1024,1154,3290.4487038018415
3.1989184857586963,1024,1155,3275.692529416905
3.1393577307734226,1024,1156,3214.7023163119848
3.043575167589186,1024,1157,3116.6209716113262
3.4687798470101647,1024,1158,3552.0305633384087
3.1099216522097706,1024,1159,3184.559771862805
3.059953993923833,1024,1160,3133.392889778005
3.013880512332154,1024,1161,3086.2136446281256
3.342980981540535,1024,1162,3423.2125250975078
3.0562051959480687,1024,1163,3129.5541206508224
2.533830884799542,1024,1164,2594.642826034731
2.7732903841475434,1024,1165,2839.8493533670844
2.918514577020172,1024,1166,2988.5589268686563
2.7887905909953723,1024,1167,2855.7215651792612
2.92076832916635,1024,1168,2990.8667690663424
2.5231610312314956,1024,1169,2583.7168959810515
2.754033170336996,1024,1170,2820.1299664250837
2.7211599292591586,1024,1171,2786.4677675613784
2.994590315384656,1024,1172,3066.4604829538875
3.2228354096055796,1024,1173,3300.1834594361135
2.8318261116685974,1024,1174,2899.789938348644
2.741632104654883,1024,1175,2807.4312751666002
2.856268500492604,1024,1176,2924.8189445044263
2.7225342029729234,1024,1177,2787.8750238442735
2.712439140558047,1024,1178,2777.53767993144
2.577543466397472,1024,1179,2639.4045095910114
2.8261375335091543,1024,1180,2893.964834313374
2.8682276395471717,1024,1181,2937.065102896304
2.6428435497179237,1024,1182,2706.271794911154
2.564819169466432,1024,1183,2626.3748295336263
2.9326166141016756,1024,1184,3002.999412840116
3.1420927076166336,1024,1185,3217.502932599433
3.3013672026643803,1024,1186,3380.6000155283255
3.32401894912163,1024,1187,3403.795403900549
2.8718293060636544,1024,1188,2940.753209409182
3.197380546479094,1024,1189,3274.117679594592
3.7756111292639716,1024,1190,3866.225796366307
3.199654464366182,1024,1191,3276.4461715109705
3.1446828614623996,1024,1192,3220.155250137497
3.2552074529441057,1024,1193,3333.3324318147643
2.8867506155274754,1024,1194,2956.0326303001348
3.2699560141997495,1024,1195,3348.4349585405434
2.9522922325350294,1024,1196,3023.14724611587
3.238944181308483,1024,1197,3316.6788416598865
3.2907585459798607,1024,1198,3369.7367510833774
2.8290690163205117,1024,1199,2896.966672712204
2.9373321145094735,1024,1200,3007.828085257701
3.1409458239777877,1024,1201,3216.3285237532546
2.9352876444371745,1024,1202,3005.7345479036667
3.133465545823263,1024,1203,3208.6687189230215
3.6000814730676893,1024,1204,3686.483428421314
3.312824684520372,1024,1205,3392.332476948861
3.467605914945313,1024,1206,3550.8284569040006
3.519285114903015,1024,1207,3603.7479576606875
3.6594491775719007,1024,1208,3747.2759578336263
3.0944988677999667,1024,1209,3168.766840627166
3.3012268628158576,1024,1210,3380.456307523438
3.0047474181033778,1024,1211,3076.861356137859
2.722366113071411,1024,1212,2787.702899785125
3.2121949655606556,1024,1213,3289.2876447341114
3.2697509964952047,1024,1214,3348.2250204110896
2.9464075786530333,1024,1215,3017.121360540706
2.7818692507111944,1024,1216,2848.634112728263
2.1534585776403805,1024,1217,2205.1415835037496
2.6979498044348027,1024,1218,2762.700599741238
2.687798186645729,1024,1219,2752.3053431252265
2.595907302407503,1024,1220,2658.209077665283
3.07323411098265,1024,1221,3146.9917296462336
2.702930397773912,1024,1222,2767.8007273204857
2.909514735398176,1024,1223,2979.343089047732
2.8910290714013698,1024,1224,2960.4137691150027
2.572949494065682,1024,1225,2634.7002819232584
2.7385100589690516,1024,1226,2804.234300384309
2.7607056980829956,1024,1227,2826.9626348369875
2.948419346670562,1024,1228,3019.1814109906554
3.254278439413449,1024,1229,3332.3811219593717
3.197784437544181,1024,1230,3274.531264045241
3.234274485159176,1024,1231,3311.8970728029963
3.623436109974108,1024,1232,3710.3985766134865
3.112288047169187,1024,1233,3186.9829603012477
2.54485934984576,1024,1234,2605.9359742420584
2.208326568047074,1024,1235,2261.3264056802036
3.1321463445946165,1024,1236,3207.3178568648873
3.400007977073823,1024,1237,3481.608168523595
3.2307960725715645,1024,1238,3308.335178313282
3.071585784424287,1024,1239,3145.30384325047
3.168805180732761,1024,1240,3244.8565050703473
3.278551176766655,1024,1241,3357.2364050090546
2.8050743523214834,1024,1242,2872.396136777199
2.6370504120842213,1024,1243,2700.3396219742426
3.296928747314638,1024,1244,3376.0550372501893
2.717739687834353,1024,1245,2782.9654403423774
2.9119643550575347,1024,1246,2981.8514995789155
2.9318808031255017,1024,1247,3002.2459424005137
3.271711528568943,1024,1248,3350.2326052545977
2.9629707265381384,1024,1249,3034.0820239750537
2.4400537358218273,1024,1250,2498.615025481551
2.3917973037002405,1024,1251,2449.2004389890462
3.115749275845886,1024,1252,3190.527258466187
3.213905434491153,1024,1253,3291.0391649189405
3.170699219954656,1024,1254,3246.796001233568
3.100063800893423,1024,1255,3174.4653321148653
2.537624471647039,1024,1256,2598.527458966568
2.5755393837101437,1024,1257,2637.352328919187
2.58676777082381,1024,1258,2648.8501973235816
2.933252110069681,1024,1259,3003.6501607113532
2.9728584436844585,1024,1260,3044.2070463328855
2.885932327051556,1024,1261,2955.1947029007933
2.7849202743009425,1024,1262,2851.758360884165
2.0463855813383325,1024,1263,2095.4988352904525
1.8224275743155545,1024,1264,1866.1658360991278
1.5745675754396995,1024,1265,1612.3571972502523
3.064582219363359,1024,1266,3138.13219262808
2.667930124638449,1024,1267,2731.960447629772
2.949326959728296,1024,1268,3020.110806761775
2.889161044614518,1024,1269,2958.5009096852664
3.055308931166678,1024,1270,3128.6363455146784
2.511271191977812,1024,1271,2571.5417005852796
2.844112481944224,1024,1272,2912.3711815108854
2.4255184480236416,1024,1273,2483.730890776209
3.0946656882585444,1024,1274,3168.9376647767494
2.8032510142499287,1024,1275,2870.529038591927
2.7717026435649004,1024,1276,2838.223507010458
2.837374592336616,1024,1277,2905.4715825526946
3.2381861257850524,1024,1278,3315.9025928038936
2.9330724752342405,1024,1279,3003.4662146398623
2.769724887091491,1024,1280,2836.198284381687
3.0766981795211894,1024,1281,3150.538935829698
3.303900747814838,1024,1282,3383.194365762394
3.4471883185074788,1024,1283,3529.9208381516582
3.509068386934274,1024,1284,3593.2860282206966
3.2140445889112357,1024,1285,3291.1816590451053
2.837359666454965,1024,1286,2905.4562984498843
2.9804546934717404,1024,1287,3051.985606115062
3.13917561284714,1024,1288,3214.5158275554713
3.1127327779437337,1024,1289,3187.4383646143833
2.902194669540222,1024,1290,2971.8473416091874
2.882894861335515,1024,1291,2952.0843380075676
2.352294639694767,1024,1292,2408.7497110474415
2.9775946962790343,1024,1293,3049.056968989731
3.1585500211460413,1024,1294,3234.3552216535463
2.7191988270276326,1024,1295,2784.459598876296
2.804305446476249,1024,1296,2871.608777191679
3.0579568598152207,1024,1297,3131.347824450786
3.28762206842606,1024,1298,3366.5249980682856
2.9987349994456167,1024,1299,3070.7046394323115
3.2039937053261838,1024,1300,3280.889554254012
3.1219036611259785,1024,1301,3196.829348993002
3.055688579351397,1024,1302,3129.0251052558306
3.132215995328906,1024,1303,3207.3891792167997
2.923780943336503,1024,1304,2993.951685976579
3.2903674876076963,1024,1305,3369.336307310281
3.2593575962880834,1024,1306,3337.5821785989974
2.9601318665154395,1024,1307,3031.17503131181
3.149789596870299,1024,1308,3225.3845471951863
2.430635454664259,1024,1309,2488.970705576201
2.37192245534275,1024,1310,2428.848594270976
3.218274797155072,1024,1311,3295.5133922867935
3.4298396808362384,1024,1312,3512.155833176308
2.888640613598829,1024,1313,2957.967988325201
2.7896069324765094,1024,1314,2856.5574988559456
2.638406677624424,1024,1315,2701.72843788741
2.685632503567547,1024,1316,2750.087683653168
3.531070498502686,1024,1317,3615.8161904667504
3.420129737459426,1024,1318,3502.2128511584524
2.98540013376266,1024,1319,3057.0497369729637
2.8791418165692235,1024,1320,2948.241220166885
3.010604869469887,1024,1321,3082.8593863371643
3.2459979049228593,1024,1322,3323.901854641008
3.2587244270232816,1024,1323,3336.9338132718403
3.1454249737030864,1024,1324,3220.9151730719605
2.7173331550077613,1024,1325,2782.5491507279476
3.0352989201959883,1024,1326,3108.146094280692
3.1585714457864285,1024,1327,3234.3771604853027
2.9878899966753067,1024,1328,3059.599356595514
2.6515559397652364,1024,1329,2715.193282319602
3.2656045338353294,1024,1330,3343.9790426473774
2.7507043726293787,1024,1331,2816.721277572484
3.2059347199966783,1024,1332,3282.8771532765986
3.3721987267032816,1024,1333,3453.1314961441603
3.1389424170673266,1024,1334,3214.2770350769424
2.9135784698648415,1024,1335,2983.5043531415977
2.700427076598203,1024,1336,2765.2373264365597
2.890790785247205,1024,1337,2960.169764093138
2.806705253672251,1024,1338,2874.0661797603852
2.886055302397139,1024,1339,2955.3206296546705
3.0615799926387837,1024,1340,3135.0579124621145
3.174028023146292,1024,1341,3250.204695701803
3.3061003598454874,1024,1342,3385.446768481779
3.046068582232728,1024,1343,3119.1742282063133
3.192186241596346,1024,1344,3268.7987113946583
2.3920781636111954,1024,1345,2449.488039537864
3.181841819728078,1024,1346,3258.2060234015516
2.862432042812806,1024,1347,2931.130411840313
2.645988023584458,1024,1348,2709.491736150485
3.3426399619866913,1024,1349,3422.863321074372
3.1062700719732845,1024,1350,3180.8205537006434
2.5647997625728465,1024,1351,2626.354956874595
3.4392301994364374,1024,1352,3521.771724222912
2.834058395585032,1024,1353,2902.075797079073
2.6884389370483746,1024,1354,2752.9614715375355
3.0319610859084953,1024,1355,3104.728151970299
3.260581746826844,1024,1356,3338.8357087506884
3.8385305445038966,1024,1357,3930.65527757199
3.3756352160103233,1024,1358,3456.650461194571
3.34711682921953,1024,1359,3427.447633120799
3.5905232261185347,1024,1360,3676.6957835453795
2.8587444570965204,1024,1361,2927.354324066837
3.622391389138329,1024,1362,3709.328782477649
2.725476292321815,1024,1363,2790.887723337539
3.5233029026605998,1024,1364,3607.862172324454
2.3846814406514056,1024,1365,2441.9137952270394
2.936981265976385,1024,1366,3007.4688163598184
2.8027488826401132,1024,1367,2870.014855823476
2.706054921463223,1024,1368,2771.0002395783404
3.095338540474863,1024,1369,3169.6266654462597
3.1713394915681192,1024,1370,3247.451639365754
3.112265255861189,1024,1371,3186.9596220018575
2.943494697611868,1024,1372,3014.138570354553
2.9795951316558558,1024,1373,3051.1054148155963
2.922864547176758,1024,1374,2993.013296309
4.126814144754803,1024,1375,4225.8576842289185
3.701419623094665,1024,1376,3790.253694048937
3.7497576572611138,1024,1377,3839.7518410353805
3.962163818853284,1024,1378,4057.255750505763
3.360504281915933,1024,1379,3441.1563846819154
3.011998745425956,1024,1380,3084.2867153161787
2.837373433997861,1024,1381,2905.47039641381
3.2380207286871325,1024,1382,3315.7332261756237
2.7788736739294144,1024,1383,2845.5666421037204
3.3339579560688435,1024,1384,3413.9729470144957
3.131117567662031,1024,1385,3206.2643892859196
3.0282929194172823,1024,1386,3100.971949483297
3.0801130402518844,1024,1387,3154.0357532179296
3.094802927026514,1024,1388,3169.07819727515
3.1859333627672015,1024,1389,3262.3957634736144
2.932710764445943,1024,1390,3003.095822792646
3.2746801276012576,1024,1391,3353.272450663688
3.206045924127423,1024,1392,3282.991026306481
2.7907307756942146,1024,1393,2857.7083143108757
2.9889055018291444,1024,1394,3060.639233873044
3.3342320040989506,1024,1395,3414.2535721973254
3.2100993443459913,1024,1396,3287.141728610295
3.2964121662253376,1024,1397,3375.5260582147457
3.29541813714512,1024,1398,3374.5081724366028
3.1792135579081133,1024,1399,3255.514683297908
2.9556078627036513,1024,1400,3026.542451408539
3.092444109544317,1024,1401,3166.6627681733808
2.640585829682786,1024,1402,2703.959889595173
2.8249509033822733,1024,1403,2892.749725063448
2.751817370234324,1024,1404,2817.860987119948
3.116740768008345,1024,1405,3191.5425464405453
2.918841963007493,1024,1406,2988.8941701196727
3.0787726607021995,1024,1407,3152.6632045590522
3.2639383312338452,1024,1408,3342.2728511834575
3.6759124751085324,1024,1409,3764.134374511137
4.000461430762471,1024,1410,4096.47250510077
3.8258088956590086,1024,1411,3917.628309154825
3.704805291133937,1024,1412,3793.7206181211513
3.6226576543523166,1024,1413,3709.601438056772
3.284306033165066,1024,1414,3363.129377961028
3.6212654301048133,1024,1415,3708.175800427329
3.9002447859856204,1024,1416,3993.8506608492753
3.58013499016522,1024,1417,3666.0582299291855
2.755619363712583,1024,1418,2821.754228441685
3.8806221120196938,1024,1419,3973.7570427081664
3.344236902506964,1024,1420,3424.498588167131
3.0195407705471666,1024,1421,3092.0097490402986
3.389228415310246,1024,1422,3470.569897277692
3.1936561019953693,1024,1423,3270.303848443258
2.744316033503253,1024,1424,2810.179618307331
2.7422548856770987,1024,1425,2808.069002933349
2.492747127314807,1024,1426,2552.5730583703626
2.4601326445739318,1024,1427,2519.175828043706
2.971092478005928,1024,1428,3042.39869747807
2.5992792242159197,1024,1429,2661.661925597102
3.1852868619845935,1024,1430,3261.733746672224
3.3245527201118534,1024,1431,3404.341985394538
2.6353625532045157,1024,1432,2698.611254481424
2.9534676523751173,1024,1433,3024.35087603212
3.3058807474514538,1024,1434,3385.2218853902887
2.817091076985861,1024,1435,2884.7012628335215
3.0892122166609113,1024,1436,3163.353309860773
2.9065456484536902,1024,1437,2976.302744016579
3.0123474659965055,1024,1438,3084.6438051804216
3.1618281934993746,1024,1439,3237.7120701433596
3.340439145943538,1024,1440,3420.609685446183
3.5821543300289704,1024,1441,3668.1260339496657
2.8707389242375143,1024,1442,2939.6366584192147
3.2812053854735694,1024,1443,3359.954314724935
3.0318421525147627,1024,1444,3104.606364175117
3.460937292703676,1024,1445,3543.999787728564
3.1364778520255356,1024,1446,3211.7533204741485
3.2346872464939906,1024,1447,3312.3197404098464
3.4151614077605075,1024,1448,3497.1252815467597
3.004272320633362,1024,1449,3076.3748563285626
3.1392303776195813,1024,1450,3214.5719066824513
3.124270434490768,1024,1451,3199.2529249185463
3.7477771828792257,1024,1452,3837.723835268327
3.553767047211977,1024,1453,3639.0574563450646
3.5906498512133567,1024,1454,3676.8254476424772
3.1397733503543286,1024,1455,3215.1279107628325
3.337341854564528,1024,1456,3417.4380590740766
3.494627550255302,1024,1457,3578.4986114614294
3.713233939139677,1024,1458,3802.351553679029
3.017423979349296,1024,1459,3089.842154853679
3.0207939178479677,1024,1460,3093.292971876319
3.0353131368186457,1024,1461,3108.160652102293
2.464168608870132,1024,1462,2523.308655483015
2.7649058841584377,1024,1463,2831.2636253782402
2.969705913406429,1024,1464,3040.9788553281833
4.052035403815726,1024,1465,4149.284253507303
3.3301037239834272,1024,1466,3410.0262133590295
3.054319230008545,1024,1467,3127.62289152875
2.7465019128678136,1024,1468,2812.417958776641
2.8732741780716466,1024,1469,2942.232758345366
2.8319807180941723,1024,1470,2899.9482553284324
2.859818876515263,1024,1471,2928.454529551629
3.4122553599934093,1024,1472,3494.149488633251
2.6192598669423717,1024,1473,2682.1221037489886
3.1359948577973142,1024,1474,3211.25873438445
2.9387775575961363,1024,1475,3009.3082189784436
2.950945854507113,1024,1476,3021.7685550152837
3.1018496485384084,1024,1477,3176.29404010333
3.324423693446988,1024,1478,3404.209862089716
2.9601712579543076,1024,1479,3031.215368145211
2.6739562811082322,1024,1480,2738.13123185483
2.249490180976437,1024,1481,2303.4779453198717
2.8866200089548855,1024,1482,2955.8988891698027
2.384959032399334,1024,1483,2442.198049176918
3.0698853736463914,1024,1484,3143.5626226139048
3.3225843767450556,1024,1485,3402.326401786937
3.068026628083615,1024,1486,3141.659267157622
3.230611641442567,1024,1487,3308.146320837189
2.843423098045065,1024,1488,2911.6652523981465
2.693276888376669,1024,1489,2757.915533697709
3.086199855704109,1024,1490,3160.2686522410077
2.6016042464845626,1024,1491,2664.042748400192
2.9469763325355984,1024,1492,3017.703764516453
2.7041963104199382,1024,1493,2769.0970218700168
3.009256595349214,1024,1494,3081.478753637595
3.4001453827419823,1024,1495,3481.74887192779
2.756105095551561,1024,1496,2822.2516178447986
2.604973533738791,1024,1497,2667.492898548522
2.334020113646769,1024,1498,2390.0365963742915
2.744237319898456,1024,1499,2810.099015576019
2.935124709081684,1024,1500,3005.5677020996445
3.3574372151376792,1024,1501,3438.0157083009835
3.78067383829449,1024,1502,3871.4100104135578
2.998200667203463,1024,1503,3070.157483216346
3.2218056115914564,1024,1504,3299.1289462696514
3.298229529963095,1024,1505,3377.387038682209
3.0588130615205387,1024,1506,3132.2245749970316
2.9430177847744012,1024,1507,3013.650211608987
2.8748672139584244,1024,1508,2943.8640270934266
2.705479029757326,1024,1509,2770.4105264715017
3.018444485725773,1024,1510,3090.8871533831916
3.2529673111394573,1024,1511,3331.038526606804
3.1766666364860896,1024,1512,3252.9066357617558
2.7932922517149024,1024,1513,2860.33126575606
2.4050948987067358,1024,1514,2462.8171762756974
3.045709866776761,1024,1515,3118.8069035794033
3.2436292215426192,1024,1516,3321.476322859642
3.012560065774011,1024,1517,3084.861507352587
2.8658444741727536,1024,1518,2934.6247415528996
3.060710708070495,1024,1519,3134.167765064187
3.2704867967001547,1024,1520,3348.9784798209585
3.0698024426773145,1024,1521,3143.47770130157
3.277307452774039,1024,1522,3355.962831640616
3.077393903138045,1024,1523,3151.251356813358
2.7908171544190097,1024,1524,2857.796766125066
2.784583448381121,1024,1525,2851.413451142268
2.9415026952576184,1024,1526,3012.0987599438013
2.741149131128452,1024,1527,2806.936710275535
3.0581423561513077,1024,1528,3131.537772698939
2.4232511126360237,1024,1529,2481.4091393392882
2.9350891967375077,1024,1530,3005.531337459208
2.711795368435194,1024,1531,2776.8784572776385
2.616474505485325,1024,1532,2679.2698936169727
2.9425105413997947,1024,1533,3013.13079439339
3.0516799702824784,1024,1534,3124.920289569258
3.2470318456276956,1024,1535,3324.9606099227603
2.8183723094705213,1024,1536,2886.013244897814
2.740246608557868,1024,1537,2806.012527163257
2.418994389320959,1024,1538,2477.050254664662
2.601001554111442,1024,1539,2663.425591410117
2.813177258030535,1024,1540,2880.693512223268
3.7289149624799336,1024,1541,3818.408921579452
2.961218599279448,1024,1542,3032.2878456621547
3.017419665331655,1024,1543,3089.8377372996147
3.4468912222481833,1024,1544,3529.6166115821397
3.074071092743459,1024,1545,3147.848798969302
3.1925323759485487,1024,1546,3269.153152971314
2.689097500786943,1024,1547,2753.6358408058295
3.4816806625478733,1024,1548,3565.2409984490223
3.2125186545523547,1024,1549,3289.6191022616113
3.0722540467073998,1024,1550,3145.9881438283774
2.699945550075764,1024,1551,2764.7442432775824
2.981287010514862,1024,1552,3052.8378987672186
3.2336293482895364,1024,1553,3311.2364526484853
2.446365093173714,1024,1554,2505.0778554098833
2.9306980725018548,1024,1555,3001.0348262418993
3.0696265764228734,1024,1556,3143.2976142570224
3.052606498611304,1024,1557,3125.8690545779755
2.6049464743499584,1024,1558,2667.4651897343574
3.444044126340316,1024,1559,3526.7011853724835
3.0841700812221156,1024,1560,3158.1901631714463
3.2263530639651066,1024,1561,3303.785537500269
3.4870995137264345,1024,1562,3570.789902055869
3.0645487690282778,1024,1563,3138.0979394849564
2.9482759018094704,1024,1564,3019.0345234528977
2.5760840485586414,1024,1565,2637.9100657240488
2.842466157286749,1024,1566,2910.685345061631
2.961815380329977,1024,1567,3032.8989494578964
2.915034744397758,1024,1568,2984.995578263304
2.9676412705047994,1024,1569,3038.8646609969146
3.186899362183624,1024,1570,3263.384946876031
3.4391699818638273,1024,1571,3521.710061428559
3.2634280232282578,1024,1572,3341.750295785736
2.7149738377863475,1024,1573,2780.13320989322
3.081772232459045,1024,1574,3155.734766038062
3.2271596180221636,1024,1575,3304.6114488546955
2.77347112638342,1024,1576,2840.034433416622
2.7453323078608918,1024,1577,2811.220283249553
2.8944659965082735,1024,1578,2963.933180424472
3.0470677887327007,1024,1579,3120.1974156622855
3.033575299811659,1024,1580,3106.381107007139
3.2234647250565445,1024,1581,3300.8278784579015
3.0493847432614984,1024,1582,3122.5699770997744
2.965426835838059,1024,1583,3036.5970798981725
3.180298715945014,1024,1584,3256.6258851276943
2.557453840489474,1024,1585,2618.8327326612216
2.370920690581748,1024,1586,2427.82278715571
2.89516143442631,1024,1587,2964.6453088525413
3.0232319521945996,1024,1588,3095.78951904727
2.6453936061238146,1024,1589,2708.883052670786
2.7083909031469773,1024,1590,2773.3922848225047
2.670890102081202,1024,1591,2734.991464531151
3.5051495938517476,1024,1592,3589.2731841041896
2.8358123642553466,1024,1593,2903.871860997475
3.3230567686037205,1024,1594,3402.8101310502097
3.484049087520564,1024,1595,3567.6662656210574
2.329040596791927,1024,1596,2384.9375711149332
3.588058183445037,1024,1597,3674.171579847718
2.909577243086872,1024,1598,2979.407096920957
3.199679167220296,1024,1599,3276.471467233583
2.982046124162874,1024,1600,3053.615231142783
2.8674167922467646,1024,1601,2936.234795260687
2.610674142297711,1024,1602,2673.330321712856
2.22100616479894,1024,1603,2274.3103127541144
2.771395119711322,1024,1604,2837.9086025843935
3.249956288160078,1024,1605,3327.95523907592
3.3267873363872695,1024,1606,3406.630232460564
3.1941098306560605,1024,1607,3270.768466591806
3.4789665439284363,1024,1608,3562.4617409827188
3.4384007291666023,1024,1609,3520.922346666601
2.716485128996915,1024,1610,2781.680772092841
3.40945084662048,1024,1611,3491.2776669393716
3.6599625230224007,1024,1612,3747.8016235749383
3.23278732588426,1024,1613,3310.3742217054823
3.0920822253523763,1024,1614,3166.2921987608333
2.786624758845619,1024,1615,2853.503753057914
2.538033406910799,1024,1616,2598.946208676658
3.1291297944620204,1024,1617,3204.228909529109
3.1344093718985135,1024,1618,3209.635196824078
2.5950256947052353,1024,1619,2657.306311378161
3.0360082983780075,1024,1620,3108.8724975390796
3.0947829373242257,1024,1621,3169.057727820007
2.901849229971887,1024,1622,2971.4936114912125
3.417471513409552,1024,1623,3499.4908297313814
3.1950054952826576,1024,1624,3271.6856271694414
2.7322147432716513,1024,1625,2797.787897110171
3.300928002205495,1024,1626,3380.150274258427
3.4531700888677506,1024,1627,3536.0461710005766
3.23385690213545,1024,1628,3311.469467786701
3.4126117494616466,1024,1629,3494.514431448726
2.9236372408273006,1024,1630,2993.804534607156
3.1321532696544594,1024,1631,3207.3249481261664
2.9130274922492987,1024,1632,2982.940152063282
3.2824006573682993,1024,1633,3361.1782731451385
3.111893006027202,1024,1634,3186.578438171855
3.4428526434706086,1024,1635,3525.481106913903
2.9480155721158,1024,1636,3018.767945846579
3.160211354686197,1024,1637,3236.056427198666
2.7391915470300887,1024,1638,2804.932144158811
3.1985346349657675,1024,1639,3275.299466204946
2.719338607063122,1024,1640,2784.602733632637
2.5549955644182205,1024,1641,2616.315457964258
2.7441669502063633,1024,1642,2810.026957011316
2.3786611516119365,1024,1643,2435.749019250623
2.6016752958933367,1024,1644,2664.1155029947768
2.9748391329834973,1024,1645,3046.2352721751013
2.889258080007938,1024,1646,2958.6002739281284
2.936042532337332,1024,1647,3006.507553113428
2.6457008796233055,1024,1648,2709.197700734265
2.566141700317118,1024,1649,2627.729101124729
2.7577783546089734,1024,1650,2823.9650351195887
2.72585296272727,1024,1651,2791.2734338327245
3.1420867795909295,1024,1652,3217.496862301112
2.9636390201003415,1024,1653,3034.7663565827497
2.7865205488294578,1024,1654,2853.3970420013648
3.0863936513574117,1024,1655,3160.4670989899896
2.9548836669064826,1024,1656,3025.800874912238
3.149150294603288,1024,1657,3224.729901673767
2.5375877956406256,1024,1658,2598.4899027360007
3.0157442031230275,1024,1659,3088.12206399798
2.416586430072158,1024,1660,2474.58450439389
2.605387953015054,1024,1661,2667.917263887415
2.910188698618896,1024,1662,2980.0332273857493
2.4622006290461513,1024,1663,2521.293444143259
3.963392850185702,1024,1664,4058.514278590159
3.2380042959907716,1024,1665,3315.71639909455
3.3577029029281267,1024,1666,3438.2877725984017
3.0614164038278346,1024,1667,3134.8903975197027
3.029092938202666,1024,1668,3101.79116871953
3.0969862193705,1024,1669,3171.313888635392
3.081933283205771,1024,1670,3155.8996820027096
3.021825166457731,1024,1671,3094.3489704527165
3.279280190612017,1024,1672,3357.982915186705
3.415283918229676,1024,1673,3497.250732267188
3.430624961148922,1024,1674,3512.9599602164963
3.3095689353019395,1024,1675,3388.998589749186
3.3529883629611277,1024,1676,3433.4600836721947
2.825922852517465,1024,1677,2893.745000977884
2.7468011021742527,1024,1678,2812.7243286264347
2.8543805211542974,1024,1679,2922.8856536620005
2.9250723348864653,1024,1680,2995.2740709237405
2.5996020942746725,1024,1681,2661.9925445372646
2.9926694762766193,1024,1682,3064.493543707258
2.6652390481066384,1024,1683,2729.2047852611977
3.0114803518491726,1024,1684,3083.7558802935528
2.85393510137998,1024,1685,2922.4295438130994
2.880042407245682,1024,1686,2949.1634250195784
2.66913947966259,1024,1687,2733.198827174492
3.2620683740183516,1024,1688,3340.358014994792
3.119818230589833,1024,1689,3194.693868123989
3.3397260990873434,1024,1690,3419.8795254654397
3.0560720198229205,1024,1691,3129.4177482986706
2.9687720455847604,1024,1692,3040.0225746787946
3.4295017210192498,1024,1693,3511.8097623237118
2.8499292346451384,1024,1694,2918.3275362766217
2.9074547718297943,1024,1695,2977.2336863537093
3.171756320607262,1024,1696,3247.878472301836
2.8313161281695933,1024,1697,2899.2677152456636
2.572085677925106,1024,1698,2633.8157341953083
2.585500455423805,1024,1699,2647.5524663539763
2.8392649707177355,1024,1700,2907.407330014961
3.1925860796624903,1024,1701,3269.20814557439
3.2697987999533495,1024,1702,3348.27397115223
3.660073576640883,1024,1703,3747.9153424802644
3.860104682679747,1024,1704,3952.747195064061
3.1145006181414416,1024,1705,3189.2486329768362
3.210372698195414,1024,1706,3287.421642952104
3.227006819166718,1024,1707,3304.454982826719
2.809038116135966,1024,1708,2876.455030923229
2.900521559562975,1024,1709,2970.1340769924864
3.026129403364692,1024,1710,3098.7565090454445
3.612228669005077,1024,1711,3698.922157061199
2.897063714420884,1024,1712,2966.593243566985
2.9368157739792675,1024,1713,3007.29935255477
3.3921829490197553,1024,1714,3473.5953397962294
3.324606121891577,1024,1715,3404.396668816975
3.1427006304383838,1024,1716,3218.125445568905
3.306880976183411,1024,1717,3386.246119611813
3.218219948074804,1024,1718,3295.4572268285992
3.077069364125755,1024,1719,3150.9190288647733
2.3407168050074034,1024,1720,2396.894008327581
2.6468129842903494,1024,1721,2710.336495913318
2.7730296289609058,1024,1722,2839.5823400559675
2.6979308136052893,1024,1723,2762.6811531318162
3.163019710049724,1024,1724,3238.9321830909175
3.2641089231462503,1024,1725,3342.4475373017603
2.788239734910129,1024,1726,2855.157488547972
3.069781722990669,1024,1727,3143.456484342445
2.863771070800187,1024,1728,2932.5015764993914
2.3508690809634984,1024,1729,2407.2899389066224
2.5213249219740206,1024,1730,2581.836720101397
2.2930300774212853,1024,1731,2348.062799279396
2.919678747691165,1024,1732,2989.751037635753
3.1886085179789916,1024,1733,3265.1351224104874
3.121031456698006,1024,1734,3195.936211658758
3.0502959133430636,1024,1735,3123.503015263297
3.181782487860609,1024,1736,3258.1452675692635
3.4741869171943165,1024,1737,3557.56740320698
3.331299275078905,1024,1738,3411.2504576807987
3.1043618732754794,1024,1739,3178.866558234091
3.2159941063436577,1024,1740,3293.1779648959055
3.3589866902589165,1024,1741,3439.6023708251305
3.4275608879574975,1024,1742,3509.8223492684774
3.686027690189082,1024,1743,3774.49235475362
3.133757157885203,1024,1744,3208.9673296744477
3.2722342520428356,1024,1745,3350.7678740918636
2.4903829090425926,1024,1746,2550.152098859615
2.870232413121755,1024,1747,2939.1179910366773
3.146238464196708,1024,1748,3221.748187337429
3.329366180378723,1024,1749,3409.2709687078122
3.228222410768126,1024,1750,3305.699748626561
2.8643492145456833,1024,1751,2933.0935956947797
3.1378023386432545,1024,1752,3213.1095947706926
2.989149928293905,1024,1753,3060.889526572959
3.042492544459762,1024,1754,3115.512365526796
2.8685334530370206,1024,1755,2937.378255909909
3.431283252197316,1024,1756,3513.6340502500516
2.8760228115801603,1024,1757,2945.047359058084
2.621887470537354,1024,1758,2684.8127698302505
3.113910311048457,1024,1759,3188.64415851362
3.0844862766750936,1024,1760,3158.513947315296
3.2328385128178994,1024,1761,3310.426637125529
2.8958671819642845,1024,1762,2965.3679943314273
3.0848809907433434,1024,1763,3158.9181345211837
3.5913851779721426,1024,1764,3677.578422243474
3.561017788290769,1024,1765,3646.4822152097477
3.4113439156369623,1024,1766,3493.2161696122494
3.311200179287482,1024,1767,3390.6689835903817
3.0253951380305537,1024,1768,3098.004621343287
3.2212174607167015,1024,1769,3298.5266797739023
3.2443904558638224,1024,1770,3322.255826804554
3.0702619156120647,1024,1771,3143.9482015867543
3.4463984464419326,1024,1772,3529.112009156539
3.1737100352595746,1024,1773,3249.8790761058044
3.004784752808469,1024,1774,3076.899586875872
2.9910593474881466,1024,1775,3062.844771827862
2.899961433610084,1024,1776,2969.560508016726
3.2341806325806317,1024,1777,3311.800967762567
3.2334915780628535,1024,1778,3311.095375936362
2.69281506755776,1024,1779,2757.442629179146
2.779084639828554,1024,1780,2845.782671184439
3.389362202490304,1024,1781,3470.706895350071
3.5862173649982196,1024,1782,3672.286581758177
3.2035533159097156,1024,1783,3280.4385954915488
3.1814866103756003,1024,1784,3257.8422890246147
2.797990651905546,1024,1785,2865.142427551279
3.2530158595018293,1024,1786,3331.088240129873
3.3738391970634645,1024,1787,3454.8113377929876
3.219845937883619,1024,1788,3297.122240392826
3.0819011962167835,1024,1789,3155.8668249259863
3.995868316479573,1024,1790,4091.7691560750827
3.39385669808091,1024,1791,3475.309258834852
3.3910755979022227,1024,1792,3472.461412251876
3.329652977216597,1024,1793,3409.564648669795
3.026492286932921,1024,1794,3099.1281018193113
3.4755921011156943,1024,1795,3559.006311542471
2.9333082191778317,1024,1796,3003.7076164380996
2.5200110054884064,1024,1797,2580.491269620128
3.1361896124334905,1024,1798,3211.4581631318943
3.4592994749701944,1024,1799,3542.322662369479
3.026675869697975,1024,1800,3099.3160905707264
2.9616224167847633,1024,1801,3032.7013547875977
3.079625486865183,1024,1802,3153.5364985499473
2.8876293084537004,1024,1803,2956.932411856589
3.576693552553536,1024,1804,3662.534197814821
3.2035766353149597,1024,1805,3280.4624745625188
2.783157361896162,1024,1806,2849.95313858167
2.790770526630064,1024,1807,2857.7490192691857
2.7370183889996724,1024,1808,2802.7068303356646
2.284541274159878,1024,1809,2339.370264739715
2.736249342981324,1024,1810,2801.919327212876
3.2259431964997134,1024,1811,3303.3658332157065
2.913299246395333,1024,1812,2983.218428308821
3.2340052075715136,1024,1813,3311.62133255323
2.7278285268338465,1024,1814,2793.296411477859
2.637549511979671,1024,1815,2700.850700267183
2.652187405367627,1024,1816,2715.83990309645
2.4916066371674574,1024,1817,2551.4051964594764
2.5175909759722046,1024,1818,2578.0131593955375
3.4467967266022015,1024,1819,3529.5198480406543
3.270528239573732,1024,1820,3349.0209173235016
2.6131048386673115,1024,1821,2675.819354795327
2.6095463777539827,1024,1822,2672.1754908200783
2.681437548926695,1024,1823,2745.7920501009357
2.8405803014562423,1024,1824,2908.754228691192
2.9728780946263385,1024,1825,3044.2271688973706
2.9945628058225395,1024,1826,3066.4323131622805
2.8295845571882126,1024,1827,2897.4945865607297
2.958662127870042,1024,1828,3029.670018938923
2.3940697862158515,1024,1829,2451.527461085032
3.0943178774347757,1024,1830,3168.5815064932103
2.8018418438971047,1024,1831,2869.086048150635
3.258423951860607,1024,1832,3336.6261267052614
3.0104157789482144,1024,1833,3082.6657576429716
3.357130670472799,1024,1834,3437.701806564146
3.2523234669423573,1024,1835,3330.379230148974
3.4111769690790013,1024,1836,3493.0452163368973
3.0429703661568936,1024,1837,3116.001654944659
3.471948635342171,1024,1838,3555.2754025903832
3.365584358788279,1024,1839,3446.358383399198
3.506388440884244,1024,1840,3590.541763465466
2.7768902675031555,1024,1841,2843.535633923231
2.761670389293866,1024,1842,2827.950478636919
2.9380839411013273,1024,1843,3008.597955687759
3.7059503993320106,1024,1844,3794.893208915979
3.795129624529409,1024,1845,3886.2127355181146
3.627167445438033,1024,1846,3714.219464128546
3.639697067100961,1024,1847,3727.0497967113843
3.031729905706925,1024,1848,3104.491423443891
1.7975761403415893,1024,1849,1840.7179677097874
3.0433982933938424,1024,1850,3116.4398524352946
3.352573885888525,1024,1851,3433.0356591498494
2.6215528005743636,1024,1852,2684.4700677881483
3.127741924583006,1024,1853,3202.807730772998
3.1041302366115,1024,1854,3178.629362290176
2.8686465888593204,1024,1855,2937.494106991944
3.1445439888557587,1024,1856,3220.013044588297
3.3981541329433753,1024,1857,3479.7098321340163
3.796185423625502,1024,1858,3887.293873792514
3.3778701940977953,1024,1859,3458.9390787561424
3.227510269542222,1024,1860,3304.9705160112353
3.3116029563255793,1024,1861,3391.0814272773932
3.0216715214046204,1024,1862,3094.1916379183313
2.923996581255235,1024,1863,2994.1724992053605
2.9836286240992393,1024,1864,3055.235711077621
3.49170767400463,1024,1865,3575.508658180741
2.842856711288789,1024,1866,2911.08527235972
3.0765252761291135,1024,1867,3150.3618827562123
2.901984480064698,1024,1868,2971.6321075862506
3.178958603623279,1024,1869,3255.253610110238
3.5820018359996766,1024,1870,3667.969880063669
2.803033908008331,1024,1871,2870.306721800531
2.665034137190048,1024,1872,2728.9949564826093
3.3875314645702588,1024,1873,3468.832219719945
3.832129413448243,1024,1874,3924.1005193710007
3.6357002915919026,1024,1875,3722.957098590108
3.69806346717216,1024,1876,3786.816990384292
3.5679231872107096,1024,1877,3653.5533437037666
3.6116853707263132,1024,1878,3698.3658196237448
3.1250425718909938,1024,1879,3200.0435936163776
2.8488575883056164,1024,1880,2917.230170424951
2.9533917221316344,1024,1881,3024.2731234627936
2.7898518810762187,1024,1882,2856.808326222048
2.9356167641359434,1024,1883,3006.071566475206
2.626260657772761,1024,1884,2689.2909135593072
2.4346691143276686,1024,1885,2493.1011730715327
3.32040598919221,1024,1886,3400.095732932823
3.1964941227750323,1024,1887,3273.209981721633
3.1688261528046695,1024,1888,3244.8779804719816
2.907129223857357,1024,1889,2976.9003252299335
3.5112405134517175,1024,1890,3595.5102857745587
4.714663299322865,1024,1891,4827.815218506614
4.644210398006635,1024,1892,4755.671447558794
4.781265092405192,1024,1893,4896.015454622917
3.32174908488469,1024,1894,3401.4710629219226
3.3572404750348426,1024,1895,3437.814246435679
3.194786859430703,1024,1896,3271.46174405704
3.05291192314931,1024,1897,3126.1818093048932
3.0003657989685237,1024,1898,3072.3745781437683
3.149654248535745,1024,1899,3225.2459505006027
3.2416140977831436,1024,1900,3319.412836129939
3.1291399984604027,1024,1901,3204.2393584234524
3.038707357114916,1024,1902,3111.636333685674
2.267589336737384,1024,1903,2322.011480819081
3.5063818625653056,1024,1904,3590.535027266873
3.2265711104269066,1024,1905,3304.0088170771523
3.134598989202601,1024,1906,3209.8293649434636
3.246351030530988,1024,1907,3324.263455263732
3.3762308269603274,1024,1908,3457.2603668073752
3.0843503268823795,1024,1909,3158.3747347275566
3.1501023134035506,1024,1910,3225.704768925236
3.3914218794494744,1024,1911,3472.8160045562618
2.9980599931292176,1024,1912,3070.013432964319
2.784159915077197,1024,1913,2850.9797530390497
3.124930339985081,1024,1914,3199.928668144723
3.1694025589527257,1024,1915,3245.468220367591
2.749495388893159,1024,1916,2815.483278226595
2.752672928648394,1024,1917,2818.7370789359557
2.84454928434468,1024,1918,2912.8184671689523
2.8713794339081176,1024,1919,2940.2925403219124
2.75452031688085,1024,1920,2820.6288044859903
2.5579918467275746,1024,1921,2619.3836510490364
3.3104792184477017,1024,1922,3389.9307196904465
3.387290052915766,1024,1923,3468.5850141857445
2.6714411243112846,1024,1924,2735.5557112947554
3.1647436961799684,1024,1925,3240.6975448882877
2.9628621354408082,1024,1926,3033.9708266913876
2.602435156124521,1024,1927,2664.8935998715097
2.8786854248179026,1024,1928,2947.7738750135322
2.826909005950153,1024,1929,2894.7548220929566
2.709708111428654,1024,1930,2774.7411061029416
2.938889060999344,1024,1931,3009.422398463328
3.16997458684704,1024,1932,3246.053976931369
3.5086445320829895,1024,1933,3592.8520008529813
3.3755768026017634,1024,1934,3456.5906458642057
2.85383654426073,1024,1935,2922.3286213229876
3.1752221899284283,1024,1936,3251.4275224867106
3.0650324442410692,1024,1937,3138.593222902855
2.5524465708892805,1024,1938,2613.7052885906232
3.2428529088433677,1024,1939,3320.6813786556086
2.9372172959506013,1024,1940,3007.7105110534158
2.839073230806278,1024,1941,2907.2109883456287
3.0618358133907844,1024,1942,3135.319872912163
3.14335677702125,1024,1943,3218.79733966976
3.283411306859307,1024,1944,3362.2131782239303
3.61874977834168,1024,1945,3705.5997730218805
3.714830535157944,1024,1946,3803.9864680017345
3.193021777140302,1024,1947,3269.6542997916695
3.684255759047005,1024,1948,3772.677897264133
3.477572108797503,1024,1949,3561.033839408643
3.245295020762299,1024,1950,3323.182101260594
2.6372007797967747,1024,1951,2700.4935985118973
2.4668000201551523,1024,1952,2526.003220638876
2.7343082180934886,1024,1953,2799.9316153277323
3.006844774077713,1024,1954,3079.009048655578
2.9174264264680474,1024,1955,2987.4446607032805
2.88679382061499,1024,1956,2956.07687230975
3.2333787003463996,1024,1957,3310.979789154713
3.058927192363548,1024,1958,3132.341444980273
3.1185873002961237,1024,1959,3193.4333955032307
2.482629061240667,1024,1960,2542.212158710443
2.340685594064759,1024,1961,2396.862048322313
3.1651449399638523,1024,1962,3241.1084185229847
2.9522368937659795,1024,1963,3023.090579216363
3.0696216770458236,1024,1964,3143.2925972949233
2.922393417051266,1024,1965,2992.5308590604964
3.205768863804135,1024,1966,3282.707316535434
2.6264740986823654,1024,1967,2689.509477050742
2.6589758677426074,1024,1968,2722.79128856843
2.814104398870869,1024,1969,2881.64290444377
2.778837060303374,1024,1970,2845.529149750655
3.092624608874985,1024,1971,3166.8475994879846
2.2774268848248482,1024,1972,2332.0851300606446
2.695765024021256,1024,1973,2760.463384597766
2.874793748606164,1024,1974,2943.788798572712
3.2715264635837364,1024,1975,3350.043098709746
3.2276311119460175,1024,1976,3305.094258632722
3.072268434823492,1024,1977,3146.002877259256
2.9012573698544912,1024,1978,2970.887546730999
3.0893114632533667,1024,1979,3163.4549383714475
3.152222523126838,1024,1980,3227.875863681882
3.4802976519992654,1024,1981,3563.824795647248
3.546795970098948,1024,1982,3631.919073381323
3.234401459737583,1024,1983,3312.027094771285
2.8497500847549873,1024,1984,2918.144086789107
3.2531105749086144,1024,1985,3331.185228706421
2.7366966100308865,1024,1986,2802.3773286716278
2.8924590516998734,1024,1987,2961.8780689406703
2.7122228331925946,1024,1988,2777.316181189217
2.638581556148001,1024,1989,2701.907513495553
2.6294779265244035,1024,1990,2692.585396760989
2.5140913374786287,1024,1991,2574.4295295781158
2.6050540822533073,1024,1992,2667.5753802273866
2.184255471349365,1024,1993,2236.67760266175
2.2014441214555163,1024,1994,2254.2787803704487
2.0906589655621843,1024,1995,2140.8347807356768
2.5020136693162627,1024,1996,2562.061997379853
2.851319558850726,1024,1997,2919.7512282631433
2.584456109378344,1024,1998,2646.4830560034243
2.8822891797049266,1024,1999,2951.464120017845
2.838185937031792,1024,2000,2906.302399520555
2.9781003192556383,1024,2001,3049.5747269177737
2.704579003520852,1024,2002,2769.4888996053523
3.420966961870054,1024,2003,3503.070168954935
3.6373582493962395,1024,2004,3724.6548473817493
2.6361176363818473,1024,2005,2699.3844596550116
3.049522575433741,1024,2006,3122.711117244151
2.9419923131345485,1024,2007,3012.6001286497776
2.955057589406895,1024,2008,3025.9789715526604
3.2606804691983253,1024,2009,3338.936800459085
3.290012758528313,1024,2010,3368.9730647329925
2.7687891110821,1024,2011,2835.2400497480703
2.0610277262292325,1024,2012,2110.492391658734
2.5668175658727392,1024,2013,2628.421187453685
3.0202846513439283,1024,2014,3092.7714829761826
3.1451004826584494,1024,2015,3220.582894242252
3.1157038195072886,1024,2016,3190.4807111754635
3.297321870456031,1024,2017,3376.4575953469757
2.4346917821214813,1024,2018,2493.124384892397
2.6929263560850174,1024,2019,2757.556588631058
3.697653377978014,1024,2020,3786.3970590494864
3.6171921636181565,1024,2021,3704.0047755449923
2.9752471583452405,1024,2022,3046.653090145526
2.6708216331394965,1024,2023,2734.9213523348444
2.747124736438252,1024,2024,2813.05573011277
2.954170296894304,1024,2025,3025.0703840197675
2.8250649435674333,1024,2026,2892.8665022130517
3.2701838939165455,1024,2027,3348.6683073705426
3.1588347158064707,1024,2028,3234.646748985826
3.1980552395254733,1024,2029,3274.8085652740847
3.3862261981155513,1024,2030,3467.4956268703245
3.271436378215782,1024,2031,3349.9508512929606
2.307590819328432,1024,2032,2362.9729989923144
3.1728804047204235,1024,2033,3249.0295344337137
3.2996974704029185,1024,2034,3378.8902096925885
3.3149059429447334,1024,2035,3394.463685575407
2.398646149707247,1024,2036,2456.213657300221
2.2590716134646005,1024,2037,2313.289332187751
2.9891083202294215,1024,2038,3060.8469199149276
3.001877922984537,1024,2039,3073.922993136166
2.8998833409818374,1024,2040,2969.4805411654015
2.9415098935799153,1024,2041,3012.1061310258333
2.77342936843624,1024,2042,2839.9916732787096
2.4858919455428,1024,2043,2545.5533522358273
2.739268056650502,1024,2044,2805.010490010114
2.764680367994721,1024,2045,2831.0326968265945
2.9370259909823133,1024,2046,3007.514614765889
2.8852343897350607,1024,2047,2954.480015088702
2.9391623275037873,1024,2048,3009.702223363878
3.3615885620407084,1024,2049,3442.2666875296854
3.3603509674193788,1024,2050,3440.999390637444
3.214084523971456,1024,2051,3291.222552546771
3.002394298902516,1024,2052,3074.4517620761762
3.244268994759736,1024,2053,3322.1314506339695
2.612168457134743,1024,2054,2674.860500105977
2.902946159822335,1024,2055,2972.616867658071
3.4843777639453037,1024,2056,3568.002830279991
3.561650055331235,1024,2057,3647.1296566591845
3.085889954442301,1024,2058,3159.9513133489163
3.1587510726345016,1024,2059,3234.5610983777296
3.1861201526128013,1024,2060,3262.5870362755086
3.2010336698415642,1024,2061,3277.858477917762
3.001116790587016,1024,2062,3073.1435935611044
2.9094261424314496,1024,2063,2979.2523698498044
2.4209977737397708,1024,2064,2479.1017203095253
3.1051696900984496,1024,2065,3179.6937626608124
2.992716513107543,1024,2066,3064.541709422124
2.5084204497503606,1024,2067,2568.6225405443693
3.015752039516215,1024,2068,3088.1300884646043
3.3220818757843205,1024,2069,3401.811840803144
2.4879493755408078,1024,2070,2547.660160553787
2.7526355512232747,1024,2071,2818.6988044526333
2.877884874842337,1024,2072,2946.954111838553
2.921123978654464,1024,2073,2991.230954142171
2.770231284461275,1024,2074,2836.7168352883455
2.675767523383456,1024,2075,2739.985943944659
2.829227801191905,1024,2076,2897.129268420511
3.1444781404162825,1024,2077,3219.9456157862733
2.843022156625267,1024,2078,2911.2546883842733
2.6369983290163646,1024,2079,2700.2862889127573
2.6513057507831093,1024,2080,2714.937088801904
3.0381679621671083,1024,2081,3111.083993259119
2.9294415204700215,1024,2082,2999.748116961302
2.6755010076184362,1024,2083,2739.7130318012787
3.146175004098268,1024,2084,3221.6832041966263
2.9601903765396287,1024,2085,3031.23494557658
2.746694783267202,1024,2086,2812.615458065615
2.941930709849885,1024,2087,3012.537046886282
2.8306581903912047,1024,2088,2898.5939869605936
3.4152605998605736,1024,2089,3497.2268542572274
2.8436276486720544,1024,2090,2911.8747122401837
3.133995908867405,1024,2091,3209.2118106802227
2.8717563342725043,1024,2092,2940.6784862950444
2.891063625474004,1024,2093,2960.44915248538
2.90414768446783,1024,2094,2973.847228895058
2.129781075011408,1024,2095,2180.895820811682
3.0764714452521957,1024,2096,3150.3067599382484
2.755006064899799,1024,2097,2821.1262104573943
2.3516597416604696,1024,2098,2408.099575460321
3.018267745239015,1024,2099,3090.7061711247516
2.6463759876905097,1024,2100,2709.889011395082
3.0669509720261416,1024,2101,3140.557795354769
2.968524428649629,1024,2102,3039.76901493722
2.7367263495371894,1024,2103,2802.407781926082
2.5078484527645415,1024,2104,2568.0368156308905
3.1132464479105053,1024,2105,3187.9643626603574
3.0313939888133348,1024,2106,3104.147444544855
2.5214155519919714,1024,2107,2581.9295252397787
2.1027087422250226,1024,2108,2153.173752038423
2.539215712688712,1024,2109,2600.156889793241
1.4001599139817529,1024,2110,1433.763751917315
2.785789230803232,1024,2111,2852.6481723425095
3.0855898851301333,1024,2112,3159.6440423732565
2.9920997689457707,1024,2113,3063.910163400469
3.1262456126082974,1024,2114,3201.2755073108965
3.323557948966002,1024,2115,3403.323339741186
2.9440779669861037,1024,2116,3014.73583819377
3.099406847408958,1024,2117,3173.792611746773
2.9007414417314834,1024,2118,2970.359236333039
2.825674841514198,1024,2119,2893.491037710539
3.506297905172744,1024,2120,3590.4490548968897
3.379644863567293,1024,2121,3460.756340292908
2.713735706904181,1024,2122,2778.8653638698815
2.7516457518590016,1024,2123,2817.6852499036177
2.432545870246372,1024,2124,2490.926971132285
3.4383410364809635,1024,2125,3520.8612213565066
2.7008893565191983,1024,2126,2765.710701075659
3.053120068453344,1024,2127,3126.3949500962244
2.980532966376586,1024,2128,3052.065757569624
2.9273556134027956,1024,2129,2997.6121481244627
2.8684652821327177,1024,2130,2937.308448903903
3.062887355202406,1024,2131,3136.396651727264
3.405168276947748,1024,2132,3486.892315594494
3.3222935634951085,1024,2133,3402.028609018991
2.914030484662744,1024,2134,2983.96721629465
2.5874434945213096,1024,2135,2649.542138389821
2.3933028384099995,1024,2136,2450.7421065318395
2.929825850265189,1024,2137,3000.1416706715536
3.0617089382102165,1024,2138,3135.1899527272617
2.695452349588024,1024,2139,2760.1432059781364
2.5689176498612767,1024,2140,2630.5716734579473
2.770705256370956,1024,2141,2837.202182523859
3.423478980998695,1024,2142,3505.6424765426636
3.193599009242945,1024,2143,3270.2453854647756
2.926562574053122,1024,2144,2996.800075830397
2.760064086530093,1024,2145,2826.3056246068154
3.0147249825882465,1024,2146,3087.0783821703644
3.401347057563811,1024,2147,3482.9793869453424
3.2891116751243565,1024,2148,3368.050355327341
2.870301718387111,1024,2149,2939.188959628402
3.323232177982561,1024,2150,3402.9897502541426
2.588708456961463,1024,2151,2650.837459928538
2.793809641252583,1024,2152,2860.861072642645
3.0388034286057675,1024,2153,3111.734710892306
3.694180210480713,1024,2154,3782.84053553225
2.85076759815699,1024,2155,2919.1860205127578
3.3863300266831065,1024,2156,3467.601947323501
3.2233463903332513,1024,2157,3300.7067037012494
3.2774007271449648,1024,2158,3356.058344596444
2.7430887081837056,1024,2159,2808.9228371801146
2.9271379189428046,1024,2160,2997.389228997432
2.7844292256819045,1024,2161,2851.2555270982702
2.9246727749952015,1024,2162,2994.8649215950863
2.967278198055915,1024,2163,3038.492874809257
2.733979897820099,1024,2164,2799.5954153677812
2.681260086923764,1024,2165,2745.6103290099345
2.824098945789274,1024,2166,2891.8773204882164
2.9565297255009604,1024,2167,3027.4864389129834
3.045305764745194,1024,2168,3118.393103099079
2.799938231215272,1024,2169,2867.1367487644384
3.2257561246747883,1024,2170,3303.1742716669833
3.1687837461368957,1024,2171,3244.834556044181
3.171663611029878,1024,2172,3247.783537694595
2.9328910074803005,1024,2173,3003.2803916598277
2.986705363657525,1024,2174,3058.3862923853058
3.280153656364469,1024,2175,3358.877344117216
2.8855715232896557,1024,2176,2954.8252398486075
2.7274019245291257,1024,2177,2792.8595707178247
3.0512617726287523,1024,2178,3124.4920551718424
3.1936697669217438,1024,2179,3270.3178413278656
2.933463557708194,1024,2180,3003.8666830931907
3.1786756326167165,1024,2181,3254.9638477995177
3.1639638007923594,1024,2182,3239.898932011376
3.399336530713697,1024,2183,3480.9206074508256
3.546888512280887,1024,2184,3632.0138365756284
3.2346472705442686,1024,2185,3312.278805037331
3.2939074467282268,1024,2186,3372.961225449704
3.4886759007966077,1024,2187,3572.4041224157263
3.0986785160966868,1024,2188,3173.0468004830072
2.823356354269791,1024,2189,2891.116906772266
2.8985769082060813,1024,2190,2968.142754003027
3.018049952445324,1024,2191,3090.4831513040117
3.17350329429469,1024,2192,3249.6673733577627
3.0384137808375016,1024,2193,3111.3357115776016
3.374204761463176,1024,2194,3455.185675738292
2.8595047988995645,1024,2195,2928.132914073154
3.2446469222097107,1024,2196,3322.518448342744
2.781583606137925,1024,2197,2848.3416126852353
3.001768219234476,1024,2198,3073.8106564961035
3.0165089795546063,1024,2199,3088.905195063917
3.269248854282992,1024,2200,3347.710826785784
3.003761042111819,1024,2201,3075.8513071225025
3.0003399302327125,1024,2202,3072.3480885582976
3.2134410263981863,1024,2203,3290.5636110317428
3.403926038732557,1024,2204,3485.6202636621383
2.4314712989712213,1024,2205,2489.8266101465306
2.8867155629508403,1024,2206,2955.9967364616605
3.153425358630429,1024,2207,3229.107567237559
3.3161308788093464,1024,2208,3395.7180199007707
3.5572498727167954,1024,2209,3642.6238696619985
3.2717791194775145,1024,2210,3350.301818344975
3.3508604419746675,1024,2211,3431.2810925820595
3.4540065708261096,1024,2212,3536.9027285259363
3.543384154276964,1024,2213,3628.4253739796113
3.62001607540401,1024,2214,3706.896461213706
3.0454043666596906,1024,2215,3118.494071459523
2.9427208278967214,1024,2216,3013.3461277662427
3.151388691605515,1024,2217,3227.0220202040473
2.998606012295639,1024,2218,3070.572556590734
3.0243468345083926,1024,2219,3096.931158536594
2.9496279921436326,1024,2220,3020.4190639550798
2.733360355164592,1024,2221,2798.9610036885424
3.313915648958101,1024,2222,3393.4496245330956
3.438577013229949,1024,2223,3521.102861547468
2.3088888474051874,1024,2224,2364.302179742912
2.729494568442785,1024,2225,2795.002438085412
2.8022611552178454,1024,2226,2869.5154229430736
2.93520410182171,1024,2227,3005.649000265431
3.492637358335969,1024,2228,3576.4606549360324
3.14938441489943,1024,2229,3224.969640857016
3.4581714123041536,1024,2230,3541.1675261994533
3.905842264466486,1024,2231,3999.5824788136815
3.665373640980647,1024,2232,3753.3426083641825
3.7288562270406516,1024,2233,3818.348776489627
3.0753749975857403,1024,2234,3149.183997527798
3.3839791982705947,1024,2235,3465.194699029089
3.2853737193900088,1024,2236,3364.222688655369
3.8464502356298453,1024,2237,3938.7650412849616
3.602654036575018,1024,2238,3689.1177334528184
3.299367860510074,1024,2239,3378.552689162316
3.250580560260051,1024,2240,3328.5944937062923
2.835793418149919,1024,2241,2903.852460185517
3.014491240286702,1024,2242,3086.839030053583
2.9965314435825405,1024,2243,3068.4481982285215
2.9918515895115547,1024,2244,3063.656027659832
2.94563114867546,1024,2245,3016.326296243671
3.4788458496627896,1024,2246,3562.3381500546966
2.9093051075929868,1024,2247,2979.1284301752185
2.777388798181896,1024,2248,2844.0461293382614
2.9952947118399607,1024,2249,3067.1817849241197
2.7440832978399925,1024,2250,2809.9412969881523
2.9363677814125815,1024,2251,3006.8406081664834
3.124557890124237,1024,2252,3199.5472794872185
3.4873165589174846,1024,2253,3571.0121563315042
3.7645521865247247,1024,2254,3854.901439001318
3.179393427119372,1024,2255,3255.698869370237
2.714185828666153,1024,2256,2779.326288554141
3.1051434727711147,1024,2257,3179.6669161176214
3.3441947335125217,1024,2258,3424.4554071168222
3.30250787155758,1024,2259,3381.768060474962
3.397719984519476,1024,2260,3479.2652641479435
2.594774895359876,1024,2261,2657.049492848513
2.914836160019732,1024,2262,2984.7922278602055
2.9355718343178054,1024,2263,3006.0255583414328
2.7891480283563084,1024,2264,2856.08758103686
1.8875352067540945,1024,2265,1932.8360517161927
2.0936139269491214,1024,2266,2143.8606611959003
3.0187636924949572,1024,2267,3091.214021114836
2.894321064769997,1024,2268,2963.784770324477
3.2059512148382794,1024,2269,3282.894043994398
3.3165350224499903,1024,2270,3396.13186298879
3.5809627528448047,1024,2271,3666.90585891308
3.8482914105206163,1024,2272,3940.650404373111
2.3781316194925637,1024,2273,2435.206778360385
3.185409400394846,1024,2274,3261.8592260043224
3.3962202620669792,1024,2275,3477.7295483565867
2.6140413631205455,1024,2276,2676.7783558354386
2.7126114185604795,1024,2277,2777.714092605931
2.703191480855587,1024,2278,2768.068076396121
2.664922994588757,1024,2279,2728.881146458887
2.9283472950884324,1024,2280,2998.6276301705548
2.542885571060996,1024,2281,2603.91482476646
2.6893689877920792,1024,2282,2753.913843499089
2.7421688577361003,1024,2283,2807.9809103217667
2.296401781464974,1024,2284,2351.5154242201334
3.2640127036841022,1024,2285,3342.3490085725207
2.354487603174624,1024,2286,2410.9953056508148
3.149876089810272,1024,2287,3225.4731159657185
3.2413553251655856,1024,2288,3319.1478529695596
3.1097457772948722,1024,2289,3184.379675949949
2.9683961035217834,1024,2290,3039.637610006306
3.5849670046706237,1024,2291,3671.0062127827186
3.461210537138669,1024,2292,3544.279590029997
3.1538167674240754,1024,2293,3229.508369842253
3.459380484279734,1024,2294,3542.4056159024476
3.6569596744780313,1024,2295,3744.726706665504
2.2820328939530548,1024,2296,2336.801683407928
1.926483490216481,1024,2297,1972.7190939816765
2.878212423752089,1024,2298,2947.289521922139
3.062815264886069,1024,2299,3136.322831243335
2.9728009063711056,1024,2300,3044.148128124012
2.906258917820324,1024,2301,2976.0091318480117
3.0950995032938877,1024,2302,3169.381891372941
3.554668024990491,1024,2303,3639.9800575902627
3.1340213328494144,1024,2304,3209.2378448378004
2.9781914802073857,1024,2305,3049.668075732363
3.1533374830180136,1024,2306,3229.017582610446
3.359970894624695,1024,2307,3440.6101960956876
3.1516877921204838,1024,2308,3227.3282991313754
3.2917215695829185,1024,2309,3370.7228872529085
3.198361772639487,1024,2310,3275.1224551828345
3.3020003879250908,1024,2311,3381.248397235293
3.478231373308523,1024,2312,3561.7089262679274
3.581945088487103,1024,2313,3667.9117706107936
3.1180970397187195,1024,2314,3192.931368671969
2.797939356199791,1024,2315,2865.089900748586
3.230065095969735,1024,2316,3307.5866582730087
2.753214024009324,1024,2317,2819.291160585548
3.0906102011015832,1024,2318,3164.7848459280212
3.2659898531758813,1024,2319,3344.3736096521025
3.1636260654960893,1024,2320,3239.5530910679954
3.6052904843520537,1024,2321,3691.817455976503
3.2274551369300184,1024,2322,3304.914060216339
3.102915201698437,1024,2323,3177.3851665391994
3.3526587630562688,1024,2324,3433.122573369619
3.0871068432214166,1024,2325,3161.1974074587306
3.652244144608858,1024,2326,3739.8980040794704
3.135867474238342,1024,2327,3211.1282936200623
3.0854204165534895,1024,2328,3159.4705065507733
3.1689276358646907,1024,2329,3244.9818991254433
3.050634052717399,1024,2330,3123.8492699826165
3.283484705959154,1024,2331,3362.2883389021736
3.1246630234718964,1024,2332,3199.654936035222
3.0153243038118376,1024,2333,3087.6920871033217
3.537077647117016,1024,2334,3621.9675106478244
4.203804990659066,1024,2335,4304.696310434883
3.06445559756666,1024,2336,3138.0025319082597
2.520338177636262,1024,2337,2580.826293899532
2.89656268657761,1024,2338,2966.080191055473
3.1775699433883915,1024,2339,3253.831622029713
3.286349443329783,1024,2340,3365.221829969698
3.4542947200078657,1024,2341,3537.1977932880545
3.076958750885126,1024,2342,3150.805760906369
3.2463722493060345,1024,2343,3324.2851832893793
3.1813023895150536,1024,2344,3257.653646863415
3.186197552144776,1024,2345,3262.6662933962507
3.119262790244022,1024,2346,3194.1250972098787
3.1007416484907324,1024,2347,3175.15944805451
3.5255670617864325,1024,2348,3610.180671269307
3.3248096864371774,1024,2349,3404.6051189116697
3.0138383971072074,1024,2350,3086.1705186377803
3.7260705636668376,1024,2351,3815.4962571948417
3.8881410173778477,1024,2352,3981.456401794916
3.7574622221566756,1024,2353,3847.641315488436
2.808504372657662,1024,2354,2875.908477601446
2.9738175999530796,1024,2355,3045.1892223519535
2.759737446803001,1024,2356,2825.971145526273
3.097753722058128,1024,2357,3172.099811387523
2.6577923672961674,1024,2358,2721.5793841112754
3.439880947472389,1024,2359,3522.4380902117264
3.6612582843853687,1024,2360,3749.1284832106176
3.5121693839453805,1024,2361,3596.4614491600696
3.3277814662730982,1024,2362,3407.6482214636526
3.258451797098033,1024,2363,3336.6546402283857
2.9946770763983466,1024,2364,3066.549326231907
2.8966811333027707,1024,2365,2966.201480502037
2.822280239667741,1024,2366,2890.0149654197667
3.1997608486156093,1024,2367,3276.555108982384
2.896822026273054,1024,2368,2966.3457549036075
3.146013303818677,1024,2369,3221.517623110325
3.0193191400798582,1024,2370,3091.782799441775
3.0782993993139236,1024,2371,3152.1785848974578
3.010191481991967,1024,2372,3082.4360775597743
3.0684836080257405,1024,2373,3142.1272146183583
3.1868001169455695,1024,2374,3263.283319752263
3.2126767071823643,1024,2375,3289.780948154741
3.0563377796476914,1024,2376,3129.689886359236
3.475306991757151,1024,2377,3558.7143595593225
2.9089672574872623,1024,2378,2978.7824716669566
2.905826952939165,1024,2379,2975.566799809705
3.5260643715668687,1024,2380,3610.6899164844735
2.8644044398602233,1024,2381,2933.1501464168687
3.1081903396778294,1024,2382,3182.7869078300973
3.1502554533203444,1024,2383,3225.8615842000327
2.83903189820861,1024,2384,2907.1686637656167
3.127326625482169,1024,2385,3202.3824644937413
3.031108551225344,1024,2386,3103.8551564547524
2.9854689369897045,1024,2387,3057.1201914774574
3.103811183566279,1024,2388,3178.3026519718696
3.118619875439819,1024,2389,3193.4667524503748
3.1463415424280186,1024,2390,3221.853739446291
2.952426930809054,1024,2391,3023.285177148471
2.9261168160586877,1024,2392,2996.343619644096
3.208064491258625,1024,2393,3285.058039048832
2.744621424100444,1024,2394,2810.4923382788547
2.8527136281215064,1024,2395,2921.1787551964226
2.8386571008861665,1024,2396,2906.7848713074345
2.9628855471312363,1024,2397,3033.994800262386
3.030590683929688,1024,2398,3103.3248603440006
3.04435805574235,1024,2399,3117.4226490801666
3.227563644468489,1024,2400,3305.025171935733
2.917416415231685,1024,2401,2987.4344091972453
2.955682087511377,1024,2402,3026.6184576116502
2.9955984884512645,1024,2403,3067.492852174095
2.9996822781959978,1024,2404,3071.6746528727017
2.973531072689326,1024,2405,3044.89581843387
2.943464821608927,1024,2406,3014.1079773275414
2.972111460842825,1024,2407,3043.442135903053
3.058685298410751,1024,2408,3132.093745572609
2.5821959868680153,1024,2409,2644.1686905528477
2.7787293168345855,1024,2410,2845.4188204386155
2.851295966752396,1024,2411,2919.7270699544533
2.740764680422135,1024,2412,2806.5430327522663
2.414987377525769,1024,2413,2472.9470745863873
2.115872113518106,1024,2414,2166.6530442425405
2.555570848617954,1024,2415,2616.904548984785
3.2185906506602144,1024,2416,3295.8368262760596
2.930976591377629,1024,2417,3001.320029570692
2.7682853223903123,1024,2418,2834.72417012768
3.0313799996638267,1024,2419,3104.1331196557585
3.243686088039908,1024,2420,3321.534554152866
2.9360528615398795,1024,2421,3006.5181302168367
3.3334143134846403,1024,2422,3413.4162570082717
3.275719651920518,1024,2423,3354.3369235666105
3.172857280355899,1024,2424,3249.0058550844406
3.5108058434864446,1024,2425,3595.0651837301193
3.413033616947395,1024,2426,3494.9464237541324
3.6018153849500436,1024,2427,3688.2589541888447
3.589376123641159,1024,2428,3675.521150608547
3.2049960101128576,1024,2429,3281.915914355566
3.3044461257883952,1024,2430,3383.7528328073167
2.9222948211085225,1024,2431,2992.429896815127
2.951482563079537,1024,2432,3022.318144593446
2.8710826792655553,1024,2433,2939.9886635679286
3.1551203251342628,1024,2434,3230.843212937485
2.7585628338448203,1024,2435,2824.768341857096
2.1977324844435486,1024,2436,2250.478064070194
2.772334665036368,1024,2437,2838.870696997241
3.1354264208026166,1024,2438,3210.6766549018794
3.077692481363016,1024,2439,3151.5571009157284
3.2393531421531776,1024,2440,3317.097617564854
3.012936603895561,1024,2441,3085.2470823890544
3.25267091141356,1024,2442,3330.7350132874853
3.3772932448179915,1024,2443,3458.3482826936233
3.3211400547404537,1024,2444,3400.8474160542246
3.123885200927816,1024,2445,3198.858445750084
2.5324845892866312,1024,2446,2593.2642194295104
2.9972197069184574,1024,2447,3069.1529798845004
2.962364760511612,1024,2448,3033.4615147638906
3.3238662915385717,1024,2449,3403.6390825354974
2.8319091317440765,1024,2450,2899.8749509059344
2.8968159742096873,1024,2451,2966.33955759072
3.134472812757947,1024,2452,3209.7001602641376
2.9799273057139146,1024,2453,3051.4455610510486
2.7968927146267504,1024,2454,2864.0181397777924
2.4918430460301053,1024,2455,2551.647279134828
2.973993092343445,1024,2456,3045.3689265596877
2.0734723864667473,1024,2457,2123.235723741949
3.351875367465638,1024,2458,3432.3203762848134
3.0036268515837676,1024,2459,3075.713896021778
3.332843616578657,1024,2460,3412.831863376545
3.1771674823725675,1024,2461,3253.419501949509
2.977158265222954,1024,2462,3048.610063588305
2.6806898237937986,1024,2463,2745.02637956485
3.244349132494108,1024,2464,3322.2135116739664
3.1199788513413864,1024,2465,3194.8583437735797
3.149049746411805,1024,2466,3224.6269403256883
3.3471503869543966,1024,2467,3427.481996241302
2.975045247095636,1024,2468,3046.4463330259314
2.658480391068707,1024,2469,2722.283920454356
2.8544973542272487,1024,2470,2923.0052907287027
3.1374779270486357,1024,2471,3212.777397297803
3.1016873223196626,1024,2472,3176.1278180553345
3.0363472139862893,1024,2473,3109.21954712196
2.8064012189528498,1024,2474,2873.754848207718
3.250426574142274,1024,2475,3328.436811921689
3.322530460346087,1024,2476,3402.271191394393
2.3596776196029055,1024,2477,2416.309882473375
2.8691652090184068,1024,2478,2938.0251740348485
2.9671888374639934,1024,2479,3038.4013695631293
2.990242222848579,1024,2480,3062.008036196945
2.6751419251860575,1024,2481,2739.345331390523
2.72965045146141,1024,2482,2795.162062296484
2.538402751111697,1024,2483,2599.3244171383776
2.7307161099124784,1024,2484,2796.253296550378
2.7352228191785315,1024,2485,2800.8681668388163
3.516594674176929,1024,2486,3600.9929463571752
2.995700763772845,1024,2487,3067.5975821033935
3.0216620569140122,1024,2488,3094.1819462799485
2.6983187537597786,1024,2489,2763.0784038500133
3.1695193956323067,1024,2490,3245.587861127482
3.438307581956863,1024,2491,3520.826963923828
3.4858494870774734,1024,2492,3569.509874767333
3.2968946187308035,1024,2493,3376.0200895803428
2.9796853931308007,1024,2494,3051.19784256594
2.7489817921988617,1024,2495,2814.9573552116344
2.8440703616904273,1024,2496,2912.3280503709975
3.540200118486993,1024,2497,3625.164921330681
3.8015138248506215,1024,2498,3892.7501566470364
3.649137857729997,1024,2499,3736.717166315517
3.4746339262506467,1024,2500,3558.0251404806622
3.633038025626263,1024,2501,3720.230938241293
3.4616805898318788,1024,2502,3544.760923987844
3.371313370372633,1024,2503,3452.224891261576
3.5117247302221983,1024,2504,3596.006123747531
3.1757035861517906,1024,2505,3251.9204722194336
3.192431384501212,1024,2506,3269.0497377292413
3.562772016731202,1024,2507,3648.278545132751
3.2190941538200946,1024,2508,3296.352413511777
3.154684028106331,1024,2509,3230.396444780883
3.2165611114602957,1024,2510,3293.7585781353428
3.031659903297566,1024,2511,3104.4197409767075
2.8736739109979226,1024,2512,2942.6420848618727
2.9923342688429386,1024,2513,3064.150291295169
2.489325309398886,1024,2514,2549.0691168244593
3.1551341894899707,1024,2515,3230.85741003773
3.1622390327809757,1024,2516,3238.132769567719
3.0748485219096935,1024,2517,3148.644886435526
3.1681428168625345,1024,2518,3244.1782444672353
3.3218281542534775,1024,2519,3401.552029955561
3.0876380510152686,1024,2520,3161.741364239635
2.8964676507109743,1024,2521,2965.9828743280377
3.2391930664892,1024,2522,3316.933700084941
2.4055654035382332,1024,2523,2463.298973223151
2.6593103593381375,1024,2524,2723.133807962253
3.1383882580001945,1024,2525,3213.709576192199
1.9898955464225025,1024,2526,2037.6530395366426
3.365174384454198,1024,2527,3445.9385696810987
3.6293807830654323,1024,2528,3716.4859218590027
3.909791125989929,1024,2529,4003.6261130136872
3.3810117435109532,1024,2530,3462.156025355216
2.6965937204661845,1024,2531,2761.311969757373
2.5083580788491275,1024,2532,2568.5586727415066
2.769476322834386,1024,2533,2835.943754582411
3.2236988357966005,1024,2534,3301.067607855719
3.2235130093492153,1024,2535,3300.8773215735964
2.9369630338276025,1024,2536,3007.450146639465
2.809066435977744,1024,2537,2876.48403044121
2.9631082907606228,1024,2538,3034.2228897388777
2.7427763221542953,1024,2539,2808.6029538859984
2.700956547113833,1024,2540,2765.779504244565
3.019822716460876,1024,2541,3092.298461655937
3.012139958223365,1024,2542,3084.4313172207258
3.1475794464202522,1024,2543,3223.1213531343383
2.9862003778147255,1024,2544,3057.869186882279
3.2929491166229212,1024,2545,3371.9798954218713
3.1507385136625032,1024,2546,3226.3562379904033
2.5784264837679345,1024,2547,2640.308719378365
2.463946395495137,1024,2548,2523.0811089870203
2.8512510933324364,1024,2549,2919.681119572415
3.041900682670752,1024,2550,3114.90629905485
3.012303605299749,1024,2551,3084.598891826943
3.3880548120633307,1024,2552,3469.3681275528506
3.818105537185488,1024,2553,3909.74007007794
3.008456704563528,1024,2554,3080.659665473053
3.391770009391891,1024,2555,3473.1724896172964
3.18695574761108,1024,2556,3263.442685553746
3.1117492131346722,1024,2557,3186.4311942499044
2.956103812297272,1024,2558,3027.0503037924063
3.0012346890293387,1024,2559,3073.264321566043
2.997293215181436,1024,2560,3069.2282523457907
2.8702209351493124,1024,2561,2939.106237592896
3.1741773853842687,1024,2562,3250.357642633491
3.3605677226557304,1024,2563,3441.221347999468
3.1968792185027723,1024,2564,3273.604319746839
3.2223534340789683,1024,2565,3299.6899164968636
2.746628477940277,1024,2566,2812.5475614108436
2.6961426673913707,1024,2567,2760.8500914087635
3.0405199494653914,1024,2568,3113.492428252561
3.1395155529215515,1024,2569,3214.8639261916687
3.6062363945924503,1024,2570,3692.786068062669
3.482714122264497,1024,2571,3566.2992611988448
3.216521889340555,1024,2572,3293.7184146847285
3.2423364673132973,1024,2573,3320.1525425288164
3.0726623030698015,1024,2574,3146.4061983434767
3.450066066865432,1024,2575,3532.8676524702023
2.6715736023745897,1024,2576,2735.69136883158
2.9268904476607425,1024,2577,2997.1358184046003
3.031004643943115,1024,2578,3103.74875539775
2.493951564994924,1024,2579,2553.8064025548024
2.847240134497241,1024,2580,2915.573897725175
2.7271668378571974,1024,2581,2792.61884196577
2.9361631403768627,1024,2582,3006.6310557459074
3.349345378794098,1024,2583,3429.7296678851562
3.418161451917662,1024,2584,3500.197326763686
3.285877018150302,1024,2585,3364.738066585909
3.049010645109881,1024,2586,3122.186900592518
2.7833622996877097,1024,2587,2850.1629948802147
2.9802324734933308,1024,2588,3051.7580528571707
2.6887291373831133,1024,2589,2753.258636680308
2.734187134430247,1024,2590,2799.807625656573
2.687550348749199,1024,2591,2752.05155711918
3.3476946723855576,1024,2592,3428.039344522811
3.4178090458932218,1024,2593,3499.836462994659
2.2228642562759227,1024,2594,2276.212998426545
3.0312160607091734,1024,2595,3103.9652461661935
3.180266833254926,1024,2596,3256.593237253044
3.050965345534408,1024,2597,3124.1885138272337
2.585458194922751,1024,2598,2647.509191600897
2.7952516704997237,1024,2599,2862.337710591717
3.321342671696577,1024,2600,3401.054895817295
3.2499384124531616,1024,2601,3327.9369343520375
3.214596956940568,1024,2602,3291.7472839071415
3.0977326270195817,1024,2603,3172.0782100680517
3.131217022796818,1024,2604,3206.3662313439418
2.394720535397937,1024,2605,2452.1938282474875
3.411171686890409,1024,2606,3493.0398073757788
3.1322861768978214,1024,2607,3207.461045143369
2.958923054312949,1024,2608,3029.93720761646
2.9681485135678543,1024,2609,3039.3840778934828
2.1767968698496603,1024,2610,2229.039994726052
2.5766188650046526,1024,2611,2638.4577177647643
2.317523611502253,1024,2612,2373.144178178307
2.655145060042223,1024,2613,2718.868541483236
2.387071505988864,1024,2614,2444.3612221325966
2.8371663130762172,1024,2615,2905.2583045900465
2.8896509457919777,1024,2616,2959.002568490985
3.049570422285692,1024,2617,3122.7601124205485
3.0164423842692543,1024,2618,3088.8370014917164
2.5067951914451783,1024,2619,2566.9582760398625
3.1011734448825976,1024,2620,3175.60160755978
3.478984155903504,1024,2621,3562.479775645188
3.0838840733288606,1024,2622,3157.8972910887533
3.197814465053426,1024,2623,3274.5620122147084
3.1941083814873252,1024,2624,3270.766982643021
2.8135773303566225,1024,2625,2881.1031862851814
3.358658085852767,1024,2626,3439.265879913233
3.2512800256569676,1024,2627,3329.310746272735
3.300000361992602,1024,2628,3379.2003706804244
3.3365798203768833,1024,2629,3416.6577360659285
3.0529082210566116,1024,2630,3126.1780183619703
2.7594051066041203,1024,2631,2825.630829162619
2.478874314725495,1024,2632,2538.3672982789067
3.1031673611138686,1024,2633,3177.6433777806014
2.6804408477352846,1024,2634,2744.7714280809314
2.2547059519254447,1024,2635,2308.8188947716553
2.763323902713733,1024,2636,2829.6436763788624
2.9035005393842024,1024,2637,2973.1845523294232
2.7095070971762354,1024,2638,2774.535267508465
3.145454524544519,1024,2639,3220.9454331335874
2.980666095354138,1024,2640,3052.2020816426375
1.1055551295867314,1024,2641,1132.088452696813
2.827223370585653,1024,2642,2895.0767314797085
3.1353568797468796,1024,2643,3210.6054448608047
2.8402179422196934,1024,2644,2908.383172832966
1.9309965551225972,1024,2645,1977.3404724455395
2.713361885917964,1024,2646,2778.482571179995
2.659555588353591,1024,2647,2723.384922474077
2.2151119861066366,1024,2648,2268.274673773196
2.458642004876065,1024,2649,2517.6494129930907
2.4157483959566406,1024,2650,2473.7263574596
2.5164289666984985,1024,2651,2576.8232618992624
2.549923927661382,1024,2652,2611.1221019252553
2.632151124041407,1024,2653,2695.3227510184006
2.5653722163960637,1024,2654,2626.9411495895692
2.158019600181806,1024,2655,2209.8120705861693
2.852718485290268,1024,2656,2921.1837289372343
3.032086938661166,1024,2657,3104.857025189034
2.552136995347297,1024,2658,2613.388283235632
2.95776388297233,1024,2659,3028.7502161636658
3.7542298685889444,1024,2660,3844.331385435079
3.0403191113879586,1024,2661,3113.2867700612696
2.9314378523264377,1024,2662,3001.792360782272
3.582083118425132,1024,2663,3668.053113267335
2.9093745661282355,1024,2664,2979.199555715313
2.9270250282663426,1024,2665,2997.273628944735
3.0822406016652906,1024,2666,3156.2143761052575
2.770039295249987,1024,2667,2836.5202383359865
2.6215719089340155,1024,2668,2684.489634748432
2.6694283235912195,1024,2669,2733.494603357409
3.2784069934170077,1024,2670,3357.088761259016
3.4840324172370742,1024,2671,3567.649195250764
3.7671742178682734,1024,2672,3857.586399097112
1.8829698224704714,1024,2673,1928.1610982097627
3.3056650334640807,1024,2674,3385.0009942672186
3.742594547729972,1024,2675,3832.4168168754913
3.4071533463164627,1024,2676,3488.925026628058
3.2410456920584068,1024,2677,3318.8307886678085
2.942715362818431,1024,2678,3013.3405315260734
3.1119251916371375,1024,2679,3186.611396236429
2.7156006857393713,1024,2680,2780.775102197116
2.8137547380324337,1024,2681,2881.284851745212
2.626438814085514,1024,2682,2689.4733456235663
3.119590871731873,1024,2683,3194.461052653438
3.408070257351678,1024,2684,3489.8639435281184
3.09826646862291,1024,2685,3172.62486386986
3.1329516073971035,1024,2686,3208.142445974634
2.79561805718113,1024,2687,2862.7128905534773
3.269112743820756,1024,2688,3347.571449672454
3.3872470596841033,1024,2689,3468.540989116522
3.687950931216193,1024,2690,3776.4617535653815
3.1308005754257984,1024,2691,3205.9397892360175
2.9603628291216157,1024,2692,3031.4115370205345
2.9018233010882284,1024,2693,2971.467060314346
3.1624883768630356,1024,2694,3238.3880979077485
2.894755455927239,1024,2695,2964.229586869493
2.4668754854391253,1024,2696,2526.0804970896643
3.32359622917404,1024,2697,3403.362538674217
2.767420680822916,1024,2698,2833.838777162666
2.7133809209130675,1024,2699,2778.502063014981
2.8341419341849416,1024,2700,2902.1613406053802
2.3213208024996845,1024,2701,2377.032501759677
3.014093758728677,1024,2702,3086.4320089381654
3.1425354205136777,1024,2703,3217.956270606006
3.411003113207599,1024,2704,3492.8671879245812
3.234641385292605,1024,2705,3312.2727785396273
3.0048802344076577,1024,2706,3076.9973600334415
2.710159825893191,1024,2707,2775.2036617146277
2.9657350499612,1024,2708,3036.912691160269
2.735225587080439,1024,2709,2800.8710011703697
2.7156261938578865,1024,2710,2780.801222510476
3.1434016073679736,1024,2711,3218.843245944805
3.5967956230723246,1024,2712,3683.1187180260604
3.083699082640946,1024,2713,3157.7078606243285
2.52316827445431,1024,2714,2583.7243130412135
3.091864545311685,1024,2715,3166.0692943991653
3.273225959934109,1024,2716,3351.7833829725278
3.2188475311554896,1024,2717,3296.0998719032214
2.752791126902343,1024,2718,2818.8581139479993
3.158046896014966,1024,2719,3233.840021519325
3.353117676887102,1024,2720,3433.5925011323925
3.4789090722790235,1024,2721,3562.40289001372
3.186754094860895,1024,2722,3263.2361931375563
3.388979500812468,1024,2723,3470.315008831967
3.330865423878251,1024,2724,3410.806194051329
3.415715332767846,1024,2725,3497.692500754274
2.9067693848402243,1024,2726,2976.5318500763897
3.0234013014920578,1024,2727,3095.962932727867
2.8259248354902287,1024,2728,2893.747031541994
2.857751707123178,1024,2729,2926.3377480941344
3.2238840102897512,1024,2730,3301.2572265367053
3.232950636075074,1024,2731,3310.541451340876
3.1484120327945844,1024,2732,3223.9739215816544
2.7231744998388407,1024,2733,2788.530687834973
3.0098674093412328,1024,2734,3082.1042271654223
2.943028532018232,1024,2735,3013.6612167866697
3.274961730356324,1024,2736,3353.560811884876
3.026464337796561,1024,2737,3099.0994819036787
3.1513048468787304,1024,2738,3226.93616320382
3.1350741367495347,1024,2739,3210.3159160315236
2.8937268949347157,1024,2740,2963.176340413149
2.4826876777758358,1024,2741,2542.272182042456
3.19579194008168,1024,2742,3272.49094664364
2.9133347323117533,1024,2743,2983.2547658872354
2.9689586458034114,1024,2744,3040.2136533026933
3.2587906582141386,1024,2745,3337.001634011278
2.936180451121917,1024,2746,3006.648781948843
3.015057364234451,1024,2747,3087.418740976078
3.180355650583124,1024,2748,3256.684186197119
2.9423624799932497,1024,2749,3012.9791795130877
2.6220806815271516,1024,2750,2685.010617883803
2.5879894941825654,1024,2751,2650.101242042947
2.3980556241778164,1024,2752,2455.608959158084
3.1662949532563127,1024,2753,3242.286032134464
3.02430654106999,1024,2754,3096.8898980556696
2.8332608873774987,1024,2755,2901.2591486745587
3.0562648644609567,1024,2756,3129.6152212080196
3.3876876200240247,1024,2757,3468.9921229046013
3.166848701564234,1024,2758,3242.8530704017758
2.7293502220404946,1024,2759,2794.8546273694665
2.522356310913864,1024,2760,2582.8928623757965
2.6922189435702677,1024,2761,2756.832198215954
3.064137393139859,1024,2762,3137.6766905752156
2.9464583108207307,1024,2763,3017.1733102804283
2.1037428942479686,1024,2764,2154.23272370992
3.3789112240864654,1024,2765,3460.0050934645406
3.360748999760915,1024,2766,3441.406975755177
2.503468623351665,1024,2767,2563.551870312105
2.428832672401626,1024,2768,2487.124656539265
2.7995034373664343,1024,2769,2866.6915198632287
2.7899544379279746,1024,2770,2856.913344438246
3.137210272939825,1024,2771,3212.503319490381
3.5119840566074174,1024,2772,3596.2716739659954
3.4468896108676006,1024,2773,3529.614961528423
3.1672002460248194,1024,2774,3243.213051929415
2.996007844049217,1024,2775,3067.912032306398
2.9945754319218167,1024,2776,3066.4452422879403
3.3606103334743604,1024,2777,3441.264981477745
2.5144194834617224,1024,2778,2574.7655510648037
2.721608843726983,1024,2779,2786.927455976431
2.891269890188809,1024,2780,2960.6603675533406
2.9943167546201863,1024,2781,3066.180356731071
3.651861851560014,1024,2782,3739.506535997454
3.453066457157526,1024,2783,3535.9400521293064
2.8366211901032834,1024,2784,2904.700098665762
2.5791042305315415,1024,2785,2641.0027320642985
2.6285120453616884,1024,2786,2691.596334450369
2.804092590837806,1024,2787,2871.3908130179134
2.59872300775994,1024,2788,2661.0923599461785
2.290448307032051,1024,2789,2345.41906640082
2.748181711312684,1024,2790,2814.1380723841885
3.176560290478136,1024,2791,3252.7977374496113
3.196946856621892,1024,2792,3273.6735811808176
2.848058725336948,1024,2793,2916.4121347450346
2.6260628818962743,1024,2794,2689.088391061785
2.6558213609060175,1024,2795,2719.561073567762
2.667683420850757,1024,2796,2731.7078229511753
2.7424677204826775,1024,2797,2808.2869457742618
3.3937880788915322,1024,2798,3475.238992784929
3.0667294690797675,1024,2799,3140.330976337682
3.2463799919903167,1024,2800,3324.2931117980843
3.6553798558087145,1024,2801,3743.1089723481236
3.5364025942062227,1024,2802,3621.276256467172
3.2007774192435434,1024,2803,3277.5960773053885
3.2699440476828414,1024,2804,3348.4227048272296
3.167755428785185,1024,2805,3243.781559076029
2.9925929485586664,1024,2806,3064.4151793240744
3.013597557773612,1024,2807,3085.9238991601787
2.7004852409638396,1024,2808,2765.2968867469717
2.6909014674285388,1024,2809,2755.4831026468237
2.679813324725991,1024,2810,2744.128844519415
3.4661411449638244,1024,2811,3549.328532442956
3.1143891673044912,1024,2812,3189.134507319799
2.3899656523456656,1024,2813,2447.3248280019616
2.4387013265693724,1024,2814,2497.2301584070374
2.895476363097501,1024,2815,2964.967795811841
3.001933481417339,1024,2816,3073.979884971355
1.7897066177226293,1024,2817,1832.6595765479724
2.059626889545431,1024,2818,2109.057934894521
1.6246449477127456,1024,2819,1663.6364264578515
2.0217850022628667,1024,2820,2070.3078423171755
3.4007615237194813,1024,2821,3482.379800288749
2.856624607886361,1024,2822,2925.1835984756335
3.006548598506404,1024,2823,3078.7057648705577
3.471248260428972,1024,2824,3554.558218679267
3.246323559732639,1024,2825,3324.2353251662225
3.3242693421736718,1024,2826,3404.05180638584
3.5247694233557496,1024,2827,3609.3638895162876
3.203868294730789,1024,2828,3280.761133804328
2.655412278601281,1024,2829,2719.1421732877116
2.556957167940208,1024,2830,2618.324139970773
2.4525914625350183,1024,2831,2511.4536576358587
2.490475324372321,1024,2832,2550.2467321572567
2.4146502990768113,1024,2833,2472.6019062546548
2.9971228658230746,1024,2834,3069.0538146028284
3.446502892742636,1024,2835,3529.2189621684593
2.888932514345811,1024,2836,2958.2668946901103
2.5973290000805918,1024,2837,2659.664896082526
2.5799958604691255,1024,2838,2641.9157611203846
2.666497734975266,1024,2839,2730.4936806146725
2.8206726304746326,1024,2840,2888.3687736060238
2.8587226176703666,1024,2841,2927.3319604944554
2.859421928377131,1024,2842,2928.048054658182
2.775187554200043,1024,2843,2841.792055500844
2.902626351826015,1024,2844,2972.2893842698395
3.2566763489153345,1024,2845,3334.8365812893026
2.571420298165137,1024,2846,2633.1343853211
2.559051702143215,1024,2847,2620.468942994652
3.008786171296748,1024,2848,3080.99703940787
2.604789266597905,1024,2849,2667.3042089962546
1.929805295047803,1024,2850,1976.1206221289503
2.980395301340316,1024,2851,3051.9247885724835
3.0235045630761874,1024,2852,3096.068672590016
3.1308386263355956,1024,2853,3205.97875336765
3.1294940633569297,1024,2854,3204.601920877496
3.4093422042946457,1024,2855,3491.1664171977172
3.1475311756514195,1024,2856,3223.0719238670536
3.0007530962343623,1024,2857,3072.771170543987
2.7940855126651556,1024,2858,2861.1435649691193
2.8887887943065653,1024,2859,2958.119725369923
2.7250945203399546,1024,2860,2790.4967888281135
3.321260911205272,1024,2861,3400.9711730741983
2.945989806741432,1024,2862,3016.693562103226
2.7300462197565363,1024,2863,2795.567329030693
3.1399767793318603,1024,2864,3215.336222035825
3.270881107836434,1024,2865,3349.3822544245086
3.4720673404394304,1024,2866,3555.3969566099768
3.205350699042981,1024,2867,3282.2791158200125
2.7772026862012424,1024,2868,2843.8555506700723
3.1093942929088776,1024,2869,3184.0197559386907
2.950081936114401,1024,2870,3020.8839025811467
3.094160147910671,1024,2871,3168.419991460527
1.7792207282785686,1024,2872,1821.9220257572542
2.5804230813396885,1024,2873,2642.353235291841
2.83052939041211,1024,2874,2898.4620957820007
3.2358495935687266,1024,2875,3313.509983814376
3.3708375601916813,1024,2876,3451.7376616362817
3.694171092539465,1024,2877,3782.831198760412
3.41353887189981,1024,2878,3495.4638048254055
2.2649560645701587,1024,2879,2319.3150101198426
3.1187184035769846,1024,2880,3193.5676452628322
2.9328484236951624,1024,2881,3003.2367858638463
3.4261831982334776,1024,2882,3508.411594991081
2.9804122471013486,1024,2883,3051.942141031781
3.0334147986026494,1024,2884,3106.216753769113
3.2325226720862545,1024,2885,3310.1032162163247
2.99560489639714,1024,2886,3067.499413910671
3.3307247944459277,1024,2887,3410.66218951263
2.9778382840255517,1024,2888,3049.306402842165
2.667446377217111,1024,2889,2731.4650902703215
2.76028212298435,1024,2890,2826.5288939359743
3.159468074885325,1024,2891,3235.295308682573
3.2825921904263637,1024,2892,3361.3744029965965
2.8877160829666195,1024,2893,2957.0212689578184
2.975277865954581,1024,2894,3046.684534737491
2.957440577971134,1024,2895,3028.4191518424414
2.554698045295339,1024,2896,2616.0107983824273
2.6391692949771652,1024,2897,2702.509358056617
3.0855029534483265,1024,2898,3159.5550243310863
2.803604368260272,1024,2899,2870.8908730985186
2.869094705857435,1024,2900,2937.9529787980136
2.698131844532952,1024,2901,2762.887008801743
2.763503239359963,1024,2902,2829.827317104602
3.275615904361871,1024,2903,3354.230686066556
2.2923589215689333,1024,2904,2347.3755356865877
3.0689427843387094,1024,2905,3142.5974111628384
2.96415330952572,1024,2906,3035.2929889543375
2.6773464264359887,1024,2907,2741.6027406704525
2.9829414436185324,1024,2908,3054.532038265377
2.7632020561254365,1024,2909,2829.518905472447
2.718816529550338,1024,2910,2784.0681262595463
2.792393322035011,1024,2911,2859.410761763851
2.869939145892099,1024,2912,2938.8176853935092
2.5553540458163946,1024,2913,2616.682542915988
2.7730808221706127,1024,2914,2839.6347619027074
3.244199042112143,1024,2915,3322.0598191228346
3.9195444109157904,1024,2916,4013.6134767777694
3.697587804316157,1024,2917,3786.329911619745
3.499209544752489,1024,2918,3583.1905738265486
3.828386700525016,1024,2919,3920.267981337616
3.8511849326361016,1024,2920,3943.613371019368
4.108462993679666,1024,2921,4207.066105527978
3.884397574634363,1024,2922,3977.623116425588
4.038124029660139,1024,2923,4135.039006371982
4.070665838888431,1024,2924,4168.361819021753
4.174708087002159,1024,2925,4274.901081090211
4.279205240130068,1024,2926,4381.90616589319
4.25772997497188,1024,2927,4359.915494371206
3.9331006168170575,1024,2928,4027.495031620667
3.7310399631325026,1024,2929,3820.5849222476827
4.097198272457945,1024,2930,4195.531030996935
3.87964829078075,1024,2931,3972.759849759488
3.967595975034783,1024,2932,4062.8182784356177
4.0343490399855,1024,2933,4131.173416945152
3.3501802325031065,1024,2934,3430.584558083181
3.2247549755934486,1024,2935,3302.1490950076914
2.865618519054827,1024,2936,2934.393363512143
3.267030753020549,1024,2937,3345.4394910930423
3.2474249367001846,1024,2938,3325.363135180989
3.3501561069020056,1024,2939,3430.5598534676537
3.260618127069849,1024,2940,3338.8729621195253
2.5924961700967053,1024,2941,2654.716078179026
2.8552209259366492,1024,2942,2923.746228159129
3.2130914339447543,1024,2943,3290.2056283594284
3.159585430420055,1024,2944,3235.4154807501363
3.2618136206035047,1024,2945,3340.0971474979888
3.187510465791755,1024,2946,3264.010716970757
3.1127087559756035,1024,2947,3187.413766119018
2.822355329156345,1024,2948,2890.091857056097
2.5805402950568546,1024,2949,2642.473262138219
2.8343549288355803,1024,2950,2902.379447127634
2.9602560815485504,1024,2951,3031.3022275057156
2.666783482536566,1024,2952,2730.7862861174435
2.4699045385068814,1024,2953,2529.1822474310466
3.1039951639490653,1024,2954,3178.491047883843
3.0752743118388963,1024,2955,3149.08089532303
3.501789292514502,1024,2956,3585.83223553485
3.384468200814375,1024,2957,3465.69543763392
3.156583850770204,1024,2958,3232.341863188689
3.1129808917791024,1024,2959,3187.692433181801
3.0871647083738623,1024,2960,3161.256661374835
3.313620460637612,1024,2961,3393.1473516929145
2.644762217075196,1024,2962,2708.236510285001
2.648006912095525,1024,2963,2711.5590779858176
3.123566028723072,1024,2964,3198.531613412426
3.1230756356851828,1024,2965,3198.029450941627
3.1320126927739693,1024,2966,3207.1809974005446
3.140318802371528,1024,2967,3215.6864536284447
2.3210347335861066,1024,2968,2376.739567192173
2.3147797989282353,1024,2969,2370.334514102513
3.018518236427944,1024,2970,3090.962674102215
3.31875118786013,1024,2971,3398.401216368773
2.7781413469341487,1024,2972,2844.8167392605683
2.4804925118233996,1024,2973,2540.024332107161
2.5254483458611716,1024,2974,2586.0591061618397
2.50237835241337,1024,2975,2562.4354328712907
2.631977776355713,1024,2976,2695.14524298825
2.468284855920702,1024,2977,2527.523692462799
2.6834728514612713,1024,2978,2747.876199896342
2.664712828072922,1024,2979,2728.665935946672
2.303696133506765,1024,2980,2358.9848407109275
2.617591216694928,1024,2981,2680.413405895606
2.8781669361768785,1024,2982,2947.2429426451235
3.0064489813175257,1024,2983,3078.6037568691463
2.752296028003654,1024,2984,2818.3511326757416
2.6027914115787425,1024,2985,2665.2584054566323
3.0543738523680197,1024,2986,3127.678824824852
3.207334730624723,1024,2987,3284.310764159716
3.064070742189827,1024,2988,3137.608440002383
3.1118091915412585,1024,2989,3186.4926121382487
3.1702507895795122,1024,2990,3246.3368085294205
3.168634210231648,1024,2991,3244.6814312772076
2.9756921366810847,1024,2992,3047.1087479614307
3.0337679646487814,1024,2993,3106.578395800352
3.105020472941497,1024,2994,3179.540964292093
2.7329683564460936,1024,2995,2798.5595970008
3.1542622017681197,1024,2996,3229.9644946105545
3.0000208067574086,1024,2997,3072.0213061195864
3.1884480226302685,1024,2998,3264.970775173395
3.0679680916674243,1024,2999,3141.5993258674425
3.1413907370462084,1024,3000,3216.7841147353174
3.5450109967926835,1024,3001,3630.091260715708
3.7150277421788473,1024,3002,3804.1884079911397
3.418967326043635,1024,3003,3501.0225418686823
3.564182329153823,1024,3004,3649.722705053515
3.664442146952581,1024,3005,3752.388758479443
3.1031423576214365,1024,3006,3177.617774204351
2.895469980046127,1024,3007,2964.9612595672343
2.738943571606683,1024,3008,2804.678217325243
2.772746967743487,1024,3009,2839.2928949693305
2.599958233106152,1024,3010,2662.3572307007
3.233026676009672,1024,3011,3310.619316233904
3.4752842223754783,1024,3012,3558.6910437124898
3.6718225122722004,1024,3013,3759.946252566733
3.000078994873604,1024,3014,3072.0808907505707
2.66497212790199,1024,3015,2728.9314589716378
3.0715934043151663,1024,3016,3145.3116460187302
3.129401641952427,1024,3017,3204.507281359285
3.124836953449128,1024,3018,3199.833040331907
3.414856858832998,1024,3019,3496.81342344499
3.517646800456447,1024,3020,3602.0703236674017
3.3431312384751006,1024,3021,3423.366388198503
3.1702654849901997,1024,3022,3246.3518566299645
3.4666989715798024,1024,3023,3549.8997468977177
3.5525428100357033,1024,3024,3637.80383747656
4.1046781581399046,1024,3025,4203.190433935262
3.809927549821772,1024,3026,3901.3658110174947
2.9716374075457797,1024,3027,3042.9567053268784
3.2779395491320145,1024,3028,3356.610098311183
2.9981262842741785,1024,3029,3070.0813150967588
3.1008424976338986,1024,3030,3175.262717577112
3.4224900582826194,1024,3031,3504.6298196814023
2.827204707805379,1024,3032,2895.057620792708
3.219128955441086,1024,3033,3296.388050371672
3.1248632413662563,1024,3034,3199.8599591590464
3.3368169117330098,1024,3035,3416.900517614602
3.1942606052607943,1024,3036,3270.9228597870533
3.3976044657842976,1024,3037,3479.146972963121
3.4929248918381575,1024,3038,3576.7550892422732
3.5517731711155704,1024,3039,3637.015727222344
3.0365234066352116,1024,3040,3109.3999683944567
3.256557009649743,1024,3041,3334.714377881337
3.0010933827344672,1024,3042,3073.1196239200945
2.9738906710387667,1024,3043,3045.264047143697
3.3135635250054634,1024,3044,3393.0890496055945
3.4791703816310786,1024,3045,3562.6704707902245
3.3380937078325914,1024,3046,3418.2079568205736
3.207726138509962,1024,3047,3284.711565834201
3.260834761704473,1024,3048,3339.09479598538
2.7686864755096465,1024,3049,2835.134950921878
2.8705503079308414,1024,3050,2939.4435153211816
3.1707631075425127,1024,3051,3246.861422123533
2.895899722407954,1024,3052,2965.401315745745
3.0429296804338515,1024,3053,3115.959992764264
3.0780559409774497,1024,3054,3151.9292835609085
2.968909745546437,1024,3055,3040.1635794395515
3.1735481477672245,1024,3056,3249.713303313638
2.738951023523782,1024,3057,2804.685848088353
2.8181421813133483,1024,3058,2885.7775936648686
2.260222756903204,1024,3059,2314.4681030688807
2.4207227012968673,1024,3060,2478.820046127992
2.3762637067540595,1024,3061,2433.294035716157
2.909187095952804,1024,3062,2979.0075862556714
2.894230018145654,1024,3063,2963.69153858115
3.1957999582378136,1024,3064,3272.499157235521
2.9585107132978763,1024,3065,3029.5149704170253
3.0845144430882385,1024,3066,3158.5427897223562
2.8869932019009212,1024,3067,2956.2810387465433
3.4386750518279037,1024,3068,3521.2032530717734
3.0178298910450394,1024,3069,3090.2578084301203
3.1782326496782787,1024,3070,3254.5102332705574
3.185079942169665,1024,3071,3261.521860781737
3.110328276734151,1024,3072,3184.9761553757708
3.1171051627254656,1024,3073,3191.9156866308767
3.0084204776916437,1024,3074,3080.622569156243
3.039725006366961,1024,3075,3112.678406519768
3.704106926474992,1024,3076,3793.005492710392
3.020593174728212,1024,3077,3093.0874109216893
3.2466312844828593,1024,3078,3324.550435310448
2.9665346250862257,1024,3079,3037.731456088295
3.0993681210355817,1024,3080,3173.7529559404356
2.971348173184282,1024,3081,3042.6605293407047
2.941080208435423,1024,3082,3011.666133437873
2.651989461056786,1024,3083,2715.637208122149
2.9498106112963285,1024,3084,3020.6060659674404
2.926227465128278,1024,3085,2996.4569242913567
1.162885386985792,1024,3086,1190.794636273451
0.8027817955004917,1024,3087,822.0485585925035
1.4333045008463614,1024,3088,1467.703808866674
1.9678866056274131,1024,3089,2015.115884162471
2.371350681606593,1024,3090,2428.2630979651512
3.005469702438262,1024,3091,3077.6009752967802
3.14416735924614,1024,3092,3219.6273758680472
2.8346344935300394,1024,3093,2902.6657213747603
2.63095572437129,1024,3094,2694.098661756201
3.0112453006316073,1024,3095,3083.515187846766
3.255528120497573,1024,3096,3333.6607953895145
3.1562393111925866,1024,3097,3231.9890546612087
2.752825841223064,1024,3098,2818.8936614124177
2.954087985093622,1024,3099,3024.986096735869
2.7581156012584103,1024,3100,2824.310375688612
2.4815062885439776,1024,3101,2541.062439469033
2.8419012921959563,1024,3102,2910.1069232086593
3.3700782908144475,1024,3103,3450.9601697939943
3.285614388533446,1024,3104,3364.469133858249
3.4371349954558355,1024,3105,3519.6262353467755
3.0033769076210035,1024,3106,3075.4579534039076
2.9366399656496984,1024,3107,3007.119324825291
3.3167009296343224,1024,3108,3396.301751945546
2.662869136762989,1024,3109,2726.777996045301
3.0025358822341914,1024,3110,3074.596743407812
2.4887205367228695,1024,3111,2548.4498296042184
2.8772399334744243,1024,3112,2946.2936918778105
2.8905191200165703,1024,3113,2959.891578896968
3.3577840366999183,1024,3114,3438.3708535807164
3.204425659309905,1024,3115,3281.3318751333427
2.7968428936228236,1024,3116,2863.9671230697713
3.1651240502400952,1024,3117,3241.0870274458575
3.0411555503957857,1024,3118,3114.1432836052845
2.9588934823867703,1024,3119,3029.906925964053
3.203381715426019,1024,3120,3280.2628765962436
3.0123004139793714,1024,3121,3084.5956239148763
2.4570771689210957,1024,3122,2516.047020975202
2.6071510735286267,1024,3123,2669.722699293314
2.815861186601296,1024,3124,2883.4418550797272
2.871627451169104,1024,3125,2940.5465099971625
2.835483790974621,1024,3126,2903.535401958012
2.9558195550686435,1024,3127,3026.759224390291
2.788042551910621,1024,3128,2854.955573156476
2.729845311540572,1024,3129,2795.361599017546
2.8732534207872718,1024,3130,2942.2115028861663
3.094001636435223,1024,3131,3168.2576757096685
3.3957563919210116,1024,3132,3477.254545327116
2.7145982655754413,1024,3133,2779.748623949252
3.4013459460732456,1024,3134,3482.9782487790035
2.9073129995186946,1024,3135,2977.0885115071433
3.678898012682012,1024,3136,3767.1915649863804
3.5647437064706793,1024,3137,3650.2975554259756
3.323541964222045,1024,3138,3403.306971363374
3.373966938143681,1024,3139,3454.9421446591296
3.371943995548719,1024,3140,3452.870651441888
3.2278668475983565,1024,3141,3305.335651940717
2.714078377715367,1024,3142,2779.216258780536
2.912374932259958,1024,3143,2982.271930634197
2.955683766248484,1024,3144,3026.6201766384474
2.9998205131449254,1024,3145,3071.8162054604036
3.1847370266235657,1024,3146,3261.1707152625313
3.5307157217209806,1024,3147,3615.452899042284
3.580167950363318,1024,3148,3666.091981172038
3.8215112826172657,1024,3149,3913.22755340008
3.6240956021319306,1024,3150,3711.073896583097
3.4825835989859684,1024,3151,3566.1656053616316
3.444898265780523,1024,3152,3527.5758241592557
3.6355907437046717,1024,3153,3722.844921553584
3.711852975139621,1024,3154,3800.937446542972
3.679241269986523,1024,3155,3767.5430604661997
3.571265163063856,1024,3156,3656.9755269773887
4.004312972145726,1024,3157,4100.416483477224
3.418740287766596,1024,3158,3500.7900546729943
3.2470910703093523,1024,3159,3325.0212559967767
3.349286222909001,1024,3160,3429.669092258817
3.2273110733650583,1024,3161,3304.7665391258197
3.0578781308135206,1024,3162,3131.267205953045
2.8355479510582313,1024,3163,2903.601101883629
3.2358225239869967,1024,3164,3313.4822645626846
2.7803709761391175,1024,3165,2847.0998795664564
2.9156923533524335,1024,3166,2985.668969832892
2.9403100362920895,1024,3167,3010.8774771630997
3.5677151299712406,1024,3168,3653.3402930905504
3.0370785106686373,1024,3169,3109.9683949246846
3.268664513987213,1024,3170,3347.112462322906
3.442487014311167,1024,3171,3525.1067026546352
2.973559526665687,1024,3172,3044.9249553056634
3.4442392757530342,1024,3173,3526.901018371107
3.3693371519538005,1024,3174,3450.2012436006917
3.3792250468891964,1024,3175,3460.326448014537
3.159093525064094,1024,3176,3234.911769665632
3.2771792391867827,1024,3177,3355.8315409272655
3.3778955757542377,1024,3178,3458.9650695723394
3.258711524214668,1024,3179,3336.92060079582
3.382188806130973,1024,3180,3463.361337478116
2.8320626916396776,1024,3181,2900.03219623903
3.4055802387009777,1024,3182,3487.314164429801
3.0544026827272006,1024,3183,3127.7083471126534
2.5963772933184366,1024,3184,2658.690348358079
2.81930294693608,1024,3185,2886.966217662546
2.9939703324206306,1024,3186,3065.8256203987257
3.199435847783537,1024,3187,3276.222308130342
3.062653150506833,1024,3188,3136.156826118997
3.3791425632848373,1024,3189,3460.2419848036734
3.1526335588411456,1024,3190,3228.296764253333
3.140627105813607,1024,3191,3216.0021563531336
3.331264276469163,1024,3192,3411.214619104423
3.381806345350867,1024,3193,3462.969697639288
2.7090316523319444,1024,3194,2774.048411987911
2.946309096998391,1024,3195,3017.0205153263523
2.891533179383977,1024,3196,2960.9299756891924
3.2388780202897607,1024,3197,3316.611092776715
3.557194842290869,1024,3198,3642.56751850585
2.8724252049306074,1024,3199,2941.363409848942
3.491849076637493,1024,3200,3575.653454476793
3.3166595502491134,1024,3201,3396.259379455092
3.2167359964104207,1024,3202,3293.937660324271
3.4777358894377244,1024,3203,3561.2015507842298
3.339167471067185,1024,3204,3419.3074903727975
3.076183975828087,1024,3205,3150.012391247961
3.480370550828809,1024,3206,3563.8994440487004
3.4437427322022245,1024,3207,3526.392557775078
2.7039633414497217,1024,3208,2768.858461644515
3.445456183851647,1024,3209,3528.1471322640864
3.2877891253531466,1024,3210,3366.696064361622
3.436518943518351,1024,3211,3518.9953981627914
3.1788043751630752,1024,3212,3255.095680166989
3.304711017963114,1024,3213,3384.0240823942286
3.565543656054924,1024,3214,3651.1167038002422
2.9335760763810663,1024,3215,3003.981902214212
2.9491065505407192,1024,3216,3019.8851077536965
3.580672536812017,1024,3217,3666.6086776955053
3.791107792315074,1024,3218,3882.094379330636
3.2874614596704532,1024,3219,3366.360534702544
3.0932720646439833,1024,3220,3167.510594195439
3.1545880337023817,1024,3221,3230.298146511239
2.995871755259664,1024,3222,3067.772677385896
3.3210900656447393,1024,3223,3400.796227220213
3.671462092749029,1024,3224,3759.5771829750056
3.4176079695116286,1024,3225,3499.6305607799077
3.0695198067278966,1024,3226,3143.188282089366
2.897085734029414,1024,3227,2966.6157916461198
2.7010908122870845,1024,3228,2765.9169917819745
3.1566427364725484,1024,3229,3232.4021621478896
3.2528056468102307,1024,3230,3330.872982333676
3.2636252941226758,1024,3231,3341.95230118162
3.3197708211100068,1024,3232,3399.445320816647
3.0846734534013507,1024,3233,3158.705616282983
3.515618540228161,1024,3234,3599.9933851936366
3.535689130068718,1024,3235,3620.5456691903673
3.3290209098369843,1024,3236,3408.917411673072
3.2854357456552634,1024,3237,3364.2862035509897
3.025102749139169,1024,3238,3097.705215118509
2.8525658231059765,1024,3239,2921.02740286052
2.582288806791736,1024,3240,2644.2637381547374
2.721855048698325,1024,3241,2787.179569867085
3.1368420400052948,1024,3242,3212.126248965422
3.5217951171346726,1024,3243,3606.318199945905
2.994262154425826,1024,3244,3066.1244461320457
3.258703731475862,1024,3245,3336.9126210312825
2.8290485870556097,1024,3246,2896.9457531449443
2.7886800033866024,1024,3247,2855.608323467881
2.8479885804636087,1024,3248,2916.3403063947353
2.9310396043881326,1024,3249,3001.384554893448
2.3522789361645096,1024,3250,2408.733630632458
2.4407223879574147,1024,3251,2499.2997252683926
2.5787079046015435,1024,3252,2640.5968943119806
2.8801482670089023,1024,3253,2949.271825417116
2.8665088921688238,1024,3254,2935.3051055808755
3.0624479511205145,1024,3255,3135.946701947407
2.779048648640156,1024,3256,2845.74581620752
3.4065535204077975,1024,3257,3488.3108048975846
2.8853374339773836,1024,3258,2954.585532392841
2.530007369789473,1024,3259,2590.7275466644205
3.38777744839296,1024,3260,3469.084107154391
3.5954165645832177,1024,3261,3681.706562133215
3.173087736465817,1024,3262,3249.2418421409966
2.743616344435023,1024,3263,2809.4631367014636
3.139399722997652,1024,3264,3214.7453163495957
3.2864433962785142,1024,3265,3365.3180377891986
2.590730830040812,1024,3266,2652.9083699617913
3.2613717773337214,1024,3267,3339.6446999897307
2.8940569096281195,1024,3268,2963.5142754591943
3.2957665134975187,1024,3269,3374.864909821459
3.18362283424495,1024,3270,3260.029782266829
3.150479952649537,1024,3271,3226.0914715131257
3.667729284180467,1024,3272,3755.7547870007984
3.5894179101690042,1024,3273,3675.5639400130603
3.3940911180468873,1024,3274,3475.5493048800126
2.9107848728914263,1024,3275,2980.6437098408205
2.7169514211835804,1024,3276,2782.1582552919863
2.1159377713904135,1024,3277,2166.7202779037834
3.1723369371430863,1024,3278,3248.4730236345204
3.06468656600825,1024,3279,3138.239043592448
2.640666637210977,1024,3280,2704.0426365040403
3.326975440031106,1024,3281,3406.8228505918523
2.514287119902953,1024,3282,2574.6300107806237
2.7678743233736895,1024,3283,2834.303307134658
2.3720426362356477,1024,3284,2428.9716595053033
2.6548553486871853,1024,3285,2718.5718770556778
3.123783880826675,1024,3286,3198.7546939665153
3.2503507898417183,1024,3287,3328.3592087979196
2.977651913123097,1024,3288,3049.1155590380513
2.9408917858085495,1024,3289,3011.4731886679547
3.358796962567908,1024,3290,3439.4080896695377
3.4640662789348653,1024,3291,3547.203869629302
3.2587334235836067,1024,3292,3336.9430257496133
3.330226742421317,1024,3293,3410.1521842394286
3.550059392393905,1024,3294,3635.2608178113587
3.180417278559254,1024,3295,3256.7472932446763
2.8960993704334896,1024,3296,2965.6057553238934
2.776791208830957,1024,3297,2843.4341978429
2.9667835745305595,1024,3298,3037.986380319293
2.0291321981707426,1024,3299,2077.8313709268405
2.330151109978434,1024,3300,2386.0747366179166
3.2672484399735566,1024,3301,3345.662402532922
3.2260439825261766,1024,3302,3303.469038106805
2.9102129146541103,1024,3303,2980.058024605809
4.301648267603014,1024,3304,4404.887826025486
3.8080876018660526,1024,3305,3899.481704310838
3.059816583956348,1024,3306,3133.2521819713
2.935797788977002,1024,3307,3006.25693591245
2.5741468490945394,1024,3308,2635.9263734728083
2.701238560657389,1024,3309,2766.0682861131663
3.149622855658478,1024,3310,3225.2138041942817
2.8292266754089823,1024,3311,2897.128115618798
3.0878630072244597,1024,3312,3161.9717193978468
3.071011048839523,1024,3313,3144.7153140116716
3.3187890680331407,1024,3314,3398.440005665936
3.2867668168736444,1024,3315,3365.649220478612
3.0476472527385745,1024,3316,3120.7907868043003
3.3877901222625937,1024,3317,3469.097085196896
3.3925541425317647,1024,3318,3473.975441952527
3.353226802805935,1024,3319,3433.7042460732773
3.357943662198693,1024,3320,3438.5343100914615
3.135024435524059,1024,3321,3210.2650219766365
3.1783852469627476,1024,3322,3254.6664928898535
3.2210454812238893,1024,3323,3298.3505727732627
3.357712215179191,1024,3324,3438.2973083434917
3.48581402138862,1024,3325,3569.473557901947
3.320736900267633,1024,3326,3400.434585874056
2.342751653803049,1024,3327,2398.977693494322
3.2925371782090416,1024,3328,3371.5580704860586
3.8266871534181064,1024,3329,3918.527645100141
3.695697970759312,1024,3330,3784.3947220575355
3.601824833517213,1024,3331,3688.2686295216263
3.1133634037326345,1024,3332,3188.0841254222178
3.03641712336389,1024,3333,3109.2911343246233
3.286893297927648,1024,3334,3365.7787370779115
2.8848177695147257,1024,3335,2954.053395983079
3.369236774867918,1024,3336,3450.098457464748
3.123636306492358,1024,3337,3198.6035778481746
2.857631941999557,1024,3338,2926.2151086075464
2.921652060469711,1024,3339,2991.771709920984
3.5985961212233235,1024,3340,3684.9624281326833
3.893859977712367,1024,3341,3987.312617177464
2.608209334235511,1024,3342,2670.806358257163
2.5504265630561314,1024,3343,2611.6368005694785
2.792179936755006,1024,3344,2859.192255237126
2.6953551127093576,1024,3345,2760.043635414382
3.053876997592461,1024,3346,3127.17004553468
2.540168385164719,1024,3347,2601.1324264086725
2.9251124732970766,1024,3348,2995.3151726562064
3.2016776793699364,1024,3349,3278.517943674815
2.9801096164873115,1024,3350,3051.632247283007
2.9563208503073213,1024,3351,3027.272550714697
2.9149137067375364,1024,3352,2984.8716356992372
2.9839445338146824,1024,3353,3055.5592026262348
3.260916604897318,1024,3354,3339.1786034148536
2.7490657823119946,1024,3355,2815.0433610874825
2.813416730404846,1024,3356,2880.9387319345624
3.430741429442776,1024,3357,3513.0792237494024
2.990977153223696,1024,3358,3062.7606049010647
3.225375717781971,1024,3359,3302.784735008738
3.212979635569745,1024,3360,3290.091146823419
2.833924959630604,1024,3361,2901.9391586617385
2.3797893632780394,1024,3362,2436.9043079967123
3.336312487412112,1024,3363,3416.3839871100026
3.2131863438813753,1024,3364,3290.3028161345283
3.7859591284750707,1024,3365,3876.8221475584724
3.7839129830674665,1024,3366,3874.7268946610857
3.522577194383956,1024,3367,3607.119047049171
3.6190282301047887,1024,3368,3705.8849076273036
3.6389409210036945,1024,3369,3726.275503107783
3.6112341816252638,1024,3370,3697.90380198427
3.482825457394199,1024,3371,3566.41326837166
3.6084582915365786,1024,3372,3695.0612905334565
3.3271136437421376,1024,3373,3406.964371191949
2.8756081670652307,1024,3374,2944.6227630747962
3.2834066806693443,1024,3375,3362.2084410054085
3.4169384637959865,1024,3376,3498.94498692709
3.2767716219026397,1024,3377,3355.414140828303
3.209152417787621,1024,3378,3286.172075814524
2.964192437404506,1024,3379,3035.3330559022143
3.295127085371206,1024,3380,3374.210135420115
3.523001345077205,1024,3381,3607.553377359058
3.3622873638312853,1024,3382,3442.982260563236
3.59699153974816,1024,3383,3683.319336702116
3.5052792115321267,1024,3384,3589.405912608898
3.484869112162187,1024,3385,3568.5059708540794
3.090339348689234,1024,3386,3164.5074930577757
2.7537537812701203,1024,3387,2819.843872020603
2.3750100177836018,1024,3388,2432.010258210408
2.1949696552101337,1024,3389,2247.648926935177
3.177374797575638,1024,3390,3253.631792717453
3.0672073208072277,1024,3391,3140.820296506601
3.099563029688259,1024,3392,3173.952542400777
3.227914111943166,1024,3393,3305.384050629802
2.820779172426846,1024,3394,2888.4778725650904
3.2651109609052185,1024,3395,3343.4736239669437
3.0482958396886186,1024,3396,3121.4549398411455
3.2003211764036905,1024,3397,3277.128884637379
3.0453847176910784,1024,3398,3118.4739509156643
3.2516798214148466,1024,3399,3329.720137128803
2.895236567641348,1024,3400,2964.72224526474
3.021685933141617,1024,3401,3094.206395537016
3.0856146921977654,1024,3402,3159.669444810512
3.3532439168543533,1024,3403,3433.721770858858
3.338300062755714,1024,3404,3418.419264261851
3.3749415127515974,1024,3405,3455.9401090576357
3.3526789860845128,1024,3406,3433.143281750541
3.6876593775605606,1024,3407,3776.163202622014
3.424389251717969,1024,3408,3506.5745937592
3.679575793881744,1024,3409,3767.885612934906
3.2537123068374427,1024,3410,3331.8014022015414
3.3128338459973747,1024,3411,3392.3418583013117
3.0354206733480424,1024,3412,3108.2707695083955
3.4406623951635993,1024,3413,3523.2382926475257
3.255585140301001,1024,3414,3333.719183668225
2.9662465522221684,1024,3415,3037.4364694755004
2.7488019760102134,1024,3416,2814.7732234344585
3.1460309265208704,1024,3417,3221.5356687573712
3.56465576363842,1024,3418,3650.2075019657423
3.358324401864097,1024,3419,3438.9241875088355
3.548437354517022,1024,3420,3633.5998510254303
3.431549411298832,1024,3421,3513.906597170004
3.233311467883201,1024,3422,3310.910943112398
3.3727606306952573,1024,3423,3453.7068858319435
3.2587720595646346,1024,3424,3336.982588994186
2.9780348628047015,1024,3425,3049.5076995120144
2.879392481892353,1024,3426,2948.4979014577693
3.1540075491132598,1024,3427,3229.703730291978
3.216848067166744,1024,3428,3294.0524207787457
2.9952468883937104,1024,3429,3067.1328137151595
2.9359553727443597,1024,3430,3006.4183016902243
3.4910435775594806,1024,3431,3574.828623420908
2.831685069999196,1024,3432,2899.6455116791767
2.335770308830007,1024,3433,2391.828796241927
1.594754177360148,1024,3434,1633.0282776167915
2.706049892003726,1024,3435,2770.9950894118156
3.0207349697435966,1024,3436,3093.232609017443
3.2149562427826286,1024,3437,3292.1151926094117
2.974134165960507,1024,3438,3045.513385943559
3.387183951167728,1024,3439,3468.4763659957534
3.3483895766216456,1024,3440,3428.750926460565
3.3656934015422326,1024,3441,3446.470043179246
2.9771419346452817,1024,3442,3048.5933410767684
2.746024297562979,1024,3443,2811.9288807044904
2.7858945351187856,1024,3444,2852.7560039616365
2.9041989164548774,1024,3445,2973.8996904497944
4.036539588633673,1024,3446,4133.416538760881
4.13101383732328,1024,3447,4230.158169419039
4.004547821171855,1024,3448,4100.656968879979
3.6838330633090663,1024,3449,3772.245056828484
3.167922564965778,1024,3450,3243.9527065249567
2.957719838705273,1024,3451,3028.7051148342
3.177076109964216,1024,3452,3253.325936603357
3.1236399015332132,1024,3453,3198.6072591700104
2.9790826564629924,1024,3454,3050.5806402181042
2.862169815896584,1024,3455,2930.861891478102
2.7406913787862273,1024,3456,2806.4679718770967
3.1422520015857316,1024,3457,3217.666049623789
3.157345590963459,1024,3458,3233.121885146582
2.860837450674879,1024,3459,2929.497549491076
3.1671443293149366,1024,3460,3243.155793218495
2.882649507260364,1024,3461,2951.833095434613
2.55947680024963,1024,3462,2620.9042434556213
3.064502065627707,1024,3463,3138.050115202772
3.2338381675966588,1024,3464,3311.4502836189786
3.0771355650558334,1024,3465,3150.9868186171734
3.055069726137976,1024,3466,3128.3913995652874
3.0984692275066017,1024,3467,3172.83248896676
2.972554732112741,1024,3468,3043.8960456834466
3.3992137546427017,1024,3469,3480.7948847541265
3.357314192730861,1024,3470,3437.889733356402
3.2469997393505388,1024,3471,3324.9277330949517
3.425176369430474,1024,3472,3507.3806022968056
3.419885113614326,1024,3473,3501.9623563410696
2.675167097288181,1024,3474,2739.3711076230975
2.5940820760928887,1024,3475,2656.340045919118
3.199940468544355,1024,3476,3276.7390397894196
3.358061880621136,1024,3477,3438.6553657560435
3.3869996430022127,1024,3478,3468.287634434266
2.566156935582356,1024,3479,2627.7447020363325
2.588652331914215,1024,3480,2650.779987880156
3.669981367383798,1024,3481,3758.060920201009
2.6426751355629463,1024,3482,2706.099338816457
2.7063533839859453,1024,3483,2771.305865201608
2.691695148575093,1024,3484,2756.295832140895
2.946775509326237,1024,3485,3017.4981215500666
2.856465681802959,1024,3486,2925.02085816623
3.4613607589431012,1024,3487,3544.4334171577357
3.5086742775685646,1024,3488,3592.88246023021
3.048124722262024,1024,3489,3121.2797155963126
2.3378416880521193,1024,3490,2393.94988856537
2.8000420212657886,1024,3491,2867.2430297761675
2.870808443955184,1024,3492,2939.7078466101084
2.740518576562337,1024,3493,2806.2910223998333
3.3561976949109393,1024,3494,3436.746439588802
2.792731624674282,1024,3495,2859.7571836664647
3.1820982370298054,1024,3496,3258.4685947185208
2.8413644279660275,1024,3497,2909.557174237212
2.3039672329979624,1024,3498,2359.2624465899135
3.082112150183171,1024,3499,3156.0828417875673
2.2570127961263857,1024,3500,2311.181103233419
2.400888042693559,1024,3501,2458.5093557182045
3.818447321549911,1024,3502,3910.090057267109
3.2292325268495006,1024,3503,3306.7341074938886
3.5694844111332173,1024,3504,3655.1520370004146
3.323050904895542,1024,3505,3402.804126613035
3.291341653586784,1024,3506,3370.3338532728667
3.040973004977417,1024,3507,3113.956357096875
3.176165604361479,1024,3508,3252.3935788661547
3.3196252905400705,1024,3509,3399.296297513032
3.250196652538534,1024,3510,3328.201372199459
3.3122105677575817,1024,3511,3391.7036213837637
3.397639481764166,1024,3512,3479.182829326506
2.9733310821230674,1024,3513,3044.691028094021
2.863709589842813,1024,3514,2932.4386199990404
2.8562385365794967,1024,3515,2924.7882614574046
2.944010071926387,1024,3516,3014.6663136526204
2.6821759092198647,1024,3517,2746.5481310411415
2.7362039043110578,1024,3518,2801.872798014523
3.2795974517025854,1024,3519,3358.3077905434475
2.899140416575559,1024,3520,2968.7197865733724
3.018464349805615,1024,3521,3090.9074942009497
3.332519474870601,1024,3522,3412.4999422674955
3.50698724571048,1024,3523,3591.1549396075316
3.35895516299738,1024,3524,3439.570086909317
3.3190845428788833,1024,3525,3398.7425719079765
2.9005287793527934,1024,3526,2970.1414700572604
2.560429720951504,1024,3527,2621.88003425434
3.0649826145836023,1024,3528,3138.542197333609
2.5668096424455342,1024,3529,2628.413073864227
2.997455724010763,1024,3530,3069.394661387021
1.8687610098082104,1024,3531,1913.6112740436074
2.319527178750576,1024,3532,2375.19583104059
2.848548318417114,1024,3533,2916.913478059125
3.007490521690002,1024,3534,3079.670294210562
2.8606199900626947,1024,3535,2929.2748698241994
3.5755091885270787,1024,3536,3661.3214090517286
3.381892901494524,1024,3537,3463.0583311303926
3.122682711059909,1024,3538,3197.6270961253467
1.864266009986995,1024,3539,1909.0083942266829
2.6858142882357656,1024,3540,2750.273831153424
3.7569137844610623,1024,3541,3847.0797152881278
3.3974888525841607,1024,3542,3479.0285850461805
3.204015351624392,1024,3543,3280.9117200633773
3.134076443957497,1024,3544,3209.294278612477
3.412873214374926,1024,3545,3494.7821715199243
3.045404008493177,1024,3546,3118.493704697013
2.8334479725228334,1024,3547,2901.4507238633814
3.0850438932911626,1024,3548,3159.0849467301505
3.363457935891695,1024,3549,3444.180926353096
3.272008802667422,1024,3550,3350.53701393144
3.084964233731597,1024,3551,3159.0033753411553
3.241841685032348,1024,3552,3319.6458854731245
2.913484936020467,1024,3553,2983.408574484958
2.998932285183866,1024,3554,3070.9066600282786
2.929727372079995,1024,3555,3000.040829009915
2.8115910325082254,1024,3556,2879.069217288423
2.6745387748615457,1024,3557,2738.7277054582228
3.616528995832823,1024,3558,3703.325691732811
3.603497915960162,1024,3559,3689.981865943206
3.3200393256465155,1024,3560,3399.720269462032
3.2703280734863824,1024,3561,3348.8159472500556
2.6451475435547565,1024,3562,2708.6310846000706
2.607230036192419,1024,3563,2669.8035570610373
2.776009984374099,1024,3564,2842.634223999077
2.9041544969317528,1024,3565,2973.854204858115
3.0996471189767263,1024,3566,3174.0386498321677
3.1851584518505227,1024,3567,3261.6022546949353
3.334534547478711,1024,3568,3414.5633766182
3.295811623953327,1024,3569,3374.9111029282067
3.0960528490985837,1024,3570,3170.3581174769497
3.4850191911981483,1024,3571,3568.659651786904
3.579375893080666,1024,3572,3665.280914514602
3.3678715786595603,1024,3573,3448.70049654739
3.2869096246000993,1024,3574,3365.7954555905017
3.295416807577112,1024,3575,3374.506810958963
3.046153147474911,1024,3576,3119.2608230143087
3.0585302261741987,1024,3577,3131.9349516023794
3.026382722504735,1024,3578,3099.0159078448487
2.754178645821085,1024,3579,2820.278933320791
3.3898882375575567,1024,3580,3471.245555258938
3.943596849307699,1024,3581,4038.243173691084
3.329747239586501,1024,3582,3409.661173336577
3.314040665769584,1024,3583,3393.577641748054
3.2087975997148455,1024,3584,3285.8087421080018
3.1024158983665657,1024,3585,3176.8738799273633
3.174775862972595,1024,3586,3250.9704836839373
3.1563108620475226,1024,3587,3232.062322736663
2.76920581121081,1024,3588,2835.6667506798694
2.7465728730132497,1024,3589,2812.4906219655677
2.5806991428907295,1024,3590,2642.635922320107
2.079457350547557,1024,3591,2129.3643269606982
1.7517504324126474,1024,3592,1793.792442790551
1.670832473692542,1024,3593,1710.932453061163
1.8054407728100443,1024,3594,1848.7713513574854
3.2093171578523787,1024,3595,3286.340769640836
2.8529719333534445,1024,3596,2921.443259753927
3.064728443653337,1024,3597,3138.281926301017
3.2977057326630614,1024,3598,3376.850670246975
3.108054971883462,1024,3599,3182.648291208665
3.0152472636456764,1024,3600,3087.6131979731726
2.2259740701405555,1024,3601,2279.397447823929
2.3541261048922024,1024,3602,2410.6251314096153
2.5930461651543206,1024,3603,2655.2792731180243
3.3611428047291128,1024,3604,3441.8102320426115
3.1070869522141606,1024,3605,3181.6570390673005
2.568954974960622,1024,3606,2630.609894359677
3.236617774846934,1024,3607,3314.2966014432604
3.37239907918935,1024,3608,3453.3366570898943
3.0875496708278547,1024,3609,3161.650862927723
3.077078782600804,1024,3610,3150.928673383223
3.1048277051300577,1024,3611,3179.343570053179
3.2874996697748315,1024,3612,3366.3996618494275
2.623877027235814,1024,3613,2686.8500758894734
2.828011665366809,1024,3614,2895.883945335612
2.999054012385727,1024,3615,3071.0313086829847
2.8805557967928284,1024,3616,2949.6891359158562
3.2231748158409914,1024,3617,3300.531011421175
2.85008971801863,1024,3618,2918.491871251077
3.05856279393646,1024,3619,3131.968300990935
2.88769788843603,1024,3620,2957.0026377584945
3.0169489571817216,1024,3621,3089.355732154083
2.7119701067404893,1024,3622,2777.057389302261
2.8663597695621235,1024,3623,2935.1524040316144
3.7558546582601195,1024,3624,3845.9951700583624
3.253056921252792,1024,3625,3331.1302873628592
3.269078369371087,1024,3626,3347.536250235993
3.3224257213850024,1024,3627,3402.1639386982424
2.568596252131506,1024,3628,2630.2425621826624
2.973319941999435,1024,3629,3044.6796206074214
2.791204074807112,1024,3630,2858.1929726024828
3.2544316643321167,1024,3631,3332.5380242760875
2.5947844320356737,1024,3632,2657.05925840453
2.377513955953024,1024,3633,2434.5742908958964
2.9881604551288206,1024,3634,3059.8763060519123
3.0111062003376787,1024,3635,3083.372749145783
2.6175337457563614,1024,3636,2680.354555654514
3.0901210110335597,1024,3637,3164.283915298365
3.247094554317897,1024,3638,3325.0248236215266
3.453654306362253,1024,3639,3536.542009714947
2.9508350459094848,1024,3640,3021.6550870113124
3.19419793711927,1024,3641,3270.8586876101326
3.1749804574508715,1024,3642,3251.1799884296925
2.5233092083726802,1024,3643,2583.8686293736246
3.1727961270937683,1024,3644,3248.943234144019
2.87722990358127,1024,3645,2946.2834212672205
3.1248433580572694,1024,3646,3199.839598650644
3.064945486230524,1024,3647,3138.5041779000567
2.338167363056698,1024,3648,2394.2833797700587
3.2835562648727716,1024,3649,3362.361615229718
3.011194561074035,1024,3650,3083.463230539812
2.418206567581791,1024,3651,2476.243525203754
2.799971319228142,1024,3652,2867.1706308896173
2.8060734892817596,1024,3653,2873.419253024522
3.0490729698735244,1024,3654,3122.250721150489
3.0240878496404022,1024,3655,3096.665958031772
3.048549625222435,1024,3656,3121.7148162277736
3.1671196357874436,1024,3657,3243.1305070463422
3.1563179301138717,1024,3658,3232.0695604366047
2.9934037719195317,1024,3659,3065.2454624456004
2.775571295821523,1024,3660,2842.1850069212396
2.929547861491285,1024,3661,2999.8570101670757
3.509367847193147,1024,3662,3593.5926755257824
3.779782918375009,1024,3663,3870.497708416009
2.958295372912957,1024,3664,3029.294461862868
3.184409347071096,1024,3665,3260.835171400802
3.042231828947749,1024,3666,3115.2453928424948
3.2334259947108563,1024,3667,3311.028218583917
2.678383340138142,1024,3668,2742.6645403014572
2.7981634458435263,1024,3669,2865.319368543771
2.9620449353721527,1024,3670,3033.1340138210844
3.2484789159463503,1024,3671,3326.4424099290627
2.4600946507777977,1024,3672,2519.136922396465
3.1269590042172553,1024,3673,3202.0060203184694
3.2806824901230414,1024,3674,3359.4188698859944
3.1278940883533295,1024,3675,3202.9635464738094
3.237723275484024,1024,3676,3315.4286340956405
3.2720911419459355,1024,3677,3350.621329352638
2.8161276755437257,1024,3678,2883.714739756775
3.0433688629170916,1024,3679,3116.409715627102
3.011509676049201,1024,3680,3083.7859082743817
2.979353685762714,1024,3681,3050.858174221019
3.193863564329142,1024,3682,3270.5162898730414
3.3199964254050514,1024,3683,3399.6763396147726
3.3354715365962946,1024,3684,3415.5228534746057
3.314658148175667,1024,3685,3394.209943731883
3.1366729386227234,1024,3686,3211.953089149669
3.3446056315293617,1024,3687,3424.8761666860664
3.1217029970788026,1024,3688,3196.623869008694
3.2887619652386384,1024,3689,3367.6922524043657
3.025089997986676,1024,3690,3097.692157938356
3.908116047159325,1024,3691,4001.910832291149
3.323162428993811,1024,3692,3402.9183272896626
3.447512867712021,1024,3693,3530.2531765371095
3.086672260314259,1024,3694,3160.7523945618013
3.263604653717266,1024,3695,3341.9311654064804
3.5365619656016634,1024,3696,3621.4394527761033
2.8941355634007664,1024,3697,2963.594816922385
2.826417444384415,1024,3698,2894.2514630496407
2.8848781555359295,1024,3699,2954.115231268792
3.220709378416103,1024,3700,3298.0064034980896
2.896043757075958,1024,3701,2965.548807245781
3.2746517682082725,1024,3702,3353.243410645271
3.065010112543849,1024,3703,3138.5703552449013
3.201964188551006,1024,3704,3278.8113290762303
3.1743559219357564,1024,3705,3250.5404640622146
3.2796351053162596,1024,3706,3358.34634784385
3.4819226078482473,1024,3707,3565.488750436605
3.3171240789536824,1024,3708,3396.735056848571
3.0561532431497653,1024,3709,3129.5009209853597
2.8965202532308454,1024,3710,2966.0367393083857
3.063846662343792,1024,3711,3137.378982240043
3.029424535994167,1024,3712,3102.130724858027
3.317489561294323,1024,3713,3397.109310765387
3.3086309282063358,1024,3714,3388.038070483288
3.095847066853599,1024,3715,3170.1473964580855
3.3526096840291686,1024,3716,3433.0723164458686
2.5831770692819305,1024,3717,2645.173318944697
3.151473787384589,1024,3718,3227.109158281819
3.4229269680895413,1024,3719,3505.0772153236903
3.464653981153049,1024,3720,3547.805676700722
3.3898975320400666,1024,3721,3471.255072809028
3.363894813754996,1024,3722,3444.628289285116
2.9518762614430223,1024,3723,3022.721291717655
2.565762314067129,1024,3724,2627.34060960474
2.9684573787381794,1024,3725,3039.7003558278957
3.2127789673139056,1024,3726,3289.8856625294393
3.204880260753754,1024,3727,3281.797387011844
2.8749795025888147,1024,3728,2943.9790106509463
3.351054392805789,1024,3729,3431.479698233128
3.191657019700017,1024,3730,3268.2567881728173
3.2057965819745498,1024,3731,3282.735699941939
2.761860493533396,1024,3732,2828.1451453781974
2.7049148776302694,1024,3733,2769.832834693396
3.3712255721309337,1024,3734,3452.134985862076
2.9430456582529843,1024,3735,3013.678754051056
3.2275863228584853,1024,3736,3305.048394607089
3.5401145175052307,1024,3737,3625.077265925356
3.820841082520843,1024,3738,3912.5412685013434
2.743119789130084,1024,3739,2808.954664069206
2.7791365331803988,1024,3740,2845.8358099767283
3.024203239757945,1024,3741,3096.7841175121357
3.1779416867199473,1024,3742,3254.212287201226
3.0864890777284586,1024,3743,3160.5648155939416
3.399152792172984,1024,3744,3480.7324591851357
3.5314681246363335,1024,3745,3616.2233596276055
2.7289041025326277,1024,3746,2794.397800993411
3.3607423788536863,1024,3747,3441.400195946175
3.1850782454646946,1024,3748,3261.5201233558473
3.190374677155347,1024,3749,3266.9436694070755
3.313328664830152,1024,3750,3392.8485527860757
2.395151310504314,1024,3751,2452.6349419564176
2.9986992954488194,1024,3752,3070.668078539591
3.0762299843093217,1024,3753,3150.0595039327454
2.637726421282288,1024,3754,2701.031855393063
2.4700383927783305,1024,3755,2529.3193142050104
2.985622234893654,1024,3756,3057.277168531102
3.2092755434291362,1024,3757,3286.2981564714355
2.8186953032259723,1024,3758,2886.3439905033956
3.0260762784980315,1024,3759,3098.7021091819843
3.278987749962539,1024,3760,3357.68345596164
3.0734924586874666,1024,3761,3147.2562776959658
2.907753659155837,1024,3762,2977.539746975577
2.74503594283658,1024,3763,2810.916805464658
2.5320214344020684,1024,3764,2592.789948827718
2.9549410158722935,1024,3765,3025.8596002532286
3.2716348063299137,1024,3766,3350.1540416818316
3.201037847822021,1024,3767,3277.8627561697494
2.9252413248082334,1024,3768,2995.447116603631
3.2678923943478857,1024,3769,3346.321811812235
3.0823329637701065,1024,3770,3156.308954900589
2.813271316606375,1024,3771,2880.789828204928
3.05099942259681,1024,3772,3124.2234087391334
2.945281679253064,1024,3773,3015.9684395551376
3.0491526998383733,1024,3774,3122.3323646344943
3.205518629921656,1024,3775,3282.4510770397756
3.3737277454382166,1024,3776,3454.697211328734
2.855922755514655,1024,3777,2924.4649016470066
2.7902510236227727,1024,3778,2857.217048189719
2.8244986195341397,1024,3779,2892.286586402959
2.70883554771504,1024,3780,2773.847600860201
2.6643374000812656,1024,3781,2728.281497683216
2.7810170554946083,1024,3782,2847.761464826479
2.8333084434144062,1024,3783,2901.307846056352
2.9817348858970227,1024,3784,3053.2965231585513
3.022882467311753,1024,3785,3095.431646527235
3.200460775639442,1024,3786,3277.2718342547887
3.268501976880213,1024,3787,3346.946024325338
3.4273955751493403,1024,3788,3509.6530689529245
3.3930297566647596,1024,3789,3474.462470824714
3.218559053715964,1024,3790,3295.804471005147
3.448847970060598,1024,3791,3531.620321342052
3.2716544768885854,1024,3792,3350.1741843339114
3.560558520284154,1024,3793,3646.0119247709736
3.3752502491894205,1024,3794,3456.2562551699666
3.432477594037188,1024,3795,3514.8570562940804
3.0636062208745614,1024,3796,3137.132770175551
3.5173406743095796,1024,3797,3601.7568504930096
2.8329115161692258,1024,3798,2900.901392557287
2.8009639294847517,1024,3799,2868.1870637923857
3.155126852907948,1024,3800,3230.8498973777387
3.236394892080412,1024,3801,3314.068369490342
3.1656693148008586,1024,3802,3241.645378356079
2.900553018449142,1024,3803,2970.1662908919216
2.9565437427926753,1024,3804,3027.5007926196995
3.1603153749861406,1024,3805,3236.162943985808
2.9429944659008527,1024,3806,3013.626333082473
3.2147966784945368,1024,3807,3291.9517987784056
3.9661251087420624,1024,3808,4061.312111351872
3.1472518726926637,1024,3809,3222.7859176372876
3.294716061166177,1024,3810,3373.7892466341655
3.010959148866167,1024,3811,3083.222168438955
2.8466444570118625,1024,3812,2914.9639239801472
3.048402932379176,1024,3813,3121.564602756276
2.9177801529304475,1024,3814,2987.806876600778
3.143335593305707,1024,3815,3218.775647545044
3.2002629166227123,1024,3816,3277.0692266216574
2.799661326167495,1024,3817,2866.853197995515
2.832760102951248,1024,3818,2900.746345422078
2.8441085094755074,1024,3819,2912.3671137029196
2.776065124806898,1024,3820,2842.6906878022637
2.6464722219638546,1024,3821,2709.987555290987
3.4682356756501633,1024,3822,3551.4733318657672
3.384905069282638,1024,3823,3466.1427909454214
3.654939382721807,1024,3824,3742.65792790713
3.6992229782242703,1024,3825,3788.0043297016528
3.629457817249829,1024,3826,3716.564804863825
3.738473820973013,1024,3827,3828.1971926763654
3.655510652845493,1024,3828,3743.2429085137846
3.340232710556812,1024,3829,3420.3982956101754
3.3442109071265236,1024,3830,3424.47196889756
3.2067598660865713,1024,3831,3283.722102872649
2.994954737690051,1024,3832,3066.8336513946124
2.9056410031498245,1024,3833,2975.3763872254203
2.7468851385902155,1024,3834,2812.8103819163807
2.589404080564437,1024,3835,2651.5497784979834
3.0889749733553558,1024,3836,3163.1103727158843
3.2193116683116614,1024,3837,3296.5751483511413
3.181493764645129,1024,3838,3257.849614996612
3.617610322775022,1024,3839,3704.4329705216223
3.4574941866557225,1024,3840,3540.47404713546
3.7592429811214743,1024,3841,3849.4648126683896
3.579606908046557,1024,3842,3665.5174738396745
3.634700600861315,1024,3843,3721.9334152819865
3.4067493948526444,1024,3844,3488.511380329108
3.2965105057678983,1024,3845,3375.626757906328
2.882532696819922,1024,3846,2951.7134815436
3.4523727456434585,1024,3847,3535.2296915389015
2.9245011277449677,1024,3848,2994.689154810847
2.676955009249639,1024,3849,2741.20192947163
2.6666939803821137,1024,3850,2730.6946359112844
2.449447155872001,1024,3851,2508.233887612929
2.789049696595151,1024,3852,2855.9868893134344
3.055568436293619,1024,3853,3128.902078764666
2.882990194063474,1024,3854,2952.1819587209975
2.9757819415565976,1024,3855,3047.200708153956
3.2091986111033464,1024,3856,3286.2193777698267
2.912644762139708,1024,3857,2982.548236431061
2.9080414678497846,1024,3858,2977.8344630781794
2.838337581012894,1024,3859,2906.4576829572034
3.031166745542018,1024,3860,3103.9147474350266
3.0196643940721017,1024,3861,3092.136339529832
3.023337865022114,1024,3862,3095.897973782645
2.941454889085902,1024,3863,3012.0498064239637
2.2857897731153543,1024,3864,2340.6487276701228
3.125331337978679,1024,3865,3200.339290090167
3.5122405286717395,1024,3866,3596.5343013598613
2.3603005908796444,1024,3867,2416.947805060756
2.605109066677578,1024,3868,2667.6316842778397
3.091469419776409,1024,3869,3165.664685851043
3.0967137689686055,1024,3870,3171.034899423852
3.1637950947460567,1024,3871,3239.726177019962
3.0304341181212067,1024,3872,3103.1645369561156
2.800025206012272,1024,3873,2867.2258109565664
2.823279671937396,1024,3874,2891.0383840638933
3.0114303365500064,1024,3875,3083.7046646272065
3.2372459740007216,1024,3876,3314.939877376739
2.9726562673477375,1024,3877,3044.000017764083
3.0309174169740203,1024,3878,3103.6594349813968
3.3741281278639974,1024,3879,3455.1072029327333
3.066893624468179,1024,3880,3140.499071455415
2.883876850876792,1024,3881,2953.089895297835
3.1334751613068192,1024,3882,3208.678565178183
2.7798519453269677,1024,3883,2846.568392014815
2.9974249672927797,1024,3884,3069.3631665078065
3.1415541464564285,1024,3885,3216.951445971383
3.8059093409474656,1024,3886,3897.2511651302048
3.185974220383617,1024,3887,3262.437601672824
3.1732722224756458,1024,3888,3249.4307558150613
2.9449701061535336,1024,3889,3015.6493887012184
3.022611821401739,1024,3890,3095.1545051153807
2.8335197693596683,1024,3891,2901.5242438243004
2.651610969345871,1024,3892,2715.249632610172
3.247293364958125,1024,3893,3325.22840571712
3.0492810052903536,1024,3894,3122.463749417322
3.165918521596687,1024,3895,3241.9005661150077
3.0808883649228136,1024,3896,3154.829685680961
3.190158764823357,1024,3897,3266.7225751791175
3.1500383251623916,1024,3898,3225.639244966289
3.3890943616257374,1024,3899,3470.432626304755
3.3986608747637206,1024,3900,3480.22873575805
3.273949144307913,1024,3901,3352.523923771303
2.4807492473550496,1024,3902,2540.287229291571
3.042134875791959,1024,3903,3115.146112810966
3.418006844535171,1024,3904,3500.039008804015
3.608559846874833,1024,3905,3695.165283199829
3.4680477541218124,1024,3906,3551.280900220736
3.3996215530265737,1024,3907,3481.2124702992114
3.7138402795891565,1024,3908,3802.9724462992963
3.615703512112347,1024,3909,3702.4803964030434
3.594991835308875,1024,3910,3681.271639356288
2.7003806464227296,1024,3911,2765.189781936875
3.173263865183692,1024,3912,3249.422197948101
3.185014904960383,1024,3913,3261.455262679432
3.3434246384938433,1024,3914,3423.6668298176955
3.4223743758387286,1024,3915,3504.511360858858
3.2977965623004337,1024,3916,3376.943679795644
3.2454939770134104,1024,3917,3323.385832461732
3.071048628029871,1024,3918,3144.753795102588
2.6921345536331174,1024,3919,2756.745782920312
1.5483454635889302,1024,3920,1585.5057547150645
2.775120962915487,1024,3921,2841.723866025459
2.771398308365619,1024,3922,2837.9118677663937
3.444442209580231,1024,3923,3527.1088226101565
3.2515195794809912,1024,3924,3329.556049388535
3.4735916431392013,1024,3925,3556.957842574542
3.37072681454357,1024,3926,3451.6242580926155
2.0998508101791984,1024,3927,2150.247229623499
2.7782990960935194,1024,3928,2844.978274399764
2.1912648709180758,1024,3929,2243.8552278201096
2.6310414276269825,1024,3930,2694.18642189003
2.588641657487784,1024,3931,2650.769057267491
2.8589482461927958,1024,3932,2927.563004101423
3.218478810982674,1024,3933,3295.7223024462583
3.3581181906011253,1024,3934,3438.7130271755523
3.4996647248863866,1024,3935,3583.65667828366
3.434326756016617,1024,3936,3516.7505981610157
3.3290048010634905,1024,3937,3408.9009162890143
3.4404489993517533,1024,3938,3523.0197753361954
3.466932239877906,1024,3939,3550.1386136349756
3.598561928105937,1024,3940,3684.9274143804796
3.745540685162723,1024,3941,3835.4336616066284
3.6310045822691706,1024,3942,3718.1486922436306
3.3987683672488345,1024,3943,3480.3388080628065
2.879007879504087,1024,3944,2948.104068612185
3.304795077548766,1024,3945,3384.1101594099364
2.7376613872344677,1024,3946,2803.365260528095
2.7131188916143323,1024,3947,2778.2337450130763
3.0144561394749614,1024,3948,3086.8030868223605
3.1371725481288166,1024,3949,3212.4646892839082
3.737470324536048,1024,3950,3827.169612324913
3.135245196919641,1024,3951,3210.4910816457123
3.146062082345587,1024,3952,3221.567572321881
3.2512596058789427,1024,3953,3329.2898364200373
3.3384839100191535,1024,3954,3418.607523859613
3.4863235581142575,1024,3955,3569.9953235089997
3.477751726578049,1024,3956,3561.217768015922
3.6119909214101398,1024,3957,3698.678703523983
3.189611629483623,1024,3958,3266.16230859123
3.20299151577815,1024,3959,3279.8633121568255
3.3753842163952186,1024,3960,3456.393437588704
3.159569854896887,1024,3961,3235.399531414412
3.384656732315193,1024,3962,3465.8884938907577
3.089307438477965,1024,3963,3163.450817001436
2.73829875792174,1024,3964,2804.0179281118617
2.7324605348580064,1024,3965,2798.0395876945986
2.836917531396125,1024,3966,2905.003552149632
3.397204925927099,1024,3967,3478.7378441493493
2.8006225712715604,1024,3968,2867.837512982078
3.2243491647827796,1024,3969,3301.7335447375663
2.848995819729673,1024,3970,2917.371719403185
2.933662818912353,1024,3971,3004.0707265662495
3.385061812029413,1024,3972,3466.303295518119
3.219827614518124,1024,3973,3297.103477266559
3.3107370306581743,1024,3974,3390.1947193939704
3.285146945262966,1024,3975,3363.990471949277
3.308382767846517,1024,3976,3387.7839542748334
3.201281956604568,1024,3977,3278.1127235630775
3.4996662019421763,1024,3978,3583.6581907887885
3.1250640840170547,1024,3979,3200.065622033464
3.5020058239972585,1024,3980,3586.0539637731927
3.1356459976306326,1024,3981,3210.9015015737677
2.781189208589545,1024,3982,2847.937749595694
2.4904396655010643,1024,3983,2550.21021747309
3.16483628071623,1024,3984,3240.7923514534195
3.0270346641168118,1024,3985,3099.6834960556153
3.0142669797704116,1024,3986,3086.6093872849015
2.785117734598174,1024,3987,2851.96056022853
3.0380214087770714,1024,3988,3110.933922587721
2.5903174692796807,1024,3989,2652.485088542393
3.1136379540228774,1024,3990,3188.3652649194264
3.383356015359851,1024,3991,3464.5565597284876
3.634950260536602,1024,3992,3722.1890667894804
3.152235106886536,1024,3993,3227.888749451813
3.1825190583059566,1024,3994,3258.8995157052996
3.3615991832110126,1024,3995,3442.277563608077
3.051810984109423,1024,3996,3125.054447728049
2.7042131857628604,1024,3997,2769.114302221169
3.1639381540135645,1024,3998,3239.87266970989
3.015336376539075,1024,3999,3087.704449576013
3.0753459262606384,1024,4000,3149.1542284908937
3.165157972355729,1024,4001,3241.1217636922665
3.0842797431284197,1024,4002,3158.3024569635018
3.252580967941751,1024,4003,3330.642911172353
3.3916880519806796,1024,4004,3473.088565228216
3.5853816520085218,1024,4005,3671.4308116567263
3.377002490784596,1024,4006,3458.0505505634264
3.0140814553692934,1024,4007,3086.4194102981564
3.5840361272387327,1024,4008,3670.0529942924622
3.414099910085607,1024,4009,3496.0383079276617
2.975063096144069,1024,4010,3046.464610451527
2.7299726383558465,1024,4011,2795.491981676387
2.4954949185283795,1024,4012,2555.3867965730606
3.1198133354200905,1024,4013,3194.6888554701727
2.9714330970017215,1024,4014,3042.747491329763
3.178276606640992,1024,4015,3254.555245200376
3.2060991329064095,1024,4016,3283.0455120961633
3.1112995725621886,1024,4017,3185.970762303681
2.6663155608756313,1024,4018,2730.3071343366464
3.1352604121467493,1024,4019,3210.5066620382713
3.4263007261677103,1024,4020,3508.5319435957354
3.4580198573936514,1024,4021,3541.012333971099
3.602491925290323,1024,4022,3688.951731497291
3.387818324867027,1024,4023,3469.1259646638355
3.031068950825617,1024,4024,3103.8146056454316
3.2259697906801534,1024,4025,3303.393065656477
2.9953899274204563,1024,4026,3067.2792856785472
3.0561416950061115,1024,4027,3129.489095686258
3.2758256531637002,1024,4028,3354.445468839629
2.9756339905403806,1024,4029,3047.0492063133497
3.4774748032556033,1024,4030,3560.934198533738
3.7901525092432475,1024,4031,3881.1161694650855
2.931796668707534,1024,4032,3002.159788756515
2.3866093061826206,1024,4033,2443.8879295310035
3.1373727742080106,1024,4034,3212.669720789003
3.0513077957815824,1024,4035,3124.5391828803404
3.0284174657579115,1024,4036,3101.0994849361014
2.9974015732072985,1024,4037,3069.3392109642737
3.0619762626026716,1024,4038,3135.4636929051358
3.267763330292013,1024,4039,3346.189650219021
2.985381141949752,1024,4040,3057.030289356546
2.965708794951013,1024,4041,3036.885806029837
2.7643574355683107,1024,4042,2830.70201402195
3.4855152845584314,1024,4043,3569.1676513878338
2.9964554123840657,1024,4044,3068.3703422812832
3.1833278100108373,1024,4045,3259.7276774510974
3.239129785453059,1024,4046,3316.8689003039326
2.718201341744816,1024,4047,2783.4381739466917
2.92571364297433,1024,4048,2995.9307704057137
3.2205928298031665,1024,4049,3297.8870577184425
3.1115189701975474,1024,4050,3186.1954254822886
2.993716228228217,1024,4051,3065.565417705694
2.830551500141034,1024,4052,2898.484736144419
2.100635523845625,1024,4053,2151.05077641792
2.5136182586512925,1024,4054,2573.9450968589235
3.8180543575606265,1024,4055,3909.6876621420815
3.7789070958442608,1024,4056,3869.600866144523
3.584243925358386,1024,4057,3670.2657795669875
3.591503972226235,1024,4058,3677.7000675596646
3.2898819423997994,1024,4059,3368.8391090173945
3.3424041274964935,1024,4060,3422.6218265564094
3.41726854402566,1024,4061,3499.282989082276
3.2503393140796675,1024,4062,3328.3474576175795
2.921349717783812,1024,4063,2991.4621110106236
2.952260428674805,1024,4064,3023.114678963
3.1779635134043644,1024,4065,3254.234637726069
3.121091891214604,1024,4066,3195.9980966037547
3.144039768870698,1024,4067,3219.496723323595
3.0915966579305696,1024,4068,3165.7949777209033
2.30154565064416,1024,4069,2356.7827462596197
3.2688314034732286,1024,4070,3347.283357156586
3.4585590224228326,1024,4071,3541.5644389609806
3.3213838570787715,1024,4072,3401.097069648662
3.1427596631459664,1024,4073,3218.1858950614696
2.757586763779372,1024,4074,2823.768846110077
2.7120176398374305,1024,4075,2777.106063193529
3.026826114123196,1024,4076,3099.4699408621527
2.7622004611903037,1024,4077,2828.493272258871
2.8965332499056906,1024,4078,2966.050047903427
3.11976997972522,1024,4079,3194.644459238625
3.3874776487509592,1024,4080,3468.7771123209823
3.314653540008738,1024,4081,3394.2052249689477
2.854591319308893,1024,4082,2923.1015109723066
2.9236667202962394,1024,4083,2993.834721583349
3.377157960743702,1024,4084,3458.2097518015507
3.419265479002547,1024,4085,3501.3278504986083
3.436010748421097,1024,4086,3518.4750063832034
2.3874998315678226,1024,4087,2444.7998275254504
2.8125093965184504,1024,4088,2880.0096220348933
2.562588452824018,1024,4089,2624.0905756917946
2.651711239827975,1024,4090,2715.3523095838464
2.7045392824644967,1024,4091,2769.4482252436446
1.9958713529829186,1024,4092,2043.7722654545087
3.568337905404185,1024,4093,3653.9780151338855
3.210666099487348,1024,4094,3287.7220858750443
2.928765087727971,1024,4095,2999.0554498334423
