ce,count,id,nll
2.907260666118729,1024,0,2977.0349221055785
3.042823583642413,1024,1,3115.851349649831
2.915584335459739,1024,2,2985.558359510773
2.733263075623668,1024,3,2798.8613894386363
3.2002745455826442,1024,4,3277.0811346766277
3.5481690012589127,1024,5,3633.3250572891266
3.0734210725688484,1024,6,3147.183178310501
2.69753236112577,1024,7,2762.2731377927885
2.4130192723692527,1024,8,2470.931734906115
2.4505708754838054,1024,9,2509.3845764954167
2.4845807647133427,1024,10,2544.210703066463
2.3496619665820333,1024,11,2406.053853780002
2.4174294151690674,1024,12,2475.447721133125
2.451051705997754,1024,13,2509.8769469417
2.568021054694711,1024,14,2629.653560007384
2.8087551089357703,1024,15,2876.165231550229
3.142993536851222,1024,16,3218.425381735651
3.546185533049936,1024,17,3631.2939858431346
2.818938009996586,1024,18,2886.592522236504
3.0719301088539623,1024,19,3145.6564314664574
3.4457229197550987,1024,20,3528.420269829221
3.7284966377860087,1024,21,3817.980557092873
3.702887933628972,1024,22,3791.7572440360673
3.2747531954410647,1024,23,3353.3472721316502
2.8576849826597535,1024,24,2926.2694222435875
2.9081562921118405,1024,25,2977.9520431225246
2.421052036393185,1024,26,2479.1572852666213
2.257599989297745,1024,27,2311.782389040891
2.6198601148729885,1024,28,2682.7367576299403
2.40088491988997,1024,29,2458.5061579673293
2.9030731856435565,1024,30,2972.746942099002
3.103484577131894,1024,31,3177.9682069830596
3.191578760089868,1024,32,3268.176650332025
3.2991193143361186,1024,33,3378.2981778801854
2.6069563076889395,1024,34,2669.523259073474
2.674485480416692,1024,35,2738.6731319466926
2.1548221747387544,1024,36,2206.5379069324845
1.7156793133492059,1024,37,1756.8556168695868
1.5785356353898878,1024,38,1616.4204906392451
1.9083181096724195,1024,39,1954.1177443045576
2.45115693781266,1024,40,2509.984704320164
2.8232373225089837,1024,41,2890.9950182491993
3.5432755114409247,1024,42,3628.314123715507
3.3911014846075886,1024,43,3472.487920238171
3.674746813130085,1024,44,3762.940736645207
2.6282377112666557,1024,45,2691.3154163370555
2.5209034967913553,1024,46,2581.405180714348
2.648204644081737,1024,47,2711.7615555396987
2.7828508612095995,1024,48,2849.63928187863
3.2674188789252057,1024,49,3345.8369320194106
3.190050480159343,1024,50,3266.611691683167
3.0177133006054646,1024,51,3090.1384198199958
2.810831347474519,1024,52,2878.2912998139072
1.835974708913506,1024,53,1880.03810192743
2.5073941152790837,1024,54,2567.5715740457817
3.0699414885723257,1024,55,3143.6200842980616
3.1377386340775217,1024,56,3213.0443612953823
2.8295945743680164,1024,57,2897.504844152849
2.948138536208141,1024,58,3018.8938610771365
3.17991700780415,1024,59,3256.2350159914495
2.702449781073156,1024,60,2767.308575818912
2.787502933962344,1024,61,2854.40300437744
2.6212804808971093,1024,62,2684.19121243864
2.994819163911039,1024,63,3066.694823844904
3.053356749986591,1024,64,3126.637311986269
3.6072158107741075,1024,65,3693.788990232686
3.1896317401991396,1024,66,3266.182901963919
2.1230865038568254,1024,67,2174.040579949389
3.1774282037980157,1024,68,3253.686480689168
3.3836790064501088,1024,69,3464.8873026049114
2.786519852171068,1024,70,2853.3963286231738
3.179901961843015,1024,71,3256.2196089272475
3.7645532602633125,1024,72,3854.902538509632
3.713752650009525,1024,73,3802.8827136097534
3.102679954079669,1024,74,3177.144272977581
2.790279274986716,1024,75,2857.245977586397
2.885648024811207,1024,76,2954.903577406676
3.280433538002285,1024,77,3359.1639429143397
3.493509354958917,1024,78,3577.353579477931
2.7807915703799253,1024,79,2847.5305680690435
2.8330668235026693,1024,80,2901.0604272667333
3.0069249805512754,1024,81,3079.091180084506
2.9137516928715286,1024,82,2983.6817335004453
2.961182233532524,1024,83,3032.2506071373045
2.798203267795799,1024,84,2865.360146222898
2.2156323523179493,1024,85,2268.80752877358
2.981864290367156,1024,86,3053.4290333359677
2.7828554755296864,1024,87,2849.644006942399
3.0820952723395862,1024,88,3156.0655588757363
2.977762165263954,1024,89,3049.2284572302888
3.096742991226961,1024,90,3171.064823016408
2.8222350611450224,1024,91,2889.968702612503
2.740281420457677,1024,92,2806.0481745486613
3.205985720617221,1024,93,3282.9293779120344
3.468282206290482,1024,94,3551.5209792414535
3.45442412748163,1024,95,3537.330306541189
3.7825305428191314,1024,96,3873.3112758467905
3.4842497475204652,1024,97,3567.8717414609564
3.2753683717365227,1024,98,3353.9772126581993
3.3712153347508647,1024,99,3452.1245027848854
3.364170290005781,1024,100,3444.9103769659196
3.5964707613567164,1024,101,3682.7860596292776
3.6339392886036634,1024,102,3721.1538315301514
3.0462510129884492,1024,103,3119.361037300172
2.9601505892307785,1024,104,3031.194203372317
3.2284302493736163,1024,105,3305.912575358583
3.55551757322354,1024,106,3640.8499949809047
3.383453332155539,1024,107,3464.656212127272
2.886118527081166,1024,108,2955.385371731114
3.3215812356186447,1024,109,3401.299185273492
3.1934990012662183,1024,110,3270.1429772966076
2.5099525789424515,1024,111,2570.1914408370703
2.076254860849147,1024,112,2126.0849775095267
2.6186067072634547,1024,113,2681.4532682377776
2.972011077762687,1024,114,3043.3393436289916
3.0958725871053048,1024,115,3170.173529195832
3.0155780336957783,1024,116,3087.951906504477
3.0804350775822513,1024,117,3154.3655194442254
3.033824731219511,1024,118,3106.636524768779
3.3386503438338764,1024,119,3418.7779520858894
3.586088393586749,1024,120,3672.154515032831
3.104229083466464,1024,121,3178.7305814696592
2.7326702194276464,1024,122,2798.25430469391
2.9668640848692682,1024,123,3038.0688229061307
2.8754610049092744,1024,124,2944.472069027097
3.2614870012228607,1024,125,3339.7626892522094
3.1979693626701433,1024,126,3274.7206273742268
2.7040376457563795,1024,127,2768.9345492545326
3.411324463057767,1024,128,3493.196250171153
2.995726902078495,1024,129,3067.624347728379
3.038978819114533,1024,130,3111.9143107732816
3.248934285551808,1024,131,3326.9087084050516
3.1053093950415303,1024,132,3179.836820522527
2.849063664715949,1024,133,2917.441192669132
3.6812316875989097,1024,134,3769.5812481012836
3.406611900693921,1024,135,3488.370586310575
3.2842773572282464,1024,136,3363.1000138017243
2.8042701540174306,1024,137,2871.572637713849
3.2580591737120557,1024,138,3336.252593881145
2.8996937487324725,1024,139,2969.286398702052
3.4958270626040644,1024,140,3579.726912106562
2.4712223998624356,1024,141,2530.531737459134
2.8403323474563695,1024,142,2908.5003237953224
2.9456912874854595,1024,143,3016.3878783851105
2.705169323415724,1024,144,2770.0933871777015
3.054765612174748,1024,145,3128.079986866942
2.6237578561357093,1024,146,2686.7280446829664
3.0227594578402037,1024,147,3095.3056848283686
2.562446911105683,1024,148,2623.9456369722193
2.7537100728893975,1024,149,2819.799114638743
2.9400839605023066,1024,150,3010.645975554362
2.9040087221716817,1024,151,2973.704931503802
2.9434148430871225,1024,152,3014.0567993212135
3.2191362958378047,1024,153,3296.395566937912
2.299280556622776,1024,154,2354.4632899817225
3.4243984421918583,1024,155,3506.584004804463
2.8642478496890647,1024,156,2932.989798081602
2.481382112571197,1024,157,2540.9352832729055
2.658889915577248,1024,158,2722.703273551102
2.9226527404660985,1024,159,2992.796406237285
3.485325866903036,1024,160,3568.973687708709
3.5272971807038402,1024,161,3611.9523130407324
3.2386821131666395,1024,162,3316.410483882639
3.169661068882988,1024,163,3245.7329345361795
2.8244565132252184,1024,164,2892.2434695426236
3.0240588168812366,1024,165,3096.6362284863862
2.9042763375351797,1024,166,2973.978969636024
3.0514607316583806,1024,167,3124.6957892181817
3.022198158894696,1024,168,3094.7309147081687
2.9546105754594807,1024,169,3025.5212292705082
2.616093224759922,1024,170,2678.87946215416
3.0427868759746843,1024,171,3115.8137609980768
3.408857966975239,1024,172,3490.6705581826445
1.9495692139602134,1024,173,1996.3588750952586
2.0665138211623315,1024,174,2116.1101528702275
2.4801980240140438,1024,175,2539.722776590381
2.6338202809023556,1024,176,2697.031967644012
2.707567618085932,1024,177,2772.549240919994
2.8603626148261156,1024,178,2929.0113175819424
2.77662419629608,1024,179,2843.2631770071857
2.921637592563073,1024,180,2991.7568947845866
3.2831438959255053,1024,181,3361.9393494277174
2.4947337654585944,1024,182,2554.6073758296006
3.3234937018727297,1024,183,3403.2575507176753
3.4973776597689152,1024,184,3581.314723603369
3.32165882720642,1024,185,3401.378639059374
3.5892891227851464,1024,186,3675.43206173199
3.4726480291151063,1024,187,3555.991581813869
3.5445586981708246,1024,188,3629.6281069269244
3.3885403913144003,1024,189,3469.865360705946
3.2206680521671807,1024,190,3297.964085419193
3.298907736751204,1024,191,3378.0815224332327
3.1313715677226526,1024,192,3206.5244853479962
3.0918009584300927,1024,193,3166.004181432415
3.179312892295144,1024,194,3255.6164017102274
3.337337195405997,1024,195,3417.433288095741
3.0450274389877734,1024,196,3118.10809752348
3.5037625916253745,1024,197,3587.8528938243835
3.0138233186025314,1024,198,3086.155078248992
2.9813537025161025,1024,199,3052.906191376489
3.297072683955207,1024,200,3376.202428370132
3.7821756347809483,1024,201,3872.947850015691
3.5479465082536166,1024,202,3633.0972244517034
2.7737537597811652,1024,203,2840.323850015913
2.8130784910605726,1024,204,2880.5923748460264
3.3411963250611674,1024,205,3421.3850368626354
3.1921170544233703,1024,206,3268.7278637295312
3.0259311780724545,1024,207,3098.5535263461934
2.6535690868083073,1024,208,2717.2547448917067
3.272612176039729,1024,209,3351.1548682646826
3.51320450208938,1024,210,3597.521410139525
2.8066777535835015,1024,211,2874.0380196695055
3.1214197696301085,1024,212,3196.333844101231
3.0657514713964673,1024,213,3139.3295067099825
3.111723109874518,1024,214,3186.4044645115064
3.4817542879844154,1024,215,3565.3163908960414
2.915629844275834,1024,216,2985.604960538454
3.325646539216308,1024,217,3405.4620561574993
3.219326388718457,1024,218,3296.5902220477
2.7049839817820214,1024,219,2769.90359734479
3.238971680777741,1024,220,3316.707001116407
3.302152510145679,1024,221,3381.4041703891753
3.3645862999610046,1024,222,3445.3363711600687
4.13454874366947,1024,223,4233.777913517537
3.3143367195734825,1024,224,3393.880800843246
3.2357420624895923,1024,225,3313.3998719893425
2.2314909676754837,1024,226,2285.0467508996953
2.1085523699841104,1024,227,2159.157626863729
2.1802660514080188,1024,228,2232.592436641811
2.0842056828303797,1024,229,2134.2266192183088
2.2794074776241615,1024,230,2334.1132570871414
2.3794960692583995,1024,231,2436.603974920601
3.098851665802556,1024,232,3173.2241057818173
2.7670400957943215,1024,233,2833.4490580933852
2.989153180833526,1024,234,3060.8928571735305
2.885911639912905,1024,235,2955.1735192708147
3.1639113697568106,1024,236,3239.845242630974
3.129311396941663,1024,237,3204.414870468263
2.8269372444981613,1024,238,2894.783738366117
3.3480237923916576,1024,239,3428.3763634090574
3.428683397114696,1024,240,3510.971798645449
3.4232501731525744,1024,241,3505.408177308236
2.8090763653856783,1024,242,2876.4941981549346
2.9074722245580347,1024,243,2977.2515579474275
2.3239863319037424,1024,244,2379.762003869432
2.6738597091942147,1024,245,2738.032342214876
2.9140207155426197,1024,246,2983.9572127156425
3.2326751847049735,1024,247,3310.259389137893
2.6964114894689235,1024,248,2761.1253652161777
2.6820508946038526,1024,249,2746.420116074345
2.2300799953007404,1024,250,2283.601915187958
2.2925550432056774,1024,251,2347.5763642426136
2.913637251121326,1024,252,2983.564545148238
3.147023211697629,1024,253,3222.551768778372
2.538055115515707,1024,254,2598.968438288084
3.1167170693462936,1024,255,3191.5182790106046
3.0831858679211734,1024,256,3157.1823287512816
3.352039217974209,1024,257,3432.48815920559
2.9932610166229168,1024,258,3065.099281021867
2.9793525933189358,1024,259,3050.85705555859
3.0990622641186434,1024,260,3173.439758457491
3.3952019996175054,1024,261,3476.6868476083255
3.3097509699739334,1024,262,3389.1849932533078
3.22813769296134,1024,263,3305.6129975924123
2.9406678409648386,1024,264,3011.2438691479947
3.0780097800377533,1024,265,3151.8820147586594
2.9668725434924568,1024,266,3038.0774845362757
2.7347291651088455,1024,267,2800.3626650714577
2.7494413691202837,1024,268,2815.4279619791705
3.056329443554361,1024,269,3129.6813501996658
2.8282471501747315,1024,270,2896.125081778925
2.7547946428564956,1024,271,2820.9097142850515
2.6478591259454127,1024,272,2711.4077449681026
3.3060515835311435,1024,273,3385.396821535891
3.2700866152194408,1024,274,3348.5686939847074
3.140855079031155,1024,275,3216.235600927903
3.2913097211995037,1024,276,3370.301154508292
2.9226160984815097,1024,277,2992.758884845066
2.9035581657252933,1024,278,2973.2435617027004
3.3171120944184054,1024,279,3396.722784684447
3.3059054648568917,1024,280,3385.247196013457
3.5386908799867456,1024,281,3623.6194611064275
3.5126544019257153,1024,282,3596.9581075719325
3.0006880815257695,1024,283,3072.704595482388
2.9047706467351695,1024,284,2974.4851422568136
2.8909840219120326,1024,285,2960.3676384379214
3.1183763782719396,1024,286,3193.217411350466
3.1760767130279888,1024,287,3252.3025541406605
2.7388386981974264,1024,288,2804.5708269541647
3.0963893158447036,1024,289,3170.7026594249764
2.7649846984752884,1024,290,2831.3443312386953
2.9159595165163523,1024,291,2985.942544912745
2.637008048841828,1024,292,2700.296242014032
2.7884505339633705,1024,293,2855.3733467784914
2.75767490287803,1024,294,2823.8591005471026
3.4275993186532787,1024,295,3509.8617023009574
3.2783177678111315,1024,296,3356.9973942385986
3.5105321014700905,1024,297,3594.7848719053727
3.14449235893181,1024,298,3219.9601755461736
3.5853804510916802,1024,299,3671.4295819178806
3.157547725319631,1024,300,3233.3288707273023
2.974445099175057,1024,301,3045.831781555258
2.6970907348520115,1024,302,2761.8209124884597
2.6559573023070016,1024,303,2719.7002775623696
2.6002683044243042,1024,304,2662.6747437304875
2.756520118571883,1024,305,2822.6766014176083
2.968352426326554,1024,306,3039.5928845583912
2.8791360002984128,1024,307,2948.2352643055747
2.5368046169311214,1024,308,2597.6879277374683
2.303460181240645,1024,309,2358.7432255904205
2.564961839825571,1024,310,2626.520923981385
2.852414777194639,1024,311,2920.87273184731
2.84810876560125,1024,312,2916.46337597568
3.012441746754803,1024,313,3084.740348676918
3.175984370407832,1024,314,3252.20799529762
3.072630436311446,1024,315,3146.3735667829205
2.9810202604502933,1024,316,3052.5647467011004
3.0200336956478537,1024,317,3092.514504343402
3.155519103334953,1024,318,3231.251561814992
2.964432036011445,1024,319,3035.5784048757196
2.9001495829016974,1024,320,2969.753172891338
3.092152222826954,1024,321,3166.3638761748007
3.2232695120943617,1024,322,3300.6279803846264
3.0818085032111924,1024,323,3155.771907288261
3.2429271972523566,1024,324,3320.757449986413
3.2220703521534233,1024,325,3299.4000406051055
3.0806563324607055,1024,326,3154.5920844397624
2.884337557556762,1024,327,2953.5616589381243
2.837084927210171,1024,328,2905.174965463215
3.1982207380942214,1024,329,3274.9780358084827
3.176222638151714,1024,330,3252.451981467355
3.223942142667939,1024,331,3301.3167540919694
3.253778412578569,1024,332,3331.869094480455
3.4933029418717183,1024,333,3577.1422124766395
3.3251011583841006,1024,334,3404.903586185319
2.9932829466321493,1024,335,3065.121737351321
3.2121464253718273,1024,336,3289.237939580751
2.942552304205961,1024,337,3013.173559506904
3.2158601243762774,1024,338,3293.040767361308
2.9015756176628082,1024,339,2971.2134324867156
2.673228283790671,1024,340,2737.385762601647
3.0291481446935222,1024,341,3101.8477001661668
3.0661111737442184,1024,342,3139.6978419140796
3.289941496517276,1024,343,3368.9000924336906
3.0846017440543108,1024,344,3158.632185911614
3.2081963962231157,1024,345,3285.1931097324705
3.10842312601973,1024,346,3183.0252810442034
3.6371030440036805,1024,347,3724.393517059769
3.139385711297834,1024,348,3214.730968368982
3.13318962263304,1024,349,3208.386173576233
2.5617643840057553,1024,350,2623.2467292218935
2.1676242433730124,1024,351,2219.6472252139647
2.94517971315814,1024,352,3015.8640262739355
2.8057567045436826,1024,353,2873.094865452731
3.05715539754965,1024,354,3130.5271270908415
2.7091034893326196,1024,355,2774.1219730766024
2.936905511036173,1024,356,3007.391243301041
3.023108564307506,1024,357,3095.6631698508863
2.7344159358022146,1024,358,2800.041918261468
2.9821006050632093,1024,359,3053.6710195847263
3.042781057636347,1024,360,3115.8078030196193
2.94596594308679,1024,361,3016.669125720873
2.9256441896339425,1024,362,2995.859650185157
2.9470264810686047,1024,363,3017.755116614251
2.8878494411048905,1024,364,2957.157827691408
3.0104382204889504,1024,365,3082.688737780685
3.1667342970218755,1024,366,3242.7359201504005
3.0684668685969427,1024,367,3142.1100734432694
3.334867611211962,1024,368,3414.904433881049
2.786139399925922,1024,369,2853.006745524144
2.697482121412845,1024,370,2762.2216923267533
2.913045422020617,1024,371,2982.958512149112
3.1998749452948942,1024,372,3276.6719439819717
1.8756464165995665,1024,373,1920.6619305979561
3.156202503081161,1024,374,3231.951363155109
2.837875184596978,1024,375,2905.9841890273055
3.0974671099602773,1024,376,3171.806320599324
3.0211300653345745,1024,377,3093.6371869026043
2.918298694149682,1024,378,2988.337862809274
3.4082662050172843,1024,379,3490.064593937699
3.2666388404101703,1024,380,3345.0381725800144
2.9082243838979664,1024,381,2978.0217691115176
2.850522761949467,1024,382,2918.935308236254
2.6202529673455928,1024,383,2683.139038561887
2.8401380299022776,1024,384,2908.3013426199323
2.7972859427708343,1024,385,2864.4208053973343
3.0838450188014974,1024,386,3157.8572992527334
2.9271184578150553,1024,387,2997.3693008026166
2.9461665585326013,1024,388,3016.874555937384
3.2909896452275973,1024,389,3369.9733967130596
3.2186980276243844,1024,390,3295.9467802873696
3.201002163115106,1024,391,3277.8262150298688
2.9521338793256717,1024,392,3022.985092429488
3.360004061788743,1024,393,3440.644159271673
3.2114377441811754,1024,394,3288.5122500415237
3.3767940406831762,1024,395,3457.8370976595725
2.935563427105592,1024,396,3006.016949356126
3.0603513592375293,1024,397,3133.79979185923
2.751773094477258,1024,398,2817.8156487447122
2.4867062058587095,1024,399,2546.3871547993185
2.9106153481245105,1024,400,2980.4701164794988
2.705496362997149,1024,401,2770.4282757090805
2.673217611174281,1024,402,2737.374833842464
2.8433127017927013,1024,403,2911.552206635726
2.816773120437137,1024,404,2884.3756753276284
2.769554403751691,1024,405,2836.0237094417316
3.0436548336570937,1024,406,3116.702549664864
2.5269018965775736,1024,407,2587.5475420954353
2.77187270984615,1024,408,2838.3976548824576
2.818229491294481,1024,409,2885.8669990855487
2.8389083830914927,1024,410,2907.0421842856886
2.7431998611038892,1024,411,2809.0366577703826
2.854000644694125,1024,412,2922.496660166784
3.158002828547204,1024,413,3233.794896432337
2.919786969009058,1024,414,2989.8618562652755
3.0036628782473294,1024,415,3075.7507873252653
3.282935728615225,1024,416,3361.7261861019906
3.475041075302329,1024,417,3558.4420611095848
3.114470237003685,1024,418,3189.2175226917734
2.8849328839458295,1024,419,2954.1712731605294
3.021361284935308,1024,420,3093.8739557737554
2.558117758786569,1024,421,2619.5125849974465
3.2842177875236302,1024,422,3363.0390144241974
3.3682974501077467,1024,423,3449.1365889103326
3.420186729161017,1024,424,3502.2712106608815
3.166313670509169,1024,425,3242.305198601389
2.4486680785746557,1024,426,2507.4361124604475
2.600568887601419,1024,427,2662.982540903853
3.1378125589091255,1024,428,3213.1200603229445
2.787095170097757,1024,429,2853.9854541801033
3.322043724213053,1024,430,3401.772773594166
3.1575778193954154,1024,431,3233.3596870609053
2.7729689676351725,1024,432,2839.5202228584167
2.8207074330133466,1024,433,2888.404411405667
3.1791018759749434,1024,434,3255.400320998342
3.4852605635735827,1024,435,3568.9068170993487
2.618144853105324,1024,436,2680.980329579852
3.150832129490169,1024,437,3226.452100597933
3.1638014975016944,1024,438,3239.732733441735
2.8032357617997654,1024,439,2870.51342008296
3.3336854517029195,1024,440,3413.6939025437896
3.362230375376136,1024,441,3442.923904385163
3.5096911935632225,1024,442,3593.92378220874
3.438031860631793,1024,443,3520.544625286956
3.5707816751319807,1024,444,3656.4804353351483
3.4445668481474705,1024,445,3527.23645250301
2.9361555681401548,1024,446,3006.6233017755185
2.6258528473778893,1024,447,2688.8733157149586
2.606069965493539,1024,448,2668.615644665384
3.15729746762117,1024,449,3233.072606844078
2.491300827881645,1024,450,2551.0920477508043
2.88895594505712,1024,451,2958.2908877384907
3.253471760383775,1024,452,3331.5550826329854
3.065271806085761,1024,453,3138.838329431819
2.9519027829010653,1024,454,3022.748449690691
3.100171915353023,1024,455,3174.5760413214957
3.3771625726691354,1024,456,3458.2144744131947
3.0894076507031976,1024,457,3163.5534343200743
3.45309362870735,1024,458,3535.9678757963266
3.4145589052396588,1024,459,3496.5083189654106
3.509111327964117,1024,460,3593.329999835256
3.4488272214070363,1024,461,3531.599074720805
3.2740163290293385,1024,462,3352.5927209260426
3.3802613874531566,1024,463,3461.3876607520324
3.2876750896944813,1024,464,3366.579291847149
3.207991780554778,1024,465,3284.9835832880926
3.059218876712862,1024,466,3132.6401297539705
3.00507680375992,1024,467,3077.198647050158
2.962222599255881,1024,468,3033.315941638022
2.7158910894765462,1024,469,2781.0724756239833
2.5907920877925434,1024,470,2652.9710978995645
3.380406516295885,1024,471,3461.536272686986
3.5203824212902077,1024,472,3604.8715994011727
3.729681076204116,1024,473,3819.193422033015
3.636737715355011,1024,474,3724.019420523531
3.1021674174232885,1024,475,3176.6194354414474
3.2247686625849,1024,476,3302.1631104869375
2.5153941786531178,1024,477,2575.7636389407926
3.0125951324564966,1024,478,3084.8974156354525
2.825299082167163,1024,479,2893.106260139175
2.7592952541737734,1024,480,2825.518340273944
3.013505866876045,1024,481,3085.83000768107
2.1303056908891946,1024,482,2181.4330274705353
2.8257399549494124,1024,483,2893.5577138681983
2.7168504216113547,1024,484,2782.054831730027
3.021724689258873,1024,485,3094.246081801086
2.948387973496068,1024,486,3019.1492848599737
3.0574115561168753,1024,487,3130.7894334636803
3.118216246598301,1024,488,3193.0534365166604
3.235129265442481,1024,489,3312.7723678131006
2.624497543280647,1024,490,2687.4854843193825
2.0639680763537314,1024,491,2113.503310186221
2.4449202624396023,1024,492,2503.5983487381527
3.07492022959012,1024,493,3148.718315100283
3.31473213971808,1024,494,3394.285711071314
2.4315505067740535,1024,495,2489.9077189366308
2.659821988859445,1024,496,2723.6577165920717
3.1519543903634712,1024,497,3227.6012957321946
3.116633419400813,1024,498,3191.4326214664325
3.1007042523784136,1024,499,3175.1211544354956
2.847301857695351,1024,500,2915.6371022800395
3.2496722116370265,1024,501,3327.664344716315
2.9231550532585437,1024,502,2993.310774536749
3.265262597535795,1024,503,3343.628899876654
3.322876030165844,1024,504,3402.6250548898242
3.2139045126253905,1024,505,3291.0382209284
3.208475156424555,1024,506,3285.4785601787444
2.8209767468760667,1024,507,2888.6801888010923
2.6786640317528274,1024,508,2742.9519685148953
2.2597602021532346,1024,509,2313.994447004912
2.264202918645701,1024,510,2318.5437886931977
2.878461672893472,1024,511,2947.5447530429155
3.144119856960586,1024,512,3219.57873352764
3.1721191028627516,1024,513,3248.2499613314576
3.5910392939721305,1024,514,3677.2242370274616
3.4068948654633857,1024,515,3488.660342234507
3.1188948491333335,1024,516,3193.7483255125335
3.4627096879688395,1024,517,3545.8147204800916
2.706560610139751,1024,518,2771.518064783105
2.746651058147485,1024,519,2812.5706835430246
2.703234856167594,1024,520,2768.112492715616
2.7801343462390893,1024,521,2846.8575705488274
2.9265135089866874,1024,522,2996.749833202368
3.047921412439319,1024,523,3121.0715263378625
3.251164819348844,1024,524,3329.1927750132163
2.8816966966192865,1024,525,2950.8574173381494
3.2078223239775596,1024,526,3284.810059753021
3.366957997166125,1024,527,3447.764989098112
2.3432722278831903,1024,528,2399.510761352387
2.8832840328734406,1024,529,2952.482849662403
3.079746273669457,1024,530,3153.660184237524
3.1827440493365486,1024,531,3259.129906520626
3.0853434059879916,1024,532,3159.3916477317034
2.466808726691241,1024,533,2526.0121361318306
2.845666899312235,1024,534,2913.9629048957286
2.8959498853051997,1024,535,2965.4526825525245
2.7189154556709525,1024,536,2784.1694266070554
2.815452962605903,1024,537,2883.0238337084447
2.9332700809043732,1024,538,3003.668562846078
2.729784779904435,1024,539,2795.2996146221412
2.997654105312371,1024,540,3069.597803839868
3.01958737946606,1024,541,3092.0574765732454
2.9303633860298532,1024,542,3000.6921072945697
2.8820903434547347,1024,543,2951.2605116976483
2.6934241240045367,1024,544,2758.0663029806456
2.2423069008347394,1024,545,2296.122266454773
2.2897158482888518,1024,546,2344.669028647784
2.5386123694780878,1024,547,2599.539066345562
2.994117262484288,1024,548,3065.9760767839107
2.940390541322092,1024,549,3010.959914313822
2.3827266800148585,1024,550,2439.912120335215
2.6810192357114033,1024,551,2745.363697368477
3.0895955300428177,1024,552,3163.7458227638454
3.075481354426188,1024,553,3149.2929069324164
2.9882926492809645,1024,554,3060.0116728637076
2.8923160649613635,1024,555,2961.7316505204362
3.0295487976616613,1024,556,3102.257968805541
3.0123663948197716,1024,557,3084.663188295446
3.080927473083129,1024,558,3154.869732437124
1.722612706152277,1024,559,1763.9554110999316
2.10078122803335,1024,560,2151.1999775061504
2.3914675298980868,1024,561,2448.862750615641
2.296584842259387,1024,562,2351.702878473612
2.490889226126786,1024,563,2550.6705675538287
2.8483125494659163,1024,564,2916.6720506530983
3.2437312118741986,1024,565,3321.5807609591793
3.153862339280863,1024,566,3229.555035423604
3.0393909516847373,1024,567,3112.336334525171
3.2946817256358187,1024,568,3373.7540870510784
2.962851458976232,1024,569,3033.9598939916614
3.1773909449352686,1024,570,3253.648327613715
2.9830470619256175,1024,571,3054.6401914118323
3.1886464886367847,1024,572,3265.1740043640675
3.271107547704929,1024,573,3349.6141288498475
3.0366367783846044,1024,574,3109.516061065835
2.5632789416437163,1024,575,2624.7976362431655
3.4227177770104547,1024,576,3504.8630036587056
2.7048762599363663,1024,577,2769.793290174839
2.9450972981364636,1024,578,3015.7796332917387
2.957912525226803,1024,579,3028.902425832246
2.942138798301471,1024,580,3012.7501294607064
2.9425857406999647,1024,581,3013.207798476764
3.139516708229145,1024,582,3214.8651092266446
2.978793479562242,1024,583,3050.2845230717357
2.8868516299065803,1024,584,2956.136069024338
3.283043064138681,1024,585,3361.8360976780095
3.022182960060235,1024,586,3094.7153511016804
2.782429597035076,1024,587,2849.207907363918
3.5614034393588554,1024,588,3646.877121903468
3.395171980135615,1024,589,3476.6561076588696
3.6740858066143574,1024,590,3762.263865973102
3.6133871612254893,1024,591,3700.108453094901
3.534962176328122,1024,592,3619.801268559997
3.7767469123351916,1024,593,3867.388838231236
3.572375235282408,1024,594,3658.1122409291856
2.798504248418034,1024,595,2865.668350380067
3.001819503334012,1024,596,3073.8631714140283
3.3328069110042122,1024,597,3412.7942768683133
3.133247783988537,1024,598,3208.445730804262
3.2027645156744597,1024,599,3279.630864050647
2.8835305218754,1024,600,2952.7352544004098
2.916483633425819,1024,601,2986.4792406280385
3.4479156500762542,1024,602,3530.6656256780843
3.707645569230465,1024,603,3796.629062891996
3.0708311234171353,1024,604,3144.5310703791465
3.094666899158895,1024,605,3168.9389047387085
3.158615327503526,1024,606,3234.4220953636104
2.829925803956492,1024,607,2897.8440232514477
2.9039068515770916,1024,608,2973.600616014942
2.933033983304803,1024,609,3003.426798904118
3.0482421907469757,1024,610,3121.400003324903
2.7626708153566994,1024,611,2828.9749149252602
2.66333175136117,1024,612,2727.251713393838
2.572777485814285,1024,613,2634.524145473828
2.2962636566754497,1024,614,2351.3739844356605
2.378932447816741,1024,615,2436.0268265643426
3.12490850231886,1024,616,3199.9063063745125
2.7384738290513226,1024,617,2804.1972009485544
3.0429015111400872,1024,618,3115.9311474074493
3.0719331083529156,1024,619,3145.6595029533855
2.9381762842097316,1024,620,3008.692515030765
2.9655362821370943,1024,621,3036.7091529083846
2.777059843991239,1024,622,2843.709280247029
2.4806772347528216,1024,623,2540.2134883868894
2.5044638480263615,1024,624,2564.570980378994
3.2491354149918834,1024,625,3327.1146649516886
3.42478934181122,1024,626,3506.984286014689
3.228114510054411,1024,627,3305.5892582957167
2.855833384062187,1024,628,2924.3733852796795
3.0712086221628674,1024,629,3144.917629094776
3.1886156036258626,1024,630,3265.1423781128833
3.00025532128177,1024,631,3072.2614489925327
3.5154542227551246,1024,632,3599.8251241012476
3.6744000899176115,1024,633,3762.585692075634
3.3158936067336953,1024,634,3395.475053295304
2.954777216876103,1024,635,3025.6918700811293
3.313761668448194,1024,636,3393.2919484909507
3.6734794358035288,1024,637,3761.6429422628134
3.6346250119456727,1024,638,3721.856012232369
3.44738846028374,1024,639,3530.12578333055
2.989191383433422,1024,640,3060.931976635824
3.2772582696019867,1024,641,3355.9124680724344
2.63133803166329,1024,642,2694.490144423209
3.11938996913997,1024,643,3194.2553283993293
2.773015607086421,1024,644,2839.5679816564952
2.6057740714449906,1024,645,2668.3126491596704
3.044722410540868,1024,646,3117.795748393849
2.506632453369292,1024,647,2566.791632250155
2.7923371683974487,1024,648,2859.3532604389875
3.1163159233901183,1024,649,3191.107505551481
3.3443144817442914,1024,650,3424.5780293061543
3.4837954728598106,1024,651,3567.406564208446
3.372201414422875,1024,652,3453.134248369024
3.1088408644657335,1024,653,3183.453045212911
3.489335153847634,1024,654,3573.079197539977
3.2586953551536197,1024,655,3336.9040436773066
3.5890596441457134,1024,656,3675.1970756052106
3.2776284636802373,1024,657,3356.291546808563
2.5770711258509493,1024,658,2638.920832871372
3.177244340747251,1024,659,3253.498204925185
3.4051864331432142,1024,660,3486.9109075386514
3.248296620522609,1024,661,3326.2557394151518
3.308831123301175,1024,662,3388.2430702604033
2.483642354305349,1024,663,2543.2497708086776
2.655711661183908,1024,664,2719.4487410523216
3.401176613167081,1024,665,3482.804851883091
3.2549235335492313,1024,666,3333.041698354413
3.375397318864458,1024,667,3456.406854517205
2.782752245126918,1024,668,2849.5382990099642
3.202841606445247,1024,669,3279.709804999933
2.76597335108697,1024,670,2832.3567115130572
2.9677696460641414,1024,671,3038.996117569681
2.9406552022596806,1024,672,3011.230927113913
3.1049601261132693,1024,673,3179.479169139988
3.138903159528908,1024,674,3214.2368353576016
2.894379559488744,1024,675,2963.844668916474
2.884950121716642,1024,676,2954.1889246378414
3.326319975675432,1024,677,3406.151655091642
3.396186321887967,1024,678,3477.6947936132783
3.5698902077162984,1024,679,3655.5675727014896
3.568675430015361,1024,680,3654.3236403357296
3.1870284911458384,1024,681,3263.5171749333385
2.3783492761095033,1024,682,2435.4296587361314
2.4775651626479345,1024,683,2537.026726551485
2.749915158791822,1024,684,2815.9131226028258
3.3599202882733152,1024,685,3440.558375191875
3.770236286797285,1024,686,3860.72195768042
2.965364257310007,1024,687,3036.5329994854474
2.834357301762495,1024,688,2902.3818770047947
2.880613733622429,1024,689,2949.748463229367
2.6719754732161505,1024,690,2736.102884573338
2.9831425433996444,1024,691,3054.737964441236
1.8765687426568327,1024,692,1921.6063924805967
3.276667215009901,1024,693,3355.307228170139
3.564827888036149,1024,694,3650.3837573490164
2.67380186610022,1024,695,2737.9731108866254
2.9451745916122256,1024,696,3015.858781810919
2.936629300772484,1024,697,3007.108403991024
2.5631705617620355,1024,698,2624.6866552443244
2.960731226907072,1024,699,3031.7887763528415
3.438649462978006,1024,700,3521.177050089478
2.5767388739219506,1024,701,2638.5806068960774
2.6235244105799893,1024,702,2686.488996433909
2.3067467386500624,1024,703,2362.108660377664
2.9433231704722047,1024,704,3013.9629265635376
2.786725090916576,1024,705,2853.606493098574
3.078986244446696,1024,706,3152.881914313417
3.282044753286094,1024,707,3360.81382736496
2.9895772961571545,1024,708,3061.327151264926
2.7055845295323024,1024,709,2770.5185582410777
3.1588620992800074,1024,710,3234.6747896627276
2.8882847909440468,1024,711,2957.603625926704
3.081439135682885,1024,712,3155.393674939274
3.115109300201098,1024,713,3189.8719234059245
3.2447894056949735,1024,714,3322.664351431653
2.8711580508684342,1024,715,2940.0658440892767
2.8862482337440056,1024,716,2955.5181913538618
2.283128640705904,1024,717,2337.9237280828456
1.1792727820011208,1024,718,1207.5753287691477
2.707359946718938,1024,719,2772.3365854401927
3.3420257558504147,1024,720,3422.2343739908247
3.417605771184782,1024,721,3499.6283096932166
2.8073188559999807,1024,722,2874.69450854398
2.9064685311504803,1024,723,2976.223775898092
3.123750858620731,1024,724,3198.7208792276288
2.8632716205274233,1024,725,2931.9901394200815
2.957433384952296,1024,726,3028.411786191151
2.3198207199260903,1024,727,2375.4964172043165
2.874084258818865,1024,728,2943.0622810305176
3.338093660364734,1024,729,3418.207908213488
3.270130393936327,1024,730,3348.613523390799
3.40482896945268,1024,731,3486.5448647195444
3.254319146859835,1024,732,3332.422806384471
3.1467231731430445,1024,733,3222.2445292984776
3.11309034213682,1024,734,3187.8045103481036
3.0280305803057086,1024,735,3100.7033142330456
3.0715966748647503,1024,736,3145.3149950615043
2.924826891217874,1024,737,2995.022736607103
3.329730155514767,1024,738,3409.6436792471213
3.322681299279182,1024,739,3402.4256504618825
2.277307097148743,1024,740,2331.9624674803126
3.423450466407928,1024,741,3505.6132776017184
3.0230607475536857,1024,742,3095.614205494974
3.0706888733689937,1024,743,3144.3854063298495
3.0148232459422193,1024,744,3087.1790038448326
3.1389521668595677,1024,745,3214.2870188641973
3.1173174284250633,1024,746,3192.133046707265
3.108369824113929,1024,747,3182.970699892663
3.1573684063038225,1024,748,3233.1452480551143
3.0989739831173893,1024,749,3173.3493587122066
3.0882407040461715,1024,750,3162.3584809432796
2.7997797951295986,1024,751,2866.974510212709
2.8892907033228497,1024,752,2958.633680202598
2.5726182840779757,1024,753,2634.361122895847
3.1485581220228767,1024,754,3224.1235169514257
2.722479744005909,1024,755,2787.819257862051
3.186914844126246,1024,756,3263.400800385276
3.0170586847257823,1024,757,3089.468093159201
2.966220038913832,1024,758,3037.409319847764
3.1680098821098994,1024,759,3244.042119280537
3.130684044060663,1024,760,3205.820461118119
3.4665067299012975,1024,761,3549.7028914189286
2.9769381816702207,1024,762,3048.384698030306
3.2805373873546344,1024,763,3359.2702846511456
3.111164329093299,1024,764,3185.832272991538
3.1575664747410883,1024,765,3233.3480701348744
3.2122401692782603,1024,766,3289.3339333409385
3.457106793342021,1024,767,3540.0773563822295
3.367510247681821,1024,768,3448.3304936261848
3.2625589778990687,1024,769,3340.8603933686463
2.989180714427306,1024,770,3060.9210515735613
3.3053763347980976,1024,771,3384.705366833252
3.506461299928052,1024,772,3590.6163711263252
2.5004787829614763,1024,773,2560.4902737525517
2.227856487063491,1024,774,2281.3250427530147
2.0484765097487525,1024,775,2097.6399459827226
2.508417341590075,1024,776,2568.619357788237
3.4980525971392353,1024,777,3582.005859470577
3.4473051257953813,1024,778,3530.0404488144704
2.347695228349039,1024,779,2404.039913829416
2.1481461688813397,1024,780,2199.701676934492
1.8585385535657224,1024,781,1903.1434788512997
2.5564298780401487,1024,782,2617.784195113112
3.101895562969844,1024,783,3176.34105648112
2.422320922212748,1024,784,2480.456624345854
2.622264090738554,1024,785,2685.198428916279
4.277197856533604,1024,786,4379.850605090411
3.8272557831608154,1024,787,3919.109921956675
3.528002486790058,1024,788,3612.6745464730193
3.018535348138357,1024,789,3090.980196493678
2.675301778418543,1024,790,2739.509021100588
2.173785552293566,1024,791,2225.9564055486117
2.6090294397984906,1024,792,2671.6461463536543
3.2579066239261607,1024,793,3336.0963829003886
2.746674196726943,1024,794,2812.5943774483894
2.6666895450834147,1024,795,2730.6900941654167
2.8393012266385504,1024,796,2907.4444560778757
2.861457713155726,1024,797,2930.1326982714636
3.016198720065592,1024,798,3088.5874893471664
3.1953191022883516,1024,799,3272.006760743272
3.0391475775955232,1024,800,3112.087119457816
3.3338583931516723,1024,801,3413.8709945873125
3.573769365200633,1024,802,3659.539829965448
3.1952853333758355,1024,803,3271.9721813768556
3.41443067459862,1024,804,3496.377010788987
2.803497126534012,1024,805,2870.781057570828
2.94763251137082,1024,806,3018.3756916437196
3.3834497122777947,1024,807,3464.6525053724617
2.825077763599335,1024,808,2892.879629925719
2.5534532796374982,1024,809,2614.736158348798
2.601921417563535,1024,810,2664.3675315850596
3.0442784238096436,1024,811,3117.341105981075
3.021349145441505,1024,812,3093.861524932101
3.0345065520435988,1024,813,3107.334709292645
3.042355366875597,1024,814,3115.3718956806115
2.7890121258756437,1024,815,2855.948416896659
2.808761315557433,1024,816,2876.1715871308115
3.1126886469799118,1024,817,3187.3931745074296
2.739367735576156,1024,818,2805.112561229984
3.199760137113433,1024,819,3276.5543804041554
3.078277013853331,1024,820,3152.155662185811
3.1809467009613854,1024,821,3257.2894217844587
3.114426718728545,1024,822,3189.17295997803
2.841455871357553,1024,823,2909.6508122701343
3.0841244850931275,1024,824,3158.1434727353626
3.2376119301617052,1024,825,3315.314616485586
3.595411854544068,1024,826,3681.7017390531255
3.425181541165898,1024,827,3507.3858981538797
3.3766388677598265,1024,828,3457.6782005860623
3.483441791438338,1024,829,3567.044394432858
2.599677076141041,1024,830,2662.069325968426
3.009660913181733,1024,831,3081.8927750980947
3.044051852353933,1024,832,3117.109096810427
2.855209057396351,1024,833,2923.7340747738635
3.337834380548774,1024,834,3417.9424056819444
3.227718085987398,1024,835,3305.1833200510955
3.2794276565901157,1024,836,3358.1339203482785
3.420013831642688,1024,837,3502.0941636021125
2.990423250054576,1024,838,3062.193408055886
2.959776080661195,1024,839,3030.8107065970635
2.633825588705264,1024,840,2697.0374028341903
2.8865937457269695,1024,841,2955.8719956244167
2.730240189438426,1024,842,2795.7659539849483
3.049412939351816,1024,843,3122.5988498962597
2.4535451984119447,1024,844,2512.4302831738314
2.8419841844348355,1024,845,2910.1918048612715
3.1911482747204576,1024,846,3267.7358333137486
2.971269960312693,1024,847,3042.5804393601975
2.8360605637629135,1024,848,2904.1260172932234
3.184005726845484,1024,849,3260.421864289776
2.96046730659387,1024,850,3031.5185219521227
2.867031067144868,1024,851,2935.839812756345
3.2922288014822847,1024,852,3371.2422927178595
3.8789507294539476,1024,853,3972.0455469608423
3.100396761185058,1024,854,3174.8062834534994
2.9990023418309963,1024,855,3070.9783980349403
3.2009988701735708,1024,856,3277.8228430577365
3.4582073224243572,1024,857,3541.204298162542
3.300973433179081,1024,858,3380.196795575379
2.9672115676361557,1024,859,3038.4246452594234
2.854343445620536,1024,860,2922.847688315429
3.303054059469339,1024,861,3382.3273568966033
3.0341915981590724,1024,862,3107.01219651489
3.1872525008719563,1024,863,3263.7465608928833
2.963075543734984,1024,864,3034.1893567846237
3.099246681765514,1024,865,3173.6286021278866
3.7095772570066288,1024,866,3798.607111174788
3.579130265873566,1024,867,3665.0293922545316
2.5055125529278754,1024,868,2565.6448541981445
3.0148915248938124,1024,869,3087.248921491264
3.4029456613841234,1024,870,3484.6163572573423
3.1739215057081864,1024,871,3250.095621845183
3.137165437198277,1024,872,3212.4574076910358
2.9768958938199788,1024,873,3048.3413952716583
3.3015748841910124,1024,874,3380.8126814115967
3.3562216006938,1024,875,3436.7709191104514
3.4706285830735624,1024,876,3553.923669067328
3.4068379507082227,1024,877,3488.60206152522
2.9887075454284826,1024,878,3060.436526518766
3.0453995624803625,1024,879,3118.489151979891
2.938434230874762,1024,880,3008.9566524157563
3.651508873588874,1024,881,3739.145086555007
3.191197056636227,1024,882,3267.7857859954966
3.2125508790521735,1024,883,3289.6521001494257
2.839492062980753,1024,884,2907.639872492291
2.94866530114178,1024,885,3019.4332683691828
2.883649311958001,1024,886,2952.856895444993
2.848263400716381,1024,887,2916.6217223335743
2.90662064831006,1024,888,2976.3795438695015
2.715002148473168,1024,889,2780.162200036524
2.9965814457397855,1024,890,3068.4994004375403
3.257458842341123,1024,891,3335.6378545573098
2.8061861632806995,1024,892,2873.5346311994363
3.1220850744660424,1024,893,3197.0151162532275
2.4092377378531538,1024,894,2467.0594435616295
1.9195022724250883,1024,895,1965.5703269632904
3.401228914281006,1024,896,3482.8584082237503
3.063304166705393,1024,897,3136.8234667063225
3.150161379708738,1024,898,3225.7652528217477
3.444974018379341,1024,899,3527.653394820445
2.4302560583222643,1024,900,2488.5822037219987
2.061768505559705,1024,901,2111.250949693138
1.6673797539998017,1024,902,1707.396868095797
1.6496258620259159,1024,903,1689.2168827145379
2.831713457097811,1024,904,2899.6745800681583
1.7374072910614498,1024,905,1779.1050660469245
0.6660306051615059,1024,906,682.0153396853821
1.6485168852389194,1024,907,1688.0812904846534
1.52537887670821,1024,908,1561.987969749207
2.170386761743302,1024,909,2222.476044025141
2.577848492575976,1024,910,2639.7168563977993
2.619725627500941,1024,911,2682.5990425609634
2.7957874235460025,1024,912,2862.8863217111066
2.644341761404746,1024,913,2707.80596367846
2.7913267145872283,1024,914,2858.3185557373217
2.9471912687630066,1024,915,3017.923859213319
3.092313415543135,1024,916,3166.52893751617
3.1401059344962903,1024,917,3215.4684769242012
3.159066233711684,1024,918,3234.8838233207643
3.1744026336779996,1024,919,3250.5882968862716
3.6959469236533096,1024,920,3784.649649820989
3.1146989606195064,1024,921,3189.4517356743745
2.674427230542392,1024,922,2738.6134840754094
2.943753042284513,1024,923,3014.403115299341
3.1240857354617404,1024,924,3199.063793112822
3.1300412490404597,1024,925,3205.1622390174307
3.334349734291905,1024,926,3414.374127914911
2.8769062572015685,1024,927,2945.952007374406
2.8548681949089882,1024,928,2923.385031586804
3.0652988694415626,1024,929,3138.86604230816
2.9806904981892686,1024,930,3052.227070145811
2.3942958986362246,1024,931,2451.759000203494
2.759121794763786,1024,932,2825.3407178381167
2.9173676409204283,1024,933,2987.3844643025186
3.2826665954779983,1024,934,3361.4505937694703
2.7913093133211815,1024,935,2858.30073684089
3.0798913094064453,1024,936,3153.8087008322
3.185142759532539,1024,937,3261.58618576132
2.8011972149504345,1024,938,2868.425948109245
3.826645056945523,1024,939,3918.4845383122156
3.855873872334115,1024,940,3948.414845270134
2.8438469712287313,1024,941,2912.099298538221
2.7579320797105424,1024,942,2824.1224496235955
3.5887992588386624,1024,943,3674.9304410507903
2.7748697014198527,1024,944,2841.466574253929
3.042026314021877,1024,945,3115.034945558402
3.29856742167118,1024,946,3377.7330397912883
2.983826823331867,1024,947,3055.438667091832
3.0176793066412415,1024,948,3090.1036100006313
3.4525968537569725,1024,949,3535.45917824714
3.2227718345652647,1024,950,3300.118358594831
3.139492497547584,1024,951,3214.840317488726
2.6373621766042277,1024,952,2700.658868842729
3.032435554583202,1024,953,3105.214007893199
3.005250821184264,1024,954,3077.3768408926862
2.9018983255709827,1024,955,2971.5438853846863
3.1273340792446334,1024,956,3202.3900971465046
3.1399428304638377,1024,957,3215.30145839497
2.974883781508183,1024,958,3046.280992264379
2.9947713880034073,1024,959,3066.645901315489
3.209574891404353,1024,960,3286.6046887980574
3.0963746165044483,1024,961,3170.687607300555
2.518520821599168,1024,962,2578.965321317548
2.7341568627066692,1024,963,2799.7766274116293
2.7779874542701606,1024,964,2844.6591531726444
2.9180732868702393,1024,965,2988.107045755125
3.2503226981016553,1024,966,3328.330442856095
3.36290587155829,1024,967,3443.615612475689
3.048372222474569,1024,968,3121.5331558139587
3.2175893915747906,1024,969,3294.8115369725856
2.980666044444405,1024,970,3052.2020295110706
3.060650953135415,1024,971,3134.106576010665
3.213054243854188,1024,972,3290.1675457066885
3.0322080174022403,1024,973,3104.981009819894
3.5182958342080752,1024,974,3602.734934229069
2.9096961303039706,1024,975,2979.528837431266
3.03038724776097,1024,976,3103.1165417072334
2.463817879266074,1024,977,2522.9495083684596
2.641762738606758,1024,978,2705.16504433332
2.4388299723563414,1024,979,2497.3618916928936
2.763137879152083,1024,980,2829.453188251733
3.1649013409307827,1024,981,3240.8589731131215
3.45498150373777,1024,982,3537.9010598274763
3.6124597640227165,1024,983,3699.1587983592617
3.337660259393945,1024,984,3417.7641056193997
3.6427600593349894,1024,985,3730.186300759029
3.6290671292756045,1024,986,3716.164740378219
3.1886168999027973,1024,987,3265.1437055004644
3.165409660616895,1024,988,3241.3794924717004
2.9825745534034027,1024,989,3054.1563426850844
2.9373438156518414,1024,990,3007.8400672274856
3.022106344502731,1024,991,3094.6368967707967
3.042373719689664,1024,992,3115.390688962216
3.062580605815427,1024,993,3136.082540354997
2.9616715058111254,1024,994,3032.7516219505924
2.8729806918878893,1024,995,2941.9322284931986
2.92647534928858,1024,996,2996.710757671506
2.940537950924181,1024,997,3011.1108617463615
3.0087318294913246,1024,998,3080.9413933991164
2.8893605584987903,1024,999,2958.705211902761
3.0756564855944646,1024,1000,3149.4722412487317
2.769670889759894,1024,1001,2836.1429911141313
2.8810812706132083,1024,1002,2950.2272211079253
3.1133463948016384,1024,1003,3188.0667082768778
2.7205556267718336,1024,1004,2785.8489618143576
2.6865536433880948,1024,1005,2751.030930829409
2.901121917796708,1024,1006,2970.748843823829
2.921909904621671,1024,1007,2992.0357423325913
2.9996667990769907,1024,1008,3071.6588022548385
3.0074672779234746,1024,1009,3079.646492593638
2.85149602438376,1024,1010,2919.93192896897
2.7980090716721264,1024,1011,2865.1612893922575
2.8613413743753995,1024,1012,2930.013567360409
2.9042659856768296,1024,1013,2973.9683693330735
2.8218616145302917,1024,1014,2889.5862932790187
2.9444309370164206,1024,1015,3015.0972795048147
2.8556123236039923,1024,1016,2924.147019370488
2.8856985460478697,1024,1017,2954.9553111530186
2.744942293219907,1024,1018,2810.820908257185
3.014370553213851,1024,1019,3086.7154464909836
2.193048779139616,1024,1020,2245.681949838967
2.7645519305242487,1024,1021,2830.9011768568307
2.720680958765005,1024,1022,2785.977301775365
2.837428453585929,1024,1023,2905.526736471991
3.331934169953648,1024,1024,3411.9005900325355
2.623084276866365,1024,1025,2686.0382995111577
3.037224832645144,1024,1026,3110.1182286286275
2.598582675230219,1024,1027,2660.948659435744
2.945390483498848,1024,1028,3016.07985510282
3.2061011808854545,1024,1029,3283.0476092267054
2.9952835818856727,1024,1030,3067.170387850929
2.766600646090154,1024,1031,2832.999061596318
2.9752172379258894,1024,1032,3046.622451636111
2.7795552739466522,1024,1033,2846.264600521372
2.485694642165223,1024,1034,2545.351313577188
2.7390806542088413,1024,1035,2804.8185899098535
2.9915443238118655,1024,1036,3063.3413875833503
2.6631562415252095,1024,1037,2727.0719913218145
2.7647566603787057,1024,1038,2831.1108202277946
2.6295250430991137,1024,1039,2692.6336441334925
3.041209838073719,1024,1040,3114.1988741874884
2.886950568870482,1024,1041,2956.2373825233735
2.8966666186211256,1024,1042,2966.1866174680326
2.5750594121144204,1024,1043,2636.8608380051664
2.9217419051828166,1024,1044,2991.863710907204
3.049114511472963,1024,1045,3122.293259748314
3.1005521580007986,1024,1046,3174.965409792818
2.873192043437017,1024,1047,2942.1486524795055
2.851906382981923,1024,1048,2920.3521361734893
3.112163532170662,1024,1049,3186.855456942758
3.679521170993471,1024,1050,3767.8296790973145
3.279232951851185,1024,1051,3357.9345426956133
1.4212575745663258,1024,1052,1455.3677563559177
2.9735764973052063,1024,1053,3044.9423332405313
2.5062511370914535,1024,1054,2566.4011643816484
2.792388396475009,1024,1055,2859.4057179904094
3.4465246358270605,1024,1056,3529.24122708691
3.5484526321321326,1024,1057,3633.6154953033038
2.738629895512812,1024,1058,2804.3570130051194
2.7347941998773067,1024,1059,2800.429260674362
3.042146121387283,1024,1060,3115.157628300578
2.788124298735978,1024,1061,2855.0392819056415
3.236632037162019,1024,1062,3314.3112060539074
2.6945506590253743,1024,1063,2759.2198748419833
3.3654909066876826,1024,1064,3446.262688448187
2.5935400080124538,1024,1065,2655.7849682047527
2.560210528906808,1024,1066,2621.655581600571
3.1657238878508607,1024,1067,3241.7012611592813
2.907984045601765,1024,1068,2977.7756626962073
3.4732928159391747,1024,1069,3556.651843521715
3.2240947574992127,1024,1070,3301.473031679194
2.89880134958004,1024,1071,2968.372581969961
2.9350104639580152,1024,1072,3005.4507150930076
2.255349608326803,1024,1073,2309.4779989266463
1.849492049615968,1024,1074,1893.8798588067511
2.2851738491341695,1024,1075,2340.0180215133896
2.822342573554394,1024,1076,2890.0787953196996
2.1299350056642323,1024,1077,2181.053445800174
2.3397124582733344,1024,1078,2395.8655572718944
2.402094534357805,1024,1079,2459.7448031823924
2.867167494973385,1024,1080,2935.9795148527464
2.9536728646307964,1024,1081,3024.5610133819355
2.900341846163876,1024,1082,2969.950050471809
2.9734222307005282,1024,1083,3044.784364237341
3.1030477628499398,1024,1084,3177.5209091583383
2.62338625622435,1024,1085,2686.3475263737346
3.6176832942709467,1024,1086,3704.5076933334494
3.129081542809896,1024,1087,3204.1794998373334
2.287871206522711,1024,1088,2342.780115479256
2.4243577944989667,1024,1089,2482.542381566942
0.3119933242342796,1024,1090,319.4811640159023
0.8797960341729372,1024,1091,900.9111389930877
1.2950435537246143,1024,1092,1326.124599014005
1.881166664730273,1024,1093,1926.3146646837995
2.9506224226349325,1024,1094,3021.437360778171
3.0031596362074247,1024,1095,3075.235467476403
2.993180307871498,1024,1096,3065.0166352604138
3.2510035357783416,1024,1097,3329.0276206370218
2.7000740284559654,1024,1098,2764.8758051389086
3.070219938337438,1024,1099,3143.9052168575363
2.867662567725347,1024,1100,2936.486469350755
2.5705213454288014,1024,1101,2632.2138577190926
2.852331135489763,1024,1102,2920.787082741517
3.248549407240972,1024,1103,3326.5145930147555
3.1675080571150147,1024,1104,3243.528250485775
2.863974842385801,1024,1105,2932.71023860306
3.5491859966546997,1024,1106,3634.3664605744125
3.466436816767825,1024,1107,3549.6313003702526
3.552654142049846,1024,1108,3637.9178414590424
3.5266405161884222,1024,1109,3611.2798885769444
3.1412989502513895,1024,1110,3216.690125057423
3.205135129442013,1024,1111,3282.0583725486213
2.5874758061899934,1024,1112,2649.5752255385532
3.1044638693560955,1024,1113,3178.971002220642
2.7248046354620623,1024,1114,2790.199946713152
3.122037747274778,1024,1115,3196.9666532093725
3.198964889798674,1024,1116,3275.740047153842
3.2418592944779334,1024,1117,3319.663917545404
3.2411338272404464,1024,1118,3318.921039094217
2.772183704547899,1024,1119,2838.716113457049
2.9520825308118077,1024,1120,3022.932511551291
3.0251582638204297,1024,1121,3097.76206215212
3.0594967971314766,1024,1122,3132.924720262632
3.399154557368547,1024,1123,3480.7342667453922
2.9727643928872762,1024,1124,3044.110738316571
2.8947044083292823,1024,1125,2964.177314129185
2.942354195631836,1024,1126,3012.970696327
3.2300789037167306,1024,1127,3307.600797405932
3.536648423458189,1024,1128,3621.5279856211855
3.7554975034936717,1024,1129,3845.62944357752
3.4683886433471116,1024,1130,3551.6299707874423
3.645316518423641,1024,1131,3732.8041148658085
3.0698660410857928,1024,1132,3143.542826071852
3.326993211703808,1024,1133,3406.8410487846995
2.8789210785690074,1024,1134,2948.0151844546635
2.6693800224565365,1024,1135,2733.4451429954934
3.492184081922005,1024,1136,3575.9964998881333
3.9177744518617033,1024,1137,4011.801038706384
3.501166699412579,1024,1138,3585.194700198481
3.796424538236465,1024,1139,3887.5387271541404
3.7775166199208883,1024,1140,3868.1770187989896
2.9741911888991943,1024,1141,3045.571777432775
3.2591826000439,1024,1142,3337.4029824449535
2.6182648477896038,1024,1143,2681.1032041365543
2.5949147936150805,1024,1144,2657.1927486618424
3.2390611048697338,1024,1145,3316.7985713866074
2.9876696646124827,1024,1146,3059.3737365631823
2.940918957030334,1024,1147,3011.501011999062
2.8210999210502052,1024,1148,2888.80631915541
2.6502430917121274,1024,1149,2713.8489259132184
3.0283717759920137,1024,1150,3101.052698615822
2.597953534504626,1024,1151,2660.304419332737
3.2574124285093013,1024,1152,3335.5903267935246
3.364464079665339,1024,1153,3445.2112175773073
3.165936325137011,1024,1154,3241.918796940299
3.1649343167103723,1024,1155,3240.892740311421
3.0955339087360745,1024,1156,3169.8267225457403
3.0507844678026395,1024,1157,3124.003295029903
3.4033777895839883,1024,1158,3485.058856534004
3.0902567914648955,1024,1159,3164.422954460053
3.0739722657992017,1024,1160,3147.7476001783825
3.0534391839052066,1024,1161,3126.7217243189316
3.339595231862752,1024,1162,3419.7455174274583
3.0338123066491107,1024,1163,3106.6238020086894
2.5408658561891784,1024,1164,2601.8466367377187
2.765646144282437,1024,1165,2832.0216517452154
2.869822527993521,1024,1166,2938.6982686653655
2.7705076724812905,1024,1167,2836.9998566208415
2.849023104881315,1024,1168,2917.3996593984666
2.4912450800462125,1024,1169,2551.0349619673216
2.7165636511402056,1024,1170,2781.7611787675705
2.711172600049835,1024,1171,2776.240742451031
2.963803754692762,1024,1172,3034.9350448053883
3.2297845419977875,1024,1173,3307.2993710057344
2.7876382801915582,1024,1174,2854.5415989161556
2.7361434186573206,1024,1175,2801.8108607050963
2.80997707364358,1024,1176,2877.416523411026
2.6935560437283037,1024,1177,2758.201388777783
2.6948887662694716,1024,1178,2759.566096659939
2.596968254858581,1024,1179,2659.295492975187
2.752912874164352,1024,1180,2818.9827831442963
2.848175158268816,1024,1181,2916.5313620672678
2.6050197945488662,1024,1182,2667.540269618039
2.5315204883935962,1024,1183,2592.2769801150425
2.9183626105349703,1024,1184,2988.4033131878095
3.13148200308121,1024,1185,3206.637571155159
3.2891998873106623,1024,1186,3368.140684606118
3.3165102043782397,1024,1187,3396.1064492833175
2.8661899239318442,1024,1188,2934.9784821062085
3.16409144357998,1024,1189,3240.0296382258994
3.769847625229634,1024,1190,3860.323968235145
3.1923162426783165,1024,1191,3268.931832502596
3.1146537676633272,1024,1192,3189.405458087247
3.2564410258399263,1024,1193,3334.5956104600846
2.85269674336746,1024,1194,2921.161465208279
3.2153913979870765,1024,1195,3292.5607915387664
2.9039427764763275,1024,1196,2973.6374031117593
3.2225237169990724,1024,1197,3299.86428620705
3.239150635799362,1024,1198,3316.8902510585467
2.7748074936319327,1024,1199,2841.402873479099
2.9335881847747505,1024,1200,3003.9943012093445
3.120788783737396,1024,1201,3195.6877145470935
2.886203679845181,1024,1202,2955.4725681614655
3.1498083829314822,1024,1203,3225.403784121838
3.567808654419771,1024,1204,3653.4360621258456
3.252392920231557,1024,1205,3330.4503503171145
3.420288637575169,1024,1206,3502.375564876973
3.478297597069215,1024,1207,3561.776739398876
3.6074300218249675,1024,1208,3694.0083423487667
3.075452286570396,1024,1209,3149.2631414480857
3.313040155089709,1024,1210,3392.553118811862
3.0156663273969375,1024,1211,3088.042319254464
2.7308996787622117,1024,1212,2796.441271052505
3.2230354124967207,1024,1213,3300.388262396642
3.2203380045180623,1024,1214,3297.626116626496
2.9351097571775284,1024,1215,3005.552391349789
2.7060435802713734,1024,1216,2770.9886261978863
2.1579534304611485,1024,1217,2209.744312792216
2.6618859239360173,1024,1218,2725.7711861104817
2.670120509903956,1024,1219,2734.203402141651
2.5744582766649717,1024,1220,2636.245275304931
3.017135015038509,1024,1221,3089.546255399433
2.6632082657020852,1024,1222,2727.1252640789353
2.8882238718858204,1024,1223,2957.54124481108
2.825254289089301,1024,1224,2893.0603920274443
2.5621994174615175,1024,1225,2623.692203480594
2.6830381025458934,1024,1226,2747.431017006995
2.789489387263556,1024,1227,2856.4371325578813
2.9036637430085364,1024,1228,2973.3516728407412
3.259021565229645,1024,1229,3337.2380827951565
3.184790129389432,1024,1230,3261.2250924947784
3.2063884754987058,1024,1231,3283.3417989106747
3.569869071477939,1024,1232,3655.5459291934094
3.083736494053113,1024,1233,3157.746169910388
2.5139041246772926,1024,1234,2574.2378236695477
2.225457637906885,1024,1235,2278.8686212166504
3.142144144117019,1024,1236,3217.5556035758273
3.387832688333461,1024,1237,3469.140672853464
3.189837760738726,1024,1238,3266.3938669964555
3.0687069695497655,1024,1239,3142.35593681896
3.1330524069680905,1024,1240,3208.2456647353247
3.2612670031832067,1024,1241,3339.5374112596037
2.772556918591267,1024,1242,2839.0982846374573
2.620421325905653,1024,1243,2683.3114377273887
3.2789302462433625,1024,1244,3357.624572153203
2.7111213451143925,1024,1245,2776.188257397138
2.8865291429008835,1024,1246,2955.8058423305047
2.9367435949824596,1024,1247,3007.2254412620387
3.2580139758895754,1024,1248,3336.2063113109252
2.9437636788192414,1024,1249,3014.414007110903
2.395628111260317,1024,1250,2453.1231859305644
2.401843311406438,1024,1251,2459.4875508801924
3.09312406183561,1024,1252,3167.3590393196646
3.187144851061305,1024,1253,3263.6363274867763
3.1213097189457244,1024,1254,3196.221152200422
3.073689772625606,1024,1255,3147.4583271686206
2.4919239458825864,1024,1256,2551.7301205837684
2.5705147679333287,1024,1257,2632.2071223637286
2.603102685642547,1024,1258,2665.577150097968
2.912945519773661,1024,1259,2982.856212248229
2.899618741588128,1024,1260,2969.209591386243
2.8354861236145013,1024,1261,2903.5377905812493
2.770936626748391,1024,1262,2837.439105790352
2.0063939172163128,1024,1263,2054.5473712295043
1.7950206346324933,1024,1264,1838.1011298636731
1.5397267058491284,1024,1265,1576.6801467895075
3.028427247977177,1024,1266,3101.1095019286295
2.664430336839416,1024,1267,2728.376664923562
2.9538735251614305,1024,1268,3024.766489765305
2.862208101867431,1024,1269,2930.901096312249
3.017579994041945,1024,1270,3090.001913898952
2.477255371333534,1024,1271,2536.709500245539
2.788185694721255,1024,1272,2855.102151394565
2.395603735065805,1024,1273,2453.0982247073844
3.0337724885046775,1024,1274,3106.5830282287898
2.786490668356006,1024,1275,2853.36644439655
2.78426741794015,1024,1276,2851.0898359707135
2.8314897902652234,1024,1277,2899.4455452315888
3.211119861335108,1024,1278,3288.186738007151
2.9168535170248973,1024,1279,2986.858001433495
2.7533342774296337,1024,1280,2819.414300087945
3.0537042246116073,1024,1281,3126.993126002286
3.2869901952444165,1024,1282,3365.8779599302825
3.4441305426465547,1024,1283,3526.789675670072
3.4896356146079555,1024,1284,3573.3868693585464
3.1888031242478263,1024,1285,3265.334399229774
2.82652168736967,1024,1286,2894.358207866542
2.937840783428709,1024,1287,3008.348962230998
3.1656464929709642,1024,1288,3241.6220088022674
3.0763906335173488,1024,1289,3150.224008721765
2.8681469651526754,1024,1290,2936.9824923163396
2.8363351677962925,1024,1291,2904.4072118234035
2.2922192264875605,1024,1292,2347.232487923262
2.946195512117086,1024,1293,3016.904204407896
3.168911221227191,1024,1294,3244.9650905366434
2.7151448913196354,1024,1295,2780.3083687113067
2.7839624076549825,1024,1296,2850.777505438702
3.018640944274267,1024,1297,3091.0883269368496
3.2566452321454378,1024,1298,3334.8047177169283
2.984774616731997,1024,1299,3056.4092075335648
3.1592128655806846,1024,1300,3235.033974354621
3.0730691603323663,1024,1301,3146.822820180343
3.0020212298316267,1024,1302,3074.0697393475857
3.1268021641350927,1024,1303,3201.845416074335
2.9144394295764755,1024,1304,2984.385975886311
3.281387148618748,1024,1305,3360.140440185598
3.2319784990080045,1024,1306,3309.5459829841966
2.940094868233615,1024,1307,3010.6571450712217
3.102738239114043,1024,1308,3177.20395685278
2.4071475862802547,1024,1309,2464.919128350981
2.3619608880137726,1024,1310,2418.647949326103
3.210063279772047,1024,1311,3287.1047984865763
3.4406454788010734,1024,1312,3523.220970292299
2.8765207058800435,1024,1313,2945.5572028211645
2.7767492604886783,1024,1314,2843.3912427404066
2.6593979382310238,1024,1315,2723.2234887485683
2.703003130930796,1024,1316,2767.875206073135
3.543310198290783,1024,1317,3628.3496430497617
3.39974879686379,1024,1318,3481.342767988521
2.9759502478697684,1024,1319,3047.373053818643
2.8558104517117755,1024,1320,2924.349902552858
2.9853452219301246,1024,1321,3056.9935072564476
3.212031898132068,1024,1322,3289.1206636872375
3.2338634418298557,1024,1323,3311.4761644337723
3.0946439707188205,1024,1324,3168.915426016072
2.7036594535670933,1024,1325,2768.5472804527035
3.0150244763422034,1024,1326,3087.3850637744163
3.1634772279812644,1024,1327,3239.4006814528148
2.9804730503460277,1024,1328,3052.0044035543324
2.632828537314783,1024,1329,2696.0164222103376
3.2782325342233634,1024,1330,3356.910115044724
2.752168771809319,1024,1331,2818.2208223327425
3.2173777884361563,1024,1332,3294.594855358624
3.3731847982597856,1024,1333,3454.1412334180204
3.1622664238498714,1024,1334,3238.1608180222684
2.839026041380393,1024,1335,2907.1626663735224
2.658340753653988,1024,1336,2722.1409317416837
2.8596413300504366,1024,1337,2928.272721971647
2.7996138646893733,1024,1338,2866.8045974419183
2.8490199761236212,1024,1339,2917.396455550588
2.983502508409998,1024,1340,3055.106568611838
3.1476067542571755,1024,1341,3223.1493163593477
3.253612369826726,1024,1342,3331.6990667025675
3.007432582597307,1024,1343,3079.6109645796423
3.17059999447045,1024,1344,3246.694394337741
2.3365845797959075,1024,1345,2392.6626097110093
3.140279728948869,1024,1346,3215.6464424436417
2.8389683973660063,1024,1347,2907.1036389027904
2.638158147276947,1024,1348,2701.4739428115936
3.293696688800763,1024,1349,3372.745409331981
3.059495152833861,1024,1350,3132.923036501874
2.5737966529994765,1024,1351,2635.567772671464
3.4230591352595923,1024,1352,3505.2125545058225
2.775920990792807,1024,1353,2842.5430945718344
2.6798214129760822,1024,1354,2744.137126887508
3.0157161011138545,1024,1355,3088.093287540587
3.207041517384141,1024,1356,3284.0105138013605
3.816937192072146,1024,1357,3908.5436846818775
3.29747746536799,1024,1358,3376.616924536822
3.3194884669688918,1024,1359,3399.156190176145
3.5693484852319557,1024,1360,3655.0128488775226
2.8646852329438843,1024,1361,2933.4376785345376
3.5981886655872586,1024,1362,3684.545193561353
2.7341186056099662,1024,1363,2799.7374521446054
3.5125055868862596,1024,1364,3596.80572097153
2.361201075936272,1024,1365,2417.8699017587423
2.9235011831392512,1024,1366,2993.6652115345933
2.77157096969772,1024,1367,2838.0886729704653
2.677117025145442,1024,1368,2741.3678337489328
3.0369239946509765,1024,1369,3109.8101705226
3.17389698476552,1024,1370,3250.0705123998923
3.1284980719930218,1024,1371,3203.5820257208543
2.9025879037944975,1024,1372,2972.2500134855654
2.93153098785686,1024,1373,3001.8877315654245
2.913130595397952,1024,1374,2983.045729687503
4.112768455764325,1024,1375,4211.474898702669
3.692196089717072,1024,1376,3780.8087958702818
3.7575361582881897,1024,1377,3847.717026087106
3.9007925694297754,1024,1378,3994.41159109609
3.334821733924855,1024,1379,3414.8574555390514
2.977237887283735,1024,1380,3048.6915965785447
2.825060043888204,1024,1381,2892.8614849415208
3.2085439518650887,1024,1382,3285.549006709851
2.785812095470746,1024,1383,2852.671585762044
3.3202771953550894,1024,1384,3399.9638480436115
3.1088654851528474,1024,1385,3183.478256796516
3.0392305647105076,1024,1386,3112.1720982635597
3.0726973645861158,1024,1387,3146.4421013361825
3.107743638989561,1024,1388,3182.3294863253104
3.174004366397277,1024,1389,3250.1804711908117
2.9214426677792034,1024,1390,2991.5572918059042
3.2473856916857073,1024,1391,3325.3229482861643
3.181247985992737,1024,1392,3257.597937656563
2.778122374839171,1024,1393,2844.797311835311
2.967347384434845,1024,1394,3038.5637216612813
3.3037749696599796,1024,1395,3383.065568931819
3.160767008102482,1024,1396,3236.6254162969417
3.225322220229458,1024,1397,3302.729953514965
3.2720634505345885,1024,1398,3350.5929733474186
3.146234983036985,1024,1399,3221.7446226298725
2.9850918990323283,1024,1400,3056.734104609104
3.0839103367128757,1024,1401,3157.9241847939848
2.622382217227636,1024,1402,2685.319390441099
2.7998008516489676,1024,1403,2866.996072088543
2.7270228035213933,1024,1404,2792.4713508059067
3.0829310539274584,1024,1405,3156.9213992217174
2.8985719211448213,1024,1406,2968.137647252297
3.0687627315913346,1024,1407,3142.4130371495266
3.2569660497972386,1024,1408,3335.1332349923723
3.7050525813713904,1024,1409,3793.9738433243037
3.9665309925272254,1024,1410,4061.727736347879
3.8012799843736644,1024,1411,3892.5107039986324
3.637027840623574,1024,1412,3724.31650879854
3.6279579550765337,1024,1413,3715.0289459983705
3.250197371365516,1024,1414,3328.2021082782885
3.5997926480450815,1024,1415,3686.1876715981634
3.8983992023117793,1024,1416,3991.960783167262
3.5428314927893894,1024,1417,3627.8594486163347
2.697924798610803,1024,1418,2762.674993777462
3.905685171531161,1024,1419,3999.4216156479088
3.3137584485670573,1024,1420,3393.2886513326666
2.9948498281072116,1024,1421,3066.7262239817846
3.3502090428226374,1024,1422,3430.6140598503807
3.158074476519662,1024,1423,3233.868263956134
2.731540552122965,1024,1424,2797.097525373916
2.7295969990763993,1024,1425,2795.107327054233
2.5020066863739707,1024,1426,2562.054846846946
2.4115288950502958,1024,1427,2469.405588531503
2.942605661231017,1024,1428,3013.2281971005614
2.5679552394702228,1024,1429,2629.586165217508
3.14946213412739,1024,1430,3225.049225346447
3.286510506651666,1024,1431,3365.386758811306
2.6491349217514752,1024,1432,2712.7141598735107
2.960048638167777,1024,1433,3031.0898054838035
3.2638741089902794,1024,1434,3342.207087606046
2.8133223551192117,1024,1435,2880.842091642073
3.1003306954929784,1024,1436,3174.73863218481
2.885717297993736,1024,1437,2954.9745131455857
2.9821425585865597,1024,1438,3053.713979992637
3.1599994757384877,1024,1439,3235.8394631562114
3.3101759718477233,1024,1440,3389.6201951720686
3.5075151998279352,1024,1441,3591.6955646238057
2.8572352558146052,1024,1442,2925.8089019541558
3.264752358743184,1024,1443,3343.1064153530206
2.9859982898900626,1024,1444,3057.662248847424
3.4477980815597107,1024,1445,3530.5452355171437
3.105773266827242,1024,1446,3180.311825231096
3.1740002775564307,1024,1447,3250.176284217785
3.3587817001843234,1024,1448,3439.392460988747
2.9548530039589522,1024,1449,3025.769476053967
3.1024827118909393,1024,1450,3176.942296976322
3.104428131081299,1024,1451,3178.9344062272503
3.725353276254161,1024,1452,3814.761754884261
3.5230429671729553,1024,1453,3607.595998385106
3.5962081790841296,1024,1454,3682.5171753821487
3.131835939946697,1024,1455,3207.000002505418
3.291813366037985,1024,1456,3370.816886822897
3.492946344128086,1024,1457,3576.77705638716
3.6971517421971,1024,1458,3785.8833840098305
2.9789879655913225,1024,1459,3050.4836767655142
3.015037215382705,1024,1460,3087.39810855189
3.0243375077974974,1024,1461,3096.9216079846374
2.4625429857816385,1024,1462,2521.644017440398
2.7329158392949395,1024,1463,2798.505819438018
2.9445849935986104,1024,1464,3015.255033444977
3.99846541897373,1024,1465,4094.4285890290994
3.3282156149938373,1024,1466,3408.0927897536894
3.0071416802145485,1024,1467,3079.3130805396977
2.7254854963841986,1024,1468,2790.8971482974193
2.81451735159915,1024,1469,2882.06576803753
2.8252109053264007,1024,1470,2893.0159670542344
2.825650459555874,1024,1471,2893.4660705852148
3.398427599322474,1024,1472,3479.9898617062136
2.5848034842304024,1024,1473,2646.838767851932
3.098935170981804,1024,1474,3173.309615085367
2.898994746917541,1024,1475,2968.570620843562
2.9465700996261432,1024,1476,3017.2877820171707
3.0756981949003226,1024,1477,3149.5149515779303
3.3197320560691423,1024,1478,3399.4056254148018
2.946685315678131,1024,1479,3017.4057632544063
2.6430804014474347,1024,1480,2706.514331082173
2.2413979581348187,1024,1481,2295.1915091300543
2.860950853256881,1024,1482,2929.613673735046
2.3857160899793612,1024,1483,2442.973276138866
3.026752891178776,1024,1484,3099.394960567067
3.261782854445812,1024,1485,3340.0656429525116
3.045367610744293,1024,1486,3118.456433402156
3.1522902817241594,1024,1487,3227.945248485539
2.833068107846991,1024,1488,2901.0617424353186
2.706606120606157,1024,1489,2771.5646675007047
3.0627131288927956,1024,1490,3136.2182439862227
2.602066036185704,1024,1491,2664.515621054161
2.9212554923777,1024,1492,2991.3656241947647
2.6753462083797714,1024,1493,2739.554517380886
3.006145308785534,1024,1494,3078.292796196387
3.3759759144150365,1024,1495,3456.9993363609974
2.7990181760108754,1024,1496,2866.1946122351364
2.5805221594220455,1024,1497,2642.4546912481746
2.3250396328448675,1024,1498,2380.8405840331443
2.750501251007204,1024,1499,2816.513281031377
2.9099000522394256,1024,1500,2979.737653493172
3.3443307465032603,1024,1501,3424.5946844193386
3.759395520563544,1024,1502,3849.621013057069
2.9475115547288624,1024,1503,3018.251832042355
3.149436678369586,1024,1504,3225.023158650456
3.2820660794660945,1024,1505,3360.835665373281
3.040435978997806,1024,1506,3113.4064424937533
2.9126776138552657,1024,1507,2982.581876587792
2.892027454143883,1024,1508,2961.4361130433363
2.6529896953734537,1024,1509,2716.6614480624166
2.9769378441182965,1024,1510,3048.3843523771357
3.1860818838528076,1024,1511,3262.547849065275
3.1546347949034796,1024,1512,3230.346029981163
2.7665119430412375,1024,1513,2832.908229674227
2.362875176935823,1024,1514,2419.584181182283
2.9642822901572377,1024,1515,3035.4250651210114
3.1836216957521515,1024,1516,3260.028616450203
2.9922482401850345,1024,1517,3064.0621979494754
2.8343293449983644,1024,1518,2902.353249278325
3.011478830972706,1024,1519,3083.754322916051
3.2328287730035328,1024,1520,3310.4166635556176
2.9945431333142025,1024,1521,3066.4121685137434
3.2211182303417445,1024,1522,3298.4250678699464
3.09337217169481,1024,1523,3167.6131038154854
2.8198314756909397,1024,1524,2887.5074311075223
2.7519158491209037,1024,1525,2817.9618294998054
2.899513310192553,1024,1526,2969.1016296371745
2.7052650384963766,1024,1527,2770.1913994202896
3.0241320557456035,1024,1528,3096.711225083498
2.4243319394190053,1024,1529,2482.5159059650614
2.922648377945791,1024,1530,2992.79193901649
2.6643356555020112,1024,1531,2728.2797112340595
2.6177265120259188,1024,1532,2680.551948314541
2.930796713235333,1024,1533,3001.135834352981
3.026638923410733,1024,1534,3099.2782575725905
3.1621031624803777,1024,1535,3237.9936383799068
2.793214677229088,1024,1536,2860.251829482586
2.663565846574869,1024,1537,2727.491426892666
2.369179731057187,1024,1538,2426.0400446025596
2.5488720634462005,1024,1539,2610.0449929689094
2.73814304373486,1024,1540,2803.858476784497
3.7741908250062295,1024,1541,3864.771404806379
2.985312090522676,1024,1542,3056.95958069522
3.000297592084504,1024,1543,3072.304734294532
3.4258747980020985,1024,1544,3508.095793154149
3.0488125481514174,1024,1545,3121.9840493070515
3.199532918495379,1024,1546,3276.321708539268
2.684056002503951,1024,1547,2748.4733465640456
3.4753502058400727,1024,1548,3558.7586107802344
3.1742478614654033,1024,1549,3250.429810140573
3.0313852255639375,1024,1550,3104.138470977472
2.6617871040673915,1024,1551,2725.669994565009
2.959934856537302,1024,1552,3030.9732930941973
3.207298964228798,1024,1553,3284.274139370289
2.4132313255882423,1024,1554,2471.14887740236
2.9096312762678807,1024,1555,2979.46242689831
3.0531060283892657,1024,1556,3126.380573070608
3.047308949208272,1024,1557,3120.4443639892706
2.5636874462992267,1024,1558,2625.215945010408
3.394594320994088,1024,1559,3476.064584697946
3.098275924366426,1024,1560,3172.6345465512204
3.212801132923744,1024,1561,3289.9083601139137
3.481805483096423,1024,1562,3565.368814690737
3.0264370887235046,1024,1563,3099.0715788528687
2.929424824542039,1024,1564,2999.731020331048
2.561502092497113,1024,1565,2622.9781427170437
2.8078987449292905,1024,1566,2875.2883148075935
2.9510356717920843,1024,1567,3021.8605279150943
2.9130805722503723,1024,1568,2982.9945059843812
2.9211893725562987,1024,1569,2991.29791749765
3.161260704391509,1024,1570,3237.1309612969053
3.3975678608703674,1024,1571,3479.1094895312563
3.238552868944243,1024,1572,3316.278137798905
2.7067243823862164,1024,1573,2771.6857675634856
3.0480279042659557,1024,1574,3121.1805739683386
3.2017269829139465,1024,1575,3278.5684305038812
2.7652488897924457,1024,1576,2831.6148631474643
2.7402918518566786,1024,1577,2806.058856301239
2.8861605797327456,1024,1578,2955.4284336463315
2.9854605158742515,1024,1579,3057.1115682552336
2.997550389575906,1024,1580,3069.491598925728
3.187632830801938,1024,1581,3264.1360187411847
3.0606639585136577,1024,1582,3134.1198935179855
2.87867416392028,1024,1583,2947.762343854367
3.130496081873133,1024,1584,3205.6279878380883
2.5384558221692615,1024,1585,2599.3787619013237
2.363444872225486,1024,1586,2420.1675491588976
2.8757159700538892,1024,1587,2944.7331533351826
2.9798998177134184,1024,1588,3051.4174133385404
2.6064983162123205,1024,1589,2669.054275801416
2.6445422946458343,1024,1590,2708.0113097173344
2.6759866743659018,1024,1591,2740.2103545506834
3.49637388670363,1024,1592,3580.286859984517
2.821178335655084,1024,1593,2888.886615710806
3.2655208261624296,1024,1594,3343.893325990328
3.4360811797952326,1024,1595,3518.547128110318
2.2975131307852195,1024,1596,2352.6534459240647
3.601812830373202,1024,1597,3688.256338302159
2.8809512357956137,1024,1598,2950.0940654547085
3.205662785071482,1024,1599,3282.5986919131974
2.9689499518568887,1024,1600,3040.204750701454
2.8068874102701553,1024,1601,2874.252708116639
2.5980650254246314,1024,1602,2660.4185860348225
2.202798073876137,1024,1603,2255.665227649164
2.761356681599308,1024,1604,2827.629241957691
3.26428016625319,1024,1605,3342.6228902432667
3.289265382864073,1024,1606,3368.207752052811
3.1959777582952853,1024,1607,3272.681224494372
3.4793738266849914,1024,1608,3562.878798525431
3.4030271868113005,1024,1609,3484.6998392947717
2.670916887867577,1024,1610,2735.0188931763987
3.3665192044469876,1024,1611,3447.3156653537153
3.6088421214480917,1024,1612,3695.454332362846
3.20235192572159,1024,1613,3279.2083719389084
3.079722146730786,1024,1614,3153.635478252325
2.750777040163001,1024,1615,2816.795689126913
2.512872697761331,1024,1616,2573.181642507603
3.0935201640676766,1024,1617,3167.764648005301
3.1385817448413675,1024,1618,3213.9077067175604
2.5937559975391586,1024,1619,2656.0061414800984
2.9718411165043968,1024,1620,3043.1653033005023
3.07132779743948,1024,1621,3145.0396645780274
2.8881664489905603,1024,1622,2957.4824437663337
3.402333092883694,1024,1623,3483.989087112903
3.1565747821684624,1024,1624,3232.3325769405055
2.717080637585717,1024,1625,2782.290572887774
3.3227483820347743,1024,1626,3402.494343203609
3.4147265569475707,1024,1627,3496.6799943143124
3.2370217596601982,1024,1628,3314.710281892043
3.3687642606156842,1024,1629,3449.6146028704607
2.868336557135244,1024,1630,2937.17663450649
3.0513912697569587,1024,1631,3124.6246602311257
2.867431651823196,1024,1632,2936.250011466953
3.181625516103736,1024,1633,3257.984528490226
3.1002739474972145,1024,1634,3174.6805222371477
3.435836494278874,1024,1635,3518.296570141567
2.8994201204252406,1024,1636,2969.0062033154463
3.1277556102630513,1024,1637,3202.8217449093645
2.714551212954561,1024,1638,2779.7004420654703
3.1732230598740045,1024,1639,3249.3804133109807
2.701546283289865,1024,1640,2766.3833940888217
2.534068756908198,1024,1641,2594.8864070739946
2.7555829248749433,1024,1642,2821.716915071942
2.3561915609388393,1024,1643,2412.7401584013714
2.580569520063179,1024,1644,2642.503188544695
2.95735475041306,1024,1645,3028.3312644229736
2.812528776101475,1024,1646,2880.0294667279104
2.958046996479318,1024,1647,3029.0401243948218
2.678252572636353,1024,1648,2742.5306343796256
2.533905806267626,1024,1649,2594.719545618049
2.742364158489046,1024,1650,2808.1808982927832
2.7157900728870175,1024,1651,2780.969034636306
3.1236463390039226,1024,1652,3198.613851140017
2.95100557822326,1024,1653,3021.829712100618
2.7907361399086597,1024,1654,2857.7138072664675
3.0739249248757687,1024,1655,3147.699123072787
2.939768003831631,1024,1656,3010.32243592359
3.127250293561291,1024,1657,3202.304300606762
2.5050956285410315,1024,1658,2565.2179236260163
2.9585110389983242,1024,1659,3029.515303934284
2.4103026053223857,1024,1660,2468.149867850123
2.5870700425020914,1024,1661,2649.1597235221416
2.9180047159742344,1024,1662,2988.036829157616
2.4168225275701616,1024,1663,2474.8262682318455
3.9436707598310576,1024,1664,4038.318858067003
3.25078760356208,1024,1665,3328.80650604757
3.3189754494156176,1024,1666,3398.6308602015924
3.074360926959116,1024,1667,3148.145589206135
3.040757924076047,1024,1668,3113.736114253872
3.0905784642963585,1024,1669,3164.752347439471
3.023486049015279,1024,1670,3096.0497141916458
2.9523220621586432,1024,1671,3023.1777916504507
3.2367439944297125,1024,1672,3314.4258502960256
3.391036699126758,1024,1673,3472.4215799058
3.409527466062727,1024,1674,3491.3561252482323
3.316988563056256,1024,1675,3396.5962885696063
3.3188123304779253,1024,1676,3398.4638264093956
2.7904826689862148,1024,1677,2857.454253041884
2.6836798315825305,1024,1678,2748.0881475405113
2.7833168689685266,1024,1679,2850.1164738237712
2.9123210407269937,1024,1680,2982.2167457044416
2.568153963405493,1024,1681,2629.7896585272247
3.003757009039729,1024,1682,3075.8471772566827
2.6394482362203995,1024,1683,2702.794993889689
2.9970141263336245,1024,1684,3068.9424653656315
2.8299750776388173,1024,1685,2897.894479502149
2.870990362411135,1024,1686,2939.894131109002
2.683637162380588,1024,1687,2748.0444542777223
3.267390759194674,1024,1688,3345.808137415346
3.107673863646923,1024,1689,3182.258036374449
3.3369860258785238,1024,1690,3417.0736904996083
3.0317098039924986,1024,1691,3104.4708392883185
2.9338430868216605,1024,1692,3004.2553209053804
3.364059650695168,1024,1693,3444.797082311852
2.8461606560962878,1024,1694,2914.4685118425987
2.8990886275067886,1024,1695,2968.6667545669516
3.1767048560584783,1024,1696,3252.945772603882
2.812755095660126,1024,1697,2880.261217955969
2.553427937047605,1024,1698,2614.7102075367475
2.578691700613259,1024,1699,2640.5803014279772
2.8280409195059875,1024,1700,2895.913901574131
3.1967621613577606,1024,1701,3273.484453230347
3.2266738852314845,1024,1702,3304.11405847704
3.6731192372648493,1024,1703,3761.2740989592057
3.8497336788867216,1024,1704,3942.127287180003
3.1042777533503774,1024,1705,3178.7804194307864
3.1845243846383937,1024,1706,3260.952969869715
3.1745681711988993,1024,1707,3250.757807307673
2.8065342920537475,1024,1708,2873.8911150630374
2.8780573634027746,1024,1709,2947.130740124441
2.971675162309417,1024,1710,3042.995366204843
3.626684087311773,1024,1711,3713.7245054072555
2.8669169666173886,1024,1712,2935.722973816206
2.917455743135779,1024,1713,2987.4746809710377
3.348056980657738,1024,1714,3428.4103481935235
3.295346729924944,1024,1715,3374.4350514431426
3.1038085644162194,1024,1716,3178.2999699622087
3.284595710328148,1024,1717,3363.4260073760233
3.165925922527549,1024,1718,3241.9081446682103
3.0090064458352543,1024,1719,3081.2226005353004
2.3526422879280346,1024,1720,2409.1057028383075
2.6135329946531733,1024,1721,2676.2577865248495
2.752050220640122,1024,1722,2818.0994259354848
2.6706016289628707,1024,1723,2734.6960680579796
3.1335262262333146,1024,1724,3208.730855662914
3.1937178684619028,1024,1725,3270.3670973049884
2.7837634094401764,1024,1726,2850.5737312667407
3.02965655712271,1024,1727,3102.368314493655
2.821813190062443,1024,1728,2889.5367066239414
2.2976523360939183,1024,1729,2352.7959921601723
2.5018091394436297,1024,1730,2561.852558790277
2.282198173605636,1024,1731,2336.970929772171
2.8495937085017857,1024,1732,2917.9839575058286
3.166989000618443,1024,1733,3242.9967366332858
3.0815429673505577,1024,1734,3155.499998566971
3.0922604105806997,1024,1735,3166.4746604346365
3.191487462309521,1024,1736,3268.0831614049494
3.423458707354996,1024,1737,3505.621716331516
3.2762151271014375,1024,1738,3354.844290151872
3.072302754561406,1024,1739,3146.0380206708796
3.2327993053975774,1024,1740,3310.3864887271193
3.2996196688969803,1024,1741,3378.810540950508
3.3924381496834854,1024,1742,3473.856665275889
3.675302529490935,1024,1743,3763.5097901987174
3.1278838716572324,1024,1744,3202.953084577006
3.1893687092508003,1024,1745,3265.9135582728195
2.4786720206740114,1024,1746,2538.1601491701877
2.8816905174693375,1024,1747,2950.8510898886016
3.1391273424407817,1024,1748,3214.4663986593605
3.2947817799571766,1024,1749,3373.856542676149
3.209908399380737,1024,1750,3286.9462009658746
2.8328789606378706,1024,1751,2900.8680556931795
3.083462835197956,1024,1752,3157.465943242707
2.911993609854676,1024,1753,2981.881456491188
2.995170228399971,1024,1754,3067.05431388157
2.852968544133457,1024,1755,2921.43978919266
3.363078869558187,1024,1756,3443.7927624275835
2.8121613157591874,1024,1757,2879.653187337408
2.578816962020202,1024,1758,2640.708569108687
3.0875915459713124,1024,1759,3161.693743074624
3.0661599650141227,1024,1760,3139.7478041744616
3.252687868047472,1024,1761,3330.7523768806113
2.88812993652024,1024,1762,2957.445054996726
3.075750378155348,1024,1763,3149.5683872310765
3.5394700558921386,1024,1764,3624.41733723355
3.575066570532499,1024,1765,3660.868168225279
3.393625705432541,1024,1766,3475.072722362922
3.268153545427449,1024,1767,3346.5892305177076
3.007469833682592,1024,1768,3079.649109690974
3.199901420115509,1024,1769,3276.6990541982814
3.2521863535644115,1024,1770,3330.2388260499574
3.1202804017888184,1024,1771,3195.16713143175
3.4819583530375837,1024,1772,3565.5253535104857
3.165581597675711,1024,1773,3241.555556019928
2.9961180640481615,1024,1774,3068.0248975853174
2.9610259111176447,1024,1775,3032.090532984468
2.894926330332975,1024,1776,2964.4045622609665
3.2100552703722656,1024,1777,3287.0965968612
3.2308943856543344,1024,1778,3308.4358509100384
2.6885455011241675,1024,1779,2753.0705931511475
2.764137428065993,1024,1780,2830.476726339577
3.347049502996015,1024,1781,3427.378691067919
3.5662048734398013,1024,1782,3651.7937904023565
3.1768825116344033,1024,1783,3253.127691913629
3.1515705834877963,1024,1784,3227.2082774915034
2.7781119352465993,1024,1785,2844.7866216925177
3.2009416927103445,1024,1786,3277.7642933353927
3.321134317776554,1024,1787,3400.8415414031915
3.1686663720983717,1024,1788,3244.7143650287326
3.0837411738204423,1024,1789,3157.750961992133
3.938564471519385,1024,1790,4033.09001883585
3.391399122497379,1024,1791,3472.7927014373163
3.358517835591755,1024,1792,3439.122263645957
3.328792584970415,1024,1793,3408.683607009705
3.0355321484843216,1024,1794,3108.3849200479453
3.4327729647292244,1024,1795,3515.159515882726
2.8898550555545803,1024,1796,2959.2115768878903
2.4994766222969624,1024,1797,2559.4640612320895
3.122730413002234,1024,1798,3197.6759429142876
3.452831285208598,1024,1799,3535.699236053604
3.0077842589695223,1024,1800,3079.971081184791
2.954117046440871,1024,1801,3025.0158555554517
3.023594722341926,1024,1802,3096.160995678132
2.873724599668318,1024,1803,2942.6939900603575
3.5055551274011734,1024,1804,3589.6884504588015
3.1850125127604088,1024,1805,3261.4528130666586
2.7265449242866495,1024,1806,2791.982002469529
2.8000661761732317,1024,1807,2867.2677644013893
2.714767209830015,1024,1808,2779.921622865935
2.280101481300264,1024,1809,2334.82391685147
2.694522338117281,1024,1810,2759.1908742320957
3.1969352241781195,1024,1811,3273.6616695583944
2.871819251994907,1024,1812,2940.742914042785
3.1844929577058636,1024,1813,3260.9207886908043
2.6927904360894352,1024,1814,2757.4174065555817
2.5652147118774735,1024,1815,2626.779864962533
2.654315618367459,1024,1816,2718.019193208278
2.4702769104148037,1024,1817,2529.563556264759
2.5107004767985224,1024,1818,2570.957288241687
3.4627986772924615,1024,1819,3545.9058455474806
3.281251497303078,1024,1820,3360.001533238352
2.5899354158646446,1024,1821,2652.093865845396
2.581063175296465,1024,1822,2643.00869150358
2.7165481755105816,1024,1823,2781.7453317228355
2.7697175316259717,1024,1824,2836.190752384995
2.9883036228131203,1024,1825,3060.0229097606352
3.0463239132473063,1024,1826,3119.4356871652417
2.859230510083364,1024,1827,2927.852042325365
2.9545286206861334,1024,1828,3025.4373075826006
2.4020917960436847,1024,1829,2459.741999148733
3.0784782970165168,1024,1830,3152.361776144913
2.782376932856974,1024,1831,2849.1539792455414
3.216096626602571,1024,1832,3293.2829456410327
2.965742614787338,1024,1833,3036.920437542234
3.3509105859965445,1024,1834,3431.3324400604615
3.215798474413049,1024,1835,3292.977637798962
3.354021867834497,1024,1836,3434.518392662525
2.9892249046492374,1024,1837,3060.966302360819
3.426643289871052,1024,1838,3508.882728827957
3.3694474736337554,1024,1839,3450.3142130009655
3.505405014844179,1024,1840,3589.534735200439
2.7310495825841468,1024,1841,2796.5947725661663
2.7580478025865887,1024,1842,2824.240949848667
2.9106077807907766,1024,1843,2980.4623675297553
3.70727668415293,1024,1844,3796.2513245726004
3.7333333085291542,1024,1845,3822.933307933854
3.6089644826264475,1024,1846,3695.5796302094823
3.59503808634193,1024,1847,3681.319000414136
2.9736977677516165,1024,1848,3045.0665141776553
1.7705148335848993,1024,1849,1813.0071895909368
3.0171441476340526,1024,1850,3089.55560717727
3.3116332038465686,1024,1851,3391.112400738886
2.607622763675977,1024,1852,2670.2057100042002
3.1131331443704084,1024,1853,3187.8483398352982
3.0817810701305177,1024,1854,3155.74381581365
2.8407776543511005,1024,1855,2908.956318055527
3.121359823825202,1024,1856,3196.2724595970067
3.3293864873687085,1024,1857,3409.2917630655575
3.7111104791315483,1024,1858,3800.1771306307055
3.341474771146096,1024,1859,3421.6701656536025
3.2201548497542944,1024,1860,3297.4385661483975
3.290589466109971,1024,1861,3369.56361329661
2.995411628453269,1024,1862,3067.3015075361473
2.9204253467999877,1024,1863,2990.5155551231874
2.970207078231251,1024,1864,3041.492048108801
3.432650842346959,1024,1865,3515.034462563286
2.8414827523074777,1024,1866,2909.678338362857
3.0527882054226723,1024,1867,3126.0551223528164
2.8491707584092865,1024,1868,2917.5508566111093
3.1567838311533514,1024,1869,3232.546643101032
3.5092393581810057,1024,1870,3593.46110277735
2.7775134939188035,1024,1871,2844.173817772855
2.6254491739876613,1024,1872,2688.459954163365
3.3653373635481785,1024,1873,3446.1054602733348
3.792829657689005,1024,1874,3883.857569473541
3.5881277471164594,1024,1875,3674.2428130472545
3.684924543863236,1024,1876,3773.3627329159535
3.4848947826569585,1024,1877,3568.5322574407255
3.582984308828795,1024,1878,3668.9759322406862
3.1111645514455866,1024,1879,3185.8325006802806
2.8133543552819553,1024,1880,2880.8748598087222
2.9046492717492143,1024,1881,2974.3608542711954
2.7549398556579003,1024,1882,2821.05841219369
2.8921580667415583,1024,1883,2961.5698603433557
2.569300603068612,1024,1884,2630.9638175422588
2.423122945330313,1024,1885,2481.2778960182404
3.2849127719179307,1024,1886,3363.750678443961
3.205185709342615,1024,1887,3282.110166366838
3.172477136172507,1024,1888,3248.616587440647
2.919785726811895,1024,1889,2989.8605842553807
3.5186131917655104,1024,1890,3603.0599083678826
4.6894491148514135,1024,1891,4801.995893607847
4.620834476952666,1024,1892,4731.73450439953
4.753901254289758,1024,1893,4867.994884392712
3.2908436089047077,1024,1894,3369.8238555184207
3.329931319415735,1024,1895,3409.8496710817126
3.161877567377754,1024,1896,3237.7626289948203
3.003238237445686,1024,1897,3075.3159551443823
2.97045546010996,1024,1898,3041.7463911525992
3.1468004069072038,1024,1899,3222.3236166729766
3.2864573709249973,1024,1900,3365.3323478271973
3.13442928812907,1024,1901,3209.6555910441675
3.030171108381456,1024,1902,3102.895214982611
2.2581031028258325,1024,1903,2312.2975772936525
3.455403047800786,1024,1904,3538.332720948005
3.196952866805784,1024,1905,3273.679735609123
3.1272426636498665,1024,1906,3202.2964875774633
3.2540911662421195,1024,1907,3332.1893542319303
3.359181429035857,1024,1908,3439.8017833327176
3.060811220191148,1024,1909,3134.2706894757357
3.1279559889163195,1024,1910,3203.026932650311
3.350523032350921,1024,1911,3430.935585127343
2.9543459059596415,1024,1912,3025.250207702673
2.7669495842099536,1024,1913,2833.3563742309925
3.1466912658244155,1024,1914,3222.2118562042015
3.109158888415962,1024,1915,3183.778701737945
2.6686813966653418,1024,1916,2732.72975018531
2.7480274381742547,1024,1917,2813.9800966904368
2.8442595866272438,1024,1918,2912.5218167062976
2.842070891361857,1024,1919,2910.2805927545414
2.692485288116387,1024,1920,2757.1049350311805
2.5568302665781317,1024,1921,2618.194192976007
3.2629790571862003,1024,1922,3341.290554558669
3.36403829350866,1024,1923,3444.7752125528677
2.6588486967344913,1024,1924,2722.661065456119
3.1399896904663223,1024,1925,3215.349443037514
2.956173821756895,1024,1926,3027.1219934790606
2.6163646829862284,1024,1927,2679.157435377898
2.828631397602315,1024,1928,2896.5185511447708
2.759245364243876,1024,1929,2825.467252985729
2.7092547288647104,1024,1930,2774.2768423574635
2.9263795796328083,1024,1931,2996.6126895439957
3.125455250808688,1024,1932,3200.4661768280966
3.430400876031058,1024,1933,3512.7304970558034
3.373555286537645,1024,1934,3454.5206134145483
2.86082710042907,1024,1935,2929.4869508393676
3.131552140244777,1024,1936,3206.7093916106514
3.0634376975692987,1024,1937,3136.960202310962
2.502371709704917,1024,1938,2562.428630737835
3.2594257951614125,1024,1939,3337.6520142452864
2.932277960791005,1024,1940,3002.652631849989
2.8393722008025506,1024,1941,2907.517133621812
3.033513430485945,1024,1942,3106.3177528176075
3.1139122760323303,1024,1943,3188.6461706571063
3.2688498248104736,1024,1944,3347.302220605925
3.6457727530596458,1024,1945,3733.2712991330773
3.728977682072866,1024,1946,3818.473146442615
3.1663231373800045,1024,1947,3242.3148926771246
3.7087826007711158,1024,1948,3797.7933831896225
3.434246482055187,1024,1949,3516.6683976245113
3.2116933386738964,1024,1950,3288.77397880207
2.6251237004792323,1024,1951,2688.126669290734
2.46212606866073,1024,1952,2521.2170943085875
2.694832296501005,1024,1953,2759.508271617029
2.9703892009103594,1024,1954,3041.678541732208
2.890183375156191,1024,1955,2959.5477761599395
2.84862705063901,1024,1956,2916.994099854346
3.2010774398692883,1024,1957,3277.903298426151
3.018752804517728,1024,1958,3091.2028718261536
3.100927144857124,1024,1959,3175.349396333695
2.4810981928218023,1024,1960,2540.6445494495256
2.310124861439979,1024,1961,2365.5678581145385
3.111762625612208,1024,1962,3186.444928626901
2.8863852132211356,1024,1963,2955.658458338443
3.0402987983725396,1024,1964,3113.2659695334805
2.9065748988088878,1024,1965,2976.332696380301
3.144508521706996,1024,1966,3219.976726227964
2.5919580502708186,1024,1967,2654.1650434773182
2.625551763311936,1024,1968,2688.5650056314225
2.826207387264141,1024,1969,2894.0363645584803
2.736940357940103,1024,1970,2802.6269265306655
3.1083431982047784,1024,1971,3182.943434961693
2.2553079879739926,1024,1972,2309.4353796853684
2.6471661723984994,1024,1973,2710.6981605360634
2.7947349411327806,1024,1974,2861.8085797199674
3.195586785667153,1024,1975,3272.280868523165
3.1799061760081884,1024,1976,3256.223924232385
3.078363540963842,1024,1977,3152.2442659469743
2.883743636778945,1024,1978,2952.9534840616398
3.0430603681082715,1024,1979,3116.09381694287
3.1106589291217404,1024,1980,3185.314743420662
3.434133728387593,1024,1981,3516.5529378688952
3.471481227809363,1024,1982,3554.796777276788
3.186558318064371,1024,1983,3263.035717697916
2.8325503565647807,1024,1984,2900.5315651223355
3.2140315104583195,1024,1985,3291.168266709319
2.740808052392236,1024,1986,2806.5874456496495
2.8682782255398536,1024,1987,2937.11690295281
2.678642106543192,1024,1988,2742.9295171002286
2.609009595038888,1024,1989,2671.625825319821
2.6193856282590495,1024,1990,2682.2508833372667
2.50385892091907,1024,1991,2563.9515350211277
2.5937357138381625,1024,1992,2655.9853709702784
2.137272739152402,1024,1993,2188.5672848920594
2.2033634124146593,1024,1994,2256.244134312611
2.0768085592608365,1024,1995,2126.6519646830966
2.4748728855521165,1024,1996,2534.2698348053673
2.798756811897235,1024,1997,2865.9269753827684
2.5408387897503886,1024,1998,2601.818920704398
2.8653621442922628,1024,1999,2934.130835755277
2.7897790569276637,1024,2000,2856.7337542939276
2.9851559849139067,1024,2001,3056.7997285518404
2.7029195426788704,1024,2002,2767.7896117031632
3.416486688836269,1024,2003,3498.4823693683393
3.628986170160861,1024,2004,3716.0818382447214
2.6353077321977025,1024,2005,2698.5551177704474
3.0358482903054664,1024,2006,3108.7086492727976
2.906991562685846,1024,2007,2976.7593601903063
2.917349935511343,1024,2008,2987.366333963615
3.230779975469611,1024,2009,3308.3186948808816
3.2847277428176156,1024,2010,3363.5612086452384
2.7107099294158665,1024,2011,2775.7669677218473
2.0806019030724388,1024,2012,2130.5363487461773
2.572198690547041,1024,2013,2633.93145912017
3.0350821512339508,1024,2014,3107.9241228635656
3.1714247173220578,1024,2015,3247.538910537787
3.0589759766977984,1024,2016,3132.3914001385456
3.3159505366944018,1024,2017,3395.5333495750674
2.4118822746546087,1024,2018,2469.7674492463193
2.685390716263173,1024,2019,2749.8400934534893
3.6742670368326884,1024,2020,3762.449445716673
3.602683061583207,1024,2021,3689.147455061204
2.926315978809839,1024,2022,2996.5475623012753
2.71791846766196,1024,2023,2783.148510885847
2.730535132383844,1024,2024,2796.0679755610563
2.930862821711454,1024,2025,3001.2035294325287
2.7823486911084387,1024,2026,2849.1250596950413
3.2589012629122607,1024,2027,3337.114893222155
3.1040169245486666,1024,2028,3178.5133307378346
3.1934226846929974,1024,2029,3270.0648291256293
3.3712051418053193,1024,2030,3452.114065208647
3.2159892227312454,1024,2031,3293.1729640767953
2.2870921888419558,1024,2032,2341.9824013741627
3.1641446938639817,1024,2033,3240.0841665167172
3.264451624643783,1024,2034,3342.798463635234
3.2629072495678884,1024,2035,3341.2170235575177
2.3891606956773614,1024,2036,2446.500552373618
2.1994973422303588,1024,2037,2252.2852784438874
2.957405710204881,1024,2038,3028.3834472497983
2.952495940311356,1024,2039,3023.3558428788288
2.82936149891335,1024,2040,2897.2661748872706
2.932345635805899,1024,2041,3002.7219310652404
2.7565354704916274,1024,2042,2822.6923217834265
2.502563109867566,1024,2043,2562.6246245043876
2.723990180897985,1024,2044,2789.365945239537
2.7493304083212706,1024,2045,2815.314338120981
2.913744824701869,1024,2046,2983.6747004947138
2.872664224849295,1024,2047,2941.608166245678
2.91626068784268,1024,2048,2986.2509443509043
3.329511550156468,1024,2049,3409.4198273602233
3.36178934781708,1024,2050,3442.47229216469
3.204313818392535,1024,2051,3281.217350033956
3.013502630974415,1024,2052,3085.826694117801
3.2349769218145923,1024,2053,3312.6163679381425
2.5870830779103926,1024,2054,2649.173071780242
2.87856109083404,1024,2055,2947.646557014057
3.5183523226255744,1024,2056,3602.792778368588
3.513170115664728,1024,2057,3597.4861984406816
3.0237739344204186,1024,2058,3096.3445088465087
3.1318410024064747,1024,2059,3207.00518646423
3.1782091987613654,1024,2060,3254.486219531638
3.13847673077317,1024,2061,3213.800172311726
2.9613689611663006,1024,2062,3032.4418162342918
2.8597553603307375,1024,2063,2928.389488978675
2.4240531265640897,1024,2064,2482.230401601628
3.0938226481536617,1024,2065,3168.0743917093496
3.0025639431344615,1024,2066,3074.6254777696886
2.4825286731851293,1024,2067,2542.1093613415724
3.0036800364121348,1024,2068,3075.768357286026
3.3049566094762888,1024,2069,3384.2755681037197
2.4833992225956365,1024,2070,2543.000803937932
2.755755972722845,1024,2071,2821.8941160681934
2.8646040923869975,1024,2072,2933.3545906042855
2.881010744451885,1024,2073,2950.15500231873
2.7236588927836607,1024,2074,2789.0267062104685
2.6815112056459327,1024,2075,2745.867474581435
2.7919085134345067,1024,2076,2858.914317756935
3.0986861888297597,1024,2077,3173.054657361674
2.7848536666440324,1024,2078,2851.690154643489
2.6527437963187026,1024,2079,2716.4096474303515
2.682521390802691,1024,2080,2746.9019041819556
2.969026748785325,1024,2081,3040.2833907561726
2.892792988671971,1024,2082,2962.2200204000983
2.651142088621043,1024,2083,2714.769498747948
3.14333353525808,1024,2084,3218.7735401042737
2.935033381598487,1024,2085,3005.4741827568505
2.7572821002178216,1024,2086,2823.4568706230493
2.934837008770984,1024,2087,3005.2730969814875
2.835145844728686,1024,2088,2903.1893450021744
3.38717787153891,1024,2089,3468.4701404558436
2.8166679307222466,1024,2090,2884.2679610595806
3.0837138944837648,1024,2091,3157.723027951375
2.8562402063104173,1024,2092,2924.7899712618673
2.9146297570523245,1024,2093,2984.5808712215803
2.8798542373533564,1024,2094,2948.970739049837
2.0851983415537916,1024,2095,2135.2431017510826
2.986958017992052,1024,2096,3058.645010423861
2.737615382628297,1024,2097,2803.318151811376
2.3232795465384175,1024,2098,2379.0382556553395
2.975149051459365,1024,2099,3046.5526286943896
2.5996494716426355,1024,2100,2662.0410589620587
3.0413995014891526,1024,2101,3114.3930895248923
2.9689532623861368,1024,2102,3040.208140683404
2.735233420453241,1024,2103,2800.879022544119
2.470512917183962,1024,2104,2529.805227196377
3.0830186560865798,1024,2105,3157.0111038326577
3.0209533313672026,1024,2106,3093.4562113200154
2.516384676137797,1024,2107,2576.777908365104
2.067880863829771,1024,2108,2117.5100045616855
2.515749889500219,1024,2109,2576.127886848224
1.403622713328991,1024,2110,1437.3096584488867
2.756377218730023,1024,2111,2822.5302719795436
3.0239166605858614,1024,2112,3096.490660439922
2.992291476099343,1024,2113,3064.106471525727
3.1168613519063317,1024,2114,3191.6660243520837
3.298860632492552,1024,2115,3378.0332876723733
2.9720075408054853,1024,2116,3043.335721784817
3.0557162452723343,1024,2117,3129.0534351588703
2.8599589514514747,1024,2118,2928.59796628631
2.887863454120703,1024,2119,2957.1721770196
3.424680348316599,1024,2120,3506.8726766761974
3.345676428174542,1024,2121,3425.972662450731
2.6862725448170153,1024,2122,2750.7430858926236
2.6956118598674976,1024,2123,2760.3065445043176
2.39418912441883,1024,2124,2451.6496634048817
3.453208417425816,1024,2125,3536.085419444036
2.648642598394435,1024,2126,2712.2100207559015
3.0178361035825603,1024,2127,3090.2641700685417
2.9400133240597484,1024,2128,3010.5736438371823
2.922459802293929,1024,2129,2992.5988375489833
2.8201581866186416,1024,2130,2887.841983097489
3.041809437072402,1024,2131,3114.8128635621397
3.380540264487024,1024,2132,3461.6732308347127
3.327533546081156,1024,2133,3407.394351187104
2.9011737959274164,1024,2134,2970.8019670296744
2.5331011612100767,1024,2135,2593.8955890791185
2.393731781832358,1024,2136,2451.1813445963344
2.874162222312151,1024,2137,2943.1421156476426
3.0193795369319503,1024,2138,3091.844645818317
2.6692803558273326,1024,2139,2733.3430843671886
2.565617778375586,1024,2140,2627.1926050566
2.779840312508945,1024,2141,2846.5564800091597
3.4208412653486704,1024,2142,3502.9414557170385
3.1199840289277123,1024,2143,3194.8636456219774
2.9007516430760916,1024,2144,2970.3696825099178
2.726899714380963,1024,2145,2792.345307526106
3.0083797330800754,1024,2146,3080.5808466739973
3.4112607194944466,1024,2147,3493.1309767623134
3.2731099460082422,1024,2148,3351.66458471244
2.9149925282345848,1024,2149,2984.952348912215
3.302619880434179,1024,2150,3381.882757564599
2.569144105751116,1024,2151,2630.8035642891427
2.754090550937656,1024,2152,2820.18872416016
2.9675239930182187,1024,2153,3038.744568850656
3.64953057233744,1024,2154,3737.1193060735386
2.727531362417789,1024,2155,2792.992115115816
3.3065594461774026,1024,2156,3385.9168728856603
3.2159282601071197,1024,2157,3293.1105383496906
3.251970519835467,1024,2158,3330.0178123115184
2.7345043681298478,1024,2159,2800.132472964964
2.9206566613920018,1024,2160,2990.75242126541
2.788042259442598,1024,2161,2854.9552736692203
2.914171920806247,1024,2162,2984.112046905597
2.910027238090784,1024,2163,2979.8678918049627
2.7553118394306537,1024,2164,2821.4393235769894
2.649762927635912,1024,2165,2713.357237899174
2.78226642335963,1024,2166,2849.040817520261
2.985290572125617,1024,2167,3056.937545856632
3.0059616347367566,1024,2168,3078.1047139704388
2.7635633548070615,1024,2169,2829.888875322431
3.2268624810737805,1024,2170,3304.307180619551
3.127344071577255,1024,2171,3202.4003292951093
3.130100765532589,1024,2172,3205.223183905371
2.9656331979292716,1024,2173,3036.808394679574
2.981802449917387,1024,2174,3053.3657087154043
3.2596419896985793,1024,2175,3337.873397451345
2.901735893740092,1024,2176,2971.3775551898543
2.7802940487428174,1024,2177,2847.021105912645
3.1195440876339475,1024,2178,3194.4131457371623
3.232677785359556,1024,2179,3310.262052208185
2.957160785579447,1024,2180,3028.1326444333536
3.162773115324171,1024,2181,3238.6796700919513
3.0971073718985735,1024,2182,3171.4379488241393
3.359733291041323,1024,2183,3440.3668900263146
3.4791851123788433,1024,2184,3562.6855550759356
3.214475975048657,1024,2185,3291.623398449825
3.3304327982551882,1024,2186,3410.3631854133127
3.4788332380969678,1024,2187,3562.325235811295
3.027250337151564,1024,2188,3099.9043452432015
2.8371361485368016,1024,2189,2905.227416101685
2.963845137255422,1024,2190,3034.9774205495523
2.999765899092541,1024,2191,3071.760280670762
3.1264631177051285,1024,2192,3201.4982325300516
3.012094986231169,1024,2193,3084.385265900717
3.3479346887288557,1024,2194,3428.285121258348
2.856300137650294,1024,2195,2924.851340953901
3.2432572699819318,1024,2196,3321.095444461498
2.7303660751316166,1024,2197,2795.8948609347754
2.99709873881822,1024,2198,3069.0291085498575
2.9899131681193793,1024,2199,3061.6710841542445
3.294890530990898,1024,2200,3373.9679037346796
2.989248132315737,1024,2201,3060.9900874913146
2.9852129044942757,1024,2202,3056.8580142021383
3.2205861000206824,1024,2203,3297.8801664211787
3.394844828732575,1024,2204,3476.321104622157
2.4205662599276128,1024,2205,2478.6598501658755
2.8681762087578377,1024,2206,2937.012437768026
3.138311836096534,1024,2207,3213.631320162851
3.3358995274109944,1024,2208,3415.9611160688582
3.5516026637879463,1024,2209,3636.841127718857
3.269742241474688,1024,2210,3348.2160552700807
3.327904090367791,1024,2211,3407.7737885366178
3.442727905521732,1024,2212,3525.3533752542535
3.559160701218616,1024,2213,3644.5805580478627
3.5937443585382596,1024,2214,3679.994223143178
3.0489019756682794,1024,2215,3122.075623084318
2.908366825333175,1024,2216,2978.1676291411713
3.1363023114264763,1024,2217,3211.5735669007117
2.9741754080537817,1024,2218,3045.5556178470724
2.9537974460820635,1024,2219,3024.688584788033
2.9107491094181626,1024,2220,2980.6070880441985
2.7021320696739224,1024,2221,2766.9832393460965
3.2963880265106127,1024,2222,3375.5013391468674
3.353621771866287,1024,2223,3434.1086943910777
2.2796659653015157,1024,2224,2334.377948468752
2.693619412281838,1024,2225,2758.266278176602
2.778780195080257,1024,2226,2845.4709197621833
2.9410369268333643,1024,2227,3011.621813077365
3.4586511370046082,1024,2228,3541.658764292719
3.1377595304846864,1024,2229,3213.065759216319
3.4079065594404483,1024,2230,3489.696316867019
3.8466276014520133,1024,2231,3938.9466638868616
3.6340606470802186,1024,2232,3721.278102610144
3.6854438062051145,1024,2233,3773.894457554037
3.0324239419148995,1024,2234,3105.202116520857
3.3591268419642404,1024,2235,3439.745886171382
3.262323923719009,1024,2236,3340.6196978882654
3.781883444760865,1024,2237,3872.648647435126
3.5751768622093323,1024,2238,3660.9811069023563
3.2011985622529835,1024,2239,3278.027327747055
3.227961277798478,1024,2240,3305.4323484656416
2.8157886472851885,1024,2241,2883.367574820033
3.0224381160264215,1024,2242,3094.9766308110557
2.9865047177472235,1024,2243,3058.180830973157
2.9500226280588464,1024,2244,3020.8231711322587
2.9581204056269677,1024,2245,3029.115295362015
3.430291049682296,1024,2246,3512.618034874671
2.906450234174592,1024,2247,2976.2050397947824
2.7257166547205944,1024,2248,2791.1338544338887
2.9745274375981126,1024,2249,3045.9160961004673
2.7243953917079153,1024,2250,2789.7808811089053
2.8806643922717887,1024,2251,2949.8003376863117
3.088963330174515,1024,2252,3163.0984500987033
3.476385752266367,1024,2253,3559.81901032076
3.6926026371063045,1024,2254,3781.225100396856
3.1298978810359372,1024,2255,3205.0154301807997
2.7047409665981803,1024,2256,2769.6547497965366
3.0942752743888295,1024,2257,3168.5378809741615
3.310350760634961,1024,2258,3389.7991788902
3.317314666215708,1024,2259,3396.930218204885
3.355486931969523,1024,2260,3436.0186183367914
2.5505196163667776,1024,2261,2611.7320871595803
2.910266325308392,1024,2262,2980.112717115793
2.910647374185139,1024,2263,2980.502911165582
2.765881692032913,1024,2264,2832.262852641703
1.8655602250830832,1024,2265,1910.3336704850772
2.055147045242723,1024,2266,2104.4705743285485
3.004596332118666,1024,2267,3076.706644089514
2.804551421805428,1024,2268,2871.860655928758
3.2018467499929457,1024,2269,3278.6910719927764
3.2839500932336243,1024,2270,3362.7648954712313
3.533857974715458,1024,2271,3618.670566108629
3.791597553135645,1024,2272,3882.5958944109007
2.344558611754934,1024,2273,2400.8280184370524
3.1508618445581504,1024,2274,3226.482528827546
3.3392671792922215,1024,2275,3419.409591595235
2.6129710484716373,1024,2276,2675.6823536349566
2.687662643472647,1024,2277,2752.1665469159907
2.681315373400963,1024,2278,2745.6669423625863
2.631233052398727,1024,2279,2694.3826456562965
2.913748966625942,1024,2280,2983.6789418249646
2.4912264555959567,1024,2281,2551.0158905302596
2.6915566105425874,1024,2282,2756.1539691956095
2.68781086865663,1024,2283,2752.318329504389
2.269768816424076,1024,2284,2324.2432680182537
3.21701944198454,1024,2285,3294.227908592169
2.324868255909255,1024,2286,2380.665094051077
3.119820402549113,1024,2287,3194.6960922102917
3.238952864955891,1024,2288,3316.6877337148326
3.1260295253526866,1024,2289,3201.054233961151
2.9211068257259285,1024,2290,2991.213389543351
3.569099026679581,1024,2291,3654.7574033198907
3.388506118105441,1024,2292,3469.8302649399716
3.1631083526283987,1024,2293,3239.0229530914803
3.451964662266846,1024,2294,3534.8118141612504
3.643132749278351,1024,2295,3730.5679352610314
2.2352984793884456,1024,2296,2288.9456428937683
1.9460889587055297,1024,2297,1992.7950937144624
2.8783030306212893,1024,2298,2947.3823033562003
3.0510532192912976,1024,2299,3124.2784965542887
2.953556403387836,1024,2300,3024.441757069144
2.875403272495028,1024,2301,2944.4129510349085
3.0995790662229865,1024,2302,3173.968963812338
3.5801513443779953,1024,2303,3666.074976643067
3.1518238359869315,1024,2304,3227.467608050618
2.9626339495708294,1024,2305,3033.7371643605293
3.1384946322017733,1024,2306,3213.818503374616
3.275544197769886,1024,2307,3354.157258516363
3.1768599268486497,1024,2308,3253.1045650930173
3.305515447124707,1024,2309,3384.8478178556998
3.17323305240555,1024,2310,3249.390645663283
3.289899315927755,1024,2311,3368.8568995100213
3.427098000308181,1024,2312,3509.3483523155774
3.5354037157414986,1024,2313,3620.2534049192946
3.082954904739829,1024,2314,3156.9458224535847
2.8011517449904986,1024,2315,2868.3793868702705
3.1824203155707096,1024,2316,3258.7984031444066
2.7255954963433595,1024,2317,2791.0097882556
3.081778148452969,1024,2318,3155.74082401584
3.2279469091531325,1024,2319,3305.4176349728077
3.1303606928446186,1024,2320,3205.4893494728894
3.60258219743643,1024,2321,3689.044170174904
3.1736722042276533,1024,2322,3249.840337129117
3.069593741881455,1024,2323,3143.26399168661
3.3313913072487082,1024,2324,3411.3446986226772
3.075239497891557,1024,2325,3149.0452458409545
3.579713384216525,1024,2326,3665.626505437722
3.092419610118288,1024,2327,3166.637680761127
3.052158809294326,1024,2328,3125.41062071739
3.144743328389467,1024,2329,3220.217168270814
3.025221828952496,1024,2330,3097.827152847356
3.245149742660166,1024,2331,3323.03333648401
3.1239498155825345,1024,2332,3198.9246111565153
2.983280631715637,1024,2333,3054.879366876812
3.459692867443792,1024,2334,3542.725496262443
4.138673843555239,1024,2335,4238.002015800565
3.0729496398125775,1024,2336,3146.7004311680794
2.52125975411019,1024,2337,2581.7699882088345
2.8127752869230846,1024,2338,2880.2818938092387
3.083177105703612,1024,2339,3157.173356240499
3.312713883817082,1024,2340,3392.219017028692
3.423340668272928,1024,2341,3505.5008443114784
3.0466669499789987,1024,2342,3119.7869567784946
3.226927718590673,1024,2343,3304.373983836849
3.1178067369131384,1024,2344,3192.6340985990537
3.2173315758436445,1024,2345,3294.547533663892
3.120431271641081,1024,2346,3195.321622160467
3.0769741101492585,1024,2347,3150.8214887928407
3.461121368787559,1024,2348,3544.1882816384605
3.3394212374556744,1024,2349,3419.5673471546106
2.960163839112809,1024,2350,3031.2077712515165
3.6808913766603553,1024,2351,3769.232769700204
3.8547818654176638,1024,2352,3947.2966301876877
3.6952553173062483,1024,2353,3783.9414449215983
2.7802504144002143,1024,2354,2846.9764243458194
2.9227825698782226,1024,2355,2992.9293515553
2.758606441830551,1024,2356,2824.8129964344844
3.047680947911747,1024,2357,3120.825290661629
2.6628347226379683,1024,2358,2726.7427559812795
3.431425443967484,1024,2359,3513.7796546227037
3.6738141697495834,1024,2360,3761.9857098235734
3.4458909541474725,1024,2361,3528.592337047012
3.2962425542883693,1024,2362,3375.35237559129
3.232399901198658,1024,2363,3309.9774988274257
3.0073979944205007,1024,2364,3079.5755462865927
2.894140084036451,1024,2365,2963.5994460533257
2.803607538285881,1024,2366,2870.8941192047423
3.1667631938936704,1024,2367,3242.7655105471185
2.86882210005386,1024,2368,2937.6738304551527
3.1176394971535295,1024,2369,3192.462845085214
3.0224693154734723,1024,2370,3095.0085790448356
3.00940201260876,1024,2371,3081.62766091137
2.9717301086203065,1024,2372,3043.051631227194
3.03444270280988,1024,2373,3107.269327677317
3.1767720880065298,1024,2374,3253.0146181186865
3.200150155162536,1024,2375,3276.953758886437
3.0518531498248507,1024,2376,3125.097625420647
3.459221297575823,1024,2377,3542.2426087176427
2.88478528780945,1024,2378,2954.020134716877
2.855167020027931,1024,2379,2923.6910285086014
3.505423047940617,1024,2380,3589.553201091192
2.805633294134875,1024,2381,2872.968493194112
3.0709138797949507,1024,2382,3144.6158129100295
3.128204701355852,1024,2383,3203.2816141883923
2.7998325361968277,1024,2384,2867.0285170655516
3.1135383396628384,1024,2385,3188.2632598147466
3.0426895627768857,1024,2386,3115.714112283531
2.935322137380325,1024,2387,3005.769868677453
3.0681307479102315,1024,2388,3141.765885860077
3.1144186834808494,1024,2389,3189.1647318843898
3.1625297967868846,1024,2390,3238.43051190977
2.9768731122362198,1024,2391,3048.318066929889
2.929499635702875,1024,2392,2999.807626959744
3.168723605303157,1024,2393,3244.7729718304327
2.7212437591953744,1024,2394,2786.5536094160634
2.844208722598239,1024,2395,2912.469731940597
2.8062005096885514,1024,2396,2873.5493219210766
2.9275616925415306,1024,2397,2997.8231731625274
3.04729541275276,1024,2398,3120.4305026588263
3.012666842934834,1024,2399,3084.9708471652702
3.2072337570538707,1024,2400,3284.2073672231636
2.951878126737199,1024,2401,3022.723201778892
2.9345497326135046,1024,2402,3004.9789261962287
3.008863563700288,1024,2403,3081.076289229095
2.9701677744907187,1024,2404,3041.451801078496
2.9620886659472205,1024,2405,3033.178793929954
2.896752774175866,1024,2406,2966.2748407560866
2.9554569380283056,1024,2407,3026.387904540985
3.0413234144251646,1024,2408,3114.3151763713686
2.541885236490536,1024,2409,2602.890482166309
2.7263582973217524,1024,2410,2791.7908964574744
2.787141893976143,1024,2411,2854.0332994315704
2.7184858792849482,1024,2412,2783.729540387787
2.39446568252815,1024,2413,2451.9328589088254
2.0673941513907597,1024,2414,2117.011611024138
2.537361497856395,1024,2415,2598.2581738049485
3.181063210444435,1024,2416,3257.4087274951016
2.899869071699115,1024,2417,2969.4659294198937
2.729914434595173,1024,2418,2795.4323810254573
3.0381274955147433,1024,2419,3111.042555407097
3.2223870375685895,1024,2420,3299.7243264702356
2.9324899520949614,1024,2421,3002.8697109452405
3.2536991082805518,1024,2422,3331.787886879285
3.236311266472608,1024,2423,3313.9827368679507
3.150553137935553,1024,2424,3226.1664132460064
3.493310565412145,1024,2425,3577.1500189820363
3.406801013876361,1024,2426,3488.564238209394
3.612297097168316,1024,2427,3698.9922275003555
3.597186882637388,1024,2428,3683.519367820685
3.2092947695464886,1024,2429,3286.3178440156044
3.2592261789506978,1024,2430,3337.4476072455145
2.827953610476442,1024,2431,2895.8244971278764
2.909449036764329,1024,2432,2979.2758136466728
2.8520529428897134,1024,2433,2920.5022135190666
3.1124308714793187,1024,2434,3187.1292123948224
2.748405544199578,1024,2435,2814.3672772603677
2.1994244332855146,1024,2436,2252.210619684367
2.7220310812480264,1024,2437,2787.359827197979
3.1102047049928387,1024,2438,3184.849617912667
3.0487749233884927,1024,2439,3121.9455215498165
3.213000608033326,1024,2440,3290.112622626126
2.9591056559341595,1024,2441,3030.1241916765794
3.2315943158446316,1024,2442,3309.152579424903
3.3554915281269473,1024,2443,3436.023324801994
3.29155142438492,1024,2444,3370.5486585701583
3.109992235457213,1024,2445,3184.632049108186
2.5291711625027133,1024,2446,2589.8712704027785
2.9692168765863336,1024,2447,3040.4780816244056
2.9693853453084067,1024,2448,3040.6505935958085
3.289512770732495,1024,2449,3368.461077230075
2.789555158807026,1024,2450,2856.504482618395
2.8434594055465823,1024,2451,2911.7024312797002
3.1205772049649774,1024,2452,3195.471057884137
2.9867567155229295,1024,2453,3058.43887669548
2.8283552452274403,1024,2454,2896.235771112899
2.4764927947886406,1024,2455,2535.928621863568
2.9368592594842227,1024,2456,3007.343881711844
2.013957661268762,1024,2457,2062.2926451392123
3.3020785912645465,1024,2458,3381.3284774548956
2.9667825307331945,1024,2459,3037.985311470791
3.305153264472324,1024,2460,3384.4769428196596
3.150591283145957,1024,2461,3226.20547394146
2.9241076259751253,1024,2462,2994.2862089985283
2.6783568193893927,1024,2463,2742.637383054738
3.223513331971617,1024,2464,3300.8776519389357
3.071733013722337,1024,2465,3145.454606051673
3.1448764062945145,1024,2466,3220.353440045583
3.2894170900485733,1024,2467,3368.363100209739
2.914331813875066,1024,2468,2984.2757774080674
2.651887919386695,1024,2469,2715.533229451976
2.832402115784575,1024,2470,2900.3797665634047
3.121789963908185,1024,2471,3196.7129230419814
3.0838965880620037,1024,2472,3157.910106175492
3.025060412866708,1024,2473,3097.661862775509
2.7488103181320866,1024,2474,2814.7817657672567
3.2223686687743225,1024,2475,3299.705516824906
3.3265325770789786,1024,2476,3406.369358928874
2.335285673568535,1024,2477,2391.33252973418
2.8573229030519514,1024,2478,2925.898652725198
2.948990217298654,1024,2479,3019.7659825138217
3.0184776326613303,1024,2480,3090.921095845202
2.631251031315962,1024,2481,2694.401056067545
2.72247303765144,1024,2482,2787.8123905550747
2.5080774238329795,1024,2483,2568.271282004971
2.673795860926239,1024,2484,2737.9669615884686
2.7102818052584006,1024,2485,2775.328568584602
3.4943721429048367,1024,2486,3578.2370743345527
2.916897378745489,1024,2487,2986.9029158353806
2.9394626432545543,1024,2488,3010.0097466926636
2.6747021528937758,1024,2489,2738.8950045632264
3.120598238553697,1024,2490,3195.4925962789857
3.420785036794367,1024,2491,3502.883877677432
3.4877658779795695,1024,2492,3571.472259051079
3.2617934514230384,1024,2493,3340.0764942571914
2.9233735882525664,1024,2494,2993.534554370628
2.7186930261414055,1024,2495,2783.9416587687992
2.7981570535048554,1024,2496,2865.312822788972
3.5362094355924256,1024,2497,3621.078462046644
3.797017590226716,1024,2498,3888.146012392157
3.6283322350785596,1024,2499,3715.412208720445
3.43124932558041,1024,2500,3513.59930939434
3.6168003235164434,1024,2501,3703.603531280838
3.4072827783228092,1024,2502,3489.0575650025567
3.324129949939845,1024,2503,3403.9090687384014
3.4366092768756005,1024,2504,3519.087899520615
3.163407382946339,1024,2505,3239.329160137051
3.1638099340698176,1024,2506,3239.741372487493
3.5191676022481033,1024,2507,3603.627624702058
3.212391984884107,1024,2508,3289.4893925213255
3.1389518853802016,1024,2509,3214.2867306293265
3.180850098134762,1024,2510,3257.1905004899963
2.9535866144314866,1024,2511,3024.4726931778423
2.778825469325433,1024,2512,2845.5172805892435
2.9452133578893154,1024,2513,3015.898478478659
2.454290234869347,1024,2514,2513.1932005062113
3.1098968193659573,1024,2515,3184.5343430307403
3.11872810995591,1024,2516,3193.577584594852
3.0569477753952174,1024,2517,3130.3145220047027
3.1825945118257692,1024,2518,3258.9767801095877
3.330433457878338,1024,2519,3410.363860867418
3.0490158710667608,1024,2520,3122.192251972363
2.86819278126427,1024,2521,2937.0294080146123
3.1864320326743467,1024,2522,3262.906401458531
2.3719253507554896,1024,2523,2428.8515591736214
2.6411644395349914,1024,2524,2704.552386083831
3.0920238801256197,1024,2525,3166.2324532486346
1.9719486074756603,1024,2526,2019.275374055076
3.3312968614685587,1024,2527,3411.247986143804
3.6268796542295973,1024,2528,3713.9247659311077
3.864605049147137,1024,2529,3957.3555703266684
3.325187639638756,1024,2530,3404.992142990086
2.685593771616217,1024,2531,2750.0480221350062
2.4982324289110096,1024,2532,2558.190007204874
2.7102071629324804,1024,2533,2775.25213484286
3.1814239219908913,1024,2534,3257.7780961186727
3.192525265502425,1024,2535,3269.1458718744834
2.921756410896087,1024,2536,2991.8785647575933
2.7916274213531125,1024,2537,2858.626479465587
2.9379617452916555,1024,2538,3008.4728271786553
2.7133664720704758,1024,2539,2778.487267400167
2.6705099653236175,1024,2540,2734.6022044913843
2.998501678630504,1024,2541,3070.465718917636
2.9476775892357097,1024,2542,3018.4218513773667
3.1147136234216646,1024,2543,3189.4667503837845
2.9200325686615187,1024,2544,2990.113350309395
3.2537470972279046,1024,2545,3331.8370275613743
3.0701795636471445,1024,2546,3143.863873174676
2.5492213960455814,1024,2547,2610.4027095506754
2.439536071908,1024,2548,2498.084937633792
2.810225775560136,1024,2549,2877.6711941735794
3.0012998458027402,1024,2550,3073.331042102006
3.0215961204287183,1024,2551,3094.1144273190075
3.3379328059957913,1024,2552,3418.0431933396903
3.7238282298051786,1024,2553,3813.200107320503
3.004308453446697,1024,2554,3076.411856329418
3.3348878670293374,1024,2555,3414.9251758380415
3.1661619743996425,1024,2556,3242.149861785234
3.1315205777197406,1024,2557,3206.6770715850143
2.8973138910959673,1024,2558,2966.8494244822705
2.932924574089089,1024,2559,3003.314763867227
2.9677660491607725,1024,2560,3038.992434340631
2.849750988408502,1024,2561,2918.145012130306
3.168201397585179,1024,2562,3244.238231127223
3.3732272842670454,1024,2563,3454.1847390894545
3.1937096106815943,1024,2564,3270.3586413379526
3.2463810088363516,1024,2565,3324.294153048424
2.734434600426937,1024,2566,2800.0610308371834
2.6811271246705175,1024,2567,2745.47417566261
2.9832894879222494,1024,2568,3054.8884356323833
3.103901155025909,1024,2569,3178.394782746531
3.6231840980206584,1024,2570,3710.1405163731542
3.4555786352716495,1024,2571,3538.512522518169
3.2372515725342836,1024,2572,3314.9456102751064
3.2263372156406405,1024,2573,3303.769308816016
3.054258009144151,1024,2574,3127.5602013636108
3.468355144595428,1024,2575,3551.595668065718
2.69347035831575,1024,2576,2758.113646915328
2.9479040568395902,1024,2577,3018.6537542037404
3.0060025820352365,1024,2578,3078.146644004082
2.453766580154964,1024,2579,2512.656978078683
2.8042998914879718,1024,2580,2871.603088883683
2.7622008430528524,1024,2581,2828.493663286121
2.9160624525902463,1024,2582,2986.0479514524122
3.3229503728941623,1024,2583,3402.701181843622
3.3846167628065444,1024,2584,3465.8475651139015
3.2523602655163018,1024,2585,3330.416911888693
3.0183176011468866,1024,2586,3090.757223574412
2.77565820466803,1024,2587,2842.2740015800628
2.9131091758288363,1024,2588,2983.0237960487284
2.6243310844488263,1024,2589,2687.315030475598
2.7249756914659553,1024,2590,2790.3751080611382
2.6920126797315618,1024,2591,2756.6209840451193
3.338113661917447,1024,2592,3418.2283898034657
3.3609605372437272,1024,2593,3441.6235901375767
2.2071889947790773,1024,2594,2260.161530653775
3.0147776375173176,1024,2595,3087.1323008177333
3.201342544338477,1024,2596,3278.1747654026003
3.0394739335654037,1024,2597,3112.4213079709734
2.555120406134499,1024,2598,2616.443295881727
2.7191714948677372,1024,2599,2784.431610744563
3.2488186893413484,1024,2600,3326.790337885541
3.2295142629931775,1024,2601,3307.0226053050137
3.1816659924407418,1024,2602,3258.0259762593196
3.0751794818691778,1024,2603,3148.983789434038
3.1037094624543684,1024,2604,3178.1984895532732
2.3544863552436652,1024,2605,2410.994027769513
3.4245146257917334,1024,2606,3506.702976810735
3.0918941373705024,1024,2607,3166.0995966673945
2.9085061738230706,1024,2608,2978.3103219948243
2.9607410816835493,1024,2609,3031.7988676439545
2.13167822449887,1024,2610,2182.838501886843
2.5576845405883297,1024,2611,2619.0689695624496
2.2653184674810856,1024,2612,2319.6861107006316
2.651912426323644,1024,2613,2715.5583245554117
2.383434780981247,1024,2614,2440.637215724797
2.7983640818481366,1024,2615,2865.524819812492
2.8461401846401557,1024,2616,2914.4475490715195
2.9879544241716616,1024,2617,3059.6653303517814
3.0001789952462588,1024,2618,3072.183291132169
2.5054130714389373,1024,2619,2565.542985153472
3.0431483731068134,1024,2620,3116.183934061377
3.4144980272517387,1024,2621,3496.4459799057804
3.050306337452497,1024,2622,3123.513689551357
3.200036123464841,1024,2623,3276.836990427997
3.1555951310065495,1024,2624,3231.3294141507067
2.750623551637375,1024,2625,2816.638516876672
3.3260458420782157,1024,2626,3405.870942288093
3.217852075886185,1024,2627,3295.0805257074535
3.2207756389000224,1024,2628,3298.074254233623
3.344985250350547,1024,2629,3425.26489635896
3.0494346106560783,1024,2630,3122.6210413118242
2.7157203076272936,1024,2631,2780.8975950103486
2.4096119110982315,1024,2632,2467.442596964589
3.1139057636146035,1024,2633,3188.639501941354
2.6737326853559367,1024,2634,2737.902269804479
2.279685339690161,1024,2635,2334.397787842725
2.7361006634126532,1024,2636,2801.767079334557
2.904384864109205,1024,2637,2974.090100847826
2.7380641748417176,1024,2638,2803.777715037919
3.1379227211933305,1024,2639,3213.2328665019704
2.942498316142995,1024,2640,3013.118275730427
1.0868858810473903,1024,2641,1112.9711421925276
2.7540975688799385,1024,2642,2820.195910533057
3.1161130607912195,1024,2643,3190.899774250209
2.8252310194618584,1024,2644,2893.036563928943
1.9240846757871424,1024,2645,1970.2627080060338
2.6991202005781485,1024,2646,2763.899085392024
2.6512438265273204,1024,2647,2714.873678363976
2.1934106240204665,1024,2648,2246.0524789969577
2.407355977035987,1024,2649,2465.132520484851
2.414522842841315,1024,2650,2472.4713910695064
2.5218844868536436,1024,2651,2582.409714538131
2.5709692608306227,1024,2652,2632.6725230905577
2.6455113733466717,1024,2653,2709.003646306992
2.5763399219432745,1024,2654,2638.172080069913
2.1041495389300664,1024,2655,2154.649127864388
2.79486191476434,1024,2656,2861.938600718684
3.011753143055138,1024,2657,3084.0352184884614
2.5414319584044804,1024,2658,2602.426325406188
2.9567773966065616,1024,2659,3027.740054125119
3.6911940193406707,1024,2660,3779.782675804847
3.021461799826767,1024,2661,3093.9768830226094
2.9204161600347334,1024,2662,2990.506147875567
3.578274531655552,1024,2663,3664.1531204152852
2.907509076314952,1024,2664,2977.2892941465107
2.8879889652550617,1024,2665,2957.300700421183
3.065074610850189,1024,2666,3138.6364015105937
2.7371064008934525,1024,2667,2802.7969545148953
2.619309491736006,1024,2668,2682.17291953767
2.625706616549536,1024,2669,2688.723575346725
3.188805109814936,1024,2670,3265.3364324504946
3.4541247004023035,1024,2671,3537.0236932119587
3.746506454628559,1024,2672,3836.4226095396443
1.8968589006826948,1024,2673,1942.3835142990795
3.229735511751798,1024,2674,3307.249164033841
3.675891359474207,1024,2675,3764.112752101588
3.379049962804501,1024,2676,3460.1471619118092
3.2163042524257435,1024,2677,3293.4955544839613
2.9172670989223457,1024,2678,2987.281509296482
3.0665633275744293,1024,2679,3140.1608474362156
2.702366243087356,1024,2680,2767.2230329214526
2.8091813004357213,1024,2681,2876.6016516461787
2.6158550626398416,1024,2682,2678.635584143198
3.0996293494862606,1024,2683,3174.020453873931
3.4054809953432397,1024,2684,3487.2125392314774
3.0749803163895066,1024,2685,3148.779843982855
3.127094113260952,1024,2686,3202.144371979215
2.7740105957674785,1024,2687,2840.586850065898
3.247427314423561,1024,2688,3325.3655699697265
3.3683197174996735,1024,2689,3449.1593907196657
3.644243913212314,1024,2690,3731.7057671294097
3.0730213062810083,1024,2691,3146.7738176317525
2.9544702065043182,1024,2692,3025.377491460422
2.9293821265241213,1024,2693,2999.6872975607002
3.146023248164674,1024,2694,3221.5278061206263
2.9016958471463496,1024,2695,2971.336547477862
2.4812160768605906,1024,2696,2540.765262705245
3.3191862753896615,1024,2697,3398.8467459990134
2.728966123499678,1024,2698,2794.46131046367
2.733666895211627,1024,2699,2799.274900696706
2.850102043987487,1024,2700,2918.504493043187
2.2992938416916715,1024,2701,2354.4768938922716
2.9950430067202234,1024,2702,3066.9240388815087
3.1524780931092877,1024,2703,3228.1375673439106
3.4548532170050095,1024,2704,3537.7696942131297
3.2195410140821537,1024,2705,3296.8099984201253
3.0027378798825684,1024,2706,3074.80358899975
2.68018567150603,1024,2707,2744.510127622175
2.946542163440755,1024,2708,3017.2591753633333
2.717266006784925,1024,2709,2782.480390947763
2.677430884108741,1024,2710,2741.689225327351
3.156434561334912,1024,2711,3232.1889908069497
3.571809823839157,1024,2712,3657.5332596112967
3.1256929669907905,1024,2713,3200.7095981985694
2.5345812688463027,1024,2714,2595.411219298614
3.001231991805014,1024,2715,3073.261559608334
3.238347184312275,1024,2716,3316.0675167357695
3.1880140137745627,1024,2717,3264.5263501051522
2.740695006404053,1024,2718,2806.47168655775
3.123056623782624,1024,2719,3198.009982753407
3.284665221993393,1024,2720,3363.4971873212344
3.4420920245219975,1024,2721,3524.7022331105254
3.183295614742086,1024,2722,3259.694709495896
3.41246266276994,1024,2723,3494.3617666764185
3.328683063502197,1024,2724,3408.57145702625
3.391515083925043,1024,2725,3472.911445939244
2.9282492209712814,1024,2726,2998.527202274592
3.0286309301302765,1024,2727,3101.318072453403
2.8311525285158794,1024,2728,2899.1001892002605
2.827880645703104,1024,2729,2895.7497811999783
3.1835799710181334,1024,2730,3259.9858903225686
3.2029486335740813,1024,2731,3279.8194007798593
3.1093009000754144,1024,2732,3183.9241216772243
2.7057771373372788,1024,2733,2770.7157886333734
3.0022676376846533,1024,2734,3074.322060989085
2.946747784154933,1024,2735,3017.4697309746516
3.2508394476208125,1024,2736,3328.859594363712
3.009414667782714,1024,2737,3081.640619809499
3.1438737952967983,1024,2738,3219.3267663839215
3.118846049818231,1024,2739,3193.6983550138684
2.869580251541933,1024,2740,2938.4501775789395
2.4864863701127256,1024,2741,2546.162042995431
3.1959821794787944,1024,2742,3272.6857517862854
2.908807576162019,1024,2743,2978.6189579899074
2.9756983424619037,1024,2744,3047.1151026809894
3.2182320230772916,1024,2745,3295.4695916311466
2.916051520898998,1024,2746,2986.036757400574
3.010702712405486,1024,2747,3082.9595775032176
3.183686912308218,1024,2748,3260.0953982036153
2.9563491588336035,1024,2749,3027.30153864561
2.6406439553472865,1024,2750,2704.0194102756213
2.542557059145631,1024,2751,2603.578428565126
2.355462046004357,1024,2752,2411.9931351084615
3.132472844460265,1024,2753,3207.6521927273116
2.978482038166902,1024,2754,3049.965607082908
2.774061033750314,1024,2755,2840.6384985603218
2.996436501646599,1024,2756,3068.3509776861174
3.3086568509412473,1024,2757,3388.064615363837
3.1335729915762833,1024,2758,3208.778743374114
2.695250721730119,1024,2759,2759.936739051642
2.4808719971435735,1024,2760,2540.4129250750193
2.654134385206575,1024,2761,2717.833610451533
3.0432325538830156,1024,2762,3116.270135176208
2.9173115226661253,1024,2763,2987.3269992101123
2.0746309467376136,1024,2764,2124.4220894593163
3.3730427577394266,1024,2765,3453.995783925173
3.350595832266471,1024,2766,3431.0101322408664
2.5351324526483126,1024,2767,2595.975631511872
2.4262029361318653,1024,2768,2484.43180659903
2.7723027607991773,1024,2769,2838.8380270583575
2.8426721891434,1024,2770,2910.8963216828415
3.1332616923145693,1024,2771,3208.459972930119
3.496957561895755,1024,2772,3580.884543381253
3.420490442384846,1024,2773,3502.5822130020824
3.1070301328615457,1024,2774,3181.598856050223
2.9953978660945353,1024,2775,3067.287414880804
2.984250239800886,1024,2776,3055.8722455561074
3.3334189411012503,1024,2777,3413.4209956876803
2.490324992652205,1024,2778,2550.092792475858
2.7297534682752627,1024,2779,2795.267551513869
2.859427246921925,1024,2780,2928.053500848051
2.928466688598945,1024,2781,2998.74988912532
3.6522831809781096,1024,2782,3739.937977321584
3.415411021691156,1024,2783,3497.380886211744
2.8359064818643596,1024,2784,2903.968237429104
2.607508051769713,1024,2785,2670.0882450121862
2.6039115075025023,1024,2786,2666.4053836825624
2.7857323565994623,1024,2787,2852.5899331578494
2.5809594940376925,1024,2788,2642.902521894597
2.2826952590625744,1024,2789,2337.479945280076
2.745782191249379,1024,2790,2811.6809638393643
3.155591798447304,1024,2791,3231.3260016100394
3.1616225772968676,1024,2792,3237.5015191519924
2.7856289360497613,1024,2793,2852.4840305149555
2.590928819356705,1024,2794,2653.111111021266
2.609818673039676,1024,2795,2672.4543211926284
2.5741015530678846,1024,2796,2635.879990341514
2.682646533973685,1024,2797,2747.0300507890533
3.3550695469315315,1024,2798,3435.5912160578882
3.049445521198507,1024,2799,3122.632213707271
3.2163141528404395,1024,2800,3293.50569250861
3.61766025707076,1024,2801,3704.4841032404584
3.491102718374435,1024,2802,3574.8891836154216
3.156676661406747,1024,2803,3232.436901280509
3.235874874021107,1024,2804,3313.5358709976135
3.1187754048597682,1024,2805,3193.6260145764027
2.9852295443463266,1024,2806,3056.8750534106384
2.995299477805357,1024,2807,3067.186665272686
2.6440928644709984,1024,2808,2707.5510932183024
2.644019321660579,1024,2809,2707.475785380433
2.6650668175849823,1024,2810,2729.028421207022
3.470519153860323,1024,2811,3553.811613552971
3.1149431547091027,1024,2812,3189.701790422121
2.378505325914439,1024,2813,2435.5894537363856
2.4002510777725306,1024,2814,2457.8571036390713
2.8942004084642754,1024,2815,2963.661218267418
2.9472987768891556,1024,2816,3018.0339475344954
1.7738166953574481,1024,2817,1816.3882960460269
2.0563505237401642,1024,2818,2105.702936309928
1.627270918586979,1024,2819,1666.3254206330664
1.9868110072088143,1024,2820,2034.4944713818259
3.37701157002536,1024,2821,3458.0598477059684
2.8150075388966576,1024,2822,2882.5677198301773
2.922601741290096,1024,2823,2992.7441830810585
3.4495276829495687,1024,2824,3532.3163473403583
3.185351377086242,1024,2825,3261.799810136312
3.2618042852218547,1024,2826,3340.0875880671792
3.5230490502186314,1024,2827,3607.6022274238785
3.140065306457579,1024,2828,3215.426873812561
2.637271800884278,1024,2829,2700.566324105501
2.5231276615189095,1024,2830,2583.6827253953634
2.4688487604959484,1024,2831,2528.101130747851
2.4262002643599248,1024,2832,2484.429070704563
2.4254996360190546,1024,2833,2483.711627283512
2.956725710898384,1024,2834,3027.6871279599454
3.500342698248069,1024,2835,3584.3509230060226
2.868062607186058,1024,2836,2936.8961097585234
2.5616776860946118,1024,2837,2623.1579505608825
2.5644873795260423,1024,2838,2626.0350766346673
2.652285850812291,1024,2839,2715.940711231786
2.8615270058002125,1024,2840,2930.2036539394176
2.8410365814756275,1024,2841,2909.2214594310426
2.809893054021825,1024,2842,2877.330487318349
2.767332783632412,1024,2843,2833.74877043959
2.9392899623033344,1024,2844,3009.8329213986144
3.244984653381593,1024,2845,3322.864285062751
2.607059511335791,1024,2846,2669.62893960785
2.532230437575663,1024,2847,2593.003968077479
2.940748604248398,1024,2848,3011.3265707503597
2.5845667670846524,1024,2849,2646.596369494684
1.922953764848856,1024,2850,1969.1046552052285
2.9506228936506034,1024,2851,3021.437843098218
2.992507271692933,1024,2852,3064.3274462135632
3.0794257144726274,1024,2853,3153.3319316199704
3.1220039933586747,1024,2854,3196.932089199283
3.37416949421862,1024,2855,3455.149562079867
3.1806831066084547,1024,2856,3257.0195011670576
2.982898139778417,1024,2857,3054.487695133099
2.7601018727874447,1024,2858,2826.3443177343433
2.8860112642265974,1024,2859,2955.2755345680357
2.733087434661485,1024,2860,2798.6815330933605
3.2811331915662123,1024,2861,3359.8803881638014
2.9179340641504634,1024,2862,2987.9644816900745
2.719422549860262,1024,2863,2784.6886910569083
3.1424998041614742,1024,2864,3217.9197994613496
3.284126404577524,1024,2865,3362.9454382873846
3.4661296586225347,1024,2866,3549.3167704294756
3.2097956221807067,1024,2867,3286.8307171130436
2.7797631880941793,1024,2868,2846.4775046084396
3.0702584812343687,1024,2869,3143.9446847839936
2.875951530581034,1024,2870,2944.9743673149787
3.05745978390871,1024,2871,3130.838818722519
1.7152655427708776,1024,2872,1756.4319157973787
2.5235052350296883,1024,2873,2584.069360670401
2.7332141349808268,1024,2874,2798.8112742203666
3.158071496372088,1024,2875,3233.865212285018
3.3014512063722066,1024,2876,3380.6860353251395
3.7180638955840166,1024,2877,3807.297429078033
3.4136716902660353,1024,2878,3495.59981083242
2.265539117065032,1024,2879,2319.9120558745926
3.101479669439229,1024,2880,3175.9151815057703
2.9194290620306615,1024,2881,2989.4953595193974
3.401141965532071,1024,2882,3482.769372704841
2.9481207446618356,1024,2883,3018.8756425337197
3.005530642638213,1024,2884,3077.6633780615302
3.194835876859841,1024,2885,3271.5119379044772
2.9441328733204557,1024,2886,3014.7920622801466
3.380120182067344,1024,2887,3461.2430664369604
2.9776333495650817,1024,2888,3049.0965499546437
2.619848959393053,1024,2889,2682.7253344184865
2.7717646683891957,1024,2890,2838.2870204305364
3.144881806389776,1024,2891,3220.3589697431307
3.237209795429136,1024,2892,3314.902830519435
2.8708646878252146,1024,2893,2939.76544033302
2.98600104866334,1024,2894,3057.66507383126
2.9299429936174484,1024,2895,3000.261625464267
2.520965467039531,1024,2896,2581.4686382484797
2.641529854917877,1024,2897,2704.926571435906
3.0384380794509305,1024,2898,3111.360593357753
2.8020480295636006,1024,2899,2869.297182273127
2.8513812641992757,1024,2900,2919.8144145400584
2.6716563939638505,1024,2901,2735.776147418983
2.7927979632508766,1024,2902,2859.8251143688976
3.2957353085516417,1024,2903,3374.832955956881
2.2611992585387446,1024,2904,2315.4680407436745
3.0384908456641924,1024,2905,3111.414625960133
2.961679905949538,1024,2906,3032.7602236923267
2.6496520255176286,1024,2907,2713.2436741300517
2.9419256997111134,1024,2908,3012.53191650418
2.7165965223677944,1024,2909,2781.7948389046214
2.7039133139608253,1024,2910,2768.807233495885
2.750227200210972,1024,2911,2816.2326530160353
2.844072728440864,1024,2912,2912.3304739234445
2.5814103988969475,1024,2913,2643.364248470474
2.723871912453898,1024,2914,2789.2448383527917
3.1831048767087253,1024,2915,3259.4993937497347
3.8893828811379763,1024,2916,3982.7280702852877
3.6595420911961867,1024,2917,3747.371101384895
3.4346980026352867,1024,2918,3517.1307546985336
3.794868511859704,1024,2919,3885.945356144337
3.825163392601212,1024,2920,3916.967314023641
4.072093729470396,1024,2921,4169.823978977685
3.8521020476855483,1024,2922,3944.5524968300015
3.9717054014915334,1024,2923,4067.02633112733
4.0242044234136785,1024,2924,4120.785329575607
4.143006837744565,1024,2925,4242.439001850435
4.255292598733831,1024,2926,4357.419621103443
4.222717289474929,1024,2927,4324.062504422327
3.8434638483676054,1024,2928,3935.706980728428
3.6649898659628093,1024,2929,3752.9496227459167
4.024983323763081,1024,2930,4121.582923533395
3.8653425064931355,1024,2931,3958.1107266489707
3.90562031005706,1024,2932,3999.3551974984293
4.002179963649411,1024,2933,4098.232282776997
3.3019995298797085,1024,2934,3381.2475185968215
3.236557243681901,1024,2935,3314.2346175302664
2.8261054211880747,1024,2936,2893.9319512965885
3.241690443761655,1024,2937,3319.491014411935
3.199542100410227,1024,2938,3276.3311108200724
3.3190637914257763,1024,2939,3398.721322419995
3.2055456130347153,1024,2940,3282.4787077475485
2.5769549841807766,1024,2941,2638.8019038011153
2.839783442728411,1024,2942,2907.938245353893
3.14936048770889,1024,2943,3224.9451394139032
3.137832329950612,1024,2944,3213.140305869427
3.2964717524405103,1024,2945,3375.5870744990825
3.1365471641150044,1024,2946,3211.8242960537646
3.0472273237473075,1024,2947,3120.360779517243
2.7951084667174264,1024,2948,2862.1910699186446
2.5971206517953522,1024,2949,2659.4515474384407
2.832610625661175,1024,2950,2900.5932806770434
2.9616109986738266,1024,2951,3032.6896626419984
2.661029885808915,1024,2952,2724.894603068329
2.406295381226961,1024,2953,2464.0464703764083
3.0824174854832904,1024,2954,3156.3955051348894
3.0376555916057413,1024,2955,3110.559325804279
3.4646290201061447,1024,2956,3547.780116588692
3.4174362787786947,1024,2957,3499.4547494693834
3.095550691065199,1024,2958,3169.843907650764
3.100971239607091,1024,2959,3175.394549357661
3.101427914419702,1024,2960,3175.8621843657747
3.315466430611167,1024,2961,3395.037624945835
2.594023606915881,1024,2962,2656.280173481862
2.6290316920202645,1024,2963,2692.128452628751
3.1048760531604636,1024,2964,3179.3930784363147
3.136360098226767,1024,2965,3211.6327405842094
3.1051949298906436,1024,2966,3179.719608208019
3.119203872941914,1024,2967,3194.06476589252
2.2765248961961944,1024,2968,2331.161493704903
2.257431298790255,1024,2969,2311.6096499612213
3.0281769559486236,1024,2970,3100.8532028913905
3.244378483613559,1024,2971,3322.2435672202846
2.800646373826268,1024,2972,2867.8618867980986
2.44844203250193,1024,2973,2507.2046412819764
2.4350737207410873,1024,2974,2493.5154900388734
2.4849493223397623,1024,2975,2544.5881060759166
2.6199326860555487,1024,2976,2682.811070520882
2.5059133470461177,1024,2977,2566.0552673752245
2.700735488876564,1024,2978,2765.5531406096015
2.616102535704215,1024,2979,2678.888996561116
2.2959509864541516,1024,2980,2351.0538101290513
2.594180902850582,1024,2981,2656.441244518996
2.896376756527104,1024,2982,2965.8897986837546
2.970261470220498,1024,2983,3041.54774550579
2.742916205759137,1024,2984,2808.7461946973563
2.610003336881306,1024,2985,2672.643416966457
3.0414403898619256,1024,2986,3114.4349592186118
3.1866404254364227,1024,2987,3263.119795646897
3.0339827384796383,1024,2988,3106.7983242031496
3.096265227557133,1024,2989,3170.575593018504
3.1376869721734693,1024,2990,3212.9914595056325
3.1354530484441874,1024,2991,3210.703921606848
2.953511400129887,1024,2992,3024.3956737330045
2.9922474201008633,1024,2993,3064.061358183284
3.069699222915382,1024,2994,3143.3720042653513
2.695159748860684,1024,2995,2759.8435828333404
3.114583069113138,1024,2996,3189.3330627718533
2.9727117218480394,1024,2997,3044.0568031723924
3.2066867463745226,1024,2998,3283.647228287511
3.0156278578768028,1024,2999,3088.002926465846
3.1491465303442965,1024,3000,3224.7260470725596
3.4999559517705094,1024,3001,3583.9548946130017
3.692077355884649,1024,3002,3780.6872124258807
3.3829760462445293,1024,3003,3464.167471354398
3.527894383914102,1024,3004,3612.5638491280406
3.6421593058993267,1024,3005,3729.5711292409105
3.1019789137905605,1024,3006,3176.426407721534
2.8590006004712265,1024,3007,2927.616614882536
2.729139206640639,1024,3008,2794.638547600014
2.750933635809126,1024,3009,2816.956043068545
2.5929204164203803,1024,3010,2655.1505064144694
3.2369449113818405,1024,3011,3314.6315892550047
3.4570927354049843,1024,3012,3540.062961054704
3.6564357552605316,1024,3013,3744.1902133867843
2.9608299761037244,1024,3014,3031.889895530214
2.613533255028912,1024,3015,2676.258053149606
3.0717759943889007,1024,3016,3145.4986182542343
3.1237692462709674,1024,3017,3198.7397081814706
3.125700352853322,1024,3018,3200.7171613218015
3.3991084769746607,1024,3019,3480.6870804220525
3.46896498493858,1024,3020,3552.220144577106
3.3134669159158463,1024,3021,3392.9901218978266
3.157427901148054,1024,3022,3233.2061707756075
3.476450955410286,1024,3023,3559.8857783401327
3.514232004534307,1024,3024,3598.5735726431303
4.076898483573359,1024,3025,4174.74404717912
3.7989198128836,1024,3026,3890.0938883928065
2.9316728085540085,1024,3027,3002.0329559593047
3.234264432741721,1024,3028,3311.8867791275225
2.970576614500544,1024,3029,3041.870453248557
3.077365217048623,1024,3030,3151.22198225779
3.3992802766740056,1024,3031,3480.8630033141817
2.841259220678438,1024,3032,2909.4494419747207
3.2399452991686957,1024,3033,3317.7039863487444
3.093953704661317,1024,3034,3168.2085935731884
3.297993706610775,1024,3035,3377.145555569434
3.1990330164829004,1024,3036,3275.80980887849
3.4099209311595473,1024,3037,3491.7590335073764
3.5078779969844476,1024,3038,3592.0670689120743
3.5354436011034025,1024,3039,3620.294247529884
3.0218471208509357,1024,3040,3094.371451751358
3.2077138579012825,1024,3041,3284.6989904909133
2.988046181078701,1024,3042,3059.75928942459
2.9552391168843286,1024,3043,3026.1648556895525
3.3142053334355523,1024,3044,3393.7462614380056
3.440063317856284,1024,3045,3522.6248374848346
3.33818434547959,1024,3046,3418.3007697711
3.166911201661982,1024,3047,3242.9170705018696
3.2097988287978296,1024,3048,3286.8340006889775
2.735922087547216,1024,3049,2801.5842176483493
2.8470269178336025,1024,3050,2915.355563861609
3.113810922284074,1024,3051,3188.5423844188917
2.8857248215331452,1024,3052,2954.9822172499407
3.0317344760116534,1024,3053,3104.496103435933
3.03535697642905,1024,3054,3108.205543863347
2.941606226398253,1024,3055,3012.2047758318113
3.1519064551283194,1024,3056,3227.552210051399
2.716614725679726,1024,3057,2781.8134790960394
2.7539091047279385,1024,3058,2820.002923241409
2.2617705761291234,1024,3059,2316.0530699562223
2.4104091396025638,1024,3060,2468.2589589530253
2.361622663005619,1024,3061,2418.301606917754
2.850294397346758,1024,3062,2918.7014628830802
2.886113956504232,1024,3063,2955.3806914603338
3.1653298914558547,1024,3064,3241.2978088507953
2.9380170606623732,1024,3065,3008.52947011827
3.074007196921528,1024,3066,3147.7833696476446
2.881310673659982,1024,3067,2950.4621298278216
3.438902987382411,1024,3068,3521.436659079589
2.9499083901829977,1024,3069,3020.7061915473896
3.142623067476336,1024,3070,3218.046021095768
3.1578776940705042,1024,3071,3233.6667587281963
3.0782752823620854,1024,3072,3152.1538891387754
3.0656133986976215,1024,3073,3139.1881202663644
2.9885413680099333,1024,3074,3060.2663608421717
3.011746813638581,1024,3075,3084.028737165907
3.6771799344438705,1024,3076,3765.4322528705234
2.96132187910624,1024,3077,3032.39360420479
3.213824905534736,1024,3078,3290.9567032675695
2.9814795770833484,1024,3079,3053.035086933349
3.018496518847087,1024,3080,3090.940435299417
2.9026678426739494,1024,3081,2972.331870898124
2.9074851498292276,1024,3082,2977.264793425129
2.665562973210079,1024,3083,2729.536484567121
2.930656279905378,1024,3084,3000.992030623107
2.8812318802084746,1024,3085,2950.381445333478
1.1267591253252185,1024,3086,1153.8013443330237
0.7110272534827722,1024,3087,728.0919075663587
1.4303856698543491,1024,3088,1464.7149259308535
1.8621134234387782,1024,3089,1906.8041456013088
2.3000506725983456,1024,3090,2355.251888740706
2.9837179098348514,1024,3091,3055.327139670888
3.1718682423446154,1024,3092,3247.993080160886
2.827009764878893,1024,3093,2894.8579992359864
2.6517613895382794,1024,3094,2715.403662887198
2.9595707281949544,1024,3095,3030.6004256716333
3.238707764721852,1024,3096,3316.4367510751763
3.144806799340209,1024,3097,3220.282162524374
2.7649740453445144,1024,3098,2831.3334224327828
2.9640091846141843,1024,3099,3035.1454050449247
2.7024974044232977,1024,3100,2767.357342129457
2.474313346527307,1024,3101,2533.696866843962
2.8289995766878917,1024,3102,2896.895566528401
3.401114281268022,1024,3103,3482.7410240184545
3.2520007957917585,1024,3104,3330.0488148907607
3.4001224537894714,1024,3105,3481.7253926804187
2.9946913156208126,1024,3106,3066.563907195712
2.9320483217434505,1024,3107,3002.4174814652933
3.290069903511011,1024,3108,3369.031581195275
2.6434233988951554,1024,3109,2706.865560468639
2.941967229629906,1024,3110,3012.574443141024
2.4644667785589682,1024,3111,2523.6139812443835
2.8432448310777687,1024,3112,2911.482707023635
2.87871623205748,1024,3113,2947.8054216268597
3.263590128482602,1024,3114,3341.9162915661846
3.18801402141478,1024,3115,3264.526357928735
2.7435529795478146,1024,3116,2809.398251056962
3.1437791408319455,1024,3117,3219.2298402119122
2.9651813807737994,1024,3118,3036.3457339123706
2.9544223275448047,1024,3119,3025.32846340588
3.1786405263289765,1024,3120,3254.927898960872
3.0163461930090136,1024,3121,3088.73850164123
2.438316205174285,1024,3122,2496.835794098468
2.6129646985478345,1024,3123,2675.6758513129826
2.8328653569816424,1024,3124,2900.854125549202
2.852396427867859,1024,3125,2920.8539421366877
2.860518227815618,1024,3126,2929.1706652831926
2.9003678054683917,1024,3127,2969.976632799633
2.7458120726272455,1024,3128,2811.7115623702994
2.743640584869496,1024,3129,2809.487958906364
2.853762383735983,1024,3130,2922.2526809456467
3.027993903537933,1024,3131,3100.6657572228432
3.308458568532828,1024,3132,3387.8615741776157
2.693245480942168,1024,3133,2757.88337248478
3.3745742785104156,1024,3134,3455.5640611946656
2.8823976044375286,1024,3135,2951.5751469440293
3.6956211255544815,1024,3136,3784.316032567789
3.556161573037606,1024,3137,3641.5094507905087
3.3110460244097766,1024,3138,3390.511128995611
3.3608796319511,1024,3139,3441.5407431179265
3.344188366543346,1024,3140,3424.448887340386
3.189285531992873,1024,3141,3265.8283847607017
2.681881193971236,1024,3142,2746.246342626546
2.9249978553696963,1024,3143,2995.197803898569
2.9083325701986595,1024,3144,2978.1325518834274
2.997791856054704,1024,3145,3069.738860600017
3.1915078190194492,1024,3146,3268.104006675916
3.4676447085122533,1024,3147,3550.8681815165473
3.5315652352181814,1024,3148,3616.322800863418
3.768770973554467,1024,3149,3859.2214769197744
3.5854813201572995,1024,3150,3671.5328718410747
3.4616006060416,1024,3151,3544.679020586598
3.4588112593611555,1024,3152,3541.8227295858233
3.6020808527787906,1024,3153,3688.5307932454816
3.6844301755176616,1024,3154,3772.8564997300855
3.682700107949188,1024,3155,3771.0849105399684
3.563332612394561,1024,3156,3648.8525950920302
3.9662107128936555,1024,3157,4061.399770003103
3.3960718311350178,1024,3158,3477.577555082258
3.253470223305726,1024,3159,3331.5535086650634
3.3525443965382564,1024,3160,3433.0054620551746
3.1857603482438037,1024,3161,3262.218596601655
3.0105186156089587,1024,3162,3082.7710623835737
2.7979558168142376,1024,3163,2865.1067564177793
3.2475021992911834,1024,3164,3325.442252074172
2.7404918664240014,1024,3165,2806.2636712181775
2.875855955664072,1024,3166,2944.8764986000097
2.9350288970449885,1024,3167,3005.469590574068
3.550490417130277,1024,3168,3635.7021871414036
3.041451921675156,1024,3169,3114.44676779536
3.2843211940876866,1024,3170,3363.144902745791
3.371489518252991,1024,3171,3452.405266691063
2.9309209663001354,1024,3172,3001.2630694913387
3.4224379264790628,1024,3173,3504.5764367145603
3.3405002204475096,1024,3174,3420.67222573825
3.3551901427002235,1024,3175,3435.714706125029
3.1070991945961453,1024,3176,3181.6695752664527
3.2940231327012732,1024,3177,3373.079687886104
3.332116038576345,1024,3178,3412.086823502177
3.2066493006330496,1024,3179,3283.608883848243
3.3894164881077415,1024,3180,3470.7624838223273
2.796934847095912,1024,3181,2864.061283426214
3.37891563901038,1024,3182,3460.009614346629
3.01719511285566,1024,3183,3089.607795564196
2.5869175700712077,1024,3184,2649.0035917529167
2.7891076292245742,1024,3185,2856.046212325964
2.996185832644933,1024,3186,3068.0942926284115
3.1612097914652715,1024,3187,3237.078826460438
3.03149925798337,1024,3188,3104.255240174971
3.354068011838814,1024,3189,3434.5656441229457
3.1103979234829637,1024,3190,3185.047473646555
3.1386171637491493,1024,3191,3213.943975679129
3.2872082314569226,1024,3192,3366.101229011889
3.2788862572005115,1024,3193,3357.579527373324
2.7208254449897993,1024,3194,2786.1252556695545
2.937685488884796,1024,3195,3008.189940618031
2.860113487746503,1024,3196,2928.756211452419
3.225102904248722,1024,3197,3302.505373950691
3.542638868027481,1024,3198,3627.6622008601407
2.7867464765127608,1024,3199,2853.628391949067
3.458676245888782,1024,3200,3541.6844757901126
3.2934037152962787,1024,3201,3372.4454044633894
3.2423157715444617,1024,3202,3320.131350061529
3.4318429869910005,1024,3203,3514.2072186787846
3.31129514543386,1024,3204,3390.7662289242726
3.082130496776415,1024,3205,3156.101628699049
3.4523887053217663,1024,3206,3535.2460342494887
3.4011923294654878,1024,3207,3482.8209453726595
2.691502359130901,1024,3208,2756.0984157500425
3.4032985719111792,1024,3209,3484.9777376370475
3.2804117102909167,1024,3210,3359.1415913378987
3.419107374599367,1024,3211,3501.165951589752
3.1841875547910448,1024,3212,3260.60805610603
3.2196388359678494,1024,3213,3296.910168031078
3.5681417992942777,1024,3214,3653.7772024773403
2.8804061725773273,1024,3215,2949.535920719183
2.932548415152638,1024,3216,3002.9295771163015
3.5833893517750255,1024,3217,3669.390696217626
3.736588972513232,1024,3218,3826.2671078535495
3.2690652501318027,1024,3219,3347.522816134966
3.0730381375830262,1024,3220,3146.791052885019
3.1957775914843527,1024,3221,3272.476253679977
2.9896258308663164,1024,3222,3061.376850807108
3.2937450603022,1024,3223,3372.794941749453
3.6334348835732815,1024,3224,3720.6373207790402
3.4338222315517015,1024,3225,3516.2339651089424
3.028411376918598,1024,3226,3101.093249964644
2.8967715032707453,1024,3227,2966.294019349243
2.68065743091449,1024,3228,2744.9932092564377
3.098112781544806,1024,3229,3172.4674883018815
3.2409270860564474,1024,3230,3318.709336121802
3.1775813614695068,1024,3231,3253.843314144775
3.2769018852653193,1024,3232,3355.547530511687
3.0665380586670565,1024,3233,3140.134972075066
3.565201590071922,1024,3234,3650.766428233648
3.514710297881905,1024,3235,3599.0633450310706
3.2883823305676714,1024,3236,3367.3035065012955
3.2647193775030416,1024,3237,3343.0726425631146
3.0428836447472385,1024,3238,3115.912852221172
2.778038839422237,1024,3239,2844.7117715683708
2.584088007855229,1024,3240,2646.1061200437543
2.676217887439602,1024,3241,2740.4471167381525
3.0622680396561464,1024,3242,3135.762472607894
3.497799536385571,1024,3243,3581.746725258825
2.9539621198602504,1024,3244,3024.8572107368964
3.245020469289898,1024,3245,3322.9009605528554
2.7968217958722335,1024,3246,2863.945518973167
2.758713914957184,1024,3247,2824.9230489161564
2.820514563949132,1024,3248,2888.206913483911
2.938159417370457,1024,3249,3008.675243387348
2.336496042835506,1024,3250,2392.5719478635583
2.4115667456713297,1024,3251,2469.4443475674416
2.5463739052576386,1024,3252,2607.486878983822
2.841891733208124,1024,3253,2910.097134805119
2.859671897597364,1024,3254,2928.304023139701
3.0371554191991947,1024,3255,3110.0471492599754
2.7661883288524542,1024,3256,2832.576848744913
3.3946281561616374,1024,3257,3476.0992319095167
2.8442828001263365,1024,3258,2912.5455873293686
2.5246843823437146,1024,3259,2585.2768075199638
3.3742918506231767,1024,3260,3455.274855038133
3.550498227049104,1024,3261,3635.7101844982826
3.1632289143237386,1024,3262,3239.1464082675084
2.760327655932997,1024,3263,2826.575519675389
3.1755616845998986,1024,3264,3251.775165030296
3.2578613996876413,1024,3265,3336.0500732801447
2.556388861218551,1024,3266,2617.742193887796
3.2335312406038277,1024,3267,3311.1359903783195
2.8819481539217477,1024,3268,2951.1149096158697
3.313638848433243,1024,3269,3393.1661807956407
3.1568892172588505,1024,3270,3232.654558473063
3.110549286289249,1024,3271,3185.202469160191
3.6245386272127575,1024,3272,3711.5275542658637
3.5559760867345007,1024,3273,3641.3195128161287
3.359285636775212,1024,3274,3439.908492057817
2.855246883818147,1024,3275,2923.7728090297824
2.687662163331055,1024,3276,2752.166055251
2.059359785880922,1024,3277,2108.784420742064
3.1453750892638936,1024,3278,3220.864091406227
3.0609208395235132,1024,3279,3134.3829396720776
2.618484743482547,1024,3280,2681.3283773261282
3.2765706454665064,1024,3281,3355.2083409577026
2.509762461976891,1024,3282,2569.996761064336
2.7432493101989373,1024,3283,2809.0872936437117
2.358865247685131,1024,3284,2415.478013629574
2.590774235439948,1024,3285,2652.952817090507
3.1073473433573113,1024,3286,3181.923679597887
3.2337663911109757,1024,3287,3311.376784497639
2.911009308572538,1024,3288,2980.873531978279
2.9113334796227903,1024,3289,2981.2054831337373
3.3078624965644394,1024,3290,3387.251196481986
3.4376006897857962,1024,3291,3520.1031063406554
3.2439752919636646,1024,3292,3321.8306989707926
3.3077143405431144,1024,3293,3387.099484716149
3.516903726280759,1024,3294,3601.3094157114974
3.159773356107678,1024,3295,3235.607916654262
2.871816647067874,1024,3296,2940.740246597503
2.7535267524835376,1024,3297,2819.6113945431425
2.948078577051234,1024,3298,3018.8324629004637
1.989536860192345,1024,3299,2037.2857448369614
2.308401986166432,1024,3300,2363.8036338344264
3.1959795897838923,1024,3301,3272.6830999387057
3.207105901246152,1024,3302,3284.0764428760594
2.853007413850264,1024,3303,2921.4795917826705
4.255687791517971,1024,3304,4357.8242985144025
3.791771285883316,1024,3305,3882.7737967445155
3.000443457511775,1024,3306,3072.4541004920575
2.9062586403794803,1024,3307,2976.008847748588
2.566695661300635,1024,3308,2628.29635717185
2.683084612393211,1024,3309,2747.478643090648
3.1479864590459243,1024,3310,3223.5381340630265
2.8392471480751453,1024,3311,2907.389079628949
3.111382216486078,1024,3312,3186.0553896817437
3.0266299297335593,1024,3313,3099.2690480471647
3.3001627511596823,1024,3314,3379.3666571875146
3.272833708830021,1024,3315,3351.3817178419413
3.002215229347584,1024,3316,3074.268394851926
3.4025304558640244,1024,3317,3484.191186804761
3.4242994877252784,1024,3318,3506.482675430685
3.3536380163798185,1024,3319,3434.125328772934
3.368498227722341,1024,3320,3449.3421851876774
3.0897681789778915,1024,3321,3163.922615273361
3.1329563709272463,1024,3322,3208.1473238295002
3.264997194407627,1024,3323,3343.35712707341
3.3808538602319658,1024,3324,3461.994352877533
3.4815225829717455,1024,3325,3565.0791249630674
3.29985948652066,1024,3326,3379.0561141971557
2.3283143646066264,1024,3327,2384.1939093571855
3.278331826385868,1024,3328,3357.0117902191287
3.7971304383129336,1024,3329,3888.261568832444
3.7346360691242353,1024,3330,3824.267334783217
3.603210033953758,1024,3331,3689.687074768648
3.0887048004932183,1024,3332,3162.8337157050555
3.030948119535452,1024,3333,3103.690874404303
3.3144198039738626,1024,3334,3393.9658792692353
2.860389259836964,1024,3335,2929.038602073051
3.3434187604848518,1024,3336,3423.660810736488
3.1178090917694874,1024,3337,3192.636509971955
2.8616653548672275,1024,3338,2930.345323384041
2.8943587524370216,1024,3339,2963.82336249551
3.5875283934282365,1024,3340,3673.629074870514
3.902989392185347,1024,3341,3996.6611375977955
2.5817722604681066,1024,3342,2643.734794719341
2.5237599324840048,1024,3343,2584.330170863621
2.7908946577398126,1024,3344,2857.876129525568
2.6463504467201275,1024,3345,2709.8628574414106
2.9697449686520114,1024,3346,3041.0188478996597
2.542390955218309,1024,3347,2603.4083381435485
2.9274758694397747,1024,3348,2997.7352903063293
3.1988199019200465,1024,3349,3275.5915795661276
2.9876531281132657,1024,3350,3059.356803187984
2.8991543642963506,1024,3351,2968.734069039463
2.9007354231898717,1024,3352,2970.3530733464286
2.960441875098425,1024,3353,3031.4924801007874
3.2133906452466405,1024,3354,3290.51202073256
2.7113590234894467,1024,3355,2776.4316400531934
2.77308432755121,1024,3356,2839.638351412439
3.404288135921661,1024,3357,3485.9910511837807
3.023950752949162,1024,3358,3096.5255710199417
3.217201774360457,1024,3359,3294.414616945108
3.1816768188042044,1024,3360,3258.0370624555053
2.8242426719607003,1024,3361,2892.024496087757
2.3540131937088216,1024,3362,2410.5095103578333
3.2864270632355463,1024,3363,3365.3013127531995
3.1937100442880455,1024,3364,3270.3590853509586
3.767084935679293,1024,3365,3857.494974135596
3.77749352791308,1024,3366,3868.153372582994
3.4991893715159037,1024,3367,3583.1699164322854
3.615418651797995,1024,3368,3702.188699441147
3.643950023701791,1024,3369,3731.404824270634
3.576703080137989,1024,3370,3662.5439540613006
3.467603026198752,1024,3371,3550.825498827522
3.612143864809326,1024,3372,3698.83531756475
3.302304857194514,1024,3373,3381.5601737671823
2.849731011327826,1024,3374,2918.124555599694
3.2965095722142337,1024,3375,3375.6258019473753
3.3703059869031335,1024,3376,3451.1933305888087
3.2527223927334568,1024,3377,3330.7877301590597
3.24407221679197,1024,3378,3321.9299499949775
2.9432465616894063,1024,3379,3013.884479169952
3.258655165770506,1024,3380,3336.862889748998
3.489979459278345,1024,3381,3573.7389663010254
3.366424205118136,1024,3382,3447.2183860409714
3.582683909515481,1024,3383,3668.6683233438525
3.46542473917566,1024,3384,3548.5949329158757
3.4854464060750274,1024,3385,3569.097119820828
3.092113776416756,1024,3386,3166.3245070507583
2.693567444309565,1024,3387,2758.2130629729945
2.3344517306689525,1024,3388,2390.4785722050074
2.1458612201357887,1024,3389,2197.3618894190477
3.1551367063234403,1024,3390,3230.859987275203
3.027477435633216,1024,3391,3100.136894088413
3.099942709194046,1024,3392,3174.3413342147032
3.2337804123480343,1024,3393,3311.391142244387
2.8086767631153755,1024,3394,2876.0850054301445
3.283680341860549,1024,3395,3362.4886700652023
3.0222281585880673,1024,3396,3094.761634394181
3.1825367704692837,1024,3397,3258.9176529605465
3.026291904135249,1024,3398,3098.922909834495
3.255392746715934,1024,3399,3333.5221726371165
2.867934871321239,1024,3400,2936.765308232949
2.9909448059369907,1024,3401,3062.7274812794785
3.0477550674705043,1024,3402,3120.9011890897964
3.2445240172381276,1024,3403,3322.3925936518426
3.327090058086066,1024,3404,3406.9402194801314
3.365412008422574,1024,3405,3446.1818966247156
3.364587236805221,1024,3406,3445.3373304885463
3.6701879762889256,1024,3407,3758.27248771986
3.394428090921455,1024,3408,3475.8943651035697
3.6691023624618495,1024,3409,3757.160819160934
3.2224364120022315,1024,3410,3299.774885890285
3.2677184880596784,1024,3411,3346.1437317731106
3.067196703602484,1024,3412,3140.8094244889435
3.4355124242844397,1024,3413,3517.9647224672663
3.1688492495805747,1024,3414,3244.9016315705085
2.955230180927659,1024,3415,3026.1557052699227
2.7284951555626407,1024,3416,2793.979039296144
3.12698483842043,1024,3417,3202.0324745425205
3.505142291408479,1024,3418,3589.2657064022824
3.3130476448270887,1024,3419,3392.560788302939
3.5549911491885453,1024,3420,3640.3109367690704
3.396986906365864,1024,3421,3478.514592118645
3.2073136850531014,1024,3422,3284.289213494376
3.3710050006119197,1024,3423,3451.9091206266057
3.213823344989315,1024,3424,3290.9551052690585
2.959400881734531,1024,3425,3030.42650289616
2.9067624592048418,1024,3426,2976.524758225758
3.1184131482304878,1024,3427,3193.2550637880195
3.1883331595257616,1024,3428,3264.85315535438
2.9964451920419855,1024,3429,3068.359876650993
2.912043211289415,1024,3430,2981.932248360361
3.4763143467038162,1024,3431,3559.745891024708
2.8165638251970933,1024,3432,2884.1613570018235
2.310063677945898,1024,3433,2365.5052062165996
1.471574994995045,1024,3434,1506.892794874926
2.69067928326438,1024,3435,2755.2555860627253
3.0176215755633464,1024,3436,3090.0444933768667
3.190731479187093,1024,3437,3267.3090346875833
2.989860589602105,1024,3438,3061.6172437525556
3.3373486236848358,1024,3439,3417.444990653272
3.246511116533462,1024,3440,3324.427383330265
3.3425485939511184,1024,3441,3422.769760205945
2.9651453280612756,1024,3442,3036.3088159347462
2.6843220134455947,1024,3443,2748.745741768289
2.764217476091119,1024,3444,2830.5586955173058
2.9059110697678285,1024,3445,2975.6529354422564
3.9918801564120656,1024,3446,4087.685280165955
4.002283172075437,1024,3447,4098.337968205247
3.953839096090121,1024,3448,4048.731234396284
3.6674699671266353,1024,3449,3755.4892463376746
3.1021622642692535,1024,3450,3176.6141586117155
2.907735731463177,1024,3451,2977.521389018293
3.1257644366808535,1024,3452,3200.782783161194
3.13012660767067,1024,3453,3205.249646254766
2.9613276679348814,1024,3454,3032.3995319653186
2.7756188445197774,1024,3455,2842.233696788252
2.739882836791356,1024,3456,2805.6400248743485
3.1155463791691673,1024,3457,3190.3194922692273
3.149254631801419,1024,3458,3224.8367429646532
2.8226700083506273,1024,3459,2890.4140885510424
3.172767300973831,1024,3460,3248.913716197203
2.8666196903148626,1024,3461,2935.4185628824193
2.519201523123499,1024,3462,2579.662359678463
3.074426766251726,1024,3463,3148.2130086417674
3.229769705826195,1024,3464,3307.2841787660236
3.057408674985396,1024,3465,3130.7864831850457
3.041677947646577,1024,3466,3114.678218390095
3.0550757395928496,1024,3467,3128.397557343078
2.9301525300106164,1024,3468,3000.476190730871
3.4336258286967762,1024,3469,3516.032848585499
3.3292346753761493,1024,3470,3409.136307585177
3.1908032258674712,1024,3471,3267.3825032882905
3.4100425833119843,1024,3472,3491.883605311472
3.4041162988793143,1024,3473,3485.815090052418
2.6586129119041857,1024,3474,2722.419621789886
2.5796417797636195,1024,3475,2641.5531824779464
3.1861745151845753,1024,3476,3262.642703549005
3.353878072937164,1024,3477,3434.3711466876557
3.351643203440176,1024,3478,3432.08264032274
2.566886070798006,1024,3479,2628.491336497158
2.5903360157405224,1024,3480,2652.504080118295
3.6149038675330303,1024,3481,3701.661560353823
2.6324277949962305,1024,3482,2695.60606207614
2.694441503698858,1024,3483,2759.1080997876306
2.6646016296418082,1024,3484,2728.5520687532116
2.89398017920238,1024,3485,2963.435703503237
2.819845380576993,1024,3486,2887.521669710841
3.4385417942699306,1024,3487,3521.066797332409
3.50150227185307,1024,3488,3585.538326377544
3.030390565344632,1024,3489,3103.1199389129033
2.314352130252736,1024,3490,2369.896581378802
2.816584445828518,1024,3491,2884.1824725284023
2.8569673930840622,1024,3492,2925.5346105180797
2.7508457599816323,1024,3493,2816.8660582211915
3.2915146713392396,1024,3494,3370.5110234513813
2.7852050498828502,1024,3495,2852.0499710800386
3.154543013987727,1024,3496,3230.2520463234323
2.803380758800614,1024,3497,2870.661897011829
2.273119194646114,1024,3498,2327.6740553176205
3.0798068573814916,1024,3499,3153.7222219586474
2.2139121231128343,1024,3500,2267.0460140675423
2.3296489254978496,1024,3501,2385.560499709798
3.780892109651404,1024,3502,3871.633520283038
3.231652445667862,1024,3503,3309.212104363891
3.520339717308275,1024,3504,3604.8278705236735
3.2924054597682186,1024,3505,3371.423190802656
3.2711329195377346,1024,3506,3349.64010960664
3.037713329765083,1024,3507,3110.618449679445
3.1271945739587466,1024,3508,3202.2472437337565
3.3073662067154714,1024,3509,3386.7429956766427
3.2217497084901083,1024,3510,3299.071701493871
3.2947086797226177,1024,3511,3373.7816880359605
3.3734749907046293,1024,3512,3454.4383904815404
2.986402837189118,1024,3513,3058.076505281657
2.8822193548446506,1024,3514,2951.3926193609223
2.8589066087797903,1024,3515,2927.5203673905053
2.9818622118603777,1024,3516,3053.4269049450268
2.6457339440004333,1024,3517,2709.2315586564437
2.737675235694547,1024,3518,2803.379441351216
3.2764250615842245,1024,3519,3355.059263062246
2.8495283719547224,1024,3520,2917.9170528816358
2.9524497128956995,1024,3521,3023.3085060051963
3.275817734893831,1024,3522,3354.437360531283
3.4779969278110876,1024,3523,3561.4688540785537
3.344806662151104,1024,3524,3425.0820220427304
3.3285083093631442,1024,3525,3408.3925087878597
2.903884793223,1024,3526,2973.578028260352
2.5512060485011148,1024,3527,2612.4349936651415
3.012651765594228,1024,3528,3084.9554079684895
2.4963471573591463,1024,3529,2556.2594891357658
2.9405975731053218,1024,3530,3011.1719148598495
1.8447206441525523,1024,3531,1888.9939396122136
2.312394066709686,1024,3532,2367.8915243107185
2.8249690717209646,1024,3533,2892.7683294422677
2.968747443269592,1024,3534,3039.9973819080624
2.8003661420725585,1024,3535,2867.5749294823
3.5662468352200847,1024,3536,3651.8367592653667
3.307214729269756,1024,3537,3386.58788277223
3.0743096812983453,1024,3538,3148.0931136495055
1.5295181456374856,1024,3539,1566.2265811327852
2.7000340698117737,1024,3540,2764.8348874872563
3.740798012050547,1024,3541,3830.57716433976
3.3589702677118964,1024,3542,3439.585554136982
3.1590079083173777,1024,3543,3234.8240981169947
3.0998908786820074,1024,3544,3174.2882597703756
3.421581301748205,1024,3545,3503.6992529901618
3.0146896945348907,1024,3546,3087.042247203728
2.816466196250918,1024,3547,2884.06138496094
3.0752873370439815,1024,3548,3149.094233133037
3.3383518491444235,1024,3549,3418.4722935238897
3.264158834458412,1024,3550,3342.4986464854137
3.082909289314081,1024,3551,3156.899112257619
3.2483834940974337,1024,3552,3326.344697955772
2.848087329747017,1024,3553,2916.4414256609452
2.996905223186335,1024,3554,3068.830948542807
2.8890383065571967,1024,3555,2958.3752259145695
2.795819863373147,1024,3556,2862.9195400941026
2.678820154736428,1024,3557,2743.1118384501024
3.579610408728172,1024,3558,3665.521058537648
3.6111670715877615,1024,3559,3697.835081305868
3.316292283257205,1024,3560,3395.883298055378
3.2470698917302343,1024,3561,3324.99956913176
2.5946869575389258,1024,3562,2656.95944451986
2.5636011315270935,1024,3563,2625.1275586837437
2.704283468702421,1024,3564,2769.186271951279
2.8353257429284895,1024,3565,2903.3735607587732
3.093348726418757,1024,3566,3167.589095852807
3.1517895128688913,1024,3567,3227.4324611777447
3.338369940326146,1024,3568,3418.4908188939735
3.2701801796044663,1024,3569,3348.6645039149735
3.0431267200759464,1024,3570,3116.161761357769
3.4649721993901466,1024,3571,3548.13153217551
3.6055984298672854,1024,3572,3692.1327921841003
3.3638905033003397,1024,3573,3444.623875379548
3.2113996621896774,1024,3574,3288.4732540822297
3.3036189851890185,1024,3575,3382.905840833555
2.9899870941462723,1024,3576,3061.746784405783
3.0505239614087287,1024,3577,3123.736536482538
3.0359595480505135,1024,3578,3108.822577203726
2.7234324706558084,1024,3579,2788.794849951548
3.366646840828423,1024,3580,3447.4463650083053
3.892538673778102,1024,3581,3985.9596019487763
3.3256858357190033,1024,3582,3405.5022957762594
3.2833628207528616,1024,3583,3362.1635284509302
3.1672761232484135,1024,3584,3243.2907502063754
3.073668531304662,1024,3585,3147.436576055974
3.1669154717750843,1024,3586,3242.9214430976863
3.148701941022839,1024,3587,3224.2707876073873
2.7728465269683014,1024,3588,2839.3948436155406
2.733251426721864,1024,3589,2798.849460963189
2.573183447577623,1024,3590,2634.939850319486
2.0305804309803133,1024,3591,2079.314361323841
1.737960999301201,1024,3592,1779.67206328443
1.6636787358860872,1024,3593,1703.6070255473533
1.7690370779632616,1024,3594,1811.4939678343799
3.1848073591443637,1024,3595,3261.2427357638285
2.818335399130376,1024,3596,2885.975448709505
3.083939778784128,1024,3597,3157.954333474947
3.266079123477084,1024,3598,3344.465022440534
3.053674870261773,1024,3599,3126.9630671480554
2.9820063712944886,1024,3600,3053.5745242055564
2.1702827336667134,1024,3601,2222.3695192747145
2.3472461957954778,1024,3602,2403.5801044945692
2.5809237613144447,1024,3603,2642.8659315859913
3.3543551249051404,1024,3604,3434.859647902864
3.1059343063661657,1024,3605,3180.4767297189537
2.58201003175804,1024,3606,2643.978272520233
3.230720227636546,1024,3607,3308.257513099823
3.3391002261830636,1024,3608,3419.238631611457
3.045845749286098,1024,3609,3118.9460472689643
3.0866160919939984,1024,3610,3160.6948782018544
3.0733280074527336,1024,3611,3147.087879631599
3.223154548921393,1024,3612,3300.5102580955063
2.5875510204252663,1024,3613,2649.6522449154727
2.796232276048169,1024,3614,2863.341850673325
3.0112274515578363,1024,3615,3083.4969103952244
2.8551416572696944,1024,3616,2923.665057044167
3.202954326870014,1024,3617,3279.825230714894
2.820807042612998,1024,3618,2888.50641163571
3.0044547676228746,1024,3619,3076.5616820458235
2.8836321306251733,1024,3620,2952.8393017601775
2.9792263548582163,1024,3621,3050.7277873748135
2.689157017653706,1024,3622,2753.696786077395
2.8757194526881698,1024,3623,2944.736719552686
3.751006392526193,1024,3624,3841.030545946822
3.2594004687900764,1024,3625,3337.626080041038
3.2325017035849015,1024,3626,3310.081744470939
3.3363948744652134,1024,3627,3416.4683514523786
2.5384981416963157,1024,3628,2599.4220970970273
2.9527111704433047,1024,3629,3023.576238533944
2.770661562175178,1024,3630,2837.1574396673823
3.24035794902332,1024,3631,3318.1265397998795
2.588762217286199,1024,3632,2650.8925105010676
2.3670969730406375,1024,3633,2423.907300393613
2.9258777503089135,1024,3634,2996.0988163163274
3.0203147738198624,1024,3635,3092.802328391539
2.5843338873489046,1024,3636,2646.3579006452783
3.0510307824432807,1024,3637,3124.2555212219195
3.227596501237855,1024,3638,3305.0588172675634
3.412158285452147,1024,3639,3494.0500843029986
2.957889842777357,1024,3640,3028.8791990040136
3.190101073901417,1024,3641,3266.663499675051
3.142368036660109,1024,3642,3217.7848695399516
2.5290713075050775,1024,3643,2589.7690188851993
3.156668346695877,1024,3644,3232.428387016578
2.833469931400252,1024,3645,2901.473209753858
3.0708804123024542,1024,3646,3144.581542197713
3.045369072172793,1024,3647,3118.45792990494
2.3332449383862013,1024,3648,2389.24281690747
3.2787390868705018,1024,3649,3357.428824955394
2.9882911508576058,1024,3650,3060.0101384781883
2.379352200369368,1024,3651,2436.456653178233
2.7818327609014553,1024,3652,2848.59674716309
2.7688631444799263,1024,3653,2835.3158599474446
3.042600599208214,1024,3654,3115.623013589211
3.0064375877452107,1024,3655,3078.592089851096
3.0492978250632348,1024,3656,3122.4809728647524
3.1095686941604015,1024,3657,3184.198342820251
3.165702528568321,1024,3658,3241.679389253961
2.963568665887742,1024,3659,3034.6943138690476
2.8050945383268626,1024,3660,2872.4168072467073
2.9146881325883864,1024,3661,2984.6406477705077
3.5259129525213027,1024,3662,3610.534863381814
3.7485534522679913,1024,3663,3838.518735122423
2.9517742558733744,1024,3664,3022.6168380143354
3.146857351166375,1024,3665,3222.381927594368
3.042035842708998,1024,3666,3115.044702934014
3.1941041981137346,1024,3667,3270.762698868464
2.650177349688448,1024,3668,2713.781606080971
2.781552677377441,1024,3669,2848.3099416344994
2.93525006573178,1024,3670,3005.6960673093427
3.211263690725559,1024,3671,3288.3340193029726
2.441747218823224,1024,3672,2500.3491520749812
3.1240087498030675,1024,3673,3198.984959798341
3.280108013399829,1024,3674,3358.830605721425
3.093688761043353,1024,3675,3167.9372913083935
3.1967158141851133,1024,3676,3273.436993725556
3.273749624059505,1024,3677,3352.319615036933
2.7913032733073493,1024,3678,2858.2945518667257
3.048169039732983,1024,3679,3121.3250966865744
2.9785920946908533,1024,3680,3050.0783049634338
2.978147806453036,1024,3681,3049.6233538079086
3.1517067957822995,1024,3682,3227.3477588810747
3.335033822988464,1024,3683,3415.0746347401873
3.3267143260069147,1024,3684,3406.5554698310807
3.2263239762706206,1024,3685,3303.7557517011155
3.0781077445015512,1024,3686,3151.9823303695885
3.3304033096439696,1024,3687,3410.332989075425
3.0663154096141128,1024,3688,3139.9069794448515
3.2720525358806682,1024,3689,3350.5817967418043
2.986223818083843,1024,3690,3057.8931897178554
3.8651006184812076,1024,3691,3957.8630333247565
3.270647181048389,1024,3692,3349.1427133935504
3.4499949877491645,1024,3693,3532.7948674551444
3.082975254368648,1024,3694,3156.9666604734957
3.2445219325544485,1024,3695,3322.3904589357553
3.4818215292950754,1024,3696,3565.385245998157
2.7817905503465,1024,3697,2848.553523554816
2.7984690897348585,1024,3698,2865.632347888495
2.8586789957854126,1024,3699,2927.2872916842625
3.213235541031821,1024,3700,3290.353194016585
2.8822027202049156,1024,3701,2951.3755854898336
3.20021586899648,1024,3702,3277.0210498523957
3.0158381187018968,1024,3703,3088.2182335507423
3.1762931972161326,1024,3704,3252.5242339493198
3.184699100662808,1024,3705,3261.1318790787154
3.250548619328569,1024,3706,3328.5617861924547
3.4749449441769045,1024,3707,3558.34362283715
3.2930423117205976,1024,3708,3372.075327201892
3.065496623737463,1024,3709,3139.068542707162
2.859975696390636,1024,3710,2928.6151131040115
3.0222567414041066,1024,3711,3094.790903197805
3.023007650232003,1024,3712,3095.559833837571
3.2903106561965245,1024,3713,3369.278111945241
3.3075361186269836,1024,3714,3386.916985474031
3.10190649091168,1024,3715,3176.35224669356
3.312558825274113,1024,3716,3392.060237080692
2.5377622072251143,1024,3717,2598.668500198517
3.1297751101370466,1024,3718,3204.8897127803357
3.3794815328173797,1024,3719,3460.589089604997
3.443690840636549,1024,3720,3526.339420811826
3.378298619036059,1024,3721,3459.3777858929243
3.321201873274916,1024,3722,3400.9107182335138
2.8997776404626547,1024,3723,2969.3723038337585
2.5291995696816496,1024,3724,2589.900359354009
2.935110031137725,1024,3725,3005.5526718850306
3.212139936717165,1024,3726,3289.2312951983768
3.157837063305564,1024,3727,3233.6251528248977
2.8986072125901856,1024,3728,2968.17378569235
3.3558379374469,1024,3729,3436.3780479456254
3.1659555360219827,1024,3730,3241.9384688865102
3.165233091963927,1024,3731,3241.198686171061
2.7546791764956504,1024,3732,2820.791476731546
2.649881702557682,1024,3733,2713.4788634190663
3.3132531914102543,1024,3734,3392.7712680041004
2.930213842006939,1024,3735,3000.5389742151056
3.2098665298702826,1024,3736,3286.9033265871694
3.4914205798409057,1024,3737,3575.2146737570874
3.7729437058883093,1024,3738,3863.4943548296287
2.697745971745375,1024,3739,2762.491875067264
2.8023181659321423,1024,3740,2869.5738019145138
3.017424507503428,1024,3741,3089.84269568351
3.1704630287449618,1024,3742,3246.554141434841
3.049013746669374,1024,3743,3122.190076589439
3.3576036645002034,1024,3744,3438.1861524482083
3.478521669086323,1024,3745,3562.0061891443947
2.73694479686111,1024,3746,2802.6314719857764
3.353441758595096,1024,3747,3433.9243608013785
3.141650239920665,1024,3748,3217.049845678761
3.162887051098302,1024,3749,3238.7963403246613
3.296156121487435,1024,3750,3375.2638684031335
2.350761467625798,1024,3751,2407.179742848817
2.986426874514752,1024,3752,3058.101119503106
3.0729377466047936,1024,3753,3146.6882525233086
2.5775415250964926,1024,3754,2639.4025216988084
2.464391511765605,1024,3755,2523.5369080479795
2.969748547000405,1024,3756,3041.0225121284147
3.2063718568737123,1024,3757,3283.3247814386814
2.8064685273188275,1024,3758,2873.8237719744793
3.037960421578589,1024,3759,3110.871471696475
3.256099513499265,1024,3760,3334.2459018232476
3.0526269690812455,1024,3761,3125.8900163391954
2.913791812844117,1024,3762,2983.722816352376
2.7584569167417357,1024,3763,2824.6598827435373
2.478948004315967,1024,3764,2538.4427564195503
2.924156466091958,1024,3765,2994.336221278165
3.242543153701643,1024,3766,3320.3641893904824
3.176169002835934,1024,3767,3252.3970589039964
2.8642801945326255,1024,3768,2933.0229192014085
3.216096521442309,1024,3769,3293.2828379569246
3.025197099240799,1024,3770,3097.801829622578
2.827484350871309,1024,3771,2895.3439752922204
3.004440510468413,1024,3772,3076.547082719655
2.9895348832776634,1024,3773,3061.2837204763273
3.037805005141422,1024,3774,3110.712325264816
3.1445642873471797,1024,3775,3220.033830243512
3.3747938184517388,1024,3776,3455.7888700945805
2.825506327198063,1024,3777,2893.3184790508167
2.799985706492123,1024,3778,2867.185363447934
2.8150164398167448,1024,3779,2882.5768343723466
2.7007580237427575,1024,3780,2765.5762163125837
2.645670243029439,1024,3781,2709.1663288621457
2.7233435522187364,1024,3782,2788.703797471986
2.784468285860944,1024,3783,2851.295524721607
2.9923703075593338,1024,3784,3064.1871949407578
2.9545004216746324,1024,3785,3025.4084317948236
3.196652518240768,1024,3786,3273.3721786785463
3.2342917656361045,1024,3787,3311.914768011371
3.4036244623326013,1024,3788,3485.3114494285837
3.3650356932954466,1024,3789,3445.7965499345373
3.203765205621412,1024,3790,3280.655570556326
3.4129382783917777,1024,3791,3494.8487970731803
3.3061518703722754,1024,3792,3385.49951526121
3.5230848825547767,1024,3793,3607.6389197360913
3.348964859682752,1024,3794,3429.340016315138
3.3663742405893515,1024,3795,3447.167222363496
3.057869089578716,1024,3796,3131.2579477286054
3.4820989661803736,1024,3797,3565.6693413687026
2.7739968784460522,1024,3798,2840.5728035287575
2.7407445873845404,1024,3799,2806.5224574817694
3.152820792373415,1024,3800,3228.488491390377
3.2456263146217275,1024,3801,3323.521346172649
3.108518154307305,1024,3802,3183.12259001068
2.922919432882125,1024,3803,2993.069499271296
2.9166289323163355,1024,3804,2986.6280266919275
3.132812949690262,1024,3805,3208.000460482828
2.9185972800748345,1024,3806,2988.6436147966306
3.1872603226954084,1024,3807,3263.754570440098
3.920042038759675,1024,3808,4014.1230476899073
3.1433717048926155,1024,3809,3218.8126258100383
3.328518216682017,1024,3810,3408.4026538823855
2.9783628479932958,1024,3811,3049.843556345135
2.8136051474322983,1024,3812,2881.1316709706734
3.014074548895792,1024,3813,3086.412338069291
2.8920432370177593,1024,3814,2961.4522747061856
3.1125294104303904,1024,3815,3187.23011628072
3.167529402187631,1024,3816,3243.550107840134
2.783937032524534,1024,3817,2850.751521305123
2.8370511792648756,1024,3818,2905.1404075672326
2.8421935659990822,1024,3819,2910.40621158306
2.7238363005355586,1024,3820,2789.208371748412
2.599789887252335,1024,3821,2662.184844546391
3.4452518917484554,1024,3822,3527.9379371504183
3.3652476141797933,1024,3823,3446.0135569201084
3.599695693812464,1024,3824,3686.088390463963
3.684420102522836,1024,3825,3772.846184983384
3.6135664673075496,1024,3826,3700.292062522931
3.722143404179633,1024,3827,3811.474845879944
3.6727116927291377,1024,3828,3760.856773354637
3.2952114993744033,1024,3829,3374.296575359389
3.3366328055952295,1024,3830,3416.711992929515
3.15128050457232,1024,3831,3226.9112366820555
2.9708201687853943,1024,3832,3042.119852836244
2.8670660303071287,1024,3833,2935.8756150345
2.739940029438033,1024,3834,2805.698590144546
2.612975057988473,1024,3835,2675.6864593801965
3.032594196451825,1024,3836,3105.376457166669
3.1884212122346582,1024,3837,3264.94332132829
3.162182629278494,1024,3838,3238.0750123811777
3.570840713241182,1024,3839,3656.5408903589705
3.4407515514916014,1024,3840,3523.3295887274
3.7633890144126667,1024,3841,3853.7103507585707
3.595205916678829,1024,3842,3681.4908586791207
3.5794791312116416,1024,3843,3665.386630360721
3.396678281260236,1024,3844,3478.1985600104817
3.278124879912795,1024,3845,3356.799877030702
2.8520135984990596,1024,3846,2920.461924863037
3.4636365830915565,1024,3847,3546.763861085754
2.9065006862386724,1024,3848,2976.2567027084006
2.6771952833737203,1024,3849,2741.4479701746895
2.6366002026550177,1024,3850,2699.878607518738
2.4099386442562105,1024,3851,2467.7771717183596
2.7286672513890284,1024,3852,2794.155265422365
3.0459148015825264,1024,3853,3119.016756820507
2.8633798388531773,1024,3854,2932.1009549856535
2.964843089937986,1024,3855,3035.9993240964977
3.1754450179207048,1024,3856,3251.6556983508017
2.909906784517794,1024,3857,2979.744547346221
2.88851589556657,1024,3858,2957.840277060168
2.7207690712536134,1024,3859,2786.0675289637
2.9844734786600293,1024,3860,3056.10084214787
2.982875926002855,1024,3861,3054.4649482269233
2.9871510386294515,1024,3862,3058.8426635565584
2.9268878887352017,1024,3863,2997.1331980648465
2.2526772514614635,1024,3864,2306.7415054965386
3.121498680256977,1024,3865,3196.4146485831443
3.5035537481369943,1024,3866,3587.639038092282
2.351762295257906,1024,3867,2408.204590344096
2.5809880660101427,1024,3868,2642.931779594386
3.0830881173470672,1024,3869,3157.082232163397
3.098806995282324,1024,3870,3173.1783631690996
3.1676579749746665,1024,3871,3243.6817663740585
2.999779754674691,1024,3872,3071.7744687868835
2.752780405798106,1024,3873,2818.8471355372603
2.8317316707722853,1024,3874,2899.69323087082
2.9884485333353723,1024,3875,3060.1712981354212
3.2272277749483393,1024,3876,3304.6812415470995
2.9269453596813975,1024,3877,2997.192048313751
3.0057198331765456,1024,3878,3077.8571091727827
3.388018384062029,1024,3879,3469.3308252795177
3.0598947695774683,1024,3880,3133.3322440473275
2.8766690947751634,1024,3881,2945.7091530497673
3.089413572806894,1024,3882,3163.5594985542593
2.747884720564482,1024,3883,2813.8339538580294
2.977340331634334,1024,3884,3048.796499593558
3.095814650207217,1024,3885,3170.11420181219
3.798820307922597,1024,3886,3889.991995312739
3.1745190124386653,1024,3887,3250.7074687371933
3.140220626565707,1024,3888,3215.585921603284
2.954676545672804,1024,3889,3025.588782768951
2.970894818958861,1024,3890,3042.1962946138738
2.7741698275496587,1024,3891,2840.7499034108505
2.6539032826501825,1024,3892,2717.596961433787
3.222464977019218,1024,3893,3299.804136467679
3.042407437737083,1024,3894,3115.425216242773
3.1466245778188124,1024,3895,3222.143567686464
3.0240848987918874,1024,3896,3096.6629363628927
3.173265814328392,1024,3897,3249.4241938722735
3.1471546438807074,1024,3898,3222.6863553338444
3.381793561681544,1024,3899,3462.956607161901
3.3431916921000315,1024,3900,3423.4282927104323
3.2965018633144787,1024,3901,3375.617908034026
2.43647491390351,1024,3902,2494.950311837194
3.008273321091874,1024,3903,3080.471880798079
3.37529410209288,1024,3904,3456.3011605431093
3.605553741778408,1024,3905,3692.08703158109
3.3981252169944582,1024,3906,3479.6802222023252
3.392115443840055,1024,3907,3473.5262144922162
3.7085926154423987,1024,3908,3797.5988382130163
3.574752679115022,1024,3909,3660.5467434137827
3.5688825681933167,1024,3910,3654.5357498299563
2.6821224247181554,1024,3911,2746.493362911391
3.149649793955973,1024,3912,3225.2413890109165
3.1531870636933093,1024,3913,3228.8635532219487
3.319448532272773,1024,3914,3399.1152970473195
3.344834861791952,1024,3915,3425.110898474959
3.2458657070581864,1024,3916,3323.766484027583
3.2769001003529183,1024,3917,3355.5457027613884
3.0465184751395498,1024,3918,3119.634918542899
2.6622957624980117,1024,3919,2726.190860797964
1.563294671174333,1024,3920,1600.813743282517
2.758982573837585,1024,3921,2825.198155609687
2.7943551356799325,1024,3922,2861.419658936251
3.407965324738001,1024,3923,3489.756492531713
3.225569671928355,1024,3924,3302.9833440546354
3.488240949278662,1024,3925,3571.95873206135
3.30718418980058,1024,3926,3386.556610355794
2.0819830563364388,1024,3927,2131.9506496885133
2.7467541676561567,1024,3928,2812.6762676799044
2.1545993401135775,1024,3929,2206.3097242763033
2.634913926111139,1024,3930,2698.1518603378063
2.5736278814553657,1024,3931,2635.3949506102945
2.8202634744542436,1024,3932,2887.9497978411455
3.1766475877238918,1024,3933,3252.887129829265
3.2997992550799893,1024,3934,3378.994437201909
3.4382900782119634,1024,3935,3520.8090400890505
3.4385036156125466,1024,3936,3521.0277023872477
3.3502454699531654,1024,3937,3430.6513612320414
3.4130477493828835,1024,3938,3494.9608953680727
3.44597489182604,1024,3939,3528.678289229865
3.565224800227952,1024,3940,3650.790195433423
3.698541665520679,1024,3941,3787.3066654931754
3.630316836191298,1024,3942,3717.4444402598892
3.3754897885696664,1024,3943,3456.5015434953384
2.873604662512495,1024,3944,2942.571174412795
3.2675345953748884,1024,3945,3345.9554256638858
2.7227946293350698,1024,3946,2788.1417004391114
2.6982389731998957,1024,3947,2762.996708556693
3.0298791912325704,1024,3948,3102.596291822152
3.085723885120945,1024,3949,3159.781258363848
3.688601634737573,1024,3950,3777.1280739712747
3.090636306653593,1024,3951,3164.8115780132794
3.1344757466283344,1024,3952,3209.7031645474144
3.2468059395839965,1024,3953,3324.7292821340125
3.343848287977629,1024,3954,3424.100646889092
3.4577964898258458,1024,3955,3540.783605581666
3.4225102436228383,1024,3956,3504.6504894697864
3.588535528398644,1024,3957,3674.6603810802117
3.157574775865873,1024,3958,3233.356570486654
3.1860051531395257,1024,3959,3262.4692768148743
3.319839469764297,1024,3960,3399.51561703864
3.1313972593617123,1024,3961,3206.5507935863934
3.383576523435096,1024,3962,3464.782359997538
3.117465554529801,1024,3963,3192.284727838516
2.7359579172177675,1024,3964,2801.620907230994
2.724348409531448,1024,3965,2789.7327713602026
2.811253104089076,1024,3966,2878.7231785872136
3.3569404420173896,1024,3967,3437.507012625807
2.795460638826345,1024,3968,2862.5516941581773
3.2002101050653664,1024,3969,3277.015147586935
2.7921715398311022,1024,3970,2859.1836567870487
2.908406658862134,1024,3971,2978.208418674825
3.309486958322921,1024,3972,3388.9146453226713
3.211810014238125,1024,3973,3288.89345457984
3.2874643400417085,1024,3974,3366.3634842027095
3.282912059220152,1024,3975,3361.7019486414356
3.256321277344739,1024,3976,3334.4729880010127
3.1616567297680582,1024,3977,3237.5364912824916
3.461549485259809,1024,3978,3544.6266729060444
3.072728739270076,1024,3979,3146.4742290125578
3.4393378669487475,1024,3980,3521.8819757555175
3.1184366536398613,1024,3981,3193.279133327218
2.7730810443708975,1024,3982,2839.634989435799
2.4566754321434843,1024,3983,2515.635642514928
3.1561598846237757,1024,3984,3231.9077218547463
3.029032955176689,1024,3985,3101.7297461009293
3.012714879026646,1024,3986,3085.0200361232855
2.73769898918178,1024,3987,2803.4037649221427
3.0630918223733623,1024,3988,3136.606026110323
2.5993667565631693,1024,3989,2661.7515587206854
3.1013065285906407,1024,3990,3175.737885276816
3.303855273913605,1024,3991,3383.1478004875316
3.561270678295518,1024,3992,3646.7411745746103
3.124061756123581,1024,3993,3199.039238270547
3.1497948968984417,1024,3994,3225.3899744240043
3.3496353403660706,1024,3995,3430.0265885348563
3.0545889099616943,1024,3996,3127.899043800775
2.671328527323098,1024,3997,2735.4404119788524
3.134448956035598,1024,3998,3209.6757309804525
2.968831858127004,1024,3999,3040.083822722052
3.04526330569189,1024,4000,3118.349625028495
3.1187679690630787,1024,4001,3193.6184003205926
3.055010325065936,1024,4002,3128.3305728675186
3.264280224470877,1024,4003,3342.622949858178
3.3575404217509117,1024,4004,3438.1213918729336
3.5571535360790705,1024,4005,3642.525220944968
3.389316495503728,1024,4006,3470.6600913958173
3.01491301095281,1024,4007,3087.2709232156776
3.5508804197750408,1024,4008,3636.1015498496417
3.4376260271415484,1024,4009,3520.1290517929456
2.9876770019220693,1024,4010,3059.381249968199
2.7598102903633723,1024,4011,2826.0457373320933
2.4913168147446214,1024,4012,2551.1084182984923
3.071316925558179,1024,4013,3145.028531771575
2.937369052286755,1024,4014,3007.865909541637
3.162034428515426,1024,4015,3237.9232547997963
3.208276432829109,1024,4016,3285.2750672170077
3.111834618206757,1024,4017,3186.518649043719
2.6774015208354625,1024,4018,2741.6591573355136
3.1101867338886393,1024,4019,3184.8312155019667
3.427982204103273,1024,4020,3510.2537770017516
3.460920394746296,1024,4021,3543.982484220207
3.5942012717860337,1024,4022,3680.4621023088985
3.3384953013822596,1024,4023,3418.619188615434
3.006417752509023,1024,4024,3078.5717785692395
3.187941637390452,1024,4025,3264.4522366878227
2.9942578395462593,1024,4026,3066.1200276953696
3.0415925178220533,1024,4027,3114.5907382497826
3.223627937688562,1024,4028,3300.9950081930874
2.9814969796995143,1024,4029,3053.0529072123027
3.4920795793359787,1024,4030,3575.889489240042
3.763700400289977,1024,4031,3854.0292098969367
2.8888523478532306,1024,4032,2958.184804201708
2.365328320920611,1024,4033,2422.0962006227055
3.0675939232128044,1024,4034,3141.2161773699117
3.0521818804531975,1024,4035,3125.4342455840742
3.0003860222890353,1024,4036,3072.395286823972
2.993690087919049,1024,4037,3065.538650029106
3.0559334394923425,1024,4038,3129.2758420401588
3.2733293023985013,1024,4039,3351.8892056560653
2.9363264878337105,1024,4040,3006.7983235417196
2.962402805104915,1024,4041,3033.500472427433
2.7116599920669415,1024,4042,2776.739831876548
3.412034080558186,1024,4043,3493.9228984915826
2.975558387727439,1024,4044,3046.9717890328975
3.2126980114261414,1024,4045,3289.802763700369
3.2275717102910946,1024,4046,3305.033431338081
2.659311690028769,1024,4047,2723.1351705894594
2.916619375759818,1024,4048,2986.6182407780534
3.178615556329447,1024,4049,3254.902329681354
3.0872479582010826,1024,4050,3161.3419091979085
2.970040710109398,1024,4051,3041.3216871520235
2.8310129106671127,1024,4052,2898.9572205231234
2.054241504156753,1024,4053,2103.543300256515
2.471413709658505,1024,4054,2530.727638690309
3.805307538551574,1024,4055,3896.634919476812
3.796010996986638,1024,4056,3887.1152609143173
3.5911296874221392,1024,4057,3677.3167999202706
3.5917533274800206,1024,4058,3677.955407339541
3.2601809190186035,1024,4059,3338.42526107505
3.298242110798114,1024,4060,3377.3999214572686
3.394231067107775,1024,4061,3475.6926127183615
3.2053510547553614,1024,4062,3282.27948006949
2.860874377242908,1024,4063,2929.5353622967377
2.93967351056844,1024,4064,3010.2256748220825
3.172738971467652,1024,4065,3248.8847067828756
3.108055989225136,1024,4066,3182.649332966539
3.1028458901264457,1024,4067,3177.3141914894804
3.0727285118643763,1024,4068,3146.4739961491214
2.2789072218401003,1024,4069,2333.6009951642627
3.2351992699890957,1024,4070,3312.844052468834
3.4078956462536496,1024,4071,3489.685141763737
3.290870482207879,1024,4072,3369.851373780868
3.069258201050502,1024,4073,3142.920397875714
2.7432077760276457,1024,4074,2809.044762652309
2.694628980923328,1024,4075,2759.300076465488
3.011905092840749,1024,4076,3084.190815068927
2.738253591217358,1024,4077,2803.9716774065746
2.8481385116694042,1024,4078,2916.49383594947
3.0997791087037,1024,4079,3174.173807312589
3.351205202254448,1024,4080,3431.634127108555
3.265740517086698,1024,4081,3344.1182894967787
2.820478527754034,1024,4082,2888.1700124201307
2.9026162548736103,1024,4083,2972.279044990577
3.3924712687076806,1024,4084,3473.890579156665
3.3586161610402883,1024,4085,3439.222948905255
3.3956903816898034,1024,4086,3477.1869508503587
2.3908992251014567,1024,4087,2448.2808065038917
2.7444984376534762,1024,4088,2810.3664001571597
2.569628414863299,1024,4089,2631.2994968200182
2.645321588019197,1024,4090,2708.8093061316576
2.6486344451448627,1024,4091,2712.2016718283394
1.9344836552650708,1024,4092,1980.9112629914325
3.5321202332768085,1024,4093,3616.891118875452
3.187317652004957,1024,4094,3263.813275653076
2.9280126157777033,1024,4095,2998.284918556368
