correct,id,label,original_id,prediction,scores
False,0,3,24,2,"[4.125, 6.25, 3.59375, 3.9375]"
False,1,3,92,2,"[3.59375, 2.734375, 2.421875, 2.9375]"
True,2,2,106,2,"[2.625, 3.203125, 2.40625, 4.375]"
False,3,2,114,0,"[2.46875, 4.6875, 3.78125, 3.96875]"
False,4,1,116,2,"[2.203125, 2.5625, 1.71875, 2.515625]"
False,5,1,117,2,"[6.0625, 3.90625, 2.375, 4.15625]"
False,6,2,149,0,"[1.953125, 2.265625, 3.09375, 3.21875]"
False,7,0,170,3,"[5.71875, 5.5, 3.5625, 3.5]"
False,8,1,180,2,"[3.96875, 2.796875, 2.5625, 4.90625]"
False,9,1,182,0,"[3.0, 4.125, 3.3125, 4.28125]"
True,10,3,185,3,"[2.53125, 2.75, 4.3125, 2.4375]"
False,11,3,186,0,"[2.296875, 3.609375, 3.5625, 4.3125]"
False,12,2,187,1,"[4.21875, 3.015625, 3.265625, 3.4375]"
False,13,2,188,3,"[5.28125, 4.1875, 2.9375, 2.71875]"
False,14,0,192,3,"[3.734375, 4.1875, 4.75, 3.09375]"
True,15,3,200,3,"[4.0625, 2.953125, 3.484375, 2.796875]"
False,16,2,225,1,"[3.78125, 2.640625, 3.359375, 3.171875]"
False,17,0,245,2,"[4.375, 4.5625, 3.640625, 4.03125]"
False,18,1,246,0,"[3.34375, 4.75, 4.28125, 3.890625]"
True,19,1,247,1,"[3.265625, 3.15625, 3.421875, 3.8125]"
False,20,1,282,3,"[3.328125, 4.9375, 3.75, 3.3125]"
False,21,0,354,3,"[2.390625, 3.921875, 4.125, 1.546875]"
True,22,3,378,3,"[4.0625, 5.84375, 4.25, 3.953125]"
True,23,3,380,3,"[2.640625, 3.625, 3.421875, 2.59375]"
False,24,0,385,1,"[4.375, 3.859375, 4.03125, 4.1875]"
False,25,3,386,1,"[4.46875, 3.5, 4.21875, 4.09375]"
True,26,0,393,0,"[3.53125, 4.34375, 5.21875, 3.890625]"
True,27,3,398,3,"[3.296875, 4.875, 3.953125, 2.890625]"
True,28,1,399,1,"[3.078125, 2.65625, 4.40625, 3.234375]"
True,29,3,400,3,"[3.90625, 5.3125, 4.0625, 3.484375]"
False,30,1,402,2,"[3.328125, 3.71875, 2.421875, 3.0625]"
False,31,0,478,1,"[3.984375, 3.109375, 4.0625, 3.203125]"
True,32,1,479,1,"[3.765625, 1.8671875, 4.5625, 3.96875]"
False,33,2,491,1,"[3.125, 2.890625, 3.5, 4.5]"
False,34,0,492,3,"[3.3125, 2.671875, 4.53125, 2.65625]"
False,35,0,493,2,"[3.625, 3.546875, 2.890625, 3.84375]"
True,36,3,503,3,"[4.15625, 3.453125, 4.25, 2.859375]"
False,37,2,527,3,"[3.078125, 4.0625, 3.15625, 2.890625]"
True,38,2,529,2,"[5.59375, 4.78125, 3.03125, 3.390625]"
True,39,1,560,1,"[5.90625, 3.4375, 3.90625, 3.5625]"
False,40,2,586,0,"[3.265625, 3.921875, 3.3125, 4.75]"
False,41,2,604,0,"[3.21875, 5.1875, 3.71875, 4.1875]"
True,42,3,605,3,"[3.359375, 5.0625, 3.234375, 2.109375]"
False,43,2,606,3,"[3.984375, 4.28125, 3.890625, 3.640625]"
True,44,0,615,0,"[2.890625, 3.6875, 4.0, 4.375]"
True,45,0,616,0,"[3.171875, 3.453125, 6.8125, 5.15625]"
True,46,0,618,0,"[2.34375, 2.484375, 3.265625, 4.625]"
False,47,0,619,1,"[4.40625, 2.921875, 4.3125, 4.625]"
False,48,3,689,0,"[1.6640625, 4.59375, 1.8203125, 3.203125]"
True,49,2,708,2,"[6.21875, 4.65625, 3.3125, 4.5]"
False,50,2,712,1,"[3.734375, 3.6875, 4.5, 3.921875]"
True,51,2,748,2,"[4.5, 3.734375, 3.6875, 4.21875]"
False,52,2,801,1,"[4.90625, 2.484375, 2.640625, 2.921875]"
False,53,3,818,1,"[3.203125, 2.6875, 3.96875, 3.796875]"
False,54,1,819,2,"[3.5625, 4.0, 2.78125, 3.75]"
True,55,1,854,1,"[3.25, 3.234375, 5.3125, 4.21875]"
True,56,2,855,2,"[3.484375, 3.875, 3.234375, 3.359375]"
False,57,1,858,3,"[3.5, 3.578125, 4.375, 3.4375]"
False,58,0,859,3,"[3.578125, 3.828125, 3.71875, 3.296875]"
False,59,1,875,3,"[4.75, 4.0625, 3.140625, 3.0625]"
False,60,1,876,2,"[3.859375, 3.09375, 2.390625, 5.28125]"
False,61,1,883,3,"[5.125, 3.09375, 3.765625, 2.609375]"
False,62,2,884,3,"[2.8125, 2.953125, 2.9375, 2.53125]"
False,63,1,886,3,"[5.125, 4.09375, 3.515625, 3.15625]"
False,64,3,887,2,"[3.390625, 3.609375, 2.984375, 3.5625]"
False,65,2,888,0,"[3.09375, 3.4375, 3.25, 3.65625]"
True,66,0,923,0,"[3.421875, 3.6875, 4.4375, 5.34375]"
False,67,1,924,3,"[3.3125, 3.78125, 3.078125, 2.671875]"
True,68,0,942,0,"[3.421875, 3.5, 3.71875, 4.75]"
True,69,0,950,0,"[3.15625, 3.46875, 4.15625, 3.265625]"
False,70,2,951,0,"[1.9609375, 2.75, 3.671875, 2.078125]"
False,71,2,989,0,"[2.859375, 3.4375, 3.8125, 3.28125]"
True,72,3,992,3,"[4.09375, 3.78125, 3.375, 3.09375]"
False,73,1,1005,0,"[3.21875, 3.5, 3.484375, 3.9375]"
True,74,3,1012,3,"[4.03125, 4.625, 4.25, 3.71875]"
False,75,2,1045,0,"[2.703125, 2.984375, 3.4375, 3.1875]"
True,76,3,1046,3,"[3.640625, 3.265625, 4.6875, 1.6953125]"
True,77,2,1047,2,"[2.203125, 4.96875, 1.6015625, 2.765625]"
True,78,2,1050,2,"[7.0625, 5.6875, 2.234375, 4.53125]"
False,79,0,1052,1,"[2.609375, 2.46875, 3.296875, 3.828125]"
False,80,3,1053,0,"[1.6640625, 1.96875, 2.671875, 2.75]"
False,81,3,1065,0,"[3.609375, 4.15625, 3.875, 3.703125]"
True,82,0,1066,0,"[2.828125, 3.53125, 3.5, 3.796875]"
False,83,1,1067,0,"[2.75, 3.359375, 4.3125, 2.875]"
False,84,0,1084,2,"[3.046875, 3.421875, 2.859375, 4.59375]"
False,85,1,1085,0,"[2.984375, 3.15625, 3.890625, 4.28125]"
True,86,1,1087,1,"[3.234375, 3.015625, 3.3125, 3.546875]"
False,87,0,1112,1,"[2.484375, 1.484375, 2.859375, 3.1875]"
True,88,2,1115,2,"[3.90625, 5.15625, 2.96875, 3.359375]"
False,89,2,1117,0,"[3.265625, 4.15625, 3.578125, 3.34375]"
False,90,1,1119,2,"[3.953125, 3.8125, 3.21875, 4.125]"
True,91,3,1140,3,"[5.0, 3.25, 3.421875, 2.9375]"
True,92,1,1189,1,"[4.15625, 3.015625, 3.65625, 3.640625]"
True,93,0,1199,0,"[2.6875, 3.546875, 2.828125, 2.78125]"
True,94,1,1200,1,"[3.96875, 2.828125, 3.890625, 4.03125]"
True,95,2,1201,2,"[3.265625, 3.078125, 1.4375, 4.15625]"
False,96,0,1203,1,"[3.65625, 3.078125, 3.890625, 3.375]"
True,97,3,1204,3,"[3.40625, 3.609375, 3.15625, 2.03125]"
False,98,1,1248,2,"[2.734375, 3.234375, 2.546875, 3.75]"
False,99,3,1277,2,"[3.328125, 4.3125, 2.796875, 3.390625]"
False,100,0,1283,1,"[3.90625, 3.09375, 4.28125, 3.890625]"
False,101,2,1301,1,"[4.34375, 3.0, 4.0625, 3.546875]"
False,102,3,1321,0,"[2.484375, 2.984375, 3.09375, 3.671875]"
False,103,2,1322,3,"[2.671875, 3.171875, 2.734375, 2.03125]"
False,104,1,1486,2,"[3.34375, 3.3125, 3.015625, 3.390625]"
False,105,2,1493,3,"[5.78125, 4.5625, 4.5, 3.484375]"
True,106,2,1494,2,"[3.96875, 3.609375, 3.25, 4.21875]"
True,107,0,1515,0,"[2.53125, 3.6875, 2.59375, 2.859375]"
True,108,2,1516,2,"[3.953125, 4.21875, 2.234375, 4.5]"
False,109,3,1517,1,"[3.3125, 2.40625, 3.46875, 3.84375]"
False,110,2,1519,1,"[3.296875, 2.453125, 4.59375, 3.78125]"
False,111,0,1549,3,"[3.265625, 4.34375, 3.21875, 3.078125]"
False,112,0,1607,2,"[4.03125, 5.53125, 2.34375, 5.1875]"
True,113,3,1608,3,"[3.0, 4.28125, 2.78125, 2.375]"
True,114,0,1621,0,"[2.46875, 3.921875, 3.390625, 4.8125]"
False,115,0,1622,3,"[3.75, 3.421875, 3.140625, 2.828125]"
False,116,1,1626,3,"[3.1875, 3.21875, 3.40625, 2.65625]"
False,117,3,1628,2,"[3.0625, 3.4375, 2.640625, 2.875]"
False,118,2,1663,3,"[2.34375, 2.84375, 3.40625, 1.9296875]"
True,119,2,1701,2,"[3.25, 3.640625, 2.6875, 4.125]"
True,120,2,1708,2,"[4.9375, 4.6875, 3.640625, 4.03125]"
False,121,3,1752,2,"[3.890625, 5.09375, 3.546875, 3.671875]"
True,122,1,1755,1,"[4.5, 2.859375, 4.25, 4.09375]"
False,123,0,1756,2,"[3.421875, 3.0625, 2.4375, 2.6875]"
False,124,2,1757,3,"[3.90625, 2.4375, 3.5, 2.296875]"
False,125,2,1758,0,"[3.203125, 3.9375, 3.828125, 3.953125]"
False,126,3,1818,1,"[3.78125, 3.140625, 4.1875, 3.53125]"
False,127,0,1819,1,"[3.484375, 3.0, 3.6875, 3.6875]"
True,128,2,1821,2,"[3.015625, 2.375, 1.9140625, 2.140625]"
False,129,1,1827,3,"[5.5, 4.3125, 4.71875, 4.25]"
False,130,1,1846,3,"[4.34375, 4.46875, 3.65625, 3.578125]"
False,131,0,1855,3,"[3.578125, 3.484375, 4.71875, 2.921875]"
True,132,0,1858,0,"[2.78125, 4.625, 4.625, 3.296875]"
True,133,1,1860,1,"[3.671875, 2.234375, 3.796875, 4.4375]"
False,134,2,1872,3,"[4.59375, 3.484375, 3.21875, 3.1875]"
True,135,1,1874,1,"[3.78125, 3.515625, 6.75, 5.40625]"
False,136,2,1875,3,"[3.640625, 3.609375, 3.578125, 3.53125]"
False,137,0,1876,1,"[3.953125, 3.109375, 3.671875, 3.34375]"
False,138,0,1931,3,"[5.0, 4.875, 5.28125, 3.765625]"
True,139,0,1932,0,"[3.8125, 4.5625, 4.28125, 5.40625]"
False,140,1,1962,0,"[3.5, 3.5, 3.71875, 4.0625]"
True,141,3,1963,3,"[3.609375, 3.625, 3.046875, 2.984375]"
False,142,2,1998,1,"[2.828125, 2.46875, 3.921875, 3.15625]"
False,143,3,2030,1,"[3.453125, 2.53125, 3.484375, 4.0]"
True,144,2,2047,2,"[3.875, 3.9375, 3.203125, 5.03125]"
False,145,3,2048,2,"[2.796875, 3.3125, 2.3125, 3.234375]"
False,146,3,2059,2,"[3.078125, 3.140625, 2.25, 2.4375]"
True,147,2,2060,2,"[3.21875, 1.8203125, 1.0078125, 3.46875]"
False,148,1,2061,0,"[1.4375, 3.546875, 3.21875, 2.078125]"
True,149,1,2154,1,"[3.71875, 3.46875, 4.46875, 4.96875]"
False,150,1,2155,0,"[2.46875, 2.65625, 3.796875, 3.859375]"
False,151,3,2165,1,"[3.9375, 2.921875, 3.78125, 3.515625]"
False,152,3,2166,2,"[3.65625, 3.96875, 2.359375, 4.15625]"
False,153,0,2215,1,"[4.0625, 2.640625, 4.4375, 3.546875]"
True,154,2,2216,2,"[2.625, 2.5, 1.625, 2.609375]"
False,155,0,2217,3,"[3.4375, 3.3125, 3.28125, 3.125]"
True,156,1,2218,1,"[4.46875, 2.296875, 2.40625, 3.640625]"
False,157,3,2219,0,"[3.109375, 3.578125, 3.578125, 3.515625]"
True,158,2,2241,2,"[2.84375, 2.984375, 1.8828125, 2.953125]"
True,159,2,2242,2,"[2.59375, 4.625, 2.390625, 3.65625]"
True,160,2,2263,2,"[3.1875, 5.28125, 2.859375, 3.25]"
False,161,2,2275,0,"[3.296875, 3.75, 3.84375, 3.578125]"
True,162,1,2278,1,"[3.953125, 2.4375, 2.515625, 3.328125]"
False,163,1,2281,3,"[4.40625, 4.46875, 5.34375, 3.453125]"
False,164,2,2282,0,"[2.71875, 5.3125, 4.5625, 4.0]"
True,165,0,2284,0,"[2.15625, 4.53125, 2.78125, 3.421875]"
False,166,3,2301,0,"[2.796875, 3.5, 4.21875, 3.71875]"
True,167,1,2306,1,"[3.640625, 2.65625, 3.984375, 4.3125]"
True,168,2,2307,2,"[4.5625, 2.859375, 2.78125, 3.671875]"
False,169,2,2324,0,"[2.8125, 4.1875, 3.984375, 4.25]"
False,170,0,2361,1,"[3.453125, 2.96875, 3.390625, 3.0]"
False,171,0,2363,3,"[3.125, 4.1875, 3.921875, 3.0625]"
False,172,1,2364,3,"[4.21875, 3.765625, 4.15625, 2.953125]"
True,173,2,2390,2,"[5.15625, 2.9375, 2.765625, 2.78125]"
False,174,1,2433,3,"[8.5, 4.0, 5.25, 3.6875]"
False,175,0,2434,1,"[3.5, 2.703125, 3.234375, 3.921875]"
True,176,3,2477,3,"[5.71875, 5.0625, 2.84375, 2.828125]"
False,177,3,2478,2,"[6.21875, 3.734375, 3.0, 3.90625]"
True,178,0,2487,0,"[2.03125, 3.71875, 3.640625, 3.34375]"
False,179,2,2497,0,"[2.921875, 3.546875, 3.078125, 3.6875]"
False,180,2,2499,3,"[2.28125, 2.78125, 2.59375, 2.09375]"
True,181,0,2513,0,"[2.109375, 3.171875, 4.28125, 3.75]"
False,182,0,2514,3,"[3.0625, 2.640625, 3.34375, 2.5]"
False,183,1,2518,3,"[3.859375, 4.6875, 3.84375, 2.4375]"
False,184,0,2522,1,"[2.71875, 2.140625, 4.125, 4.03125]"
False,185,2,2533,3,"[4.28125, 3.8125, 3.625, 3.234375]"
False,186,0,2552,2,"[3.921875, 3.9375, 3.28125, 3.78125]"
False,187,3,2553,0,"[2.953125, 4.65625, 3.3125, 3.359375]"
True,188,3,2558,3,"[3.984375, 3.96875, 4.0625, 3.703125]"
True,189,0,2581,0,"[2.578125, 3.765625, 3.40625, 4.53125]"
False,190,0,2582,3,"[3.546875, 3.0, 3.890625, 2.484375]"
False,191,0,2583,1,"[3.0, 2.453125, 3.703125, 4.34375]"
False,192,2,2611,3,"[5.0, 4.40625, 5.34375, 2.734375]"
False,193,1,2623,0,"[3.234375, 4.4375, 3.96875, 5.5625]"
True,194,2,2624,2,"[5.0, 3.15625, 2.84375, 4.40625]"
False,195,1,2625,2,"[3.609375, 3.828125, 3.0, 4.03125]"
False,196,3,2626,1,"[2.84375, 2.8125, 3.859375, 3.515625]"
True,197,0,2627,0,"[2.390625, 3.46875, 4.65625, 3.390625]"
False,198,0,2637,1,"[3.609375, 3.1875, 3.65625, 4.0]"
True,199,0,2638,0,"[2.6875, 3.421875, 4.59375, 3.859375]"
True,200,1,2646,1,"[5.65625, 4.0625, 4.9375, 5.5]"
False,201,1,2647,0,"[3.875, 4.90625, 6.96875, 4.09375]"
True,202,1,2651,1,"[3.1875, 3.0, 3.59375, 6.46875]"
False,203,2,2666,0,"[2.34375, 4.1875, 2.640625, 2.640625]"
False,204,2,2667,0,"[2.921875, 3.96875, 3.015625, 3.46875]"
False,205,3,2678,1,"[3.53125, 3.078125, 4.8125, 4.25]"
True,206,0,2680,0,"[2.890625, 4.625, 3.75, 3.265625]"
True,207,2,2683,2,"[2.796875, 3.734375, 1.9609375, 3.9375]"
False,208,2,2685,3,"[3.015625, 5.90625, 2.671875, 2.0625]"
True,209,0,2716,0,"[2.015625, 2.6875, 3.796875, 3.8125]"
False,210,2,2717,1,"[5.46875, 3.78125, 3.875, 3.984375]"
True,211,2,2722,2,"[3.75, 3.25, 2.453125, 2.859375]"
False,212,0,2724,3,"[5.6875, 4.5, 5.09375, 3.828125]"
True,213,3,2734,3,"[4.625, 4.96875, 4.25, 3.515625]"
False,214,2,2735,0,"[2.59375, 3.75, 3.109375, 3.03125]"
True,215,3,2752,3,"[3.6875, 2.890625, 3.421875, 2.875]"
True,216,1,2757,1,"[3.78125, 3.25, 4.46875, 3.71875]"
False,217,2,2758,1,"[3.859375, 2.78125, 3.203125, 4.21875]"
False,218,1,2760,3,"[4.4375, 3.84375, 4.59375, 3.734375]"
False,219,0,2763,1,"[3.8125, 2.765625, 3.78125, 3.625]"
True,220,0,2764,0,"[3.671875, 4.09375, 4.03125, 4.34375]"
False,221,3,2765,0,"[2.640625, 3.515625, 2.953125, 3.140625]"
True,222,0,2766,0,"[3.4375, 4.375, 4.59375, 3.71875]"
True,223,1,2770,1,"[3.703125, 3.515625, 3.90625, 4.59375]"
False,224,0,2795,1,"[3.390625, 2.515625, 3.984375, 4.71875]"
False,225,2,2797,1,"[4.15625, 4.125, 4.5625, 4.28125]"
False,226,2,2815,1,"[3.453125, 3.015625, 3.703125, 5.53125]"
False,227,2,2892,0,"[2.234375, 3.046875, 2.375, 2.75]"
False,228,3,2893,0,"[3.875, 4.25, 5.03125, 4.0625]"
False,229,0,2894,2,"[3.703125, 4.21875, 2.890625, 4.3125]"
False,230,1,2921,3,"[2.59375, 3.375, 3.609375, 2.546875]"
False,231,1,2922,2,"[4.34375, 4.5625, 3.390625, 3.484375]"
False,232,0,2923,2,"[4.25, 4.0625, 3.453125, 3.5]"
False,233,0,2953,1,"[4.75, 3.15625, 4.1875, 3.9375]"
False,234,1,2954,3,"[2.75, 3.984375, 4.0, 2.375]"
False,235,0,2955,3,"[5.34375, 3.765625, 3.078125, 2.75]"
False,236,0,2968,3,"[3.859375, 4.625, 4.46875, 3.234375]"
True,237,2,2969,2,"[3.828125, 4.46875, 2.34375, 4.59375]"
False,238,1,2970,3,"[4.5625, 3.078125, 2.765625, 2.5625]"
False,239,3,3049,0,"[3.59375, 3.765625, 3.96875, 4.40625]"
False,240,3,3079,1,"[4.125, 3.484375, 4.65625, 4.03125]"
False,241,1,3129,2,"[3.234375, 2.9375, 2.921875, 3.828125]"
False,242,3,3130,0,"[2.640625, 3.75, 3.984375, 3.28125]"
True,243,3,3131,3,"[3.8125, 3.625, 2.84375, 2.75]"
True,244,0,3146,0,"[2.859375, 4.53125, 4.28125, 4.78125]"
False,245,2,3147,1,"[4.5625, 3.3125, 3.96875, 4.78125]"
False,246,1,3158,2,"[2.90625, 3.796875, 2.8125, 3.75]"
True,247,0,3173,0,"[2.734375, 3.1875, 3.9375, 3.328125]"
False,248,2,3174,0,"[3.859375, 4.53125, 4.40625, 4.46875]"
True,249,3,3193,3,"[4.15625, 4.21875, 3.765625, 2.75]"
False,250,2,3289,1,"[4.34375, 3.265625, 5.21875, 3.890625]"
False,251,2,3295,3,"[4.875, 3.953125, 5.25, 3.90625]"
False,252,1,3317,0,"[2.25, 4.53125, 2.890625, 4.4375]"
False,253,2,3373,1,"[4.5, 2.9375, 3.09375, 3.734375]"
True,254,3,3391,3,"[4.1875, 4.1875, 3.953125, 3.125]"
False,255,2,3528,0,"[3.46875, 4.1875, 3.953125, 4.1875]"
False,256,3,3534,1,"[3.234375, 2.9375, 3.96875, 3.3125]"
True,257,0,3547,0,"[3.90625, 4.0, 4.6875, 4.625]"
True,258,1,3577,1,"[3.640625, 2.640625, 2.859375, 3.1875]"
False,259,2,3623,3,"[3.953125, 3.40625, 3.40625, 3.171875]"
True,260,0,3630,0,"[2.671875, 3.5625, 4.03125, 4.53125]"
False,261,0,3631,3,"[3.71875, 4.125, 2.828125, 2.796875]"
True,262,2,3632,2,"[5.09375, 3.828125, 3.015625, 3.921875]"
True,263,0,3659,0,"[2.75, 3.609375, 3.703125, 3.5625]"
False,264,1,3660,0,"[2.515625, 2.875, 3.5, 4.625]"
True,265,1,3662,1,"[4.96875, 2.203125, 3.640625, 3.734375]"
True,266,2,3670,2,"[4.71875, 4.34375, 3.15625, 4.09375]"
False,267,0,3680,2,"[2.921875, 3.828125, 2.4375, 3.046875]"
False,268,3,3743,2,"[3.25, 3.390625, 2.8125, 3.6875]"
False,269,3,3744,0,"[2.859375, 4.0625, 4.15625, 3.6875]"
False,270,2,3802,3,"[3.109375, 4.65625, 3.5, 1.8671875]"
True,271,0,3808,0,"[3.046875, 3.59375, 3.140625, 3.296875]"
True,272,3,3857,3,"[3.625, 3.5625, 3.96875, 3.453125]"
True,273,1,3869,1,"[3.0625, 2.46875, 4.6875, 2.53125]"
True,274,1,3886,1,"[3.625, 3.25, 4.875, 3.34375]"
False,275,1,3890,0,"[3.421875, 3.453125, 4.15625, 4.34375]"
False,276,0,3892,2,"[3.09375, 3.75, 3.046875, 3.71875]"
True,277,0,3894,0,"[3.234375, 3.359375, 3.34375, 4.375]"
False,278,0,3934,3,"[4.34375, 3.171875, 2.859375, 2.296875]"
False,279,0,3957,2,"[4.8125, 3.1875, 2.53125, 2.671875]"
True,280,3,3959,3,"[3.234375, 5.3125, 3.671875, 2.703125]"
False,281,1,3974,3,"[4.125, 4.5, 4.375, 3.859375]"
True,282,0,3976,0,"[1.3125, 3.890625, 2.484375, 3.59375]"
False,283,1,3978,3,"[4.6875, 3.671875, 5.03125, 2.609375]"
False,284,1,3991,2,"[3.046875, 3.125, 2.59375, 2.859375]"
False,285,3,4008,0,"[2.96875, 3.578125, 3.046875, 3.359375]"
False,286,1,4009,0,"[3.0625, 4.5, 3.765625, 5.5625]"
False,287,0,4010,2,"[4.3125, 4.0625, 3.53125, 4.21875]"
False,288,3,4011,1,"[4.53125, 3.078125, 5.25, 3.46875]"
False,289,3,4061,2,"[3.609375, 4.1875, 3.59375, 4.28125]"
True,290,0,4088,0,"[2.4375, 2.6875, 3.265625, 4.3125]"
False,291,2,4089,0,"[2.09375, 2.859375, 2.40625, 3.421875]"
True,292,1,4090,1,"[3.078125, 2.84375, 3.78125, 4.125]"
False,293,2,4091,0,"[2.78125, 4.625, 3.71875, 4.65625]"
True,294,1,4121,1,"[3.34375, 2.703125, 3.84375, 2.859375]"
False,295,2,4122,1,"[4.65625, 2.875, 3.015625, 3.46875]"
False,296,1,4123,2,"[3.703125, 3.78125, 2.21875, 3.453125]"
False,297,1,4126,2,"[3.859375, 3.984375, 2.984375, 3.46875]"
False,298,2,4133,1,"[3.765625, 2.71875, 3.265625, 3.90625]"
False,299,0,4141,1,"[3.15625, 3.125, 4.0, 3.765625]"
False,300,2,4156,3,"[3.890625, 4.0625, 4.09375, 3.078125]"
True,301,3,4157,3,"[3.703125, 3.28125, 3.296875, 2.578125]"
False,302,1,4159,3,"[3.1875, 3.890625, 3.71875, 2.546875]"
True,303,3,4160,3,"[3.15625, 4.5625, 6.34375, 1.9609375]"
False,304,2,4250,3,"[3.734375, 3.171875, 3.015625, 2.875]"
False,305,1,4252,0,"[3.359375, 3.671875, 3.828125, 4.1875]"
False,306,1,4254,0,"[2.03125, 4.25, 3.609375, 4.0625]"
False,307,3,4263,0,"[3.609375, 4.3125, 3.703125, 4.1875]"
False,308,0,4264,1,"[3.28125, 3.1875, 4.75, 4.0625]"
False,309,3,4269,0,"[2.8125, 4.0625, 3.78125, 3.46875]"
True,310,0,4341,0,"[3.3125, 3.484375, 3.328125, 3.796875]"
False,311,1,4342,2,"[3.6875, 2.8125, 2.5, 3.96875]"
False,312,0,4351,1,"[2.6875, 2.390625, 2.5625, 2.546875]"
True,313,3,4377,3,"[3.765625, 4.96875, 3.515625, 2.859375]"
False,314,0,4378,2,"[3.359375, 3.828125, 3.28125, 3.578125]"
True,315,1,4428,1,"[4.25, 3.4375, 4.0625, 3.953125]"
False,316,3,4430,2,"[3.609375, 5.3125, 3.234375, 3.40625]"
False,317,1,4431,2,"[3.25, 3.546875, 3.140625, 3.734375]"
False,318,1,4432,2,"[3.859375, 3.34375, 3.265625, 3.625]"
True,319,2,4447,2,"[3.6875, 2.53125, 1.9140625, 3.75]"
True,320,3,4448,3,"[4.125, 4.0625, 2.96875, 2.671875]"
False,321,1,4477,0,"[3.09375, 3.46875, 4.5625, 4.8125]"
False,322,0,4481,2,"[2.5625, 2.578125, 2.0, 3.109375]"
False,323,0,4482,1,"[1.9375, 1.7890625, 2.921875, 3.890625]"
False,324,0,4485,3,"[4.78125, 4.25, 3.53125, 3.3125]"
False,325,1,4486,3,"[3.5625, 3.15625, 4.25, 2.640625]"
False,326,2,4487,0,"[2.71875, 3.125, 3.078125, 3.703125]"
True,327,1,4517,1,"[2.8125, 2.734375, 3.171875, 3.34375]"
True,328,0,4531,0,"[2.71875, 4.28125, 3.703125, 4.0]"
True,329,0,4534,0,"[2.953125, 4.15625, 5.5, 3.34375]"
True,330,1,4579,1,"[4.0625, 2.578125, 3.828125, 2.71875]"
False,331,2,4616,0,"[3.0, 3.71875, 3.3125, 3.640625]"
True,332,2,4643,2,"[4.625, 4.4375, 3.21875, 4.5625]"
False,333,3,4646,1,"[3.1875, 2.8125, 2.90625, 3.703125]"
False,334,3,4649,2,"[4.5, 5.28125, 3.375, 3.890625]"
False,335,3,4658,1,"[4.125, 3.203125, 3.453125, 3.296875]"
False,336,0,4659,3,"[3.515625, 3.28125, 2.9375, 2.640625]"
False,337,0,4660,3,"[3.046875, 3.0625, 2.625, 2.59375]"
False,338,2,4661,3,"[3.09375, 2.5625, 2.78125, 2.359375]"
True,339,0,4662,0,"[2.984375, 3.203125, 5.65625, 4.09375]"
False,340,2,4663,3,"[4.3125, 3.3125, 3.671875, 2.640625]"
True,341,0,4664,0,"[2.859375, 3.1875, 3.15625, 3.265625]"
False,342,3,4744,0,"[2.765625, 3.234375, 2.953125, 4.125]"
False,343,3,4819,2,"[3.640625, 5.625, 2.96875, 3.75]"
False,344,3,4848,1,"[3.953125, 2.390625, 2.765625, 3.140625]"
False,345,3,4881,0,"[1.7421875, 2.171875, 4.1875, 2.921875]"
False,346,0,4891,1,"[2.734375, 2.40625, 4.0, 3.796875]"
False,347,1,4948,2,"[5.0625, 4.46875, 3.546875, 3.78125]"
True,348,3,4977,3,"[3.078125, 3.46875, 4.46875, 2.984375]"
False,349,0,4980,2,"[3.75, 3.90625, 3.125, 3.671875]"
False,350,3,4990,1,"[3.984375, 2.796875, 2.8125, 2.90625]"
False,351,3,4992,0,"[2.40625, 3.1875, 2.90625, 3.625]"
True,352,1,4998,1,"[4.875, 2.359375, 3.90625, 3.984375]"
False,353,2,5014,0,"[2.90625, 3.96875, 3.46875, 3.234375]"
False,354,3,5018,2,"[3.671875, 4.78125, 1.53125, 2.421875]"
False,355,1,5019,3,"[3.765625, 3.328125, 3.875, 3.140625]"
True,356,3,5020,3,"[4.46875, 4.75, 4.75, 1.953125]"
False,357,2,5041,1,"[4.0, 2.375, 2.796875, 5.4375]"
False,358,0,5050,3,"[3.90625, 3.25, 3.296875, 1.859375]"
True,359,3,5059,3,"[3.375, 2.875, 3.15625, 2.84375]"
False,360,3,5060,0,"[2.53125, 2.9375, 4.25, 2.8125]"
False,361,2,5071,1,"[4.21875, 3.46875, 4.28125, 4.5625]"
False,362,3,5072,0,"[3.359375, 3.921875, 4.4375, 3.75]"
False,363,1,5096,0,"[2.265625, 3.25, 3.375, 4.375]"
False,364,1,5105,0,"[2.640625, 3.28125, 3.515625, 3.5]"
False,365,1,5119,2,"[5.3125, 5.1875, 2.609375, 3.0]"
False,366,3,5120,2,"[4.0, 4.09375, 3.703125, 3.765625]"
False,367,3,5145,1,"[5.09375, 2.984375, 4.59375, 3.21875]"
False,368,3,5150,2,"[5.5625, 4.78125, 2.71875, 4.78125]"
True,369,0,5180,0,"[2.640625, 3.265625, 3.375, 5.28125]"
True,370,2,5181,2,"[3.828125, 4.15625, 3.390625, 4.0]"
False,371,0,5182,2,"[3.984375, 3.09375, 2.0625, 5.21875]"
True,372,0,5222,0,"[1.5234375, 2.6875, 3.421875, 2.9375]"
False,373,3,5230,0,"[2.734375, 3.078125, 3.046875, 3.03125]"
False,374,3,5231,0,"[3.0625, 3.6875, 3.6875, 3.640625]"
False,375,3,5232,0,"[3.15625, 4.71875, 3.5, 3.609375]"
False,376,2,5240,0,"[3.140625, 3.53125, 3.828125, 3.75]"
True,377,3,5241,3,"[3.1875, 3.5625, 4.15625, 2.4375]"
False,378,3,5288,2,"[5.1875, 6.6875, 3.28125, 3.40625]"
True,379,1,5289,1,"[2.953125, 2.515625, 6.15625, 4.8125]"
False,380,1,5291,2,"[3.609375, 3.46875, 3.25, 4.3125]"
True,381,3,5292,3,"[3.8125, 3.796875, 4.5625, 2.203125]"
True,382,1,5293,1,"[3.625, 3.328125, 3.5, 3.8125]"
False,383,0,5295,3,"[3.625, 4.34375, 4.09375, 3.25]"
False,384,3,5322,0,"[2.53125, 3.453125, 2.796875, 2.84375]"
False,385,0,5384,2,"[3.890625, 3.875, 3.765625, 3.84375]"
True,386,3,5403,3,"[3.25, 3.796875, 3.828125, 2.90625]"
True,387,1,5404,1,"[3.703125, 3.359375, 4.25, 4.53125]"
True,388,0,5405,0,"[3.25, 4.375, 3.75, 4.3125]"
False,389,3,5413,1,"[2.875, 2.203125, 5.4375, 3.140625]"
True,390,1,5460,1,"[3.890625, 2.546875, 3.8125, 3.0]"
False,391,3,5461,2,"[3.453125, 3.484375, 3.078125, 3.40625]"
False,392,1,5471,3,"[3.296875, 3.5, 3.25, 3.15625]"
False,393,3,5493,0,"[3.328125, 5.4375, 3.515625, 3.875]"
True,394,0,5494,0,"[3.640625, 5.8125, 4.96875, 4.0625]"
False,395,0,5495,1,"[4.03125, 3.015625, 3.203125, 3.96875]"
False,396,3,5504,2,"[4.46875, 3.953125, 3.640625, 3.65625]"
False,397,0,5505,2,"[3.875, 3.40625, 2.734375, 3.296875]"
False,398,0,5506,1,"[4.40625, 2.890625, 3.53125, 4.125]"
True,399,2,5507,2,"[5.1875, 4.5, 3.890625, 5.4375]"
False,400,3,5529,2,"[3.421875, 4.40625, 3.359375, 3.421875]"
False,401,3,5543,1,"[3.59375, 3.125, 3.359375, 3.921875]"
True,402,2,5544,2,"[3.171875, 2.703125, 2.484375, 3.046875]"
True,403,1,5657,1,"[3.6875, 2.640625, 3.796875, 4.1875]"
True,404,3,5658,3,"[4.90625, 3.4375, 3.375, 2.640625]"
True,405,2,5717,2,"[5.125, 4.34375, 3.03125, 3.140625]"
False,406,0,5813,1,"[3.40625, 3.375, 3.4375, 4.3125]"
False,407,0,5814,3,"[3.5, 4.8125, 3.765625, 2.640625]"
False,408,0,5816,2,"[2.75, 2.953125, 2.140625, 3.96875]"
False,409,0,5823,1,"[4.1875, 3.140625, 4.71875, 4.28125]"
False,410,0,5826,1,"[5.1875, 3.1875, 3.8125, 4.03125]"
False,411,2,5831,3,"[3.421875, 4.375, 3.984375, 3.109375]"
True,412,1,5880,1,"[2.890625, 1.9765625, 3.375, 3.140625]"
True,413,2,5881,2,"[4.5625, 3.03125, 2.328125, 3.296875]"
False,414,3,5901,1,"[3.5625, 2.8125, 5.65625, 2.9375]"
False,415,0,5922,3,"[2.890625, 3.078125, 5.1875, 2.640625]"
False,416,1,5997,0,"[1.875, 2.078125, 3.203125, 3.796875]"
True,417,1,6005,1,"[3.703125, 2.140625, 4.71875, 2.25]"
True,418,3,6016,3,"[4.53125, 2.9375, 3.140625, 2.75]"
False,419,3,6018,2,"[2.9375, 2.75, 2.59375, 3.75]"
False,420,1,6028,3,"[3.296875, 3.703125, 5.375, 3.25]"
False,421,1,6034,0,"[3.78125, 4.375, 5.46875, 5.65625]"
True,422,2,6036,2,"[4.59375, 3.421875, 2.75, 6.65625]"
False,423,2,6099,0,"[3.5625, 4.84375, 4.0, 4.3125]"
False,424,0,6139,3,"[4.0625, 3.265625, 3.734375, 2.65625]"
False,425,2,6145,1,"[4.53125, 2.546875, 3.09375, 2.890625]"
False,426,2,6159,3,"[4.28125, 4.4375, 3.65625, 3.59375]"
True,427,1,6180,1,"[4.375, 3.234375, 4.59375, 3.9375]"
True,428,1,6181,1,"[4.0625, 3.28125, 3.46875, 4.46875]"
False,429,3,6182,0,"[2.25, 2.890625, 4.6875, 3.328125]"
True,430,3,6183,3,"[3.03125, 2.921875, 2.953125, 2.390625]"
False,431,1,6184,3,"[3.375, 2.484375, 3.5, 2.3125]"
True,432,2,6185,2,"[3.59375, 4.78125, 2.609375, 2.6875]"
True,433,1,6189,1,"[2.859375, 2.03125, 3.53125, 2.46875]"
False,434,2,6190,3,"[3.6875, 3.84375, 2.234375, 1.953125]"
True,435,1,6212,1,"[4.84375, 2.515625, 4.28125, 4.9375]"
False,436,3,6220,2,"[3.78125, 2.984375, 2.5625, 4.0625]"
True,437,2,6223,2,"[2.78125, 2.828125, 2.59375, 2.984375]"
False,438,3,6228,2,"[4.21875, 3.921875, 3.515625, 4.03125]"
False,439,1,6230,2,"[5.15625, 4.78125, 4.46875, 4.875]"
False,440,1,6232,0,"[1.9609375, 2.375, 3.6875, 3.421875]"
False,441,3,6233,2,"[3.75, 3.40625, 2.90625, 3.09375]"
True,442,2,6241,2,"[3.265625, 2.75, 2.65625, 2.71875]"
True,443,1,6298,1,"[3.25, 2.71875, 5.0625, 4.15625]"
True,444,1,6302,1,"[2.703125, 2.3125, 2.953125, 4.59375]"
False,445,1,6324,2,"[3.546875, 4.0625, 3.296875, 3.765625]"
True,446,1,6374,1,"[4.125, 3.515625, 4.21875, 5.78125]"
True,447,2,6406,2,"[4.03125, 3.109375, 2.609375, 5.625]"
False,448,0,6407,1,"[2.390625, 1.9375, 4.8125, 2.421875]"
False,449,0,6436,1,"[2.625, 2.40625, 2.4375, 2.578125]"
True,450,2,6449,2,"[3.625, 4.78125, 2.375, 4.6875]"
True,451,2,6451,2,"[3.15625, 3.46875, 2.96875, 3.671875]"
False,452,0,6462,2,"[5.40625, 3.34375, 2.59375, 3.515625]"
False,453,1,6464,3,"[3.8125, 3.421875, 3.5625, 1.9453125]"
False,454,2,6500,1,"[3.921875, 2.125, 2.78125, 2.734375]"
False,455,2,6501,0,"[2.9375, 4.0625, 3.875, 3.078125]"
True,456,1,6510,1,"[4.125, 3.9375, 4.0625, 3.96875]"
True,457,3,6514,3,"[4.46875, 3.96875, 3.859375, 3.484375]"
True,458,3,6515,3,"[3.90625, 3.78125, 3.40625, 2.859375]"
True,459,1,6522,1,"[5.0625, 3.25, 3.515625, 3.890625]"
True,460,3,6543,3,"[3.9375, 3.734375, 3.578125, 3.078125]"
False,461,2,6566,3,"[4.1875, 3.765625, 3.203125, 3.0]"
False,462,0,6567,1,"[3.3125, 3.03125, 3.21875, 3.90625]"
True,463,0,6584,0,"[3.328125, 4.03125, 3.5, 3.875]"
False,464,0,6587,3,"[2.890625, 3.90625, 3.109375, 2.6875]"
False,465,3,6591,2,"[5.96875, 3.140625, 3.03125, 3.578125]"
False,466,0,6592,2,"[3.734375, 3.453125, 2.734375, 3.640625]"
False,467,0,6611,2,"[3.859375, 4.59375, 3.078125, 4.78125]"
False,468,1,6613,3,"[3.515625, 3.25, 4.4375, 2.921875]"
True,469,0,6615,0,"[2.546875, 2.625, 3.015625, 3.109375]"
False,470,3,6617,1,"[4.0625, 2.578125, 3.015625, 3.890625]"
False,471,2,6627,3,"[3.75, 4.8125, 4.25, 2.984375]"
True,472,1,6628,1,"[4.3125, 3.359375, 3.984375, 4.1875]"
True,473,2,6633,2,"[5.75, 3.609375, 2.65625, 2.984375]"
False,474,2,6673,3,"[3.4375, 4.96875, 4.125, 2.71875]"
True,475,2,6682,2,"[3.359375, 4.4375, 3.125, 4.75]"
True,476,0,6697,0,"[2.25, 3.390625, 2.9375, 3.296875]"
False,477,1,6706,2,"[5.4375, 4.0625, 3.921875, 4.0625]"
False,478,3,6707,1,"[4.3125, 3.40625, 3.625, 4.03125]"
False,479,0,6708,1,"[3.671875, 3.171875, 3.921875, 4.75]"
True,480,3,6709,3,"[3.5625, 6.125, 3.203125, 2.59375]"
False,481,0,6724,3,"[2.46875, 3.5625, 3.703125, 2.453125]"
False,482,2,6725,3,"[4.21875, 3.03125, 3.234375, 1.8203125]"
True,483,0,6742,0,"[2.640625, 3.6875, 3.234375, 2.84375]"
False,484,1,6782,0,"[3.75, 4.125, 4.5625, 3.78125]"
False,485,2,6828,1,"[3.09375, 2.6875, 3.84375, 3.796875]"
False,486,0,6829,2,"[3.3125, 3.5, 2.6875, 2.828125]"
False,487,2,6840,0,"[2.3125, 4.625, 5.28125, 5.1875]"
True,488,3,6841,3,"[3.5, 4.03125, 3.9375, 2.53125]"
False,489,1,6857,2,"[3.859375, 3.234375, 2.34375, 2.734375]"
True,490,2,6863,2,"[3.90625, 3.578125, 2.890625, 3.125]"
False,491,3,6864,2,"[3.890625, 4.09375, 3.296875, 3.296875]"
False,492,0,6887,2,"[2.546875, 4.78125, 1.9921875, 4.84375]"
False,493,0,6902,3,"[3.3125, 3.59375, 3.71875, 2.890625]"
True,494,1,6904,1,"[2.5, 2.328125, 4.1875, 3.75]"
False,495,3,6947,0,"[3.578125, 4.0625, 3.59375, 3.609375]"
False,496,0,6955,1,"[3.234375, 2.734375, 3.59375, 3.890625]"
False,497,1,6956,0,"[2.765625, 4.3125, 2.78125, 3.046875]"
True,498,3,7012,3,"[2.96875, 3.25, 3.40625, 2.859375]"
False,499,0,7013,1,"[3.484375, 2.78125, 3.09375, 4.28125]"
True,500,1,7028,1,"[2.046875, 1.390625, 3.625, 1.8984375]"
False,501,1,7029,0,"[1.453125, 2.03125, 2.78125, 4.71875]"
False,502,3,7044,1,"[4.5625, 3.578125, 3.671875, 4.125]"
True,503,2,7045,2,"[3.90625, 4.3125, 3.25, 3.765625]"
True,504,1,7060,1,"[3.5, 2.84375, 4.8125, 3.921875]"
False,505,3,7102,2,"[2.8125, 2.984375, 2.25, 4.75]"
False,506,1,7107,2,"[4.625, 5.59375, 3.390625, 3.65625]"
True,507,2,7108,2,"[4.375, 4.15625, 2.796875, 4.1875]"
True,508,1,7109,1,"[4.53125, 3.640625, 4.1875, 3.953125]"
False,509,0,7129,1,"[3.15625, 2.359375, 2.734375, 3.796875]"
False,510,0,7187,2,"[2.9375, 3.921875, 2.59375, 4.125]"
True,511,0,7188,0,"[2.90625, 3.703125, 3.34375, 3.6875]"
False,512,0,7204,3,"[3.3125, 4.78125, 3.640625, 2.609375]"
True,513,2,7208,2,"[3.015625, 3.78125, 2.859375, 3.359375]"
False,514,1,7253,0,"[2.65625, 3.828125, 3.78125, 3.109375]"
False,515,2,7309,3,"[3.671875, 3.453125, 4.875, 3.171875]"
True,516,0,7310,0,"[4.03125, 4.4375, 5.5, 4.53125]"
False,517,3,7335,2,"[3.375, 4.1875, 2.609375, 3.8125]"
False,518,3,7336,0,"[3.296875, 3.734375, 3.6875, 3.859375]"
True,519,0,7412,0,"[2.390625, 2.671875, 3.078125, 3.046875]"
False,520,3,7413,1,"[4.3125, 3.34375, 3.453125, 3.859375]"
True,521,2,7424,2,"[4.375, 3.734375, 1.71875, 2.140625]"
False,522,3,7425,1,"[2.65625, 0.96875, 1.9140625, 1.8203125]"
False,523,3,7430,0,"[3.796875, 3.84375, 5.09375, 4.46875]"
True,524,3,7431,3,"[4.0625, 3.640625, 3.9375, 3.59375]"
False,525,1,7432,0,"[3.75, 3.765625, 4.84375, 4.5625]"
False,526,0,7433,1,"[4.75, 4.25, 4.90625, 4.4375]"
True,527,2,7445,2,"[3.9375, 3.171875, 2.140625, 3.484375]"
False,528,3,7452,1,"[3.078125, 2.640625, 3.578125, 3.46875]"
False,529,0,7453,2,"[2.921875, 3.484375, 2.5, 3.484375]"
False,530,2,7456,0,"[2.546875, 3.96875, 5.96875, 2.703125]"
True,531,1,7457,1,"[4.65625, 3.078125, 3.59375, 3.453125]"
False,532,0,7469,1,"[3.4375, 3.0625, 3.6875, 3.0625]"
False,533,2,7470,3,"[3.515625, 4.0625, 3.1875, 3.078125]"
False,534,1,7477,0,"[3.328125, 4.8125, 3.5625, 4.3125]"
False,535,2,7478,0,"[3.25, 3.484375, 3.421875, 4.59375]"
True,536,0,7479,0,"[2.6875, 3.875, 3.28125, 3.890625]"
False,537,3,7480,0,"[2.546875, 3.703125, 3.875, 3.15625]"
True,538,1,7481,1,"[4.0, 3.5625, 3.90625, 4.3125]"
True,539,3,7507,3,"[3.359375, 3.515625, 3.453125, 3.3125]"
False,540,2,7508,1,"[3.296875, 2.671875, 2.984375, 2.671875]"
True,541,1,7515,1,"[3.734375, 2.515625, 3.515625, 3.53125]"
True,542,2,7522,2,"[4.0625, 3.359375, 2.875, 3.421875]"
True,543,0,7536,0,"[2.890625, 3.90625, 3.5, 3.015625]"
True,544,3,7546,3,"[2.6875, 4.1875, 2.46875, 2.453125]"
False,545,0,7595,3,"[4.6875, 3.859375, 4.09375, 3.71875]"
False,546,2,7611,0,"[2.75, 3.0, 3.609375, 3.765625]"
False,547,1,7627,0,"[3.046875, 3.796875, 3.328125, 4.5]"
True,548,0,7646,0,"[3.59375, 3.671875, 4.5625, 3.921875]"
False,549,3,7648,2,"[4.65625, 4.15625, 3.859375, 4.09375]"
False,550,0,7649,2,"[3.65625, 5.96875, 3.609375, 4.0625]"
True,551,2,7650,2,"[3.984375, 5.6875, 2.4375, 3.703125]"
False,552,2,7651,0,"[2.8125, 5.09375, 3.75, 3.96875]"
True,553,2,7652,2,"[3.078125, 2.953125, 2.25, 4.6875]"
False,554,2,7653,1,"[3.0, 2.296875, 3.40625, 3.84375]"
False,555,3,7724,1,"[3.75, 3.0, 4.8125, 4.96875]"
True,556,0,7733,0,"[3.4375, 3.5, 3.953125, 4.5]"
True,557,2,7784,2,"[3.5, 3.203125, 2.75, 3.25]"
False,558,0,7785,2,"[2.890625, 2.4375, 1.9296875, 4.0]"
False,559,3,7813,0,"[2.59375, 5.03125, 4.65625, 2.71875]"
True,560,0,7816,0,"[4.28125, 4.3125, 4.59375, 5.4375]"
False,561,3,7820,0,"[2.671875, 2.953125, 3.625, 3.734375]"
False,562,2,7826,3,"[3.046875, 3.15625, 4.09375, 2.890625]"
False,563,3,7870,0,"[3.671875, 3.96875, 5.96875, 3.75]"
True,564,0,7871,0,"[2.953125, 4.375, 3.609375, 3.046875]"
True,565,1,7891,1,"[4.34375, 2.578125, 3.671875, 3.6875]"
False,566,0,7893,2,"[3.109375, 3.203125, 2.328125, 3.25]"
True,567,3,7894,3,"[3.734375, 5.1875, 3.546875, 2.984375]"
True,568,0,7895,0,"[2.859375, 4.1875, 3.4375, 3.625]"
False,569,1,7896,3,"[2.84375, 2.265625, 4.5625, 1.796875]"
False,570,2,7922,1,"[4.09375, 3.59375, 4.125, 6.03125]"
True,571,3,7924,3,"[3.984375, 3.015625, 3.921875, 2.734375]"
False,572,1,7996,2,"[3.671875, 3.03125, 2.90625, 3.96875]"
True,573,2,7997,2,"[3.875, 3.5625, 3.375, 3.484375]"
True,574,0,8139,0,"[3.515625, 3.625, 5.53125, 4.15625]"
False,575,3,8151,2,"[3.796875, 4.1875, 3.28125, 3.46875]"
False,576,0,8155,3,"[3.765625, 4.0, 3.578125, 3.5]"
False,577,0,8166,1,"[3.484375, 2.734375, 2.984375, 3.109375]"
True,578,3,8167,3,"[6.1875, 3.890625, 3.140625, 3.109375]"
False,579,1,8171,3,"[3.796875, 3.34375, 3.453125, 2.8125]"
False,580,2,8230,1,"[4.15625, 4.0625, 4.375, 4.21875]"
False,581,3,8231,2,"[4.78125, 2.828125, 2.78125, 3.609375]"
True,582,3,8232,3,"[3.859375, 2.640625, 2.78125, 1.5859375]"
False,583,0,8234,1,"[3.125, 1.25, 3.265625, 2.28125]"
True,584,0,8236,0,"[2.5, 3.484375, 4.375, 2.59375]"
True,585,2,8238,2,"[2.6875, 2.515625, 1.6171875, 2.21875]"
False,586,2,8239,3,"[3.796875, 3.609375, 3.34375, 2.578125]"
True,587,2,8280,2,"[4.84375, 3.71875, 2.5625, 3.953125]"
True,588,2,8281,2,"[2.359375, 5.625, 2.1875, 3.21875]"
False,589,0,8298,2,"[2.1875, 3.390625, 2.109375, 4.46875]"
False,590,3,8300,1,"[3.0, 2.359375, 2.546875, 2.921875]"
False,591,1,8301,2,"[3.515625, 2.234375, 2.0625, 3.46875]"
False,592,3,8326,0,"[3.234375, 3.578125, 3.34375, 3.890625]"
False,593,2,8347,1,"[3.578125, 2.359375, 3.015625, 2.90625]"
True,594,3,8350,3,"[6.0, 3.71875, 4.1875, 2.640625]"
True,595,2,8351,2,"[5.6875, 2.109375, 2.03125, 3.875]"
False,596,0,8363,1,"[3.265625, 2.859375, 4.28125, 5.0]"
False,597,1,8366,3,"[3.109375, 3.21875, 3.796875, 2.5625]"
False,598,1,8367,3,"[4.84375, 5.0, 4.96875, 4.28125]"
True,599,3,8435,3,"[3.703125, 3.5, 4.5625, 2.78125]"
False,600,3,8471,2,"[2.671875, 3.671875, 1.796875, 2.296875]"
False,601,2,8486,0,"[3.359375, 4.0, 3.5, 4.46875]"
True,602,2,8515,2,"[4.21875, 4.125, 3.109375, 5.78125]"
True,603,3,8516,3,"[3.125, 2.328125, 2.5, 1.2109375]"
False,604,1,8519,2,"[4.53125, 4.375, 3.734375, 5.375]"
False,605,3,8520,2,"[3.4375, 4.3125, 2.671875, 3.640625]"
True,606,2,8525,2,"[2.734375, 3.5, 2.140625, 3.734375]"
False,607,0,8527,3,"[3.0625, 5.34375, 4.75, 2.59375]"
True,608,0,8541,0,"[3.15625, 4.5625, 3.640625, 3.890625]"
False,609,0,8551,2,"[4.03125, 4.5625, 1.96875, 2.796875]"
False,610,2,8553,0,"[3.546875, 4.0625, 5.6875, 3.625]"
True,611,1,8555,1,"[5.03125, 2.15625, 3.015625, 4.59375]"
True,612,2,8557,2,"[2.9375, 3.109375, 2.671875, 3.125]"
False,613,3,8565,0,"[2.703125, 3.328125, 3.484375, 3.28125]"
False,614,3,8569,2,"[4.90625, 4.8125, 3.6875, 5.46875]"
False,615,0,8571,2,"[3.234375, 4.5, 2.828125, 4.75]"
False,616,3,8572,0,"[3.015625, 3.109375, 3.6875, 4.65625]"
False,617,0,8573,1,"[3.359375, 2.203125, 3.046875, 2.875]"
False,618,3,8649,1,"[5.25, 3.265625, 4.34375, 4.34375]"
True,619,1,8650,1,"[3.390625, 0.7109375, 2.765625, 2.640625]"
False,620,2,8733,1,"[3.296875, 2.796875, 4.375, 3.453125]"
False,621,0,8742,2,"[3.421875, 3.609375, 3.0625, 4.125]"
False,622,0,8758,1,"[3.421875, 3.359375, 3.734375, 4.71875]"
True,623,0,8759,0,"[2.46875, 3.109375, 3.234375, 4.21875]"
True,624,0,8798,0,"[3.203125, 3.4375, 3.4375, 3.53125]"
True,625,0,8799,0,"[3.03125, 5.03125, 3.59375, 3.84375]"
False,626,0,8815,1,"[3.46875, 2.90625, 4.46875, 3.015625]"
True,627,0,8816,0,"[1.5859375, 4.6875, 3.828125, 3.78125]"
True,628,2,8817,2,"[3.359375, 4.0625, 2.0, 3.078125]"
False,629,3,8818,1,"[3.171875, 2.984375, 4.1875, 4.09375]"
False,630,2,8821,0,"[2.59375, 3.546875, 4.90625, 3.609375]"
True,631,0,8822,0,"[2.390625, 3.890625, 3.953125, 2.640625]"
True,632,0,8825,0,"[1.921875, 2.890625, 3.34375, 4.0625]"
False,633,2,8841,0,"[2.8125, 2.8125, 3.3125, 3.25]"
False,634,1,8843,0,"[3.296875, 5.8125, 4.25, 5.15625]"
False,635,1,8844,3,"[3.1875, 3.53125, 3.25, 2.671875]"
False,636,0,8863,3,"[3.46875, 4.53125, 3.234375, 3.03125]"
True,637,1,8864,1,"[4.3125, 4.1875, 4.625, 4.5625]"
False,638,3,8871,2,"[5.34375, 3.578125, 2.984375, 3.609375]"
True,639,0,8872,0,"[4.0625, 4.1875, 6.0, 4.15625]"
False,640,0,8901,2,"[2.5625, 2.8125, 2.4375, 2.875]"
False,641,0,8904,1,"[3.265625, 3.078125, 5.96875, 4.6875]"
False,642,3,8906,1,"[3.640625, 3.171875, 5.5, 5.03125]"
True,643,0,8909,0,"[3.0625, 4.0, 4.34375, 5.1875]"
False,644,3,8926,1,"[3.859375, 3.59375, 4.6875, 4.15625]"
False,645,0,8940,2,"[4.03125, 6.40625, 2.3125, 3.734375]"
True,646,1,8941,1,"[3.640625, 2.6875, 3.609375, 3.5625]"
True,647,1,8942,1,"[4.34375, 2.96875, 4.125, 3.234375]"
False,648,2,8955,3,"[3.0, 2.625, 3.546875, 2.5625]"
False,649,0,8973,3,"[4.0, 3.8125, 3.4375, 3.21875]"
True,650,3,8975,3,"[3.21875, 3.3125, 3.9375, 2.859375]"
False,651,1,8976,0,"[2.5, 3.53125, 3.28125, 2.609375]"
True,652,2,8979,2,"[3.515625, 3.234375, 2.890625, 3.28125]"
False,653,0,8998,2,"[3.546875, 3.359375, 3.28125, 3.578125]"
True,654,0,9052,0,"[2.984375, 3.90625, 3.546875, 4.40625]"
False,655,3,9053,1,"[4.3125, 3.359375, 3.578125, 4.40625]"
True,656,1,9054,1,"[4.3125, 3.546875, 4.9375, 3.921875]"
False,657,2,9057,0,"[2.4375, 4.28125, 4.4375, 3.484375]"
False,658,0,9059,3,"[4.53125, 4.34375, 5.5, 3.765625]"
False,659,3,9061,2,"[4.71875, 3.421875, 2.421875, 3.078125]"
False,660,0,9075,2,"[3.015625, 3.109375, 2.71875, 4.1875]"
False,661,2,9076,3,"[3.171875, 3.75, 3.609375, 2.9375]"
True,662,2,9094,2,"[3.75, 2.453125, 2.1875, 4.6875]"
True,663,0,9111,0,"[2.890625, 3.921875, 3.640625, 3.265625]"
False,664,2,9173,1,"[3.75, 3.734375, 3.796875, 4.0]"
False,665,0,9207,2,"[3.84375, 4.59375, 2.9375, 2.953125]"
True,666,2,9208,2,"[5.59375, 4.25, 3.0625, 4.6875]"
False,667,0,9320,1,"[4.25, 3.3125, 4.03125, 4.28125]"
False,668,2,9321,3,"[3.6875, 3.375, 3.453125, 1.984375]"
False,669,0,9373,1,"[3.59375, 3.078125, 4.4375, 3.453125]"
False,670,2,9389,3,"[2.59375, 3.015625, 3.28125, 2.4375]"
False,671,3,9390,0,"[2.375, 3.296875, 5.03125, 2.78125]"
False,672,0,9393,3,"[2.34375, 4.3125, 4.125, 2.1875]"
False,673,0,9434,2,"[3.359375, 3.28125, 3.078125, 5.5625]"
False,674,1,9559,2,"[3.890625, 3.109375, 2.734375, 3.890625]"
False,675,3,9560,2,"[3.953125, 3.234375, 3.21875, 3.28125]"
False,676,0,9561,2,"[3.875, 3.71875, 2.90625, 4.8125]"
False,677,0,9639,1,"[4.375, 2.59375, 4.84375, 3.28125]"
False,678,3,9640,0,"[2.65625, 4.375, 3.421875, 3.140625]"
True,679,3,9677,3,"[3.71875, 3.828125, 4.25, 3.703125]"
True,680,0,9678,0,"[3.03125, 4.0625, 4.03125, 4.1875]"
True,681,3,9679,3,"[3.84375, 3.53125, 4.28125, 3.390625]"
True,682,0,9680,0,"[3.40625, 4.1875, 3.40625, 3.734375]"
False,683,0,9691,1,"[4.28125, 3.453125, 3.71875, 4.125]"
False,684,3,9692,1,"[3.578125, 2.28125, 2.984375, 3.640625]"
False,685,0,9693,3,"[3.546875, 3.84375, 2.96875, 2.765625]"
True,686,3,9737,3,"[2.890625, 3.734375, 4.125, 2.796875]"
True,687,2,9738,2,"[4.21875, 4.3125, 3.125, 5.28125]"
True,688,2,9778,2,"[4.625, 3.71875, 3.609375, 4.875]"
True,689,3,9779,3,"[3.28125, 3.84375, 3.21875, 2.46875]"
False,690,2,9780,0,"[2.515625, 3.109375, 2.859375, 3.234375]"
True,691,3,9783,3,"[2.21875, 2.734375, 2.53125, 2.09375]"
False,692,0,9800,1,"[2.953125, 2.484375, 3.640625, 4.1875]"
True,693,2,9832,2,"[2.46875, 3.375, 1.8125, 2.828125]"
False,694,3,9837,1,"[4.53125, 3.96875, 6.40625, 4.21875]"
False,695,1,9840,2,"[4.3125, 4.3125, 4.0, 4.25]"
True,696,1,9842,1,"[3.703125, 3.0625, 5.40625, 3.5625]"
False,697,1,9843,0,"[3.4375, 4.625, 4.0625, 3.96875]"
False,698,2,9854,1,"[5.90625, 4.03125, 4.53125, 4.71875]"
True,699,3,9855,3,"[4.8125, 3.484375, 3.375, 2.953125]"
False,700,1,9864,2,"[3.3125, 3.890625, 3.140625, 3.5]"
True,701,3,9865,3,"[2.953125, 3.421875, 3.0, 2.234375]"
False,702,1,9866,0,"[2.609375, 2.890625, 3.125, 4.03125]"
False,703,3,9867,2,"[3.78125, 2.96875, 2.8125, 3.03125]"
True,704,0,9868,0,"[1.9765625, 5.71875, 3.5, 3.75]"
False,705,0,9886,2,"[2.453125, 2.9375, 1.8203125, 2.34375]"
False,706,1,9887,0,"[2.828125, 3.1875, 3.171875, 4.28125]"
False,707,1,9895,2,"[4.09375, 3.921875, 2.703125, 3.84375]"
False,708,3,9900,1,"[3.71875, 3.4375, 3.75, 4.53125]"
False,709,3,9914,0,"[2.109375, 3.140625, 3.453125, 4.03125]"
True,710,3,9921,3,"[4.46875, 3.265625, 4.28125, 2.203125]"
True,711,3,9922,3,"[1.046875, 1.71875, 2.6875, 0.7890625]"
False,712,3,9972,2,"[2.8125, 4.53125, 1.7734375, 4.6875]"
False,713,0,9973,2,"[3.640625, 3.015625, 2.4375, 3.421875]"
False,714,0,9985,1,"[3.078125, 2.25, 3.734375, 3.703125]"
True,715,2,10021,2,"[3.015625, 3.5, 2.09375, 2.34375]"
False,716,1,10022,3,"[3.703125, 2.40625, 3.546875, 2.375]"
True,717,3,10083,3,"[5.0, 3.734375, 2.8125, 2.640625]"
True,718,3,10139,3,"[3.859375, 4.03125, 3.78125, 2.796875]"
False,719,2,10141,0,"[2.390625, 3.953125, 3.828125, 4.4375]"
True,720,1,10150,1,"[3.3125, 2.890625, 3.015625, 3.015625]"
True,721,0,10152,0,"[1.65625, 3.34375, 3.171875, 4.4375]"
True,722,3,10153,3,"[3.40625, 4.375, 2.484375, 1.8203125]"
True,723,1,10173,1,"[4.875, 4.6875, 5.9375, 7.21875]"
False,724,3,10175,0,"[3.171875, 3.546875, 4.1875, 3.375]"
True,725,0,10218,0,"[2.109375, 3.125, 5.78125, 6.1875]"
False,726,1,10220,3,"[4.375, 3.390625, 2.0625, 1.875]"
False,727,3,10221,0,"[2.59375, 3.96875, 3.3125, 4.3125]"
False,728,2,10222,1,"[4.6875, 2.484375, 3.296875, 3.796875]"
False,729,3,10223,0,"[3.296875, 5.25, 4.75, 4.5625]"
False,730,3,10224,2,"[4.875, 3.125, 2.546875, 3.40625]"
False,731,0,10242,1,"[3.3125, 2.625, 4.15625, 2.875]"
False,732,2,10243,0,"[3.203125, 3.75, 4.53125, 3.765625]"
False,733,1,10245,2,"[3.265625, 3.15625, 3.125, 3.359375]"
False,734,3,10246,0,"[2.28125, 3.75, 2.375, 2.84375]"
False,735,2,10314,3,"[3.390625, 4.53125, 3.15625, 3.078125]"
False,736,2,10315,0,"[2.484375, 2.953125, 3.515625, 2.890625]"
True,737,0,10319,0,"[2.6875, 4.90625, 4.21875, 5.0625]"
True,738,0,10320,0,"[2.671875, 4.46875, 3.171875, 3.90625]"
True,739,1,10321,1,"[6.375, 3.359375, 4.78125, 4.28125]"
False,740,0,10338,1,"[3.578125, 2.8125, 3.390625, 3.75]"
False,741,2,10416,1,"[2.703125, 1.7890625, 1.9140625, 2.96875]"
False,742,3,10442,0,"[3.09375, 3.359375, 4.90625, 4.5625]"
True,743,1,10443,1,"[2.9375, 2.6875, 4.15625, 3.453125]"
False,744,2,10453,0,"[3.5625, 5.0625, 4.25, 3.65625]"
True,745,3,10535,3,"[3.671875, 3.25, 3.078125, 2.25]"
True,746,3,10537,3,"[4.34375, 3.859375, 3.6875, 3.4375]"
False,747,2,10552,0,"[3.546875, 4.34375, 4.65625, 4.6875]"
True,748,0,10553,0,"[2.984375, 3.46875, 4.59375, 3.359375]"
False,749,2,10559,3,"[4.0, 4.0, 3.046875, 2.921875]"
False,750,2,10587,0,"[2.5625, 4.28125, 3.875, 3.484375]"
True,751,1,10605,1,"[4.375, 3.765625, 5.28125, 3.859375]"
False,752,3,10606,1,"[4.125, 2.046875, 4.21875, 5.625]"
True,753,1,10607,1,"[3.625, 3.3125, 3.546875, 4.8125]"
False,754,3,10635,2,"[3.71875, 3.8125, 3.28125, 3.796875]"
False,755,2,10637,3,"[3.0, 4.34375, 4.21875, 2.625]"
False,756,3,10638,2,"[4.53125, 3.953125, 1.9765625, 3.53125]"
False,757,1,10639,0,"[2.03125, 2.40625, 3.71875, 4.65625]"
True,758,3,10649,3,"[3.421875, 3.390625, 4.0625, 2.703125]"
False,759,1,10650,3,"[4.3125, 4.09375, 3.671875, 3.0]"
False,760,1,10659,2,"[3.859375, 3.703125, 3.40625, 4.03125]"
False,761,2,10666,0,"[2.515625, 2.765625, 3.96875, 5.09375]"
False,762,0,10667,1,"[4.65625, 3.125, 3.65625, 4.59375]"
False,763,3,10668,1,"[3.46875, 2.375, 2.734375, 3.125]"
False,764,3,10669,1,"[5.46875, 3.890625, 4.5625, 5.0625]"
False,765,1,10670,3,"[3.328125, 3.265625, 4.25, 2.9375]"
False,766,1,10671,0,"[2.765625, 4.65625, 3.890625, 4.125]"
False,767,1,10673,3,"[3.890625, 3.203125, 4.34375, 2.90625]"
False,768,3,10691,2,"[3.15625, 3.234375, 2.921875, 3.03125]"
True,769,2,10698,2,"[3.515625, 3.21875, 2.96875, 4.71875]"
False,770,1,10699,0,"[1.7109375, 2.765625, 3.515625, 3.265625]"
False,771,0,10732,1,"[2.78125, 2.109375, 2.375, 5.75]"
False,772,3,10733,1,"[3.40625, 2.921875, 3.765625, 2.921875]"
True,773,2,10738,2,"[3.765625, 4.59375, 3.734375, 4.0625]"
False,774,0,10739,3,"[4.9375, 3.546875, 3.25, 2.90625]"
True,775,2,10740,2,"[4.65625, 4.96875, 2.453125, 4.4375]"
True,776,0,10741,0,"[3.390625, 4.0, 4.59375, 4.625]"
False,777,1,10742,2,"[4.90625, 4.34375, 3.734375, 5.09375]"
False,778,1,10748,0,"[2.4375, 2.71875, 4.21875, 2.953125]"
False,779,1,10749,3,"[4.21875, 4.375, 3.75, 2.265625]"
False,780,0,10750,1,"[3.125, 3.0, 3.015625, 3.015625]"
True,781,0,10761,0,"[3.421875, 4.625, 3.984375, 4.90625]"
True,782,3,10763,3,"[3.53125, 3.953125, 3.984375, 3.1875]"
False,783,3,10823,2,"[5.03125, 3.578125, 2.5, 3.09375]"
True,784,0,10824,0,"[1.28125, 3.703125, 5.3125, 2.8125]"
False,785,2,10825,1,"[3.421875, 1.234375, 2.421875, 3.625]"
False,786,0,10826,3,"[1.4921875, 2.84375, 2.640625, 0.69921875]"
True,787,3,10827,3,"[4.375, 3.46875, 4.0625, 2.578125]"
False,788,1,10865,3,"[3.484375, 3.5, 4.0625, 2.578125]"
False,789,2,10866,0,"[2.671875, 3.859375, 4.125, 4.09375]"
True,790,0,10868,0,"[2.234375, 3.140625, 2.234375, 3.40625]"
True,791,2,10890,2,"[4.59375, 4.34375, 2.890625, 3.140625]"
False,792,2,10894,3,"[3.71875, 3.734375, 2.875, 2.703125]"
False,793,3,10945,1,"[3.34375, 2.859375, 3.40625, 3.5625]"
True,794,1,10974,1,"[3.484375, 3.0625, 3.578125, 4.5625]"
False,795,0,10996,2,"[2.859375, 4.75, 2.625, 3.265625]"
False,796,1,11021,3,"[3.78125, 3.0625, 3.140625, 2.828125]"
False,797,0,11025,3,"[3.65625, 4.40625, 4.0625, 3.125]"
False,798,2,11043,0,"[2.390625, 2.765625, 4.0, 2.78125]"
False,799,2,11051,0,"[3.109375, 3.15625, 3.15625, 4.1875]"
False,800,0,11070,1,"[2.828125, 2.328125, 4.84375, 4.4375]"
False,801,3,11071,0,"[3.6875, 5.9375, 3.921875, 4.03125]"
True,802,3,11072,3,"[3.953125, 3.203125, 4.8125, 2.34375]"
False,803,3,11073,2,"[3.140625, 3.359375, 1.6953125, 2.921875]"
True,804,2,11123,2,"[4.78125, 5.1875, 3.265625, 5.34375]"
False,805,0,11165,3,"[3.109375, 3.875, 3.640625, 2.828125]"
False,806,2,11177,1,"[6.15625, 3.828125, 6.40625, 3.921875]"
True,807,2,11180,2,"[3.34375, 5.5, 2.921875, 4.96875]"
False,808,0,11181,2,"[4.0, 4.96875, 3.90625, 4.46875]"
False,809,2,11188,1,"[4.03125, 2.828125, 4.34375, 4.84375]"
False,810,2,11189,1,"[4.25, 2.9375, 4.125, 4.625]"
False,811,3,11198,0,"[3.515625, 3.828125, 4.75, 3.671875]"
True,812,3,11199,3,"[3.84375, 3.546875, 3.53125, 3.25]"
True,813,1,11200,1,"[4.53125, 2.375, 2.8125, 3.375]"
False,814,2,11265,3,"[4.8125, 3.515625, 4.5625, 3.46875]"
True,815,3,11267,3,"[4.125, 4.1875, 5.125, 3.84375]"
False,816,2,11287,0,"[2.53125, 3.296875, 2.65625, 2.734375]"
False,817,0,11290,2,"[2.90625, 4.34375, 2.828125, 3.921875]"
False,818,3,11292,2,"[3.59375, 4.71875, 2.6875, 4.25]"
False,819,3,11312,0,"[2.984375, 4.875, 4.25, 3.78125]"
False,820,1,11313,2,"[3.515625, 4.25, 2.90625, 3.671875]"
False,821,1,11342,2,"[3.375, 3.46875, 3.03125, 4.3125]"
False,822,0,11343,1,"[3.875, 2.609375, 3.5625, 3.03125]"
False,823,0,11346,2,"[3.515625, 3.609375, 3.328125, 4.46875]"
True,824,2,11348,2,"[3.71875, 3.8125, 3.0625, 3.203125]"
False,825,3,11368,1,"[4.46875, 2.703125, 3.640625, 3.71875]"
False,826,3,11385,0,"[3.078125, 5.1875, 3.125, 4.25]"
True,827,3,11386,3,"[4.90625, 5.53125, 4.5625, 3.65625]"
False,828,2,11405,0,"[2.765625, 3.46875, 3.90625, 4.5]"
True,829,0,11411,0,"[1.3359375, 3.421875, 2.8125, 4.40625]"
False,830,1,11421,0,"[2.34375, 2.734375, 3.671875, 4.0625]"
True,831,0,11422,0,"[1.90625, 5.0625, 4.375, 3.109375]"
True,832,2,11428,2,"[2.859375, 3.5625, 2.046875, 2.640625]"
False,833,2,11435,0,"[2.59375, 3.390625, 3.71875, 3.453125]"
False,834,0,11437,2,"[3.25, 3.21875, 2.796875, 5.125]"
True,835,1,11438,1,"[5.375, 2.453125, 3.921875, 2.53125]"
False,836,2,11504,3,"[4.8125, 3.203125, 3.765625, 2.21875]"
True,837,3,11506,3,"[3.875, 4.28125, 6.28125, 2.484375]"
False,838,2,11507,3,"[4.0625, 3.796875, 3.828125, 3.296875]"
False,839,2,11533,0,"[2.859375, 3.171875, 3.296875, 3.078125]"
False,840,3,11545,1,"[3.5, 1.625, 2.84375, 2.859375]"
True,841,3,11549,3,"[4.90625, 3.953125, 3.078125, 2.703125]"
False,842,1,11580,3,"[4.1875, 3.96875, 4.90625, 3.640625]"
False,843,3,11581,0,"[2.734375, 4.53125, 4.46875, 2.765625]"
False,844,1,11624,3,"[2.953125, 3.796875, 3.59375, 2.9375]"
False,845,3,11626,1,"[3.65625, 2.734375, 5.875, 4.5]"
True,846,3,11634,3,"[4.21875, 3.875, 3.46875, 3.203125]"
True,847,3,11652,3,"[3.0625, 3.359375, 3.09375, 2.015625]"
True,848,3,11734,3,"[4.0, 3.65625, 2.203125, 1.671875]"
True,849,3,11766,3,"[3.671875, 3.1875, 3.78125, 2.828125]"
False,850,2,11783,0,"[3.296875, 4.625, 3.859375, 4.28125]"
False,851,1,11784,0,"[2.75, 4.375, 3.3125, 3.78125]"
False,852,3,11822,0,"[3.625, 4.09375, 4.78125, 5.8125]"
False,853,1,11858,0,"[2.328125, 2.546875, 3.453125, 2.53125]"
False,854,1,11859,3,"[2.59375, 2.53125, 4.78125, 2.109375]"
False,855,2,11860,3,"[3.640625, 3.734375, 3.515625, 3.171875]"
False,856,1,11861,2,"[4.34375, 3.28125, 3.0, 4.53125]"
False,857,3,11862,2,"[3.3125, 4.65625, 2.359375, 4.40625]"
True,858,2,11877,2,"[3.71875, 4.03125, 3.125, 4.25]"
False,859,0,11904,3,"[3.65625, 4.34375, 3.59375, 2.015625]"
True,860,2,11905,2,"[3.671875, 2.921875, 2.53125, 4.34375]"
True,861,2,11918,2,"[3.921875, 3.953125, 3.015625, 3.125]"
False,862,0,11920,2,"[4.25, 3.015625, 2.328125, 2.71875]"
False,863,0,11921,1,"[2.328125, 2.203125, 3.859375, 2.75]"
True,864,1,11931,1,"[6.09375, 3.265625, 6.46875, 5.125]"
True,865,1,11932,1,"[3.84375, 3.0, 4.15625, 4.09375]"
True,866,1,11933,1,"[5.875, 2.8125, 4.875, 3.9375]"
False,867,1,11948,2,"[3.6875, 3.390625, 2.765625, 4.125]"
False,868,3,11949,1,"[3.6875, 3.59375, 3.859375, 4.0]"
False,869,2,11950,0,"[2.484375, 3.96875, 3.546875, 2.890625]"
True,870,2,12020,2,"[4.28125, 3.25, 3.21875, 4.0]"
False,871,0,12024,3,"[4.625, 5.46875, 3.203125, 2.6875]"
False,872,2,12028,0,"[2.890625, 3.09375, 3.8125, 3.6875]"
True,873,1,12034,1,"[4.8125, 3.359375, 3.796875, 4.125]"
False,874,1,12080,3,"[3.734375, 3.046875, 3.671875, 2.875]"
False,875,0,12081,2,"[4.65625, 5.53125, 3.0625, 3.296875]"
False,876,0,12084,2,"[4.09375, 4.625, 3.9375, 4.03125]"
False,877,3,12110,0,"[3.6875, 4.46875, 4.3125, 3.75]"
True,878,2,12125,2,"[3.5, 2.90625, 1.9921875, 2.890625]"
True,879,2,12131,2,"[5.59375, 4.4375, 3.140625, 3.1875]"
True,880,2,12146,2,"[4.78125, 2.96875, 2.453125, 2.53125]"
False,881,3,12199,0,"[4.4375, 5.09375, 5.875, 5.0625]"
False,882,3,12215,0,"[3.234375, 3.890625, 4.0625, 4.5]"
True,883,3,12216,3,"[3.46875, 3.546875, 3.484375, 3.0]"
False,884,2,12222,0,"[2.734375, 3.75, 3.296875, 3.234375]"
False,885,2,12223,0,"[1.8828125, 3.5, 3.359375, 2.5625]"
False,886,3,12269,0,"[3.09375, 3.890625, 3.453125, 4.03125]"
True,887,2,12293,2,"[4.15625, 5.0625, 2.578125, 4.0]"
True,888,1,12295,1,"[3.703125, 2.75, 3.890625, 3.421875]"
True,889,0,12296,0,"[1.96875, 2.109375, 3.3125, 5.0]"
True,890,0,12297,0,"[2.3125, 3.5, 3.21875, 2.6875]"
True,891,1,12298,1,"[4.59375, 2.921875, 5.21875, 3.9375]"
False,892,0,12303,2,"[4.34375, 4.71875, 3.734375, 4.3125]"
False,893,0,12406,1,"[4.1875, 3.640625, 3.828125, 4.25]"
False,894,1,12408,2,"[4.53125, 3.65625, 3.109375, 3.78125]"
False,895,2,12441,0,"[2.21875, 4.90625, 4.46875, 2.234375]"
True,896,0,12442,0,"[2.75, 4.40625, 2.96875, 4.59375]"
True,897,2,12443,2,"[2.359375, 2.375, 2.34375, 3.6875]"
False,898,3,12457,1,"[2.609375, 2.578125, 3.0, 3.328125]"
False,899,1,12482,0,"[2.390625, 3.796875, 3.5, 3.03125]"
False,900,1,12496,3,"[4.6875, 3.5625, 3.578125, 3.234375]"
True,901,3,12497,3,"[2.890625, 3.609375, 5.4375, 2.71875]"
False,902,0,12510,2,"[4.375, 4.5625, 3.609375, 4.34375]"
True,903,1,12512,1,"[2.84375, 2.75, 3.921875, 3.890625]"
False,904,1,12513,2,"[4.4375, 3.484375, 3.03125, 5.15625]"
False,905,0,12534,1,"[3.21875, 2.25, 2.421875, 3.25]"
False,906,0,12583,1,"[3.640625, 2.90625, 5.625, 3.09375]"
False,907,2,12585,1,"[3.125, 2.90625, 3.546875, 3.671875]"
True,908,1,12587,1,"[4.46875, 2.265625, 4.59375, 3.375]"
True,909,0,12589,0,"[1.296875, 3.828125, 4.25, 3.703125]"
False,910,3,12596,1,"[4.28125, 2.875, 3.453125, 2.953125]"
True,911,3,12597,3,"[4.625, 5.5625, 4.40625, 4.28125]"
False,912,2,12598,1,"[4.78125, 3.203125, 3.78125, 4.3125]"
False,913,0,12624,2,"[4.25, 3.6875, 3.296875, 4.4375]"
False,914,2,12712,1,"[3.8125, 3.40625, 4.84375, 3.59375]"
False,915,0,12741,3,"[3.140625, 2.53125, 2.5625, 2.390625]"
False,916,1,12751,0,"[3.390625, 4.03125, 3.5, 4.46875]"
False,917,2,12793,3,"[3.65625, 4.34375, 4.21875, 3.171875]"
False,918,3,12824,1,"[4.5625, 3.421875, 4.75, 3.453125]"
True,919,3,12836,3,"[4.28125, 4.71875, 3.953125, 3.609375]"
False,920,2,12837,1,"[4.1875, 3.484375, 4.5, 4.53125]"
False,921,2,12838,0,"[2.671875, 3.9375, 3.421875, 3.8125]"
False,922,2,12860,3,"[4.6875, 3.734375, 3.890625, 3.421875]"
False,923,1,12861,2,"[3.359375, 2.859375, 2.3125, 2.921875]"
False,924,0,12865,3,"[4.5, 5.21875, 4.125, 3.859375]"
True,925,3,12878,3,"[4.375, 3.71875, 4.625, 3.40625]"
False,926,2,12967,3,"[3.265625, 3.671875, 4.25, 3.140625]"
False,927,2,12970,1,"[3.359375, 2.96875, 4.09375, 3.796875]"
False,928,2,12994,3,"[4.1875, 3.015625, 4.5625, 2.5625]"
False,929,3,13018,0,"[3.234375, 4.21875, 4.28125, 3.828125]"
False,930,2,13032,0,"[3.0, 5.375, 3.1875, 4.1875]"
True,931,3,13087,3,"[3.796875, 4.25, 3.09375, 2.328125]"
False,932,1,13092,2,"[3.390625, 3.0, 2.671875, 3.546875]"
False,933,2,13122,1,"[4.15625, 3.421875, 3.796875, 3.609375]"
True,934,1,13160,1,"[3.390625, 2.828125, 4.34375, 5.5]"
False,935,0,13255,3,"[4.90625, 3.75, 4.0, 3.734375]"
False,936,2,13263,1,"[3.296875, 3.1875, 4.0625, 3.9375]"
False,937,0,13277,1,"[3.609375, 3.21875, 4.125, 3.953125]"
False,938,1,13279,2,"[3.40625, 3.546875, 3.296875, 3.96875]"
False,939,2,13281,0,"[2.0625, 2.796875, 2.78125, 3.59375]"
True,940,0,13282,0,"[2.4375, 2.828125, 2.625, 4.625]"
False,941,0,13290,1,"[3.5, 2.453125, 3.375, 3.53125]"
False,942,2,13297,3,"[3.6875, 3.9375, 3.921875, 2.890625]"
False,943,1,13358,0,"[3.09375, 3.828125, 3.25, 4.25]"
False,944,3,13408,2,"[3.34375, 3.546875, 2.796875, 3.125]"
False,945,1,13428,2,"[3.0625, 3.921875, 2.71875, 3.34375]"
True,946,0,13435,0,"[2.640625, 3.328125, 3.65625, 2.8125]"
False,947,2,13436,3,"[5.09375, 3.625, 3.75, 3.453125]"
False,948,1,13460,3,"[4.4375, 5.1875, 4.03125, 2.3125]"
False,949,1,13461,3,"[3.515625, 4.09375, 4.125, 3.140625]"
False,950,0,13485,2,"[2.34375, 3.296875, 2.15625, 3.234375]"
False,951,0,13508,3,"[4.34375, 4.46875, 4.75, 4.03125]"
False,952,2,13509,3,"[2.328125, 4.8125, 2.3125, 1.3828125]"
False,953,0,13511,2,"[3.984375, 3.4375, 2.90625, 2.984375]"
True,954,0,13524,0,"[1.8671875, 2.734375, 2.75, 3.40625]"
False,955,0,13538,1,"[3.546875, 3.46875, 4.59375, 5.125]"
True,956,0,13560,0,"[1.46875, 3.546875, 3.96875, 2.234375]"
False,957,0,13610,3,"[3.25, 4.375, 4.5, 3.1875]"
False,958,2,13611,1,"[3.640625, 2.46875, 2.59375, 3.125]"
False,959,1,13636,2,"[4.09375, 3.8125, 3.53125, 4.0625]"
True,960,0,13653,0,"[2.046875, 3.1875, 3.796875, 2.078125]"
False,961,3,13698,0,"[2.6875, 2.765625, 4.375, 2.859375]"
False,962,3,13700,1,"[5.125, 2.90625, 4.53125, 3.328125]"
False,963,3,13712,0,"[3.40625, 5.40625, 4.8125, 6.59375]"
False,964,3,13775,1,"[3.828125, 3.3125, 5.0, 3.484375]"
False,965,2,13776,0,"[3.0625, 3.0625, 3.859375, 3.75]"
False,966,1,13803,2,"[4.375, 4.03125, 3.46875, 4.03125]"
False,967,3,13873,2,"[3.265625, 4.84375, 1.453125, 4.4375]"
False,968,1,13874,0,"[2.234375, 4.03125, 3.03125, 3.421875]"
False,969,1,13877,3,"[3.9375, 3.546875, 2.875, 2.71875]"
False,970,1,13911,2,"[2.5625, 4.125, 2.328125, 3.859375]"
False,971,2,13921,1,"[4.875, 3.703125, 4.09375, 4.1875]"
False,972,2,13948,3,"[4.25, 5.1875, 5.25, 3.453125]"
True,973,0,13949,0,"[4.1875, 5.6875, 4.3125, 4.6875]"
True,974,2,13998,2,"[3.234375, 4.9375, 2.828125, 3.609375]"
False,975,3,13999,0,"[3.328125, 4.125, 3.90625, 4.28125]"
False,976,3,14075,2,"[4.09375, 3.5, 2.703125, 3.109375]"
True,977,0,14076,0,"[2.734375, 5.0625, 3.09375, 3.640625]"
False,978,2,14078,0,"[2.484375, 3.5, 4.1875, 2.6875]"
False,979,0,14092,1,"[4.375, 3.765625, 4.3125, 4.09375]"
False,980,1,14093,0,"[2.515625, 3.15625, 4.1875, 5.1875]"
False,981,1,14141,2,"[4.34375, 3.28125, 3.15625, 3.796875]"
True,982,0,14156,0,"[2.359375, 2.53125, 2.6875, 3.578125]"
True,983,1,14157,1,"[2.8125, 2.796875, 3.75, 4.03125]"
False,984,3,14248,1,"[4.28125, 3.921875, 4.28125, 4.4375]"
False,985,3,14250,0,"[3.296875, 3.375, 3.65625, 3.578125]"
False,986,3,14251,1,"[5.34375, 2.71875, 3.984375, 3.890625]"
False,987,1,14252,3,"[2.90625, 4.1875, 5.78125, 2.390625]"
False,988,2,14253,3,"[3.625, 4.1875, 4.65625, 3.5]"
False,989,1,14285,2,"[3.46875, 2.59375, 2.578125, 3.75]"
False,990,3,14305,0,"[3.28125, 5.59375, 3.40625, 3.296875]"
True,991,2,14306,2,"[3.0625, 3.6875, 2.984375, 3.15625]"
False,992,3,14307,0,"[2.390625, 4.71875, 4.59375, 3.328125]"
False,993,3,14317,0,"[2.96875, 3.90625, 3.984375, 3.90625]"
False,994,1,14385,0,"[1.3359375, 3.90625, 3.734375, 2.375]"
True,995,1,14387,1,"[3.890625, 3.390625, 5.65625, 4.28125]"
True,996,1,14388,1,"[4.1875, 2.875, 4.25, 3.734375]"
False,997,1,14389,3,"[3.671875, 4.40625, 3.5, 2.734375]"
False,998,1,14390,0,"[2.59375, 2.734375, 4.15625, 3.109375]"
False,999,2,14401,3,"[5.75, 3.71875, 4.0, 3.625]"
False,1000,1,14423,3,"[2.53125, 2.828125, 3.609375, 2.421875]"
True,1001,3,14424,3,"[3.875, 4.28125, 4.90625, 2.90625]"
True,1002,2,14429,2,"[4.28125, 3.5, 2.6875, 3.15625]"
False,1003,2,14433,0,"[2.234375, 3.78125, 2.265625, 2.6875]"
False,1004,2,14442,3,"[3.765625, 4.53125, 3.765625, 3.75]"
False,1005,1,14445,3,"[3.3125, 5.21875, 4.5, 3.296875]"
False,1006,1,14446,2,"[3.71875, 4.125, 3.671875, 3.8125]"
True,1007,1,14451,1,"[4.125, 3.171875, 4.4375, 3.984375]"
False,1008,2,14452,0,"[2.40625, 5.5, 3.015625, 2.65625]"
True,1009,3,14519,3,"[3.984375, 4.71875, 4.0625, 3.328125]"
False,1010,1,14551,3,"[3.5625, 2.9375, 2.484375, 2.359375]"
False,1011,3,14553,1,"[3.65625, 3.0625, 5.4375, 3.375]"
False,1012,0,14561,3,"[3.546875, 3.390625, 2.421875, 1.7734375]"
True,1013,3,14562,3,"[4.4375, 2.75, 4.03125, 2.53125]"
False,1014,2,14580,0,"[3.140625, 3.484375, 3.6875, 5.15625]"
False,1015,3,14583,0,"[2.75, 3.3125, 3.046875, 5.875]"
False,1016,0,14586,2,"[2.953125, 2.90625, 2.640625, 3.234375]"
True,1017,0,14587,0,"[1.8515625, 2.96875, 3.328125, 2.203125]"
False,1018,3,14588,0,"[2.015625, 3.65625, 4.78125, 2.4375]"
True,1019,3,14590,3,"[4.5625, 3.25, 3.359375, 2.984375]"
False,1020,1,14629,3,"[3.609375, 4.375, 2.984375, 2.6875]"
False,1021,0,14694,1,"[3.34375, 2.328125, 3.234375, 4.375]"
False,1022,1,14702,0,"[2.421875, 3.1875, 3.46875, 2.953125]"
False,1023,2,14709,0,"[3.0625, 3.421875, 3.484375, 3.46875]"
False,1024,2,14752,0,"[3.421875, 6.125, 3.5625, 3.84375]"
False,1025,3,14773,2,"[3.53125, 3.921875, 3.15625, 3.640625]"
True,1026,0,14801,0,"[2.390625, 2.796875, 3.375, 3.734375]"
True,1027,1,14802,1,"[2.796875, 2.59375, 3.140625, 3.328125]"
True,1028,3,14803,3,"[3.109375, 2.96875, 2.765625, 1.9609375]"
False,1029,3,14843,0,"[3.671875, 6.21875, 4.0, 5.125]"
True,1030,2,14845,2,"[6.78125, 4.78125, 3.859375, 5.78125]"
False,1031,2,14856,3,"[3.671875, 4.0625, 3.96875, 3.578125]"
False,1032,3,14857,0,"[3.25, 3.3125, 3.28125, 3.765625]"
True,1033,2,14876,2,"[4.15625, 4.25, 1.7578125, 3.953125]"
True,1034,1,14877,1,"[2.984375, 2.90625, 4.5625, 3.21875]"
False,1035,2,14925,1,"[3.625, 3.359375, 3.578125, 3.484375]"
False,1036,0,14926,2,"[3.484375, 3.34375, 2.6875, 3.125]"
True,1037,0,14948,0,"[2.5, 3.03125, 3.234375, 2.953125]"
False,1038,2,14956,0,"[3.21875, 4.28125, 4.65625, 4.78125]"
True,1039,0,15003,0,"[3.1875, 5.0625, 3.25, 3.84375]"
True,1040,0,15004,0,"[2.546875, 3.40625, 3.546875, 2.65625]"
True,1041,2,15007,2,"[3.265625, 4.4375, 2.5, 4.03125]"
False,1042,0,15017,3,"[4.53125, 4.1875, 4.0625, 3.5]"
False,1043,0,15025,1,"[4.46875, 3.9375, 4.1875, 4.875]"
False,1044,0,15034,2,"[3.09375, 3.796875, 3.015625, 3.328125]"
False,1045,0,15043,2,"[3.59375, 4.0, 3.046875, 3.8125]"
False,1046,0,15044,3,"[3.96875, 3.140625, 3.421875, 2.796875]"
False,1047,0,15054,1,"[3.328125, 2.421875, 2.6875, 3.453125]"
True,1048,3,15059,3,"[3.859375, 4.03125, 2.96875, 2.109375]"
True,1049,0,15060,0,"[2.90625, 3.8125, 3.15625, 3.15625]"
False,1050,0,15063,1,"[3.140625, 2.515625, 4.75, 4.1875]"
False,1051,2,15064,0,"[2.984375, 3.3125, 5.28125, 4.5625]"
True,1052,2,15065,2,"[4.4375, 3.90625, 3.0625, 3.40625]"
True,1053,0,15107,0,"[2.90625, 4.375, 3.15625, 3.359375]"
False,1054,1,15109,3,"[4.34375, 3.203125, 4.0625, 2.5]"
False,1055,3,15113,1,"[3.265625, 2.8125, 3.4375, 5.8125]"
False,1056,1,15114,0,"[2.6875, 2.90625, 4.65625, 3.09375]"
False,1057,0,15115,2,"[2.953125, 2.703125, 2.328125, 4.3125]"
False,1058,0,15117,1,"[4.1875, 3.546875, 4.125, 3.96875]"
False,1059,0,15125,1,"[3.328125, 2.75, 4.0625, 3.0625]"
False,1060,1,15159,2,"[2.828125, 2.8125, 2.640625, 3.96875]"
True,1061,2,15163,2,"[3.4375, 3.546875, 2.890625, 3.8125]"
True,1062,2,15200,2,"[3.671875, 3.578125, 3.046875, 4.03125]"
False,1063,2,15201,0,"[2.046875, 2.359375, 3.953125, 3.015625]"
True,1064,1,15202,1,"[3.28125, 3.109375, 3.671875, 4.0]"
False,1065,3,15209,2,"[3.40625, 5.5, 3.203125, 3.703125]"
False,1066,1,15210,3,"[3.390625, 3.4375, 4.28125, 3.03125]"
False,1067,0,15277,3,"[3.921875, 5.0625, 4.28125, 3.109375]"
False,1068,2,15278,0,"[2.734375, 3.71875, 2.8125, 3.875]"
False,1069,2,15311,0,"[3.5625, 3.875, 4.0, 5.21875]"
True,1070,3,15312,3,"[4.53125, 4.25, 4.71875, 3.609375]"
False,1071,3,15374,2,"[2.796875, 2.515625, 2.46875, 2.578125]"
False,1072,3,15393,2,"[3.609375, 3.5, 2.78125, 3.859375]"
False,1073,1,15410,0,"[2.765625, 3.25, 3.984375, 4.25]"
False,1074,0,15411,2,"[3.796875, 2.671875, 2.171875, 4.4375]"
False,1075,1,15441,3,"[4.96875, 3.234375, 3.28125, 2.6875]"
True,1076,3,15445,3,"[3.75, 4.5, 3.59375, 2.359375]"
True,1077,2,15447,2,"[4.21875, 3.484375, 2.921875, 3.578125]"
False,1078,3,15476,0,"[2.765625, 3.28125, 4.6875, 3.8125]"
False,1079,2,15557,3,"[2.90625, 3.484375, 3.390625, 2.5625]"
False,1080,0,15582,3,"[4.46875, 5.375, 3.65625, 3.421875]"
False,1081,1,15583,2,"[2.84375, 3.609375, 2.609375, 3.375]"
False,1082,1,15640,3,"[3.765625, 3.8125, 3.25, 2.828125]"
True,1083,3,15641,3,"[3.328125, 2.953125, 3.578125, 2.890625]"
False,1084,2,15697,1,"[3.625, 2.953125, 3.109375, 3.28125]"
False,1085,0,15714,1,"[4.0625, 3.015625, 4.71875, 3.8125]"
True,1086,2,15715,2,"[3.234375, 3.234375, 2.671875, 2.703125]"
False,1087,0,15716,1,"[4.21875, 3.46875, 4.03125, 4.15625]"
False,1088,3,15717,0,"[3.265625, 3.328125, 5.25, 3.5]"
False,1089,0,15727,3,"[3.859375, 4.0, 4.65625, 2.046875]"
True,1090,3,15728,3,"[3.8125, 4.59375, 3.609375, 2.921875]"
True,1091,3,15750,3,"[4.25, 4.75, 4.15625, 4.03125]"
False,1092,2,15751,0,"[2.640625, 4.125, 2.984375, 4.125]"
False,1093,0,15768,2,"[2.9375, 3.59375, 2.90625, 4.09375]"
True,1094,2,15769,2,"[4.0, 3.28125, 2.265625, 3.203125]"
False,1095,3,15772,2,"[3.078125, 5.5, 2.875, 3.625]"
False,1096,0,15773,3,"[5.65625, 3.203125, 3.96875, 3.140625]"
True,1097,2,15781,2,"[4.0625, 3.703125, 3.390625, 3.984375]"
False,1098,1,15789,3,"[3.6875, 4.0, 5.125, 2.953125]"
True,1099,1,15815,1,"[5.0, 3.71875, 3.921875, 3.859375]"
False,1100,1,15817,2,"[3.5, 3.578125, 2.65625, 4.4375]"
True,1101,2,15825,2,"[1.9921875, 2.96875, 1.2578125, 2.734375]"
True,1102,3,15826,3,"[4.53125, 3.203125, 3.53125, 3.15625]"
False,1103,0,15827,3,"[2.359375, 2.546875, 2.5, 2.25]"
False,1104,3,15828,2,"[4.65625, 5.40625, 2.359375, 2.640625]"
True,1105,0,15836,0,"[2.1875, 2.984375, 3.546875, 4.0625]"
True,1106,0,15837,0,"[2.90625, 3.703125, 3.328125, 2.953125]"
False,1107,1,15868,0,"[3.390625, 3.453125, 3.53125, 4.78125]"
False,1108,1,15880,3,"[3.515625, 4.1875, 3.609375, 3.203125]"
True,1109,2,15881,2,"[5.375, 3.046875, 2.71875, 3.484375]"
True,1110,3,15923,3,"[4.625, 3.84375, 5.03125, 2.71875]"
False,1111,0,15924,1,"[3.421875, 3.328125, 5.78125, 4.625]"
False,1112,1,15925,0,"[1.5546875, 2.484375, 4.875, 2.453125]"
True,1113,3,15927,3,"[5.53125, 4.03125, 4.3125, 3.6875]"
True,1114,2,15930,2,"[4.0, 3.578125, 3.296875, 5.1875]"
False,1115,2,16007,1,"[3.34375, 2.515625, 3.265625, 2.640625]"
False,1116,1,16008,0,"[2.53125, 3.34375, 4.375, 4.03125]"
True,1117,1,16009,1,"[3.703125, 2.625, 4.4375, 2.71875]"
True,1118,1,16014,1,"[3.15625, 2.90625, 3.984375, 3.84375]"
True,1119,2,16015,2,"[2.890625, 4.4375, 2.828125, 4.125]"
False,1120,2,16016,0,"[3.625, 4.15625, 4.9375, 4.09375]"
False,1121,0,16017,2,"[4.28125, 5.0625, 3.125, 4.875]"
False,1122,2,16033,0,"[4.34375, 5.09375, 4.65625, 4.46875]"
False,1123,3,16051,1,"[6.03125, 2.171875, 2.421875, 2.578125]"
False,1124,1,16078,0,"[2.9375, 4.75, 4.71875, 4.125]"
False,1125,3,16087,1,"[3.359375, 1.6328125, 2.46875, 4.28125]"
True,1126,0,16120,0,"[3.078125, 3.765625, 3.921875, 4.34375]"
False,1127,3,16121,2,"[4.125, 3.953125, 3.421875, 3.515625]"
False,1128,1,16167,0,"[2.734375, 3.03125, 3.390625, 2.96875]"
True,1129,3,16168,3,"[3.46875, 3.828125, 3.625, 3.21875]"
False,1130,2,16169,0,"[3.671875, 5.46875, 3.890625, 4.125]"
False,1131,1,16170,0,"[2.984375, 3.609375, 3.34375, 3.265625]"
True,1132,0,16173,0,"[2.765625, 2.875, 3.53125, 3.84375]"
True,1133,1,16174,1,"[3.21875, 2.171875, 2.421875, 3.484375]"
True,1134,1,16203,1,"[5.34375, 2.3125, 3.859375, 3.875]"
False,1135,3,16204,0,"[1.671875, 2.453125, 3.671875, 1.875]"
True,1136,2,16208,2,"[3.5, 4.21875, 1.7890625, 6.25]"
False,1137,2,16265,3,"[3.453125, 5.4375, 3.28125, 3.25]"
False,1138,1,16266,0,"[3.34375, 3.828125, 4.5, 3.78125]"
False,1139,3,16267,1,"[3.15625, 2.828125, 3.375, 3.578125]"
False,1140,0,16269,2,"[3.921875, 3.0, 2.96875, 3.296875]"
True,1141,1,16288,1,"[7.34375, 2.4375, 3.890625, 2.796875]"
False,1142,3,16289,2,"[3.34375, 2.859375, 2.015625, 3.25]"
False,1143,3,16294,0,"[2.09375, 3.046875, 5.40625, 2.375]"
False,1144,0,16317,3,"[4.46875, 4.03125, 4.1875, 3.625]"
False,1145,1,16318,2,"[2.828125, 3.703125, 2.453125, 3.703125]"
False,1146,1,16319,2,"[3.21875, 3.53125, 2.828125, 3.390625]"
False,1147,2,16320,1,"[2.765625, 1.8984375, 2.828125, 4.40625]"
True,1148,1,16331,1,"[3.265625, 2.703125, 4.71875, 4.84375]"
False,1149,1,16338,0,"[2.9375, 4.03125, 3.015625, 6.03125]"
True,1150,1,16345,1,"[3.765625, 2.875, 3.203125, 4.1875]"
False,1151,2,16346,1,"[5.03125, 2.671875, 4.25, 3.0]"
False,1152,3,16352,1,"[5.1875, 3.9375, 4.28125, 4.875]"
True,1153,2,16402,2,"[4.15625, 4.53125, 2.390625, 3.125]"
False,1154,0,16403,2,"[3.015625, 3.453125, 2.75, 3.671875]"
True,1155,2,16435,2,"[4.09375, 4.15625, 3.0625, 3.671875]"
True,1156,0,16457,0,"[2.328125, 4.25, 4.46875, 3.171875]"
True,1157,2,16471,2,"[3.28125, 4.09375, 3.0, 3.046875]"
False,1158,2,16472,1,"[5.9375, 2.609375, 3.921875, 4.40625]"
True,1159,1,16485,1,"[4.46875, 2.65625, 3.109375, 3.578125]"
True,1160,3,16501,3,"[3.421875, 3.859375, 3.828125, 3.046875]"
False,1161,0,16502,3,"[2.5625, 3.09375, 3.359375, 2.328125]"
True,1162,2,16506,2,"[3.15625, 5.21875, 2.515625, 2.59375]"
False,1163,0,16529,2,"[4.09375, 3.5, 2.6875, 3.59375]"
False,1164,1,16530,3,"[3.75, 3.1875, 2.9375, 2.84375]"
False,1165,0,16531,3,"[4.0625, 3.09375, 3.421875, 2.9375]"
True,1166,3,16534,3,"[2.609375, 2.484375, 2.6875, 1.53125]"
False,1167,2,16535,0,"[1.640625, 2.96875, 2.453125, 2.609375]"
False,1168,1,16570,2,"[3.640625, 2.78125, 2.546875, 3.390625]"
True,1169,3,16571,3,"[3.21875, 3.140625, 4.0, 2.59375]"
True,1170,2,16575,2,"[3.109375, 3.1875, 2.953125, 3.828125]"
False,1171,0,16620,3,"[3.5, 3.53125, 3.125, 2.84375]"
True,1172,3,16621,3,"[5.25, 3.578125, 4.03125, 3.40625]"
False,1173,2,16716,3,"[3.9375, 4.59375, 4.46875, 3.6875]"
False,1174,1,16717,2,"[3.609375, 3.390625, 3.3125, 3.359375]"
True,1175,3,16718,3,"[5.25, 5.25, 4.125, 2.609375]"
True,1176,3,16769,3,"[3.25, 3.609375, 3.296875, 3.125]"
False,1177,0,16770,3,"[3.75, 3.328125, 3.734375, 2.859375]"
False,1178,2,16771,0,"[3.8125, 3.9375, 4.4375, 4.375]"
True,1179,1,16784,1,"[4.1875, 2.75, 3.71875, 4.375]"
False,1180,1,16785,3,"[3.703125, 3.28125, 3.75, 2.40625]"
False,1181,0,16838,2,"[3.3125, 3.328125, 2.921875, 3.046875]"
True,1182,3,16839,3,"[3.390625, 4.1875, 4.40625, 3.09375]"
False,1183,2,16915,1,"[4.46875, 3.0625, 3.078125, 3.9375]"
False,1184,2,16916,0,"[2.671875, 4.25, 3.046875, 5.46875]"
False,1185,0,16923,2,"[3.390625, 4.09375, 3.34375, 3.8125]"
True,1186,2,16931,2,"[3.921875, 3.84375, 3.546875, 4.34375]"
True,1187,2,16955,2,"[3.578125, 4.375, 2.4375, 3.859375]"
True,1188,0,16975,0,"[2.640625, 3.109375, 3.34375, 3.03125]"
True,1189,2,16977,2,"[4.09375, 3.34375, 2.765625, 2.96875]"
False,1190,3,16978,0,"[1.8515625, 4.4375, 2.328125, 2.59375]"
True,1191,1,16979,1,"[4.5625, 2.203125, 2.828125, 4.28125]"
True,1192,1,16980,1,"[2.265625, 1.578125, 3.265625, 2.46875]"
False,1193,3,16994,1,"[4.25, 2.453125, 3.59375, 3.640625]"
False,1194,3,16995,2,"[4.78125, 4.625, 3.0625, 3.328125]"
True,1195,3,17028,3,"[3.8125, 4.71875, 4.875, 3.5]"
False,1196,0,17042,1,"[2.5, 2.265625, 2.4375, 4.34375]"
False,1197,0,17043,2,"[2.625, 4.21875, 2.21875, 4.8125]"
False,1198,0,17232,1,"[3.3125, 2.4375, 3.21875, 3.8125]"
True,1199,1,17233,1,"[5.03125, 3.78125, 3.859375, 3.890625]"
False,1200,0,17234,2,"[3.890625, 4.6875, 2.171875, 4.0625]"
False,1201,2,17259,0,"[1.9453125, 2.203125, 2.78125, 5.3125]"
False,1202,1,17273,3,"[2.984375, 2.4375, 2.875, 2.09375]"
True,1203,2,17274,2,"[6.15625, 4.71875, 1.7734375, 3.140625]"
True,1204,2,17275,2,"[4.75, 4.4375, 2.890625, 4.0]"
False,1205,3,17310,2,"[4.71875, 4.125, 3.703125, 6.28125]"
True,1206,1,17351,1,"[4.21875, 3.265625, 4.375, 4.28125]"
True,1207,3,17421,3,"[4.46875, 5.65625, 4.21875, 4.15625]"
True,1208,1,17489,1,"[4.40625, 2.96875, 3.203125, 4.125]"
False,1209,2,17505,1,"[3.796875, 2.75, 2.828125, 3.046875]"
False,1210,1,17506,0,"[2.28125, 3.703125, 3.203125, 2.71875]"
False,1211,0,17507,3,"[3.5, 3.453125, 3.484375, 2.5625]"
False,1212,1,17560,2,"[4.96875, 2.625, 2.5625, 4.375]"
False,1213,2,17571,3,"[3.203125, 3.515625, 3.828125, 3.125]"
True,1214,0,17646,0,"[3.34375, 3.703125, 3.59375, 5.0625]"
False,1215,0,17727,3,"[4.53125, 4.0625, 4.625, 2.234375]"
False,1216,0,17728,3,"[4.125, 4.21875, 3.71875, 3.40625]"
False,1217,2,17739,1,"[3.6875, 3.3125, 3.953125, 5.78125]"
False,1218,1,17740,0,"[3.390625, 4.5625, 4.71875, 4.5625]"
True,1219,2,17749,2,"[5.375, 4.125, 3.171875, 3.75]"
True,1220,3,17750,3,"[3.515625, 4.625, 3.65625, 3.328125]"
False,1221,1,17751,2,"[4.8125, 4.59375, 3.453125, 3.578125]"
True,1222,3,17762,3,"[5.4375, 4.53125, 4.09375, 3.046875]"
True,1223,3,17795,3,"[3.375, 5.6875, 4.5625, 3.265625]"
False,1224,1,17830,2,"[3.359375, 3.546875, 1.7421875, 4.28125]"
False,1225,0,17905,1,"[3.46875, 2.796875, 4.21875, 3.3125]"
True,1226,0,17941,0,"[2.859375, 3.5, 3.40625, 3.515625]"
False,1227,2,18045,0,"[3.921875, 5.0625, 4.46875, 4.78125]"
False,1228,3,18046,1,"[5.875, 3.921875, 6.1875, 4.0]"
True,1229,1,18098,1,"[4.15625, 2.796875, 4.09375, 3.40625]"
True,1230,2,18099,2,"[3.390625, 3.1875, 2.359375, 3.859375]"
False,1231,2,18100,1,"[3.8125, 2.171875, 3.890625, 3.265625]"
False,1232,3,18102,2,"[3.375, 5.0625, 2.6875, 3.015625]"
True,1233,2,18121,2,"[4.03125, 4.875, 3.75, 3.953125]"
True,1234,0,18133,0,"[2.859375, 4.21875, 3.78125, 3.328125]"
False,1235,0,18148,3,"[3.296875, 4.0625, 5.53125, 3.078125]"
True,1236,3,18149,3,"[3.828125, 3.578125, 3.453125, 3.28125]"
False,1237,2,18150,3,"[5.5625, 3.28125, 4.53125, 2.6875]"
False,1238,0,18163,2,"[4.125, 3.625, 2.828125, 3.703125]"
False,1239,1,18164,3,"[2.734375, 4.09375, 2.8125, 2.484375]"
False,1240,3,18165,0,"[2.9375, 3.1875, 4.375, 3.703125]"
True,1241,3,18166,3,"[3.84375, 4.28125, 4.25, 3.46875]"
True,1242,1,18173,1,"[4.59375, 2.5, 4.0625, 4.03125]"
False,1243,3,18174,1,"[3.9375, 2.78125, 3.1875, 3.75]"
False,1244,3,18185,2,"[3.265625, 3.609375, 3.0, 3.578125]"
False,1245,0,18186,2,"[3.734375, 3.359375, 2.890625, 3.453125]"
True,1246,0,18187,0,"[2.734375, 3.4375, 4.0, 4.21875]"
False,1247,1,18188,2,"[3.671875, 3.96875, 2.109375, 3.671875]"
True,1248,0,18197,0,"[3.15625, 4.625, 3.734375, 4.0625]"
True,1249,3,18208,3,"[4.28125, 4.5625, 3.984375, 3.6875]"
False,1250,1,18269,3,"[4.03125, 3.828125, 3.453125, 3.1875]"
True,1251,0,18320,0,"[2.125, 3.109375, 2.453125, 3.859375]"
False,1252,0,18328,1,"[3.3125, 2.453125, 3.421875, 3.625]"
False,1253,2,18430,3,"[4.9375, 4.625, 3.25, 3.0625]"
False,1254,2,18431,1,"[3.578125, 1.8828125, 3.546875, 3.28125]"
True,1255,0,18432,0,"[3.71875, 4.09375, 3.9375, 4.21875]"
True,1256,1,18444,1,"[3.890625, 2.078125, 3.734375, 3.75]"
True,1257,0,18445,0,"[1.5234375, 3.3125, 3.71875, 5.25]"
True,1258,1,18446,1,"[4.0, 3.265625, 3.28125, 4.40625]"
False,1259,2,18460,1,"[3.28125, 2.984375, 3.328125, 4.71875]"
False,1260,0,18461,1,"[3.515625, 3.046875, 4.4375, 4.96875]"
False,1261,1,18462,3,"[2.625, 3.5625, 3.328125, 2.53125]"
False,1262,0,18499,3,"[3.84375, 4.3125, 4.125, 3.515625]"
False,1263,0,18506,1,"[1.8046875, 1.6484375, 3.171875, 2.84375]"
True,1264,2,18528,2,"[3.421875, 4.53125, 1.8515625, 4.03125]"
False,1265,3,18529,1,"[3.25, 1.6640625, 4.0625, 3.515625]"
False,1266,1,18530,2,"[3.921875, 2.734375, 1.53125, 4.15625]"
True,1267,2,18532,2,"[3.671875, 3.75, 2.234375, 5.46875]"
False,1268,0,18533,1,"[3.03125, 2.828125, 2.96875, 3.40625]"
True,1269,3,18541,3,"[3.046875, 3.0625, 4.34375, 2.9375]"
True,1270,1,18604,1,"[3.96875, 3.75, 3.765625, 4.09375]"
False,1271,0,18605,2,"[4.3125, 3.390625, 3.359375, 3.453125]"
False,1272,3,18617,0,"[2.90625, 3.734375, 3.453125, 3.3125]"
False,1273,2,18642,3,"[3.921875, 3.53125, 4.4375, 2.640625]"
False,1274,3,18652,2,"[6.15625, 5.90625, 4.375, 4.875]"
False,1275,1,18653,3,"[4.9375, 4.78125, 5.625, 3.765625]"
False,1276,3,18654,1,"[4.8125, 3.765625, 4.71875, 4.71875]"
False,1277,0,18655,2,"[3.515625, 3.9375, 3.0625, 4.34375]"
True,1278,1,18657,1,"[3.46875, 2.828125, 3.640625, 3.78125]"
False,1279,2,18723,1,"[4.40625, 2.546875, 3.234375, 3.140625]"
True,1280,1,18725,1,"[3.84375, 2.828125, 3.53125, 3.171875]"
False,1281,3,18726,2,"[4.3125, 4.34375, 2.234375, 2.578125]"
False,1282,2,18727,1,"[3.734375, 2.5625, 2.828125, 3.296875]"
False,1283,3,18729,0,"[2.765625, 3.953125, 3.9375, 4.125]"
False,1284,1,18730,2,"[3.28125, 3.578125, 3.15625, 5.5625]"
False,1285,1,18732,2,"[4.96875, 5.1875, 2.65625, 3.796875]"
False,1286,1,18751,0,"[2.421875, 2.859375, 4.375, 3.5]"
False,1287,2,18757,1,"[3.6875, 1.3984375, 4.46875, 2.40625]"
False,1288,3,18758,0,"[2.921875, 3.75, 3.046875, 3.125]"
False,1289,2,18769,3,"[3.78125, 3.25, 3.203125, 2.484375]"
False,1290,0,18771,3,"[3.671875, 4.46875, 4.78125, 3.125]"
False,1291,1,18794,0,"[3.453125, 4.0625, 4.0, 6.28125]"
True,1292,2,18810,2,"[2.296875, 4.53125, 1.34375, 4.21875]"
True,1293,1,18814,1,"[5.53125, 3.71875, 3.71875, 4.03125]"
False,1294,3,18816,0,"[2.234375, 4.5625, 3.078125, 4.28125]"
False,1295,2,18821,1,"[3.25, 3.140625, 4.25, 3.9375]"
False,1296,0,18822,2,"[3.71875, 3.875, 2.796875, 2.90625]"
False,1297,2,18832,3,"[3.109375, 3.6875, 2.953125, 2.546875]"
False,1298,3,18836,1,"[5.09375, 2.828125, 3.59375, 3.484375]"
True,1299,0,18869,0,"[2.8125, 2.953125, 3.59375, 3.6875]"
False,1300,3,18882,1,"[3.4375, 3.359375, 4.21875, 3.8125]"
False,1301,3,18883,2,"[3.75, 3.203125, 2.734375, 3.90625]"
False,1302,2,18903,3,"[3.6875, 4.78125, 5.09375, 2.984375]"
False,1303,1,18922,2,"[4.09375, 3.46875, 3.4375, 3.609375]"
False,1304,1,18945,0,"[2.015625, 3.71875, 3.421875, 3.25]"
True,1305,3,18958,3,"[3.265625, 4.53125, 3.296875, 2.46875]"
True,1306,1,18959,1,"[4.875, 3.46875, 4.90625, 3.484375]"
True,1307,2,18973,2,"[3.9375, 3.0, 2.25, 3.40625]"
False,1308,3,18988,0,"[2.984375, 3.484375, 3.1875, 3.09375]"
False,1309,0,18991,2,"[4.65625, 3.40625, 3.296875, 5.15625]"
False,1310,2,18992,0,"[2.09375, 2.703125, 2.484375, 3.453125]"
False,1311,2,19020,0,"[2.421875, 3.609375, 3.296875, 3.046875]"
True,1312,2,19021,2,"[2.4375, 2.375, 2.03125, 3.5]"
False,1313,2,19022,1,"[1.5234375, 1.140625, 1.6875, 2.46875]"
False,1314,3,19026,1,"[2.484375, 2.34375, 3.046875, 2.796875]"
False,1315,2,19049,3,"[4.25, 3.25, 2.9375, 2.734375]"
True,1316,3,19063,3,"[2.984375, 3.96875, 5.0, 2.734375]"
False,1317,2,19064,0,"[3.5625, 4.4375, 3.5625, 3.671875]"
False,1318,2,19072,3,"[4.09375, 3.484375, 2.96875, 2.609375]"
True,1319,0,19076,0,"[2.03125, 4.8125, 3.84375, 4.21875]"
True,1320,3,19077,3,"[4.375, 5.03125, 4.78125, 2.53125]"
True,1321,1,19084,1,"[3.921875, 2.984375, 3.390625, 4.15625]"
False,1322,0,19085,2,"[3.578125, 4.125, 2.484375, 4.25]"
True,1323,0,19112,0,"[3.671875, 3.984375, 3.828125, 3.734375]"
False,1324,2,19148,0,"[3.671875, 4.40625, 5.0625, 4.0625]"
True,1325,0,19149,0,"[2.953125, 4.375, 3.53125, 4.65625]"
False,1326,1,19215,3,"[3.890625, 4.21875, 3.890625, 3.671875]"
False,1327,2,19223,3,"[4.125, 3.703125, 4.6875, 3.609375]"
False,1328,1,19224,2,"[3.71875, 3.234375, 3.015625, 4.1875]"
False,1329,0,19267,2,"[3.1875, 4.34375, 2.765625, 5.5625]"
False,1330,1,19274,0,"[3.453125, 3.515625, 4.4375, 4.59375]"
True,1331,1,19326,1,"[4.65625, 3.28125, 3.453125, 3.703125]"
False,1332,1,19327,3,"[3.703125, 3.28125, 4.15625, 3.0]"
False,1333,0,19329,2,"[4.0625, 4.875, 3.453125, 4.40625]"
False,1334,0,19372,2,"[4.3125, 4.5, 3.640625, 3.796875]"
False,1335,1,19373,3,"[3.0, 2.71875, 3.421875, 2.609375]"
False,1336,0,19411,3,"[3.46875, 3.453125, 4.34375, 3.3125]"
False,1337,3,19418,2,"[2.28125, 2.4375, 2.21875, 2.484375]"
True,1338,1,19468,1,"[2.796875, 2.203125, 4.84375, 3.875]"
True,1339,2,19470,2,"[3.875, 3.984375, 3.5625, 3.859375]"
True,1340,1,19479,1,"[6.53125, 3.265625, 4.6875, 4.40625]"
True,1341,0,19480,0,"[3.09375, 3.84375, 3.953125, 4.125]"
False,1342,1,19482,0,"[2.546875, 3.96875, 4.78125, 3.703125]"
True,1343,3,19511,3,"[5.125, 3.640625, 3.875, 3.25]"
True,1344,3,19512,3,"[3.046875, 3.328125, 3.09375, 2.609375]"
False,1345,1,19526,2,"[5.03125, 4.125, 3.6875, 3.875]"
False,1346,0,19533,3,"[3.53125, 3.078125, 4.125, 2.640625]"
False,1347,1,19545,2,"[4.59375, 4.375, 4.34375, 4.4375]"
False,1348,1,19565,0,"[3.234375, 4.0625, 4.125, 4.21875]"
False,1349,2,19606,1,"[3.734375, 3.453125, 3.515625, 3.53125]"
True,1350,1,19639,1,"[3.125, 2.359375, 3.15625, 4.625]"
True,1351,1,19689,1,"[4.875, 3.53125, 5.65625, 4.34375]"
False,1352,1,19690,3,"[4.53125, 4.125, 5.09375, 3.75]"
True,1353,3,19771,3,"[4.21875, 4.1875, 5.34375, 3.09375]"
False,1354,2,19773,3,"[3.375, 3.828125, 3.078125, 2.484375]"
False,1355,0,19781,1,"[2.71875, 2.453125, 3.953125, 2.8125]"
False,1356,1,19782,0,"[2.609375, 3.453125, 3.421875, 2.859375]"
True,1357,3,19783,3,"[2.859375, 2.828125, 2.703125, 2.109375]"
False,1358,3,19800,0,"[3.0625, 3.0625, 3.890625, 3.796875]"
False,1359,1,19829,0,"[2.578125, 4.03125, 5.53125, 3.90625]"
False,1360,2,19837,1,"[4.9375, 3.25, 3.6875, 3.546875]"
False,1361,3,19879,0,"[2.96875, 3.03125, 3.484375, 3.671875]"
False,1362,1,19881,2,"[3.234375, 3.046875, 2.546875, 3.953125]"
False,1363,0,19989,3,"[4.96875, 4.875, 5.90625, 4.84375]"
False,1364,2,20009,0,"[3.71875, 3.953125, 3.859375, 4.09375]"
False,1365,0,20010,2,"[3.671875, 2.921875, 2.734375, 4.0]"
True,1366,3,20022,3,"[4.5625, 4.09375, 4.03125, 3.515625]"
True,1367,3,20091,3,"[5.46875, 4.71875, 3.875, 2.9375]"
False,1368,0,20104,1,"[2.84375, 2.671875, 4.8125, 3.859375]"
False,1369,3,20115,2,"[4.40625, 3.90625, 3.0625, 4.15625]"
False,1370,1,20182,2,"[3.859375, 2.53125, 2.265625, 4.0625]"
True,1371,0,20183,0,"[2.921875, 3.609375, 3.9375, 2.921875]"
False,1372,2,20190,0,"[2.609375, 4.28125, 3.234375, 3.4375]"
False,1373,1,20233,0,"[2.515625, 2.75, 2.796875, 3.953125]"
True,1374,3,20235,3,"[3.609375, 3.0625, 3.515625, 2.046875]"
False,1375,2,20300,1,"[3.203125, 1.9140625, 3.453125, 3.578125]"
False,1376,2,20334,1,"[2.875, 2.6875, 4.96875, 4.375]"
True,1377,1,20427,1,"[4.84375, 2.484375, 3.203125, 3.890625]"
True,1378,0,20428,0,"[3.015625, 4.6875, 3.828125, 3.03125]"
False,1379,0,20429,2,"[4.65625, 3.84375, 2.78125, 4.03125]"
True,1380,2,20431,2,"[5.125, 3.625, 3.609375, 4.4375]"
False,1381,3,20432,0,"[3.453125, 4.5625, 5.125, 4.0]"
True,1382,2,20433,2,"[4.5625, 3.25, 3.203125, 4.34375]"
False,1383,2,20438,3,"[3.484375, 3.390625, 3.15625, 2.828125]"
False,1384,2,20439,3,"[3.65625, 4.375, 3.75, 3.40625]"
False,1385,1,20462,0,"[2.5, 2.796875, 2.546875, 2.921875]"
False,1386,3,20546,0,"[2.796875, 3.4375, 3.296875, 4.25]"
True,1387,3,20575,3,"[5.53125, 4.40625, 4.09375, 2.890625]"
False,1388,1,20576,0,"[2.765625, 3.1875, 3.046875, 3.4375]"
False,1389,1,20577,0,"[2.390625, 3.53125, 5.9375, 3.671875]"
False,1390,0,20597,2,"[3.75, 3.046875, 2.171875, 4.3125]"
True,1391,0,20598,0,"[2.734375, 3.109375, 3.96875, 3.796875]"
False,1392,0,20599,2,"[3.484375, 3.46875, 3.03125, 4.375]"
True,1393,1,20621,1,"[3.359375, 2.234375, 2.78125, 2.296875]"
False,1394,0,20622,3,"[2.171875, 2.109375, 2.515625, 1.65625]"
False,1395,3,20623,2,"[3.265625, 2.609375, 2.484375, 3.515625]"
False,1396,2,20730,3,"[3.4375, 3.609375, 3.359375, 3.25]"
False,1397,3,20732,1,"[3.265625, 2.234375, 3.046875, 3.0625]"
False,1398,1,20776,3,"[4.90625, 3.453125, 4.65625, 3.359375]"
True,1399,0,20814,0,"[2.9375, 3.53125, 4.59375, 4.15625]"
False,1400,0,20815,2,"[6.0, 4.5625, 3.0625, 4.71875]"
False,1401,2,20826,3,"[4.90625, 3.671875, 3.953125, 3.203125]"
False,1402,2,20828,1,"[3.953125, 3.5625, 4.15625, 4.71875]"
True,1403,2,20829,2,"[2.90625, 3.03125, 2.390625, 3.671875]"
True,1404,3,20830,3,"[2.703125, 3.25, 3.6875, 2.5]"
False,1405,2,20842,3,"[2.828125, 2.8125, 4.3125, 2.125]"
False,1406,1,20868,2,"[3.34375, 2.703125, 2.640625, 3.078125]"
False,1407,0,20869,1,"[3.9375, 2.5625, 4.34375, 2.921875]"
True,1408,2,20870,2,"[3.265625, 3.140625, 2.34375, 2.40625]"
False,1409,0,20873,2,"[2.890625, 2.734375, 2.375, 3.09375]"
False,1410,3,20892,2,"[3.03125, 4.40625, 2.46875, 3.546875]"
True,1411,0,20899,0,"[2.875, 4.03125, 4.71875, 4.1875]"
False,1412,1,20924,3,"[7.28125, 4.90625, 4.0, 3.109375]"
True,1413,3,20925,3,"[4.46875, 3.8125, 3.421875, 3.234375]"
False,1414,2,20926,0,"[3.171875, 3.203125, 3.453125, 4.875]"
False,1415,2,20927,1,"[3.046875, 1.7578125, 2.640625, 3.71875]"
True,1416,2,20944,2,"[3.96875, 4.59375, 3.5, 4.40625]"
True,1417,2,20964,2,"[4.625, 3.109375, 2.421875, 3.71875]"
True,1418,2,20987,2,"[3.453125, 2.734375, 2.515625, 3.375]"
False,1419,2,21027,3,"[3.453125, 3.34375, 3.6875, 2.921875]"
False,1420,2,21040,3,"[3.8125, 2.015625, 2.859375, 1.9140625]"
False,1421,0,21043,3,"[4.375, 4.3125, 3.234375, 2.1875]"
True,1422,3,21052,3,"[2.734375, 2.890625, 3.265625, 2.34375]"
False,1423,2,21143,0,"[2.890625, 4.46875, 3.34375, 3.265625]"
False,1424,0,21145,2,"[3.4375, 2.375, 2.109375, 3.171875]"
False,1425,1,21169,3,"[4.3125, 3.25, 4.1875, 3.203125]"
False,1426,2,21172,1,"[3.265625, 3.0625, 4.46875, 3.296875]"
True,1427,1,21173,1,"[3.96875, 2.90625, 4.375, 3.640625]"
True,1428,0,21185,0,"[2.859375, 4.1875, 3.09375, 4.125]"
True,1429,0,21231,0,"[2.3125, 3.5625, 4.40625, 2.796875]"
True,1430,1,21233,1,"[3.09375, 2.078125, 4.0, 3.890625]"
False,1431,2,21234,1,"[2.609375, 2.34375, 3.0, 3.21875]"
False,1432,3,21235,1,"[4.15625, 3.15625, 3.421875, 3.25]"
False,1433,0,21236,2,"[3.421875, 3.71875, 3.0, 3.65625]"
False,1434,3,21240,1,"[4.3125, 1.8671875, 3.25, 3.046875]"
False,1435,1,21241,3,"[4.28125, 3.265625, 4.125, 3.1875]"
True,1436,1,21284,1,"[4.40625, 3.609375, 4.8125, 3.671875]"
True,1437,3,21285,3,"[3.828125, 3.203125, 4.5, 2.828125]"
False,1438,1,21286,3,"[2.8125, 4.375, 4.21875, 2.671875]"
False,1439,1,21287,2,"[6.84375, 2.90625, 2.859375, 3.171875]"
False,1440,3,21290,2,"[3.46875, 3.6875, 3.359375, 3.609375]"
False,1441,1,21356,2,"[4.3125, 4.15625, 2.6875, 2.78125]"
False,1442,0,21363,2,"[4.28125, 3.859375, 2.640625, 5.53125]"
False,1443,1,21388,0,"[2.84375, 4.34375, 4.96875, 4.5625]"
False,1444,0,21389,1,"[3.3125, 2.328125, 4.875, 4.3125]"
True,1445,1,21408,1,"[3.203125, 3.109375, 3.265625, 4.53125]"
False,1446,3,21409,1,"[4.09375, 2.25, 3.671875, 3.703125]"
True,1447,1,21416,1,"[4.9375, 3.859375, 4.5625, 4.09375]"
False,1448,2,21437,3,"[3.9375, 3.375, 3.828125, 2.625]"
False,1449,2,21468,0,"[2.828125, 4.21875, 5.71875, 3.59375]"
False,1450,0,21496,2,"[3.53125, 3.90625, 2.859375, 6.40625]"
False,1451,0,21526,1,"[3.265625, 2.84375, 4.3125, 3.140625]"
False,1452,3,21558,2,"[2.90625, 3.25, 2.75, 4.46875]"
True,1453,3,21578,3,"[3.09375, 2.203125, 2.59375, 1.859375]"
True,1454,1,21622,1,"[3.046875, 2.890625, 4.1875, 3.484375]"
False,1455,3,21653,2,"[3.90625, 3.390625, 3.171875, 3.765625]"
False,1456,2,21706,0,"[3.078125, 3.109375, 3.15625, 3.75]"
False,1457,3,21710,2,"[4.4375, 5.0625, 3.046875, 3.8125]"
False,1458,1,21711,2,"[4.59375, 4.4375, 2.625, 3.546875]"
False,1459,3,21734,2,"[3.265625, 4.15625, 2.75, 3.296875]"
False,1460,2,21735,0,"[1.828125, 3.25, 3.390625, 3.546875]"
False,1461,3,21736,2,"[2.984375, 2.796875, 2.234375, 2.453125]"
False,1462,2,21742,0,"[2.765625, 3.65625, 2.78125, 3.484375]"
True,1463,2,21743,2,"[4.53125, 6.78125, 3.5625, 5.15625]"
True,1464,1,21744,1,"[4.125, 2.953125, 5.8125, 3.234375]"
False,1465,2,21794,1,"[4.5625, 2.953125, 5.84375, 4.5625]"
True,1466,1,21795,1,"[4.15625, 1.578125, 3.1875, 3.375]"
False,1467,2,21827,3,"[2.90625, 3.921875, 3.609375, 2.578125]"
False,1468,1,21828,2,"[5.15625, 3.09375, 2.4375, 3.40625]"
False,1469,1,21850,2,"[5.25, 4.15625, 2.53125, 4.1875]"
False,1470,2,21851,1,"[4.625, 2.59375, 4.34375, 3.75]"
False,1471,3,21853,1,"[2.5625, 2.1875, 2.984375, 2.84375]"
False,1472,0,21854,3,"[4.65625, 3.1875, 3.4375, 2.9375]"
False,1473,1,21898,3,"[3.28125, 3.46875, 3.515625, 3.25]"
False,1474,1,21959,2,"[4.65625, 3.5625, 2.640625, 4.28125]"
True,1475,2,21960,2,"[3.34375, 3.1875, 3.09375, 4.28125]"
False,1476,3,22020,0,"[2.90625, 3.15625, 3.34375, 3.46875]"
False,1477,2,22021,3,"[4.71875, 3.671875, 4.6875, 2.78125]"
True,1478,1,22022,1,"[3.625, 2.765625, 5.09375, 4.25]"
False,1479,3,22050,1,"[2.953125, 2.75, 3.609375, 3.484375]"
False,1480,3,22155,1,"[4.09375, 3.3125, 4.9375, 3.953125]"
False,1481,0,22156,3,"[3.984375, 5.59375, 4.28125, 3.78125]"
False,1482,0,22167,1,"[4.09375, 3.25, 4.0625, 3.328125]"
True,1483,0,22206,0,"[2.765625, 3.765625, 4.125, 4.59375]"
True,1484,3,22207,3,"[4.09375, 3.1875, 3.015625, 2.8125]"
True,1485,0,22230,0,"[2.609375, 5.25, 5.25, 3.765625]"
False,1486,0,22232,2,"[3.34375, 4.03125, 3.203125, 5.4375]"
False,1487,0,22269,1,"[4.0, 2.546875, 3.75, 3.59375]"
False,1488,3,22270,1,"[3.453125, 2.65625, 4.21875, 3.453125]"
False,1489,3,22308,2,"[3.40625, 3.84375, 2.65625, 2.984375]"
True,1490,3,22310,3,"[4.15625, 4.0625, 2.4375, 1.9453125]"
False,1491,3,22311,2,"[3.015625, 2.9375, 2.125, 2.65625]"
False,1492,3,22371,1,"[3.15625, 2.421875, 4.5, 3.78125]"
True,1493,3,22401,3,"[3.09375, 4.125, 3.3125, 2.140625]"
False,1494,3,22453,0,"[3.15625, 4.3125, 3.421875, 3.234375]"
True,1495,0,22475,0,"[3.828125, 5.03125, 4.9375, 4.375]"
False,1496,0,22488,1,"[3.390625, 2.640625, 3.0625, 3.34375]"
False,1497,0,22491,2,"[3.484375, 4.46875, 2.734375, 5.25]"
True,1498,2,22510,2,"[5.375, 4.5, 3.453125, 3.625]"
False,1499,0,22511,2,"[2.953125, 2.859375, 2.609375, 3.828125]"
False,1500,0,22512,2,"[2.8125, 2.828125, 2.765625, 3.4375]"
False,1501,3,22524,1,"[4.0625, 1.9765625, 2.53125, 3.046875]"
False,1502,3,22525,2,"[3.234375, 2.765625, 2.15625, 4.59375]"
False,1503,0,22593,1,"[3.078125, 2.921875, 4.21875, 3.5625]"
True,1504,0,22594,0,"[2.953125, 5.1875, 4.0625, 3.359375]"
True,1505,3,22602,3,"[3.21875, 2.90625, 3.0, 2.8125]"
True,1506,2,22607,2,"[3.390625, 4.1875, 3.0, 3.296875]"
False,1507,2,22608,0,"[3.296875, 3.4375, 4.625, 3.828125]"
False,1508,0,22616,1,"[3.34375, 3.0625, 4.25, 3.5625]"
False,1509,2,22617,0,"[2.8125, 4.09375, 3.78125, 2.859375]"
False,1510,3,22618,0,"[2.5, 3.71875, 3.046875, 3.640625]"
True,1511,0,22623,0,"[3.75, 4.21875, 3.859375, 4.46875]"
False,1512,1,22626,0,"[2.890625, 4.3125, 4.34375, 2.90625]"
True,1513,1,22627,1,"[3.25, 2.390625, 3.765625, 4.125]"
True,1514,0,22649,0,"[1.8984375, 4.0625, 2.828125, 3.484375]"
True,1515,0,22664,0,"[2.96875, 3.78125, 3.25, 3.921875]"
False,1516,0,22671,2,"[3.953125, 3.84375, 3.25, 3.375]"
True,1517,2,22672,2,"[3.90625, 3.359375, 3.265625, 3.546875]"
True,1518,0,22673,0,"[3.0, 3.671875, 4.46875, 4.28125]"
False,1519,2,22675,1,"[4.78125, 3.546875, 4.0625, 4.625]"
False,1520,3,22686,2,"[4.25, 4.375, 3.171875, 3.671875]"
True,1521,1,22687,1,"[3.671875, 2.546875, 4.5625, 3.625]"
True,1522,1,22706,1,"[4.0, 2.296875, 2.875, 2.828125]"
False,1523,2,22712,0,"[2.359375, 3.796875, 2.875, 5.3125]"
True,1524,0,22763,0,"[2.90625, 3.203125, 3.328125, 3.375]"
False,1525,1,22764,3,"[4.96875, 4.0, 3.59375, 3.421875]"
True,1526,0,22767,0,"[1.71875, 3.015625, 3.046875, 2.59375]"
True,1527,2,22811,2,"[3.0, 4.1875, 2.3125, 3.125]"
False,1528,0,22816,2,"[4.9375, 4.09375, 3.21875, 3.953125]"
False,1529,2,22817,1,"[4.3125, 3.578125, 3.9375, 4.78125]"
False,1530,3,22854,0,"[2.625, 3.59375, 3.375, 2.8125]"
False,1531,0,22877,3,"[3.0, 4.5625, 6.25, 2.984375]"
False,1532,1,22879,2,"[3.984375, 4.34375, 2.8125, 5.59375]"
True,1533,1,22882,1,"[4.5, 2.90625, 4.40625, 3.40625]"
False,1534,2,22883,0,"[3.3125, 4.84375, 3.671875, 4.65625]"
True,1535,3,22911,3,"[5.6875, 4.28125, 3.703125, 3.203125]"
False,1536,0,22912,3,"[3.640625, 3.625, 3.609375, 2.5625]"
True,1537,0,22913,0,"[2.375, 3.84375, 2.5625, 3.3125]"
False,1538,3,22914,1,"[4.0625, 2.546875, 2.859375, 3.109375]"
False,1539,3,22970,1,"[4.34375, 3.8125, 4.96875, 4.8125]"
False,1540,0,22971,1,"[4.1875, 3.078125, 3.375, 4.25]"
False,1541,1,22974,3,"[3.03125, 3.8125, 4.875, 2.53125]"
False,1542,2,22979,3,"[4.28125, 4.09375, 3.453125, 2.3125]"
False,1543,2,22980,1,"[3.703125, 2.765625, 4.46875, 3.078125]"
False,1544,3,22997,1,"[5.46875, 2.15625, 4.78125, 5.0]"
False,1545,3,23105,1,"[3.75, 3.03125, 4.96875, 3.65625]"
True,1546,0,23130,0,"[2.46875, 3.203125, 3.71875, 3.640625]"
False,1547,1,23255,0,"[3.328125, 3.890625, 3.421875, 4.34375]"
False,1548,0,23310,3,"[4.375, 3.34375, 3.484375, 2.8125]"
False,1549,0,23332,3,"[3.90625, 4.0, 3.984375, 2.78125]"
False,1550,1,23359,0,"[2.53125, 3.625, 2.59375, 3.53125]"
True,1551,1,23360,1,"[3.921875, 2.921875, 4.0625, 3.640625]"
False,1552,1,23388,0,"[2.546875, 3.71875, 3.703125, 4.53125]"
False,1553,0,23408,1,"[3.28125, 2.65625, 2.890625, 3.875]"
False,1554,1,23409,3,"[3.78125, 4.40625, 2.890625, 2.71875]"
False,1555,2,23466,1,"[3.1875, 2.5625, 5.03125, 3.890625]"
False,1556,2,23484,1,"[2.859375, 1.7265625, 4.59375, 2.46875]"
False,1557,2,23513,1,"[2.1875, 2.0625, 2.578125, 2.953125]"
True,1558,1,23514,1,"[2.6875, 2.265625, 3.578125, 4.9375]"
False,1559,3,23536,0,"[4.4375, 5.4375, 5.0625, 4.6875]"
False,1560,0,23584,3,"[3.578125, 3.1875, 3.359375, 3.0625]"
False,1561,1,23585,3,"[3.5625, 3.90625, 3.859375, 3.40625]"
True,1562,2,23586,2,"[4.46875, 3.578125, 3.296875, 4.90625]"
True,1563,1,23587,1,"[5.0, 3.359375, 4.15625, 4.5625]"
False,1564,0,23620,3,"[4.125, 3.5625, 4.4375, 3.03125]"
False,1565,2,23623,0,"[3.703125, 3.796875, 5.03125, 3.96875]"
False,1566,3,23624,2,"[3.953125, 3.46875, 2.984375, 4.09375]"
False,1567,2,23627,3,"[3.859375, 4.96875, 3.84375, 2.71875]"
True,1568,3,23670,3,"[3.78125, 3.359375, 2.78125, 2.640625]"
False,1569,2,23671,1,"[3.078125, 1.8515625, 3.59375, 2.984375]"
False,1570,1,23672,0,"[2.203125, 2.90625, 2.53125, 3.0]"
True,1571,2,23695,2,"[4.84375, 5.125, 3.515625, 4.6875]"
False,1572,3,23696,0,"[2.296875, 3.4375, 4.84375, 5.03125]"
False,1573,2,23700,0,"[3.140625, 3.3125, 4.03125, 3.21875]"
True,1574,0,23734,0,"[3.71875, 4.125, 6.21875, 5.0625]"
False,1575,2,23823,0,"[2.671875, 3.53125, 3.875, 3.078125]"
False,1576,2,23834,0,"[2.921875, 3.375, 3.328125, 3.671875]"
False,1577,1,23836,2,"[5.625, 3.953125, 2.265625, 5.96875]"
False,1578,2,23837,1,"[4.40625, 3.859375, 4.1875, 5.3125]"
False,1579,0,23838,1,"[3.515625, 2.671875, 3.078125, 3.203125]"
False,1580,2,23839,0,"[3.765625, 4.21875, 5.03125, 4.0625]"
True,1581,3,23844,3,"[5.90625, 2.609375, 3.84375, 2.25]"
False,1582,2,23845,1,"[3.453125, 2.890625, 3.53125, 4.71875]"
False,1583,1,23855,0,"[3.828125, 4.84375, 4.59375, 4.59375]"
False,1584,3,23880,0,"[2.53125, 4.25, 5.3125, 3.109375]"
False,1585,0,23897,2,"[2.765625, 3.921875, 2.3125, 3.6875]"
False,1586,1,23898,2,"[3.1875, 4.1875, 2.734375, 3.4375]"
True,1587,3,23899,3,"[4.21875, 3.015625, 3.15625, 2.90625]"
False,1588,2,23927,3,"[3.46875, 3.875, 3.203125, 2.5625]"
False,1589,1,23977,2,"[3.75, 4.5625, 3.703125, 4.34375]"
True,1590,0,24047,0,"[3.109375, 3.546875, 5.8125, 3.71875]"
True,1591,3,24048,3,"[3.1875, 3.09375, 2.9375, 1.84375]"
False,1592,2,24085,1,"[4.03125, 3.375, 3.921875, 3.859375]"
True,1593,3,24112,3,"[3.4375, 2.875, 4.21875, 2.15625]"
False,1594,0,24118,1,"[3.21875, 3.03125, 3.953125, 3.609375]"
True,1595,3,24162,3,"[4.0, 3.703125, 4.03125, 2.890625]"
False,1596,1,24163,0,"[2.46875, 2.75, 2.984375, 4.21875]"
True,1597,0,24223,0,"[2.09375, 6.59375, 4.3125, 4.40625]"
False,1598,1,24224,2,"[3.78125, 3.109375, 2.78125, 4.0625]"
True,1599,2,24228,2,"[4.09375, 4.8125, 4.0, 6.09375]"
False,1600,1,24233,0,"[3.78125, 4.46875, 4.375, 4.3125]"
False,1601,2,24242,0,"[3.234375, 4.71875, 4.0, 5.40625]"
False,1602,1,24244,2,"[3.40625, 3.921875, 3.078125, 3.140625]"
False,1603,2,24264,1,"[3.875, 3.078125, 4.3125, 4.65625]"
False,1604,2,24265,0,"[2.296875, 4.53125, 4.375, 4.25]"
True,1605,3,24337,3,"[4.09375, 5.21875, 4.09375, 3.671875]"
False,1606,3,24338,2,"[2.46875, 3.296875, 2.359375, 4.125]"
False,1607,2,24339,0,"[3.484375, 3.703125, 4.75, 3.90625]"
False,1608,0,24340,3,"[5.21875, 4.8125, 5.53125, 3.78125]"
True,1609,2,24341,2,"[5.0, 3.59375, 3.1875, 4.3125]"
False,1610,2,24353,3,"[3.28125, 2.5625, 3.09375, 1.5546875]"
True,1611,2,24354,2,"[3.03125, 4.09375, 2.46875, 2.90625]"
False,1612,2,24469,0,"[2.703125, 3.46875, 3.515625, 3.890625]"
True,1613,2,24471,2,"[3.625, 5.46875, 2.828125, 3.25]"
False,1614,0,24492,1,"[2.921875, 2.703125, 3.296875, 4.15625]"
False,1615,3,24493,2,"[3.390625, 2.796875, 2.40625, 2.484375]"
True,1616,3,24501,3,"[3.65625, 3.265625, 4.0625, 2.796875]"
False,1617,2,24511,3,"[4.25, 4.25, 4.0, 3.734375]"
False,1618,2,24532,3,"[3.625, 3.203125, 5.34375, 2.796875]"
False,1619,3,24533,2,"[4.21875, 5.15625, 3.359375, 3.953125]"
True,1620,0,24534,0,"[3.34375, 3.6875, 4.375, 4.75]"
True,1621,0,24602,0,"[2.8125, 2.875, 3.09375, 3.40625]"
False,1622,2,24631,3,"[3.828125, 3.078125, 3.15625, 2.375]"
False,1623,0,24661,2,"[4.09375, 4.375, 2.875, 2.9375]"
False,1624,0,24662,3,"[3.078125, 4.46875, 3.15625, 3.0]"
True,1625,1,24664,1,"[4.03125, 1.9921875, 4.25, 3.59375]"
False,1626,0,24746,1,"[3.703125, 3.171875, 3.296875, 4.46875]"
True,1627,3,24747,3,"[3.09375, 3.421875, 4.34375, 2.375]"
False,1628,2,24780,1,"[5.625, 2.984375, 3.75, 4.59375]"
True,1629,0,24782,0,"[2.65625, 3.40625, 3.625, 3.890625]"
True,1630,2,24823,2,"[3.84375, 4.15625, 1.546875, 3.3125]"
True,1631,2,24838,2,"[3.15625, 3.453125, 3.0625, 4.21875]"
True,1632,0,24879,0,"[1.8515625, 3.203125, 2.78125, 3.34375]"
False,1633,0,24891,1,"[5.6875, 2.90625, 3.640625, 4.0]"
False,1634,1,24906,0,"[3.421875, 4.375, 4.28125, 3.828125]"
False,1635,2,24911,1,"[3.890625, 3.4375, 3.953125, 4.3125]"
True,1636,3,24912,3,"[4.09375, 5.8125, 3.71875, 3.28125]"
True,1637,1,24913,1,"[3.703125, 3.234375, 3.890625, 4.4375]"
True,1638,3,24933,3,"[5.28125, 3.1875, 3.71875, 3.078125]"
False,1639,2,24935,0,"[1.8046875, 3.96875, 2.28125, 2.796875]"
False,1640,0,24940,3,"[3.90625, 4.3125, 4.125, 3.75]"
False,1641,0,24958,1,"[3.78125, 3.515625, 3.953125, 4.5]"
False,1642,0,24980,1,"[5.96875, 3.265625, 4.5, 4.0625]"
True,1643,0,24981,0,"[3.015625, 4.28125, 3.421875, 4.53125]"
False,1644,0,25010,3,"[3.375, 3.0625, 4.875, 2.765625]"
True,1645,3,25072,3,"[4.03125, 4.46875, 5.21875, 3.9375]"
True,1646,2,25073,2,"[4.875, 3.90625, 3.828125, 4.625]"
True,1647,0,25172,0,"[3.40625, 3.734375, 4.8125, 3.96875]"
False,1648,2,25209,0,"[3.5, 5.4375, 5.09375, 4.9375]"
True,1649,0,25238,0,"[2.921875, 3.265625, 3.796875, 3.5]"
False,1650,0,25241,1,"[4.71875, 2.359375, 3.09375, 4.03125]"
False,1651,3,25242,2,"[3.90625, 5.9375, 2.640625, 3.34375]"
False,1652,2,25262,3,"[3.296875, 3.59375, 3.734375, 2.734375]"
False,1653,2,25268,1,"[3.953125, 2.796875, 3.546875, 3.90625]"
False,1654,2,25281,1,"[3.671875, 2.5625, 3.078125, 2.890625]"
False,1655,2,25307,1,"[3.328125, 2.84375, 4.09375, 4.4375]"
True,1656,1,25329,1,"[5.03125, 2.484375, 3.25, 4.21875]"
False,1657,1,25330,0,"[2.28125, 2.640625, 2.984375, 3.109375]"
True,1658,2,25360,2,"[7.09375, 4.34375, 3.828125, 4.8125]"
False,1659,1,25362,0,"[3.078125, 4.25, 4.03125, 3.5625]"
False,1660,3,25431,1,"[1.5546875, 1.5, 2.234375, 1.96875]"
False,1661,3,25432,0,"[1.5, 1.5234375, 4.25, 4.4375]"
False,1662,2,25441,1,"[3.5, 3.296875, 3.859375, 3.859375]"
False,1663,0,25471,1,"[2.421875, 2.203125, 3.03125, 3.296875]"
False,1664,2,25486,0,"[2.640625, 4.0, 3.265625, 4.5625]"
False,1665,1,25497,2,"[3.3125, 4.34375, 2.65625, 3.4375]"
False,1666,3,25498,2,"[2.6875, 2.90625, 2.671875, 3.40625]"
False,1667,3,25500,0,"[2.53125, 4.125, 2.75, 3.296875]"
True,1668,0,25558,0,"[2.03125, 3.234375, 3.375, 3.734375]"
True,1669,3,25559,3,"[3.9375, 3.34375, 3.375, 2.8125]"
False,1670,0,25630,3,"[5.09375, 5.09375, 6.28125, 2.734375]"
True,1671,0,25639,0,"[2.4375, 2.59375, 3.421875, 3.234375]"
False,1672,2,25640,0,"[1.71875, 4.25, 3.546875, 3.203125]"
False,1673,1,25641,0,"[3.09375, 4.3125, 4.3125, 3.46875]"
False,1674,2,25643,1,"[5.03125, 3.28125, 3.390625, 4.53125]"
False,1675,3,25653,2,"[4.53125, 3.921875, 3.859375, 4.25]"
False,1676,1,25655,0,"[3.09375, 3.40625, 4.96875, 3.921875]"
False,1677,1,25668,2,"[2.953125, 2.921875, 1.9453125, 3.546875]"
False,1678,0,25669,2,"[2.9375, 3.609375, 2.84375, 4.09375]"
False,1679,3,25693,2,"[2.515625, 2.796875, 2.0, 2.390625]"
True,1680,1,25717,1,"[4.0, 2.59375, 2.6875, 4.9375]"
False,1681,2,25740,3,"[4.65625, 4.5625, 3.4375, 3.203125]"
False,1682,3,25741,1,"[4.0625, 3.203125, 3.96875, 3.53125]"
False,1683,0,25815,3,"[3.484375, 5.71875, 4.03125, 2.875]"
True,1684,0,25840,0,"[1.8984375, 4.09375, 3.71875, 2.875]"
False,1685,0,25911,2,"[4.375, 3.71875, 3.15625, 3.59375]"
True,1686,0,25917,0,"[3.203125, 4.0625, 3.984375, 4.0625]"
False,1687,3,25956,2,"[3.296875, 3.625, 3.234375, 3.53125]"
False,1688,3,26012,1,"[3.796875, 2.875, 3.453125, 3.875]"
False,1689,2,26033,3,"[3.578125, 3.640625, 3.640625, 2.75]"
True,1690,0,26043,0,"[2.59375, 3.375, 2.734375, 4.3125]"
True,1691,0,26072,0,"[4.53125, 5.1875, 5.15625, 5.0625]"
False,1692,1,26073,2,"[5.625, 4.5625, 3.921875, 4.0]"
True,1693,3,26074,3,"[3.375, 3.234375, 4.03125, 3.203125]"
False,1694,0,26079,1,"[2.765625, 2.515625, 3.875, 2.796875]"
False,1695,0,26136,3,"[3.09375, 3.21875, 3.53125, 2.984375]"
True,1696,2,26190,2,"[3.40625, 3.34375, 2.734375, 3.171875]"
False,1697,2,26191,1,"[2.65625, 1.359375, 3.046875, 2.46875]"
False,1698,2,26201,1,"[2.90625, 2.671875, 4.78125, 3.546875]"
False,1699,2,26207,0,"[2.671875, 2.828125, 3.15625, 4.375]"
True,1700,2,26216,2,"[5.25, 4.0625, 2.390625, 5.9375]"
False,1701,0,26249,2,"[4.5, 6.5625, 2.65625, 4.125]"
False,1702,3,26250,0,"[3.140625, 4.0625, 4.125, 3.578125]"
False,1703,3,26251,1,"[3.71875, 3.296875, 3.703125, 4.125]"
False,1704,2,26252,0,"[2.921875, 3.78125, 3.28125, 3.1875]"
False,1705,0,26271,2,"[3.90625, 4.1875, 3.484375, 4.03125]"
False,1706,1,26317,3,"[3.984375, 4.1875, 3.765625, 3.484375]"
True,1707,2,26318,2,"[3.359375, 4.28125, 2.484375, 4.375]"
False,1708,3,26329,0,"[2.96875, 3.890625, 3.203125, 3.859375]"
True,1709,0,26369,0,"[3.09375, 5.15625, 4.25, 4.21875]"
True,1710,2,26371,2,"[4.25, 3.640625, 3.265625, 4.59375]"
False,1711,3,26372,0,"[3.515625, 4.625, 3.640625, 4.6875]"
True,1712,1,26421,1,"[2.84375, 2.34375, 3.15625, 3.3125]"
False,1713,1,26438,3,"[4.625, 5.65625, 3.796875, 2.5]"
False,1714,2,26439,0,"[2.109375, 4.28125, 3.703125, 3.15625]"
True,1715,0,26462,0,"[1.5, 2.609375, 2.578125, 2.09375]"
True,1716,2,26488,2,"[3.234375, 4.0, 2.234375, 3.078125]"
False,1717,3,26494,2,"[4.125, 4.34375, 3.125, 4.78125]"
False,1718,2,26515,3,"[4.8125, 3.703125, 3.828125, 3.4375]"
False,1719,2,26516,3,"[5.5, 4.65625, 4.0625, 3.96875]"
False,1720,0,26517,3,"[4.09375, 3.03125, 3.03125, 2.546875]"
False,1721,1,26522,2,"[2.59375, 2.65625, 2.34375, 2.921875]"
False,1722,2,26569,3,"[3.921875, 3.109375, 3.609375, 2.34375]"
True,1723,0,26579,0,"[3.09375, 3.5625, 4.28125, 3.390625]"
False,1724,0,26589,2,"[2.96875, 3.453125, 2.875, 3.25]"
False,1725,1,26604,3,"[3.765625, 3.0625, 3.203125, 2.984375]"
False,1726,2,26651,1,"[4.15625, 3.046875, 3.875, 5.53125]"
False,1727,3,26652,0,"[4.15625, 4.5625, 4.4375, 4.9375]"
False,1728,2,26653,1,"[4.4375, 3.328125, 4.09375, 4.21875]"
False,1729,2,26659,1,"[4.0, 3.3125, 4.09375, 3.65625]"
False,1730,0,26666,3,"[2.546875, 3.328125, 4.03125, 2.421875]"
False,1731,0,26667,1,"[3.375, 2.90625, 3.125, 2.984375]"
False,1732,0,26680,3,"[3.609375, 3.765625, 3.25, 3.171875]"
False,1733,1,26681,3,"[3.15625, 3.59375, 3.984375, 3.078125]"
False,1734,3,26693,1,"[2.34375, 2.03125, 2.375, 2.734375]"
False,1735,0,26695,1,"[3.96875, 2.8125, 3.40625, 3.359375]"
False,1736,1,26759,3,"[4.71875, 2.828125, 3.609375, 2.6875]"
False,1737,1,26806,2,"[5.1875, 3.34375, 3.265625, 4.3125]"
True,1738,2,26807,2,"[2.921875, 3.125, 2.609375, 3.6875]"
True,1739,1,26808,1,"[5.125, 2.59375, 5.28125, 3.34375]"
False,1740,1,26865,3,"[3.078125, 3.296875, 3.5, 3.0]"
False,1741,0,26872,1,"[4.46875, 3.359375, 3.890625, 4.15625]"
False,1742,0,26882,2,"[4.59375, 3.53125, 3.4375, 5.90625]"
False,1743,3,26888,0,"[3.109375, 3.75, 4.125, 3.328125]"
True,1744,0,26889,0,"[4.03125, 4.0625, 5.96875, 4.4375]"
False,1745,2,26992,0,"[3.171875, 3.625, 3.40625, 3.640625]"
True,1746,1,26993,1,"[3.890625, 2.765625, 2.953125, 2.765625]"
True,1747,0,27000,0,"[2.90625, 5.0625, 3.796875, 4.34375]"
False,1748,2,27001,3,"[3.390625, 4.375, 2.90625, 2.359375]"
False,1749,0,27002,3,"[3.375, 5.3125, 3.1875, 2.875]"
True,1750,0,27012,0,"[2.6875, 3.109375, 3.015625, 2.765625]"
True,1751,2,27024,2,"[4.0625, 3.5, 2.265625, 3.21875]"
False,1752,0,27049,1,"[3.96875, 3.40625, 4.53125, 4.65625]"
False,1753,2,27050,0,"[3.125, 3.40625, 3.6875, 3.875]"
False,1754,3,27104,2,"[5.875, 2.34375, 2.25, 2.75]"
False,1755,3,27130,2,"[3.28125, 3.734375, 2.875, 3.875]"
False,1756,0,27172,2,"[5.59375, 5.09375, 4.21875, 4.28125]"
False,1757,1,27175,0,"[3.046875, 4.5, 5.0, 5.78125]"
True,1758,2,27211,2,"[3.015625, 3.03125, 2.4375, 4.9375]"
False,1759,3,27212,0,"[2.53125, 4.53125, 2.9375, 3.21875]"
True,1760,1,27220,1,"[3.953125, 2.203125, 4.125, 3.625]"
True,1761,2,27221,2,"[2.875, 5.78125, 2.609375, 3.4375]"
False,1762,3,27224,2,"[3.28125, 2.96875, 2.421875, 3.25]"
False,1763,1,27262,0,"[2.734375, 2.796875, 4.15625, 5.1875]"
True,1764,3,27280,3,"[3.390625, 3.234375, 4.78125, 3.0]"
False,1765,3,27283,1,"[2.671875, 2.625, 2.75, 2.78125]"
True,1766,2,27287,2,"[3.53125, 4.0625, 3.390625, 4.6875]"
True,1767,0,27332,0,"[2.828125, 3.6875, 3.296875, 4.65625]"
False,1768,3,27333,0,"[2.640625, 4.4375, 2.640625, 2.78125]"
False,1769,1,27334,3,"[3.484375, 3.390625, 3.484375, 2.546875]"
False,1770,0,27342,1,"[4.6875, 3.953125, 4.5, 4.65625]"
True,1771,0,27352,0,"[3.1875, 3.953125, 3.296875, 3.59375]"
True,1772,2,27354,2,"[3.296875, 4.5625, 2.78125, 2.84375]"
False,1773,3,27355,0,"[1.8203125, 3.546875, 3.515625, 3.0625]"
False,1774,3,27369,2,"[2.578125, 3.34375, 2.421875, 2.71875]"
False,1775,1,27372,0,"[2.953125, 3.8125, 4.4375, 3.359375]"
True,1776,2,27373,2,"[3.9375, 4.125, 3.71875, 4.78125]"
True,1777,0,27408,0,"[3.15625, 3.859375, 4.125, 4.03125]"
False,1778,1,27410,0,"[2.46875, 2.640625, 3.3125, 2.8125]"
False,1779,2,27444,3,"[2.484375, 3.0625, 3.8125, 1.640625]"
False,1780,1,27470,2,"[3.9375, 2.8125, 2.21875, 3.484375]"
True,1781,1,27489,1,"[3.671875, 2.203125, 2.546875, 2.875]"
False,1782,3,27513,0,"[2.875, 4.53125, 3.046875, 3.671875]"
True,1783,1,27514,1,"[2.4375, 1.9609375, 3.21875, 2.6875]"
True,1784,1,27517,1,"[3.15625, 2.921875, 3.40625, 3.375]"
True,1785,0,27518,0,"[3.140625, 3.140625, 3.453125, 3.265625]"
True,1786,3,27519,3,"[3.59375, 3.5, 3.140625, 3.0]"
True,1787,2,27520,2,"[3.203125, 3.375, 1.7421875, 4.65625]"
False,1788,0,27521,3,"[3.65625, 3.671875, 3.421875, 3.140625]"
True,1789,3,27522,3,"[3.21875, 4.1875, 3.34375, 2.546875]"
True,1790,1,27524,1,"[3.296875, 1.8125, 2.71875, 3.21875]"
False,1791,2,27525,3,"[3.828125, 2.96875, 3.140625, 2.375]"
False,1792,1,27540,3,"[4.53125, 3.078125, 3.453125, 3.0]"
False,1793,3,27541,0,"[3.5, 3.75, 4.59375, 3.609375]"
False,1794,0,27558,2,"[4.21875, 3.390625, 2.984375, 3.03125]"
True,1795,0,27559,0,"[2.125, 4.40625, 3.8125, 4.46875]"
False,1796,2,27593,0,"[3.90625, 4.5, 3.921875, 4.1875]"
False,1797,2,27594,0,"[1.84375, 2.46875, 2.96875, 3.875]"
False,1798,2,27634,3,"[3.1875, 4.21875, 4.375, 2.890625]"
True,1799,3,27637,3,"[4.1875, 3.328125, 4.25, 2.640625]"
False,1800,3,27654,2,"[3.84375, 4.28125, 2.953125, 4.5]"
False,1801,1,27660,2,"[5.8125, 4.6875, 4.40625, 5.21875]"
True,1802,0,27661,0,"[3.3125, 3.5, 4.0625, 5.34375]"
True,1803,0,27664,0,"[2.046875, 4.5625, 3.734375, 3.375]"
False,1804,3,27665,1,"[3.28125, 2.46875, 3.53125, 2.640625]"
False,1805,2,27670,0,"[2.640625, 3.0625, 3.40625, 3.546875]"
False,1806,3,27671,1,"[2.796875, 2.640625, 2.6875, 2.75]"
False,1807,2,27679,3,"[3.828125, 3.484375, 4.375, 2.921875]"
True,1808,1,27687,1,"[4.46875, 2.71875, 3.828125, 4.5]"
False,1809,1,27780,0,"[2.28125, 3.84375, 3.75, 4.34375]"
True,1810,0,27796,0,"[3.421875, 4.78125, 5.4375, 3.90625]"
True,1811,3,27807,3,"[2.796875, 2.96875, 3.8125, 2.4375]"
False,1812,0,27808,2,"[4.03125, 2.828125, 1.65625, 3.53125]"
False,1813,1,27822,3,"[2.859375, 2.9375, 2.75, 2.71875]"
False,1814,0,27834,3,"[3.0625, 3.03125, 3.609375, 2.078125]"
False,1815,3,27835,1,"[3.765625, 2.359375, 2.953125, 2.6875]"
False,1816,0,27897,3,"[2.765625, 3.9375, 2.984375, 2.515625]"
False,1817,2,27957,3,"[3.328125, 2.546875, 4.09375, 2.421875]"
True,1818,0,27958,0,"[3.15625, 4.34375, 4.03125, 3.671875]"
False,1819,1,27969,0,"[0.98828125, 2.625, 3.078125, 2.5625]"
True,1820,2,27970,2,"[2.0625, 3.484375, 1.046875, 1.625]"
True,1821,1,27982,1,"[3.265625, 2.953125, 3.53125, 3.421875]"
False,1822,1,27993,2,"[3.4375, 3.84375, 3.0, 3.625]"
False,1823,2,27994,3,"[3.390625, 3.15625, 2.9375, 2.78125]"
False,1824,0,28016,3,"[4.15625, 3.625, 4.0, 3.53125]"
False,1825,1,28040,3,"[2.921875, 2.40625, 2.578125, 2.203125]"
True,1826,0,28054,0,"[2.75, 2.890625, 3.4375, 3.34375]"
True,1827,3,28055,3,"[3.015625, 4.0, 3.703125, 2.09375]"
False,1828,0,28064,2,"[2.734375, 2.171875, 0.58984375, 2.90625]"
False,1829,0,28136,2,"[2.34375, 3.703125, 2.296875, 2.734375]"
True,1830,0,28165,0,"[1.3125, 3.5, 2.796875, 2.71875]"
True,1831,3,28168,3,"[3.765625, 3.546875, 2.34375, 2.3125]"
False,1832,1,28253,2,"[3.875, 3.859375, 1.46875, 3.03125]"
True,1833,1,28370,1,"[3.40625, 3.21875, 3.578125, 3.96875]"
False,1834,3,28390,0,"[3.359375, 4.34375, 4.4375, 5.21875]"
False,1835,0,28392,1,"[4.34375, 3.703125, 4.21875, 5.53125]"
False,1836,2,28393,3,"[3.421875, 3.875, 4.09375, 2.59375]"
False,1837,1,28394,3,"[2.75, 3.390625, 2.609375, 2.53125]"
False,1838,1,28395,0,"[2.671875, 3.609375, 3.078125, 3.859375]"
False,1839,2,28408,3,"[3.1875, 3.234375, 3.359375, 3.03125]"
False,1840,2,28409,3,"[4.78125, 3.25, 4.53125, 1.984375]"
False,1841,2,28434,0,"[3.359375, 4.09375, 4.6875, 3.359375]"
False,1842,2,28465,3,"[3.375, 4.90625, 3.34375, 3.140625]"
True,1843,3,28481,3,"[2.765625, 3.296875, 3.984375, 2.5]"
False,1844,3,28482,2,"[3.625, 2.640625, 2.625, 3.796875]"
False,1845,1,28531,3,"[2.296875, 4.90625, 3.53125, 1.8359375]"
False,1846,2,28542,3,"[3.421875, 2.640625, 3.25, 2.484375]"
True,1847,3,28565,3,"[4.28125, 3.953125, 3.40625, 2.65625]"
False,1848,2,28574,0,"[3.6875, 4.5625, 3.71875, 4.28125]"
False,1849,2,28576,1,"[4.40625, 3.453125, 3.65625, 4.5]"
True,1850,2,28612,2,"[3.734375, 3.9375, 3.390625, 4.28125]"
False,1851,1,28613,0,"[2.671875, 3.671875, 4.5625, 3.890625]"
True,1852,3,28614,3,"[3.453125, 4.03125, 3.0, 2.546875]"
True,1853,3,28625,3,"[2.8125, 4.46875, 3.078125, 2.390625]"
False,1854,2,28626,1,"[3.109375, 2.828125, 3.671875, 3.5625]"
False,1855,1,28671,3,"[3.1875, 4.53125, 3.78125, 3.015625]"
False,1856,2,28672,0,"[3.125, 3.53125, 3.359375, 3.828125]"
False,1857,3,28723,1,"[2.9375, 2.390625, 3.5, 3.546875]"
False,1858,3,28724,0,"[3.015625, 4.625, 3.96875, 4.1875]"
False,1859,0,28725,2,"[3.25, 3.84375, 2.78125, 4.21875]"
False,1860,0,28728,1,"[4.75, 4.21875, 5.125, 4.3125]"
True,1861,2,28785,2,"[4.125, 5.875, 3.421875, 4.03125]"
False,1862,2,28789,0,"[1.984375, 4.40625, 3.1875, 3.65625]"
False,1863,1,28791,3,"[4.5625, 2.828125, 3.40625, 2.65625]"
False,1864,2,28802,1,"[4.65625, 3.5625, 3.71875, 4.0625]"
False,1865,1,28803,3,"[2.90625, 3.6875, 3.890625, 2.84375]"
False,1866,2,28804,0,"[2.859375, 3.09375, 4.59375, 4.03125]"
False,1867,0,28835,3,"[3.390625, 2.71875, 3.0, 2.109375]"
False,1868,3,28836,2,"[3.609375, 4.03125, 2.359375, 3.71875]"
False,1869,0,28852,1,"[2.40625, 2.234375, 2.890625, 2.46875]"
False,1870,2,28860,1,"[2.84375, 2.703125, 3.71875, 3.890625]"
True,1871,0,28861,0,"[3.265625, 4.21875, 4.75, 3.765625]"
False,1872,2,28887,1,"[3.4375, 3.109375, 4.3125, 4.03125]"
True,1873,1,28898,1,"[3.1875, 2.4375, 3.6875, 3.375]"
False,1874,3,28965,1,"[3.84375, 3.453125, 4.28125, 3.890625]"
False,1875,2,28971,1,"[3.796875, 2.40625, 4.75, 3.890625]"
False,1876,0,28986,2,"[2.421875, 3.21875, 2.203125, 3.734375]"
False,1877,0,29051,3,"[4.84375, 3.40625, 4.4375, 3.25]"
False,1878,1,29058,0,"[2.515625, 3.453125, 3.921875, 4.40625]"
True,1879,1,29060,1,"[3.859375, 1.5546875, 4.34375, 3.890625]"
True,1880,2,29065,2,"[3.203125, 2.765625, 2.734375, 2.796875]"
False,1881,2,29078,0,"[3.015625, 4.1875, 4.09375, 3.40625]"
False,1882,3,29085,0,"[3.140625, 6.5625, 4.40625, 3.390625]"
True,1883,0,29086,0,"[3.140625, 3.15625, 3.296875, 3.515625]"
True,1884,0,29096,0,"[3.8125, 3.875, 5.40625, 5.8125]"
False,1885,3,29144,0,"[2.65625, 3.5, 3.296875, 4.5]"
False,1886,2,29154,1,"[3.59375, 3.5625, 4.09375, 3.75]"
True,1887,2,29187,2,"[4.5625, 4.8125, 3.15625, 4.125]"
False,1888,1,29196,0,"[3.5, 4.28125, 4.03125, 4.21875]"
True,1889,1,29199,1,"[3.265625, 2.1875, 3.59375, 2.953125]"
True,1890,1,29272,1,"[3.15625, 2.28125, 5.5, 3.125]"
False,1891,3,29280,2,"[2.65625, 2.3125, 2.09375, 3.921875]"
False,1892,3,29281,0,"[1.6640625, 5.96875, 3.65625, 4.15625]"
False,1893,3,29309,2,"[3.3125, 3.84375, 2.421875, 3.25]"
False,1894,2,29384,0,"[2.765625, 3.375, 3.75, 3.421875]"
False,1895,0,29413,2,"[3.421875, 4.75, 1.953125, 2.125]"
False,1896,1,29414,0,"[2.46875, 3.015625, 3.03125, 5.53125]"
False,1897,3,29415,2,"[3.0625, 4.96875, 2.234375, 3.03125]"
False,1898,3,29455,0,"[2.703125, 3.984375, 4.125, 3.796875]"
False,1899,1,29456,3,"[3.234375, 2.953125, 2.734375, 2.375]"
False,1900,2,29457,0,"[2.984375, 3.765625, 3.5, 3.96875]"
False,1901,3,29525,1,"[4.3125, 4.03125, 4.34375, 4.1875]"
True,1902,1,29526,1,"[3.9375, 3.71875, 4.0625, 5.03125]"
True,1903,3,29527,3,"[3.453125, 3.578125, 2.65625, 2.34375]"
False,1904,2,29548,0,"[2.578125, 3.171875, 2.890625, 4.15625]"
True,1905,1,29549,1,"[2.890625, 2.578125, 2.75, 4.0625]"
False,1906,0,29550,2,"[3.34375, 2.75, 2.234375, 3.046875]"
True,1907,2,29551,2,"[4.71875, 3.375, 2.921875, 3.96875]"
False,1908,1,29590,3,"[4.4375, 4.59375, 4.4375, 4.40625]"
False,1909,2,29591,3,"[3.5625, 4.4375, 3.21875, 2.890625]"
False,1910,1,29593,2,"[3.484375, 4.28125, 3.234375, 4.71875]"
False,1911,0,29614,2,"[2.328125, 3.71875, 1.640625, 2.53125]"
False,1912,1,29624,3,"[2.84375, 4.625, 4.59375, 2.6875]"
True,1913,0,29625,0,"[2.6875, 3.046875, 2.9375, 2.71875]"
True,1914,3,29688,3,"[4.0625, 4.46875, 3.125, 3.046875]"
False,1915,2,29689,0,"[2.0, 2.9375, 2.9375, 2.578125]"
False,1916,1,29711,2,"[3.296875, 4.53125, 2.1875, 3.84375]"
False,1917,3,29715,0,"[1.703125, 1.8046875, 2.453125, 2.90625]"
False,1918,3,29718,0,"[4.125, 5.15625, 4.90625, 5.53125]"
False,1919,0,29719,3,"[4.46875, 4.03125, 4.65625, 4.0]"
False,1920,2,29720,1,"[4.09375, 3.078125, 3.328125, 3.171875]"
False,1921,3,29721,0,"[3.421875, 8.375, 5.25, 4.71875]"
False,1922,3,29776,1,"[4.1875, 3.09375, 3.5, 3.71875]"
False,1923,1,29798,0,"[2.671875, 3.21875, 3.53125, 3.671875]"
True,1924,1,29810,1,"[3.875, 2.796875, 5.0, 3.90625]"
False,1925,0,29812,2,"[3.734375, 5.03125, 2.84375, 3.203125]"
False,1926,2,29813,3,"[4.125, 3.78125, 2.765625, 2.703125]"
True,1927,1,29814,1,"[2.75, 2.484375, 4.4375, 3.078125]"
False,1928,0,29816,2,"[3.625, 3.484375, 2.875, 3.078125]"
False,1929,3,29818,2,"[2.6875, 3.484375, 2.546875, 2.734375]"
True,1930,2,29819,2,"[3.109375, 3.234375, 3.015625, 3.90625]"
False,1931,3,29850,2,"[3.484375, 3.25, 3.171875, 3.21875]"
False,1932,3,29851,2,"[3.765625, 2.890625, 1.8203125, 2.546875]"
True,1933,2,29860,2,"[3.09375, 4.21875, 2.421875, 4.375]"
True,1934,1,29861,1,"[2.953125, 2.484375, 3.796875, 3.046875]"
False,1935,0,29958,3,"[3.078125, 5.4375, 3.46875, 2.859375]"
False,1936,3,29961,2,"[5.34375, 3.953125, 3.25, 3.34375]"
True,1937,1,29982,1,"[4.3125, 3.328125, 4.5625, 3.609375]"
False,1938,1,29983,2,"[4.125, 3.765625, 3.640625, 4.53125]"
False,1939,1,29986,0,"[3.09375, 3.609375, 3.625, 3.3125]"
True,1940,3,29987,3,"[3.96875, 3.828125, 4.75, 2.46875]"
True,1941,1,30002,1,"[3.5625, 3.3125, 4.25, 3.734375]"
True,1942,2,30012,2,"[4.46875, 3.515625, 2.71875, 2.90625]"
True,1943,3,30013,3,"[3.34375, 3.578125, 2.984375, 2.734375]"
False,1944,0,30021,3,"[4.40625, 2.90625, 3.421875, 2.84375]"
False,1945,3,30054,1,"[3.546875, 2.296875, 4.75, 5.34375]"
False,1946,3,30055,0,"[2.109375, 4.375, 3.1875, 3.453125]"
False,1947,3,30056,0,"[2.546875, 3.296875, 4.28125, 3.734375]"
False,1948,2,30057,1,"[3.671875, 2.953125, 4.3125, 3.78125]"
True,1949,0,30068,0,"[2.015625, 3.203125, 3.296875, 3.21875]"
True,1950,2,30069,2,"[3.1875, 3.46875, 2.359375, 3.5625]"
True,1951,2,30071,2,"[4.4375, 3.140625, 1.671875, 3.8125]"
False,1952,0,30072,3,"[3.09375, 3.09375, 3.203125, 2.046875]"
False,1953,2,30105,0,"[3.09375, 3.46875, 3.78125, 3.953125]"
False,1954,1,30110,3,"[5.03125, 3.84375, 3.96875, 3.71875]"
False,1955,3,30130,1,"[3.65625, 3.46875, 4.375, 4.59375]"
False,1956,2,30131,3,"[3.96875, 4.15625, 4.5625, 3.6875]"
False,1957,1,30141,3,"[3.703125, 3.375, 4.34375, 2.8125]"
False,1958,3,30147,1,"[3.65625, 2.203125, 3.25, 2.34375]"
False,1959,1,30165,3,"[3.703125, 3.578125, 4.21875, 3.3125]"
False,1960,2,30181,0,"[1.9375, 3.28125, 3.203125, 3.40625]"
False,1961,0,30182,3,"[4.6875, 4.03125, 4.0625, 4.0]"
True,1962,0,30183,0,"[2.0, 4.125, 2.328125, 4.65625]"
False,1963,0,30202,2,"[3.46875, 3.171875, 3.0, 3.625]"
True,1964,3,30203,3,"[3.078125, 3.90625, 3.1875, 1.65625]"
True,1965,3,30204,3,"[3.359375, 3.78125, 3.421875, 3.234375]"
False,1966,3,30205,0,"[3.546875, 4.53125, 3.609375, 5.59375]"
True,1967,2,30256,2,"[3.875, 3.5, 2.546875, 4.28125]"
False,1968,0,30314,2,"[2.75, 5.34375, 2.265625, 5.25]"
False,1969,3,30315,2,"[2.6875, 2.40625, 2.3125, 2.453125]"
False,1970,1,30321,2,"[4.8125, 5.4375, 3.078125, 3.890625]"
False,1971,2,30322,0,"[3.265625, 4.15625, 4.9375, 5.90625]"
False,1972,2,30343,0,"[3.921875, 4.9375, 3.921875, 5.59375]"
True,1973,3,30344,3,"[4.15625, 3.140625, 3.09375, 2.90625]"
True,1974,1,30358,1,"[3.390625, 3.0, 3.4375, 3.6875]"
True,1975,0,30362,0,"[2.640625, 3.859375, 4.21875, 3.46875]"
False,1976,1,30416,3,"[3.453125, 3.859375, 3.59375, 3.15625]"
True,1977,0,30472,0,"[2.3125, 3.609375, 3.078125, 4.375]"
False,1978,3,30473,1,"[3.421875, 2.140625, 2.5625, 3.75]"
True,1979,3,30495,3,"[4.28125, 5.1875, 4.34375, 2.796875]"
False,1980,0,30496,1,"[3.546875, 2.5625, 3.5, 2.78125]"
False,1981,2,30597,1,"[5.4375, 2.875, 3.65625, 4.40625]"
False,1982,3,30601,1,"[3.71875, 3.25, 5.21875, 4.21875]"
False,1983,1,30615,2,"[3.71875, 3.078125, 2.375, 2.953125]"
False,1984,1,30616,0,"[2.34375, 6.59375, 3.71875, 4.0]"
False,1985,0,30621,2,"[3.828125, 4.1875, 2.984375, 3.40625]"
False,1986,0,30623,1,"[3.625, 2.59375, 3.21875, 2.765625]"
False,1987,0,30635,1,"[3.4375, 2.25, 3.71875, 2.515625]"
True,1988,1,30637,1,"[4.03125, 3.375, 4.0, 4.15625]"
True,1989,0,30638,0,"[3.8125, 3.8125, 4.5, 5.78125]"
False,1990,2,30660,0,"[1.6953125, 3.5625, 3.015625, 2.984375]"
False,1991,1,30674,0,"[3.71875, 4.4375, 4.28125, 3.953125]"
True,1992,1,30690,1,"[4.40625, 3.109375, 3.5, 4.625]"
False,1993,3,30692,2,"[4.375, 3.5625, 3.296875, 3.34375]"
False,1994,0,30694,1,"[4.1875, 4.03125, 4.5, 4.0625]"
False,1995,0,30695,3,"[3.828125, 3.5625, 3.4375, 2.515625]"
False,1996,1,30747,2,"[5.53125, 3.703125, 3.46875, 4.3125]"
False,1997,0,30751,2,"[3.734375, 3.4375, 3.109375, 3.609375]"
False,1998,0,30757,1,"[3.0625, 2.671875, 4.09375, 2.8125]"
True,1999,2,30790,2,"[2.78125, 2.890625, 2.375, 3.296875]"
True,2000,3,30835,3,"[3.046875, 2.515625, 2.75, 1.75]"
False,2001,3,30858,0,"[4.21875, 4.46875, 4.59375, 4.375]"
True,2002,0,30882,0,"[2.609375, 4.0625, 4.28125, 4.6875]"
False,2003,3,30883,2,"[3.796875, 3.59375, 2.421875, 4.3125]"
False,2004,0,30884,3,"[5.3125, 4.78125, 4.53125, 4.1875]"
False,2005,0,30901,3,"[4.90625, 5.375, 6.84375, 2.875]"
False,2006,3,30909,2,"[3.265625, 2.9375, 2.453125, 3.046875]"
True,2007,0,30927,0,"[2.125, 3.25, 3.5, 5.78125]"
False,2008,1,30945,3,"[4.09375, 4.21875, 3.84375, 3.71875]"
False,2009,1,30947,0,"[3.40625, 3.921875, 4.0, 4.53125]"
True,2010,0,30965,0,"[1.9296875, 3.15625, 3.640625, 3.03125]"
False,2011,3,30967,0,"[2.4375, 3.328125, 4.125, 3.875]"
False,2012,3,30969,1,"[3.953125, 2.5, 3.0625, 4.625]"
False,2013,2,30970,0,"[2.890625, 4.3125, 2.9375, 4.96875]"
False,2014,0,31044,3,"[4.125, 4.65625, 4.40625, 3.59375]"
True,2015,3,31057,3,"[3.609375, 4.09375, 2.34375, 2.203125]"
False,2016,1,31058,0,"[2.53125, 3.796875, 3.25, 3.09375]"
False,2017,3,31070,0,"[3.609375, 3.9375, 4.59375, 4.46875]"
True,2018,2,31119,2,"[3.8125, 4.59375, 3.3125, 3.984375]"
False,2019,2,31149,3,"[5.15625, 3.9375, 3.890625, 2.859375]"
False,2020,1,31150,0,"[2.40625, 2.78125, 4.25, 3.234375]"
False,2021,2,31151,1,"[3.171875, 1.953125, 2.6875, 3.859375]"
False,2022,0,31152,3,"[3.4375, 3.03125, 3.703125, 2.484375]"
False,2023,0,31153,3,"[3.53125, 3.84375, 3.8125, 3.421875]"
False,2024,2,31154,0,"[2.828125, 3.3125, 3.734375, 3.109375]"
False,2025,3,31155,0,"[1.9296875, 3.859375, 3.046875, 2.828125]"
True,2026,0,31168,0,"[2.609375, 3.5, 3.875, 3.609375]"
False,2027,0,31198,3,"[3.90625, 3.609375, 5.375, 2.796875]"
False,2028,2,31252,3,"[5.125, 4.21875, 3.25, 3.203125]"
True,2029,2,31253,2,"[3.171875, 4.84375, 2.25, 3.90625]"
True,2030,2,31264,2,"[7.59375, 4.21875, 3.625, 4.8125]"
False,2031,1,31267,0,"[3.3125, 4.5625, 3.921875, 3.3125]"
False,2032,2,31285,0,"[3.203125, 5.15625, 3.46875, 3.6875]"
False,2033,2,31286,0,"[3.6875, 4.1875, 4.1875, 4.09375]"
False,2034,3,31303,2,"[4.59375, 5.0625, 4.28125, 4.46875]"
True,2035,2,31305,2,"[3.65625, 3.546875, 3.0, 3.25]"
False,2036,3,31315,2,"[2.9375, 4.34375, 2.640625, 3.40625]"
False,2037,2,31322,3,"[3.59375, 3.78125, 4.46875, 2.953125]"
True,2038,0,31323,0,"[2.53125, 4.1875, 3.125, 3.8125]"
True,2039,1,31335,1,"[5.71875, 4.15625, 4.59375, 5.0625]"
False,2040,2,31337,3,"[3.1875, 4.625, 3.984375, 2.484375]"
False,2041,1,31338,0,"[3.578125, 3.78125, 4.0625, 4.1875]"
True,2042,1,31372,1,"[3.84375, 2.75, 4.25, 3.421875]"
False,2043,2,31373,1,"[3.625, 2.890625, 3.375, 3.28125]"
False,2044,3,31374,1,"[2.3125, 2.203125, 3.453125, 2.546875]"
False,2045,3,31375,1,"[2.953125, 2.203125, 3.21875, 2.984375]"
False,2046,3,31425,0,"[2.21875, 3.328125, 4.1875, 3.34375]"
False,2047,1,31455,0,"[1.7421875, 2.53125, 2.390625, 2.5625]"
False,2048,0,31458,3,"[1.9375, 3.21875, 4.34375, 1.7578125]"
False,2049,2,31459,3,"[3.71875, 5.625, 4.0625, 3.53125]"
False,2050,1,31460,0,"[3.0, 3.703125, 4.28125, 4.375]"
False,2051,1,31479,0,"[3.265625, 3.4375, 4.09375, 3.875]"
True,2052,1,31543,1,"[3.703125, 3.46875, 3.5625, 3.90625]"
False,2053,2,31636,1,"[4.71875, 2.4375, 2.828125, 4.6875]"
False,2054,2,31651,1,"[5.0625, 3.328125, 4.125, 3.703125]"
False,2055,1,31652,2,"[3.4375, 4.0625, 2.8125, 3.75]"
False,2056,3,31653,0,"[2.53125, 3.3125, 3.859375, 3.984375]"
True,2057,1,31654,1,"[3.796875, 2.640625, 4.4375, 4.1875]"
False,2058,3,31706,1,"[3.65625, 3.0, 3.78125, 3.328125]"
False,2059,3,31733,0,"[3.0625, 3.71875, 3.078125, 3.15625]"
False,2060,3,31741,1,"[4.40625, 3.109375, 3.328125, 3.53125]"
True,2061,1,31809,1,"[3.625, 3.578125, 3.65625, 3.609375]"
False,2062,1,31854,0,"[3.296875, 3.34375, 5.34375, 3.828125]"
True,2063,0,31858,0,"[3.0625, 3.0625, 3.421875, 4.59375]"
False,2064,0,31859,3,"[3.09375, 3.3125, 4.15625, 2.96875]"
True,2065,3,31883,3,"[4.3125, 4.15625, 3.53125, 2.65625]"
False,2066,3,31884,1,"[3.140625, 2.34375, 3.34375, 3.5]"
False,2067,2,31885,1,"[2.4375, 2.390625, 3.046875, 3.84375]"
False,2068,0,31911,1,"[4.28125, 3.203125, 4.5, 4.53125]"
False,2069,0,31913,3,"[2.828125, 4.3125, 3.53125, 2.59375]"
False,2070,2,31916,0,"[3.4375, 5.4375, 3.53125, 3.9375]"
True,2071,3,31917,3,"[4.59375, 4.9375, 4.71875, 4.25]"
False,2072,3,31918,0,"[2.71875, 3.671875, 3.546875, 4.90625]"
True,2073,3,31920,3,"[6.9375, 4.84375, 4.0625, 3.0]"
False,2074,2,31964,0,"[2.703125, 2.859375, 5.59375, 3.375]"
False,2075,1,31965,2,"[4.71875, 3.75, 2.078125, 3.15625]"
True,2076,2,31973,2,"[2.71875, 3.515625, 2.5625, 4.0]"
False,2077,1,31989,0,"[2.671875, 3.609375, 4.1875, 3.5625]"
False,2078,2,31993,0,"[1.40625, 2.40625, 3.3125, 3.546875]"
False,2079,0,32007,2,"[3.5625, 3.875, 3.484375, 3.90625]"
True,2080,0,32025,0,"[2.71875, 3.78125, 3.265625, 2.984375]"
False,2081,1,32044,0,"[1.1171875, 1.6953125, 3.53125, 2.578125]"
True,2082,1,32047,1,"[3.53125, 2.8125, 3.703125, 2.859375]"
False,2083,2,32051,0,"[2.28125, 4.0625, 3.1875, 2.734375]"
True,2084,0,32099,0,"[3.1875, 3.328125, 4.59375, 5.875]"
True,2085,3,32110,3,"[3.09375, 3.890625, 4.4375, 2.28125]"
True,2086,2,32182,2,"[2.875, 2.828125, 2.4375, 3.625]"
False,2087,3,32243,0,"[3.0, 4.34375, 3.75, 3.328125]"
False,2088,1,32247,3,"[3.734375, 4.375, 3.484375, 3.234375]"
True,2089,1,32250,1,"[3.875, 3.703125, 4.3125, 4.4375]"
False,2090,3,32269,0,"[2.28125, 4.0625, 3.65625, 3.859375]"
False,2091,1,32299,2,"[4.03125, 3.015625, 2.953125, 5.59375]"
True,2092,3,32300,3,"[3.15625, 3.640625, 4.46875, 3.09375]"
False,2093,3,32302,1,"[4.21875, 2.078125, 3.390625, 3.265625]"
True,2094,1,32304,1,"[3.046875, 2.171875, 3.96875, 3.59375]"
False,2095,2,32305,3,"[4.4375, 3.09375, 2.828125, 2.234375]"
True,2096,3,32318,3,"[2.5625, 2.46875, 3.453125, 2.203125]"
True,2097,3,32319,3,"[3.078125, 3.25, 3.640625, 2.140625]"
True,2098,3,32357,3,"[3.46875, 4.65625, 3.625, 2.9375]"
False,2099,0,32406,3,"[3.59375, 4.75, 2.859375, 1.8828125]"
False,2100,0,32407,1,"[2.28125, 2.21875, 2.4375, 3.421875]"
False,2101,3,32412,2,"[6.3125, 3.765625, 3.34375, 4.0625]"
False,2102,2,32413,1,"[3.75, 3.484375, 3.9375, 4.34375]"
True,2103,3,32415,3,"[3.265625, 3.21875, 3.53125, 2.65625]"
False,2104,0,32416,3,"[2.78125, 3.3125, 3.734375, 2.359375]"
False,2105,2,32417,0,"[2.328125, 4.40625, 4.0, 2.546875]"
False,2106,3,32418,0,"[2.265625, 3.609375, 4.09375, 4.0625]"
False,2107,3,32419,0,"[3.03125, 5.0625, 3.84375, 4.03125]"
False,2108,0,32420,3,"[3.453125, 3.765625, 2.984375, 2.5]"
False,2109,0,32441,3,"[2.75, 2.78125, 3.796875, 2.046875]"
True,2110,1,32471,1,"[4.90625, 3.0, 4.3125, 3.609375]"
False,2111,0,32473,1,"[2.765625, 2.375, 3.28125, 4.3125]"
False,2112,1,32474,2,"[3.140625, 3.21875, 1.8125, 3.15625]"
True,2113,2,32512,2,"[3.640625, 4.0625, 2.453125, 3.296875]"
True,2114,3,32518,3,"[3.671875, 3.328125, 3.640625, 2.4375]"
False,2115,1,32526,2,"[3.96875, 2.96875, 2.9375, 3.890625]"
True,2116,1,32527,1,"[3.046875, 2.734375, 4.5625, 3.703125]"
False,2117,3,32528,1,"[3.34375, 2.78125, 3.53125, 2.953125]"
False,2118,2,32529,3,"[2.765625, 2.640625, 3.75, 1.8125]"
True,2119,2,32540,2,"[3.5, 3.734375, 2.890625, 3.75]"
False,2120,1,32541,2,"[4.03125, 3.953125, 3.46875, 4.53125]"
False,2121,2,32550,3,"[5.8125, 4.375, 4.21875, 3.484375]"
False,2122,3,32559,0,"[3.5, 3.859375, 4.625, 4.03125]"
True,2123,0,32560,0,"[2.578125, 3.890625, 3.21875, 4.90625]"
False,2124,2,32587,3,"[3.640625, 3.4375, 3.046875, 2.96875]"
False,2125,3,32588,0,"[2.109375, 3.0, 3.359375, 2.671875]"
False,2126,2,32614,3,"[3.8125, 3.84375, 5.15625, 2.609375]"
False,2127,1,32616,0,"[3.015625, 5.4375, 3.609375, 5.0]"
False,2128,3,32617,1,"[4.96875, 3.96875, 5.125, 4.1875]"
False,2129,1,32620,2,"[4.78125, 4.6875, 2.90625, 3.25]"
False,2130,2,32641,3,"[4.125, 5.125, 3.25, 3.15625]"
True,2131,2,32642,2,"[4.90625, 3.828125, 1.96875, 4.40625]"
True,2132,1,32643,1,"[4.875, 2.828125, 3.234375, 4.1875]"
True,2133,3,32654,3,"[4.21875, 3.0625, 1.984375, 1.0703125]"
False,2134,1,32671,0,"[2.609375, 4.34375, 3.765625, 5.5625]"
True,2135,2,32672,2,"[3.953125, 3.6875, 3.671875, 3.78125]"
False,2136,0,32673,3,"[4.15625, 4.25, 4.3125, 3.96875]"
False,2137,2,32674,3,"[3.609375, 5.15625, 4.46875, 3.5625]"
False,2138,2,32701,1,"[4.40625, 2.890625, 4.78125, 3.75]"
False,2139,3,32710,0,"[4.0625, 5.28125, 4.25, 4.0625]"
False,2140,2,32711,1,"[4.34375, 1.5234375, 2.859375, 3.9375]"
False,2141,2,32727,1,"[4.6875, 2.828125, 3.90625, 3.46875]"
True,2142,1,32728,1,"[4.03125, 2.5, 3.421875, 3.265625]"
False,2143,3,32729,2,"[3.609375, 4.1875, 3.09375, 4.0625]"
False,2144,1,32730,2,"[3.859375, 3.359375, 3.109375, 3.3125]"
True,2145,1,32821,1,"[4.25, 2.578125, 4.25, 3.609375]"
False,2146,2,32904,1,"[3.75, 2.40625, 3.203125, 4.0625]"
True,2147,0,32908,0,"[3.578125, 4.0625, 3.96875, 3.984375]"
True,2148,0,32909,0,"[4.15625, 7.28125, 4.75, 4.75]"
False,2149,3,32916,1,"[5.5, 3.15625, 4.84375, 5.375]"
False,2150,2,32950,1,"[5.0, 3.0625, 3.609375, 3.765625]"
False,2151,1,32951,2,"[4.03125, 3.546875, 3.28125, 5.0]"
False,2152,0,32955,2,"[3.75, 2.84375, 1.65625, 3.5]"
True,2153,3,32957,3,"[3.171875, 2.5, 3.609375, 2.203125]"
False,2154,2,32968,3,"[4.6875, 5.09375, 4.53125, 2.875]"
True,2155,3,32970,3,"[5.0625, 4.1875, 4.375, 4.15625]"
False,2156,3,32971,1,"[4.40625, 3.921875, 4.65625, 4.28125]"
True,2157,3,32982,3,"[4.5, 3.203125, 3.671875, 1.9765625]"
False,2158,0,33018,2,"[3.21875, 3.453125, 2.90625, 3.609375]"
False,2159,2,33042,1,"[4.875, 2.6875, 3.46875, 3.34375]"
False,2160,0,33068,3,"[3.234375, 3.5, 2.96875, 2.671875]"
False,2161,2,33070,3,"[3.40625, 4.40625, 3.78125, 3.0625]"
False,2162,0,33071,1,"[4.71875, 3.078125, 3.296875, 3.25]"
True,2163,1,33073,1,"[4.46875, 3.46875, 4.59375, 4.34375]"
False,2164,3,33109,1,"[3.65625, 3.203125, 4.03125, 3.9375]"
False,2165,2,33110,3,"[4.625, 3.203125, 3.515625, 2.703125]"
False,2166,1,33114,3,"[3.5, 2.578125, 3.578125, 2.46875]"
False,2167,3,33116,2,"[4.28125, 3.765625, 2.90625, 4.0625]"
False,2168,0,33117,2,"[4.34375, 3.890625, 3.109375, 3.15625]"
True,2169,3,33118,3,"[4.96875, 3.078125, 3.234375, 2.125]"
True,2170,1,33120,1,"[4.125, 3.25, 3.71875, 3.4375]"
False,2171,2,33121,1,"[3.796875, 2.65625, 3.265625, 3.46875]"
False,2172,2,33123,3,"[3.015625, 4.0625, 2.984375, 2.828125]"
False,2173,0,33157,2,"[2.796875, 2.890625, 2.390625, 4.71875]"
True,2174,3,33158,3,"[4.5625, 3.046875, 2.8125, 2.078125]"
False,2175,1,33159,3,"[4.125, 3.5, 2.40625, 1.7890625]"
False,2176,1,33160,3,"[3.328125, 4.15625, 3.625, 2.109375]"
False,2177,0,33165,1,"[2.671875, 2.5625, 3.09375, 4.1875]"
False,2178,0,33167,1,"[4.4375, 3.328125, 4.34375, 3.90625]"
True,2179,0,33171,0,"[2.359375, 3.015625, 3.515625, 3.46875]"
False,2180,1,33184,3,"[5.03125, 3.140625, 5.46875, 2.9375]"
False,2181,3,33215,0,"[3.765625, 4.6875, 4.0625, 4.15625]"
False,2182,0,33216,2,"[3.296875, 3.890625, 2.390625, 3.15625]"
False,2183,2,33219,3,"[3.546875, 3.921875, 3.15625, 2.65625]"
True,2184,3,33226,3,"[3.25, 3.09375, 4.46875, 2.953125]"
True,2185,0,33260,0,"[2.5, 4.625, 3.921875, 3.890625]"
True,2186,0,33261,0,"[1.75, 3.1875, 5.09375, 3.171875]"
False,2187,0,33262,3,"[2.59375, 5.53125, 4.40625, 0.984375]"
False,2188,0,33294,3,"[4.09375, 3.953125, 3.765625, 3.609375]"
False,2189,3,33340,1,"[1.8515625, 1.84375, 3.03125, 2.859375]"
False,2190,1,33374,2,"[3.640625, 4.0625, 3.578125, 5.21875]"
False,2191,1,33395,2,"[4.3125, 4.75, 3.625, 5.78125]"
True,2192,1,33396,1,"[3.078125, 2.9375, 4.78125, 4.6875]"
False,2193,1,33397,0,"[2.828125, 3.75, 4.375, 4.15625]"
True,2194,3,33432,3,"[5.28125, 5.15625, 4.34375, 3.40625]"
True,2195,0,33435,0,"[1.484375, 2.6875, 2.875, 2.59375]"
True,2196,1,33437,1,"[3.09375, 1.5, 2.234375, 4.375]"
True,2197,0,33439,0,"[2.234375, 4.125, 3.265625, 4.21875]"
True,2198,0,33440,0,"[3.453125, 3.875, 5.5625, 4.40625]"
False,2199,0,33441,2,"[4.125, 3.234375, 2.765625, 3.75]"
True,2200,2,33442,2,"[4.6875, 3.09375, 2.140625, 3.203125]"
False,2201,0,33443,3,"[3.453125, 4.125, 3.46875, 3.390625]"
False,2202,2,33444,1,"[4.28125, 3.28125, 3.53125, 3.75]"
True,2203,0,33448,0,"[3.421875, 4.5, 3.578125, 3.734375]"
False,2204,2,33503,0,"[3.015625, 3.78125, 3.421875, 3.03125]"
False,2205,2,33548,0,"[3.09375, 4.5625, 3.90625, 5.15625]"
False,2206,2,33561,3,"[3.0, 4.375, 3.4375, 2.359375]"
False,2207,1,33563,2,"[4.1875, 3.671875, 3.078125, 5.15625]"
False,2208,0,33571,1,"[3.921875, 1.78125, 2.984375, 3.734375]"
False,2209,1,33600,2,"[2.953125, 2.859375, 2.09375, 3.65625]"
False,2210,0,33614,1,"[3.078125, 2.96875, 4.625, 3.859375]"
False,2211,1,33617,3,"[5.21875, 5.34375, 4.40625, 3.015625]"
False,2212,2,33619,1,"[5.34375, 3.078125, 4.1875, 4.21875]"
False,2213,1,33663,2,"[3.421875, 2.984375, 2.328125, 4.3125]"
False,2214,0,33715,3,"[3.109375, 4.0625, 3.953125, 3.03125]"
True,2215,2,33725,2,"[3.484375, 4.96875, 3.21875, 3.671875]"
False,2216,2,33726,3,"[2.703125, 4.40625, 3.8125, 2.46875]"
False,2217,3,33728,2,"[3.765625, 4.25, 3.59375, 3.6875]"
False,2218,0,33751,3,"[3.265625, 4.0625, 4.09375, 2.5]"
False,2219,1,33764,0,"[1.640625, 3.421875, 2.75, 3.140625]"
True,2220,3,33830,3,"[3.078125, 4.0625, 4.5625, 2.75]"
True,2221,0,33863,0,"[3.015625, 3.75, 3.609375, 4.53125]"
False,2222,1,33874,2,"[3.171875, 3.09375, 2.765625, 3.421875]"
True,2223,3,33875,3,"[3.578125, 3.828125, 3.625, 3.375]"
False,2224,0,33878,3,"[4.0, 4.03125, 4.21875, 3.03125]"
True,2225,0,33879,0,"[2.359375, 4.46875, 3.125, 4.78125]"
True,2226,2,33880,2,"[3.21875, 3.140625, 2.078125, 3.09375]"
True,2227,1,33903,1,"[2.78125, 2.65625, 2.859375, 4.96875]"
True,2228,3,34029,3,"[4.8125, 4.1875, 3.59375, 2.921875]"
False,2229,3,34032,1,"[4.375, 3.5, 4.375, 4.15625]"
False,2230,2,34033,1,"[3.75, 3.109375, 3.59375, 4.53125]"
False,2231,2,34034,1,"[4.03125, 2.765625, 3.921875, 3.5625]"
True,2232,3,34074,3,"[4.71875, 4.4375, 3.703125, 3.375]"
True,2233,2,34075,2,"[3.546875, 4.8125, 3.390625, 4.0]"
True,2234,1,34076,1,"[3.890625, 3.328125, 3.453125, 3.921875]"
False,2235,1,34077,2,"[3.671875, 3.625, 3.15625, 3.296875]"
False,2236,2,34140,0,"[4.0, 4.96875, 4.53125, 4.75]"
False,2237,2,34161,0,"[2.796875, 3.828125, 3.9375, 4.21875]"
False,2238,1,34163,3,"[4.21875, 6.71875, 6.34375, 4.0]"
True,2239,0,34167,0,"[2.4375, 3.625, 3.203125, 2.921875]"
False,2240,2,34168,3,"[3.125, 4.0, 3.921875, 2.890625]"
True,2241,0,34169,0,"[2.65625, 3.96875, 4.9375, 3.109375]"
True,2242,2,34178,2,"[3.4375, 3.625, 3.40625, 4.40625]"
True,2243,2,34195,2,"[2.828125, 3.15625, 2.515625, 3.21875]"
True,2244,1,34218,1,"[3.734375, 3.03125, 4.375, 3.875]"
True,2245,1,34360,1,"[3.734375, 3.046875, 3.515625, 3.46875]"
False,2246,2,34366,1,"[3.5625, 2.890625, 3.328125, 3.578125]"
True,2247,2,34417,2,"[4.28125, 4.84375, 3.828125, 4.6875]"
True,2248,2,34418,2,"[3.34375, 4.09375, 3.21875, 3.859375]"
False,2249,1,34419,3,"[3.734375, 3.046875, 4.625, 2.328125]"
False,2250,2,34420,0,"[2.359375, 2.515625, 3.265625, 3.625]"
False,2251,2,34421,0,"[2.25, 3.609375, 3.6875, 3.015625]"
False,2252,0,34422,2,"[2.75, 2.875, 2.65625, 2.96875]"
False,2253,1,34475,0,"[2.84375, 3.3125, 3.21875, 2.90625]"
False,2254,3,34476,1,"[3.8125, 3.171875, 3.625, 3.234375]"
False,2255,1,34494,0,"[2.859375, 5.53125, 3.796875, 4.375]"
True,2256,3,34505,3,"[4.6875, 4.0, 3.59375, 3.140625]"
False,2257,3,34507,1,"[5.34375, 2.65625, 4.78125, 2.984375]"
True,2258,3,34557,3,"[2.625, 2.890625, 2.203125, 2.046875]"
False,2259,2,34558,1,"[3.609375, 0.8125, 3.75, 1.65625]"
False,2260,2,34560,3,"[6.09375, 2.203125, 2.359375, 2.03125]"
True,2261,0,34561,0,"[0.7734375, 1.96875, 4.3125, 3.59375]"
False,2262,1,34562,0,"[1.921875, 3.671875, 2.859375, 2.734375]"
True,2263,3,34669,3,"[4.625, 3.90625, 2.984375, 1.1640625]"
True,2264,1,34670,1,"[3.03125, 2.40625, 3.203125, 2.453125]"
False,2265,3,34677,2,"[2.9375, 2.640625, 2.390625, 3.53125]"
False,2266,3,34720,2,"[4.15625, 3.25, 3.203125, 3.75]"
False,2267,3,34783,0,"[2.5625, 3.03125, 3.875, 3.328125]"
False,2268,0,34834,1,"[3.53125, 2.625, 3.609375, 4.15625]"
True,2269,0,34871,0,"[2.078125, 3.609375, 3.03125, 5.53125]"
True,2270,1,34873,1,"[2.25, 1.8046875, 3.515625, 4.8125]"
False,2271,0,34961,3,"[2.90625, 2.765625, 3.40625, 2.1875]"
True,2272,1,34962,1,"[3.65625, 2.578125, 2.65625, 2.65625]"
False,2273,0,35083,1,"[4.71875, 3.578125, 4.25, 3.96875]"
False,2274,3,35088,0,"[2.265625, 3.390625, 2.796875, 2.5]"
False,2275,1,35089,2,"[2.5625, 2.234375, 1.890625, 2.375]"
False,2276,1,35095,3,"[5.28125, 3.75, 5.0625, 3.640625]"
False,2277,0,35127,1,"[6.78125, 3.171875, 5.6875, 3.34375]"
False,2278,0,35128,2,"[3.609375, 4.4375, 3.078125, 6.15625]"
True,2279,2,35131,2,"[4.8125, 4.96875, 3.15625, 4.65625]"
False,2280,3,35132,1,"[4.84375, 2.40625, 3.140625, 2.765625]"
False,2281,2,35138,1,"[3.296875, 3.109375, 3.78125, 4.15625]"
False,2282,3,35139,0,"[3.0625, 3.65625, 3.671875, 4.125]"
False,2283,3,35147,1,"[5.28125, 2.828125, 5.4375, 4.28125]"
True,2284,2,35167,2,"[3.046875, 3.0, 2.515625, 3.4375]"
False,2285,2,35240,1,"[3.125, 2.078125, 3.578125, 3.875]"
True,2286,2,35259,2,"[3.1875, 3.5, 2.84375, 3.9375]"
False,2287,1,35260,3,"[3.8125, 3.0, 4.875, 1.2734375]"
False,2288,2,35338,1,"[5.0, 3.296875, 3.859375, 4.4375]"
True,2289,3,35340,3,"[3.765625, 3.515625, 3.765625, 3.328125]"
True,2290,2,35342,2,"[4.3125, 4.03125, 2.96875, 3.53125]"
True,2291,2,35357,2,"[3.203125, 2.734375, 2.46875, 3.890625]"
False,2292,1,35362,3,"[5.3125, 3.625, 3.34375, 3.171875]"
True,2293,0,35364,0,"[2.4375, 4.5, 4.53125, 2.5]"
True,2294,3,35403,3,"[3.421875, 3.0625, 4.21875, 1.6015625]"
False,2295,1,35416,0,"[3.0625, 4.5625, 3.421875, 3.296875]"
False,2296,1,35417,2,"[3.125, 4.5, 2.859375, 2.875]"
False,2297,3,35418,0,"[3.265625, 3.578125, 3.84375, 3.359375]"
True,2298,2,35427,2,"[4.875, 4.8125, 3.828125, 5.6875]"
False,2299,0,35445,2,"[5.375, 4.65625, 4.625, 4.75]"
True,2300,2,35471,2,"[3.9375, 4.21875, 2.484375, 2.953125]"
True,2301,2,35516,2,"[3.796875, 4.03125, 3.03125, 5.6875]"
True,2302,0,35537,0,"[2.484375, 2.890625, 3.078125, 3.15625]"
False,2303,3,35564,0,"[3.125, 3.21875, 3.75, 3.171875]"
False,2304,1,35565,0,"[2.65625, 3.046875, 4.15625, 5.25]"
False,2305,0,35607,1,"[4.28125, 2.265625, 5.71875, 3.640625]"
False,2306,3,35608,2,"[3.75, 3.0625, 2.96875, 5.0625]"
False,2307,3,35612,0,"[2.75, 3.875, 3.515625, 4.15625]"
False,2308,2,35613,3,"[3.4375, 3.59375, 3.828125, 2.703125]"
True,2309,2,35616,2,"[4.03125, 3.734375, 2.546875, 4.0625]"
True,2310,3,35617,3,"[2.875, 3.671875, 4.28125, 2.796875]"
True,2311,3,35643,3,"[3.765625, 3.453125, 3.859375, 2.546875]"
False,2312,3,35644,2,"[3.125, 3.859375, 2.265625, 3.65625]"
True,2313,2,35710,2,"[2.953125, 2.96875, 2.53125, 3.875]"
True,2314,0,35718,0,"[2.71875, 3.0, 3.1875, 2.828125]"
True,2315,0,35749,0,"[2.46875, 3.734375, 3.140625, 4.625]"
False,2316,2,35776,3,"[6.0, 3.828125, 4.71875, 2.734375]"
False,2317,1,35815,0,"[2.96875, 3.84375, 3.890625, 3.953125]"
True,2318,2,35816,2,"[3.625, 3.875, 3.296875, 3.546875]"
False,2319,1,35890,3,"[4.21875, 4.5625, 3.109375, 2.8125]"
False,2320,1,35901,0,"[2.671875, 3.328125, 3.59375, 3.3125]"
False,2321,0,35910,3,"[3.359375, 4.4375, 3.703125, 2.296875]"
True,2322,1,35911,1,"[2.75, 2.5625, 3.4375, 5.46875]"
False,2323,0,35912,3,"[2.921875, 5.25, 2.484375, 2.015625]"
True,2324,3,35913,3,"[4.40625, 3.515625, 4.28125, 3.25]"
False,2325,2,35963,1,"[4.96875, 2.765625, 3.078125, 4.25]"
False,2326,0,35964,2,"[2.859375, 5.625, 2.8125, 3.484375]"
False,2327,3,35971,0,"[2.734375, 3.046875, 3.4375, 3.21875]"
True,2328,2,35972,2,"[4.15625, 2.96875, 2.78125, 4.5]"
True,2329,1,35990,1,"[4.125, 2.984375, 3.828125, 3.578125]"
False,2330,0,36007,2,"[2.953125, 3.953125, 2.671875, 3.25]"
True,2331,3,36014,3,"[3.390625, 4.78125, 4.15625, 2.765625]"
True,2332,1,36021,1,"[3.296875, 2.546875, 4.09375, 2.984375]"
True,2333,1,36043,1,"[3.703125, 3.21875, 5.375, 4.03125]"
False,2334,3,36044,0,"[3.46875, 4.90625, 3.9375, 4.125]"
True,2335,0,36045,0,"[2.078125, 2.8125, 3.296875, 3.421875]"
False,2336,2,36048,1,"[3.875, 3.421875, 4.96875, 4.75]"
False,2337,1,36051,3,"[3.203125, 5.0, 4.0625, 3.015625]"
False,2338,2,36052,0,"[2.96875, 3.875, 3.90625, 3.71875]"
False,2339,3,36095,1,"[3.75, 3.546875, 4.53125, 4.15625]"
False,2340,2,36100,3,"[2.859375, 4.03125, 3.046875, 1.46875]"
True,2341,0,36114,0,"[3.859375, 4.0, 4.375, 4.25]"
False,2342,0,36123,1,"[3.0625, 2.375, 3.53125, 3.078125]"
False,2343,2,36124,1,"[4.6875, 4.4375, 4.53125, 4.96875]"
True,2344,0,36125,0,"[1.8046875, 4.65625, 2.78125, 4.59375]"
True,2345,2,36126,2,"[3.15625, 4.03125, 2.3125, 3.375]"
False,2346,2,36193,1,"[4.28125, 4.25, 4.3125, 4.59375]"
False,2347,1,36196,3,"[3.6875, 6.09375, 3.3125, 2.765625]"
False,2348,1,36198,0,"[2.9375, 3.96875, 3.75, 3.390625]"
False,2349,2,36203,1,"[4.46875, 3.53125, 3.828125, 4.65625]"
False,2350,2,36205,3,"[3.546875, 3.515625, 4.5625, 2.125]"
False,2351,2,36228,0,"[2.921875, 3.921875, 3.890625, 3.34375]"
False,2352,3,36238,1,"[3.21875, 2.421875, 4.78125, 4.65625]"
False,2353,3,36239,1,"[4.03125, 3.25, 4.90625, 4.25]"
True,2354,0,36240,0,"[3.578125, 3.609375, 4.3125, 3.671875]"
False,2355,1,36242,0,"[2.296875, 2.546875, 2.984375, 2.9375]"
True,2356,0,36248,0,"[2.671875, 3.140625, 2.78125, 3.1875]"
False,2357,0,36249,3,"[2.140625, 2.515625, 2.96875, 1.9296875]"
True,2358,1,36288,1,"[2.75, 2.703125, 3.375, 4.21875]"
True,2359,1,36314,1,"[3.3125, 2.25, 3.6875, 4.4375]"
False,2360,2,36357,3,"[3.75, 5.09375, 4.0, 3.21875]"
False,2361,0,36431,3,"[3.71875, 5.6875, 5.5, 2.203125]"
False,2362,0,36433,3,"[3.5, 3.65625, 3.375, 3.171875]"
False,2363,0,36438,2,"[4.25, 3.359375, 3.25, 3.28125]"
True,2364,1,36439,1,"[4.8125, 2.78125, 3.921875, 4.375]"
True,2365,3,36526,3,"[3.078125, 3.015625, 3.0, 2.765625]"
False,2366,0,36527,3,"[3.375, 3.296875, 3.03125, 2.875]"
True,2367,2,36541,2,"[3.890625, 3.8125, 2.78125, 3.859375]"
False,2368,3,36548,0,"[3.65625, 3.78125, 4.3125, 4.5]"
False,2369,0,36562,2,"[3.453125, 3.0, 2.984375, 3.90625]"
False,2370,2,36563,1,"[2.921875, 2.234375, 3.265625, 3.1875]"
False,2371,3,36564,2,"[3.890625, 3.203125, 2.84375, 3.90625]"
True,2372,2,36578,2,"[3.734375, 4.03125, 3.1875, 3.5]"
True,2373,0,36579,0,"[1.3671875, 2.703125, 3.78125, 3.171875]"
False,2374,2,36590,3,"[4.28125, 4.125, 4.4375, 3.78125]"
True,2375,2,36591,2,"[3.59375, 3.203125, 3.140625, 4.96875]"
False,2376,2,36592,1,"[3.234375, 2.828125, 4.28125, 3.875]"
True,2377,0,36615,0,"[2.515625, 3.125, 3.40625, 3.296875]"
False,2378,2,36639,1,"[3.828125, 2.890625, 2.921875, 3.953125]"
False,2379,0,36677,3,"[4.15625, 3.953125, 4.1875, 3.90625]"
False,2380,1,36774,0,"[2.609375, 3.171875, 3.546875, 3.46875]"
False,2381,2,36775,3,"[3.078125, 2.9375, 2.84375, 2.5625]"
False,2382,2,36778,3,"[4.09375, 4.59375, 3.796875, 2.265625]"
True,2383,0,36783,0,"[2.328125, 3.359375, 3.890625, 3.484375]"
False,2384,1,36789,3,"[6.75, 3.171875, 4.28125, 2.953125]"
False,2385,0,36802,1,"[2.734375, 2.21875, 2.671875, 2.9375]"
False,2386,2,36803,3,"[4.03125, 2.84375, 3.265625, 2.328125]"
False,2387,0,36820,2,"[3.078125, 3.890625, 2.515625, 2.53125]"
True,2388,1,36821,1,"[3.046875, 1.796875, 3.015625, 3.265625]"
False,2389,2,36822,1,"[3.46875, 3.3125, 4.25, 4.15625]"
False,2390,3,36833,1,"[4.03125, 2.265625, 4.03125, 5.5]"
False,2391,3,36863,2,"[3.359375, 3.484375, 3.171875, 3.84375]"
False,2392,1,36890,2,"[4.5625, 3.109375, 2.8125, 3.734375]"
False,2393,3,36891,1,"[4.71875, 2.421875, 3.578125, 5.21875]"
False,2394,0,36901,3,"[4.09375, 3.84375, 4.34375, 2.734375]"
True,2395,0,36918,0,"[3.375, 3.8125, 4.09375, 3.90625]"
False,2396,3,36919,2,"[4.46875, 3.375, 3.15625, 3.21875]"
False,2397,3,36960,2,"[4.34375, 3.3125, 2.65625, 6.625]"
True,2398,2,37007,2,"[2.765625, 5.09375, 2.421875, 4.34375]"
True,2399,2,37012,2,"[4.125, 4.34375, 3.25, 4.40625]"
False,2400,0,37013,2,"[3.265625, 3.3125, 3.0, 3.953125]"
True,2401,1,37028,1,"[3.21875, 2.484375, 2.984375, 5.0625]"
False,2402,2,37052,3,"[3.4375, 3.84375, 3.828125, 2.609375]"
False,2403,0,37065,2,"[3.578125, 4.21875, 3.203125, 4.75]"
False,2404,3,37066,2,"[2.390625, 2.59375, 2.328125, 3.71875]"
True,2405,3,37067,3,"[3.40625, 3.0, 4.15625, 2.578125]"
False,2406,1,37068,2,"[4.03125, 4.0625, 1.875, 3.171875]"
False,2407,3,37075,1,"[4.46875, 3.15625, 4.75, 3.515625]"
False,2408,3,37081,1,"[4.90625, 3.078125, 4.0, 6.03125]"
False,2409,3,37101,2,"[3.484375, 4.0625, 2.15625, 4.71875]"
True,2410,3,37115,3,"[3.484375, 3.515625, 3.171875, 2.234375]"
False,2411,0,37120,1,"[4.875, 3.15625, 3.34375, 3.34375]"
True,2412,2,37124,2,"[2.859375, 4.5625, 2.6875, 3.640625]"
True,2413,2,37129,2,"[4.1875, 4.15625, 2.703125, 3.0]"
True,2414,2,37135,2,"[5.53125, 6.4375, 2.0625, 4.625]"
False,2415,1,37150,3,"[3.34375, 2.734375, 3.3125, 2.46875]"
False,2416,2,37241,1,"[3.09375, 2.859375, 3.28125, 3.328125]"
True,2417,0,37252,0,"[3.203125, 5.5625, 4.75, 3.828125]"
True,2418,2,37328,2,"[4.5625, 4.625, 3.03125, 4.40625]"
False,2419,2,37342,3,"[3.8125, 3.78125, 2.765625, 1.421875]"
True,2420,3,37351,3,"[4.3125, 3.078125, 5.28125, 2.484375]"
False,2421,1,37363,2,"[4.78125, 5.9375, 3.53125, 4.53125]"
True,2422,3,37364,3,"[4.21875, 3.4375, 5.34375, 2.984375]"
False,2423,3,37365,1,"[3.90625, 3.234375, 4.375, 3.515625]"
False,2424,0,37384,2,"[5.0625, 3.453125, 3.359375, 4.1875]"
False,2425,3,37385,2,"[4.59375, 3.75, 2.828125, 3.828125]"
False,2426,1,37386,0,"[3.28125, 3.5, 3.5, 3.59375]"
False,2427,1,37394,2,"[2.78125, 3.421875, 1.6640625, 2.59375]"
False,2428,0,37395,3,"[3.140625, 3.765625, 2.765625, 2.0]"
False,2429,0,37396,3,"[2.921875, 2.671875, 3.421875, 2.59375]"
True,2430,3,37397,3,"[4.5, 4.09375, 4.53125, 2.6875]"
True,2431,3,37398,3,"[2.296875, 4.78125, 3.890625, 1.796875]"
False,2432,1,37444,3,"[3.53125, 4.6875, 2.921875, 2.65625]"
False,2433,2,37475,3,"[3.296875, 2.703125, 3.078125, 2.5625]"
True,2434,2,37508,2,"[3.703125, 5.59375, 3.125, 4.96875]"
False,2435,2,37509,0,"[3.59375, 4.125, 3.9375, 4.125]"
False,2436,2,37527,0,"[2.890625, 3.4375, 4.28125, 3.34375]"
False,2437,2,37549,1,"[3.890625, 2.796875, 4.09375, 3.90625]"
True,2438,0,37564,0,"[1.2109375, 3.078125, 2.578125, 3.6875]"
False,2439,2,37571,3,"[4.65625, 7.625, 3.984375, 3.21875]"
False,2440,3,37572,2,"[3.203125, 4.4375, 3.03125, 3.09375]"
False,2441,1,37578,2,"[2.984375, 3.09375, 2.65625, 4.78125]"
False,2442,3,37579,1,"[4.4375, 2.625, 3.015625, 2.640625]"
True,2443,0,37595,0,"[3.0, 3.765625, 4.34375, 3.34375]"
False,2444,0,37596,1,"[3.5625, 2.75, 3.390625, 3.25]"
False,2445,2,37606,1,"[3.125, 2.90625, 5.15625, 3.9375]"
True,2446,3,37645,3,"[3.1875, 3.40625, 3.125, 2.671875]"
False,2447,1,37661,2,"[4.4375, 3.8125, 3.625, 4.03125]"
False,2448,0,37662,3,"[3.875, 4.6875, 4.25, 3.5625]"
False,2449,1,37665,2,"[3.875, 3.875, 3.0625, 3.953125]"
False,2450,3,37672,1,"[3.84375, 2.203125, 2.796875, 2.765625]"
False,2451,2,37685,1,"[2.59375, 2.375, 3.71875, 3.953125]"
False,2452,3,37695,2,"[2.625, 4.71875, 2.453125, 2.71875]"
True,2453,3,37716,3,"[4.0, 2.296875, 2.34375, 2.265625]"
False,2454,3,37742,0,"[2.390625, 2.546875, 3.75, 3.640625]"
False,2455,0,37765,2,"[2.84375, 3.640625, 2.234375, 3.125]"
False,2456,3,37766,0,"[3.25, 5.09375, 4.46875, 4.09375]"
True,2457,2,37798,2,"[4.5, 4.40625, 3.234375, 7.59375]"
True,2458,0,37819,0,"[2.546875, 3.078125, 4.40625, 2.578125]"
True,2459,2,37829,2,"[3.609375, 2.921875, 2.578125, 3.578125]"
False,2460,2,37841,0,"[3.921875, 3.9375, 4.40625, 4.40625]"
False,2461,3,37843,1,"[3.15625, 2.96875, 3.828125, 3.75]"
False,2462,2,37844,1,"[5.90625, 3.453125, 3.5, 6.125]"
False,2463,0,37872,3,"[4.5, 4.0625, 3.6875, 2.96875]"
True,2464,0,37904,0,"[2.890625, 3.453125, 3.015625, 3.046875]"
True,2465,1,37905,1,"[3.234375, 2.265625, 2.734375, 3.109375]"
False,2466,3,37910,1,"[2.484375, 1.96875, 3.40625, 2.890625]"
False,2467,0,37911,3,"[3.0625, 3.0, 2.375, 1.4765625]"
True,2468,2,37942,2,"[3.953125, 3.96875, 2.765625, 4.1875]"
True,2469,1,37957,1,"[3.40625, 3.25, 3.625, 3.84375]"
False,2470,0,37958,3,"[4.8125, 4.78125, 4.21875, 3.421875]"
False,2471,3,37998,1,"[4.125, 3.875, 4.03125, 4.6875]"
False,2472,2,38058,1,"[3.90625, 3.75, 4.15625, 4.5625]"
True,2473,2,38092,2,"[3.015625, 4.625, 2.890625, 2.953125]"
False,2474,1,38156,3,"[3.21875, 3.0, 3.0625, 2.578125]"
True,2475,3,38157,3,"[2.96875, 3.671875, 3.390625, 2.390625]"
False,2476,1,38184,3,"[3.609375, 3.015625, 3.59375, 2.828125]"
False,2477,0,38185,3,"[4.15625, 4.34375, 4.3125, 3.921875]"
True,2478,0,38187,0,"[1.3125, 2.734375, 2.59375, 3.015625]"
True,2479,2,38188,2,"[2.96875, 3.40625, 2.625, 3.1875]"
False,2480,0,38238,1,"[3.28125, 2.265625, 2.65625, 4.03125]"
False,2481,3,38246,2,"[4.3125, 3.671875, 3.203125, 4.25]"
True,2482,2,38267,2,"[3.265625, 3.390625, 1.796875, 4.0625]"
False,2483,2,38287,0,"[3.0625, 4.03125, 3.53125, 4.15625]"
False,2484,0,38295,2,"[3.046875, 3.640625, 2.484375, 4.09375]"
False,2485,0,38296,1,"[2.59375, 1.796875, 3.59375, 2.234375]"
True,2486,0,38301,0,"[2.453125, 4.375, 3.71875, 3.671875]"
True,2487,1,38315,1,"[3.546875, 2.859375, 4.71875, 4.59375]"
True,2488,2,38319,2,"[4.875, 4.5625, 4.28125, 5.03125]"
False,2489,0,38320,1,"[3.453125, 2.40625, 3.046875, 4.25]"
True,2490,2,38342,2,"[4.375, 6.0625, 4.09375, 4.25]"
True,2491,1,38343,1,"[4.625, 4.40625, 4.9375, 4.5625]"
False,2492,0,38345,1,"[4.46875, 3.640625, 3.921875, 4.40625]"
True,2493,0,38346,0,"[2.34375, 4.3125, 3.78125, 4.46875]"
True,2494,1,38367,1,"[3.171875, 1.3671875, 3.109375, 3.46875]"
False,2495,0,38377,1,"[3.71875, 2.984375, 4.75, 4.25]"
True,2496,1,38383,1,"[2.984375, 1.6796875, 2.34375, 2.203125]"
False,2497,2,38405,3,"[4.125, 4.15625, 4.46875, 3.84375]"
True,2498,2,38406,2,"[3.75, 4.03125, 3.25, 4.9375]"
False,2499,1,38410,0,"[3.328125, 4.21875, 3.609375, 3.734375]"
False,2500,0,38411,3,"[3.90625, 5.21875, 3.859375, 3.34375]"
True,2501,3,38412,3,"[3.640625, 3.25, 4.46875, 3.21875]"
False,2502,2,38416,0,"[2.25, 2.984375, 2.65625, 3.125]"
False,2503,0,38417,2,"[2.796875, 3.015625, 2.0625, 2.515625]"
True,2504,1,38424,1,"[3.421875, 3.28125, 4.3125, 4.0625]"
False,2505,1,38425,2,"[3.140625, 4.90625, 3.015625, 3.3125]"
True,2506,2,38426,2,"[3.96875, 6.5625, 2.5, 4.21875]"
True,2507,0,38450,0,"[2.875, 3.46875, 3.75, 4.0625]"
False,2508,0,38451,1,"[3.859375, 3.671875, 3.8125, 3.890625]"
False,2509,1,38474,3,"[3.34375, 3.25, 3.21875, 2.546875]"
False,2510,3,38482,0,"[2.328125, 3.9375, 3.234375, 5.5625]"
False,2511,0,38486,2,"[5.71875, 3.640625, 3.453125, 4.5]"
True,2512,1,38512,1,"[3.703125, 3.03125, 3.09375, 3.9375]"
False,2513,0,38516,2,"[3.453125, 2.921875, 2.8125, 3.65625]"
False,2514,2,38520,1,"[3.453125, 3.25, 3.328125, 3.875]"
False,2515,2,38566,0,"[2.984375, 4.4375, 4.46875, 5.09375]"
False,2516,2,38568,3,"[3.6875, 3.90625, 3.546875, 2.890625]"
False,2517,0,38608,2,"[4.3125, 4.40625, 3.421875, 5.3125]"
True,2518,3,38609,3,"[3.984375, 2.53125, 3.859375, 2.4375]"
False,2519,0,38631,3,"[4.09375, 4.46875, 3.578125, 3.4375]"
False,2520,0,38728,2,"[4.15625, 4.21875, 3.140625, 3.640625]"
False,2521,2,38735,3,"[5.65625, 2.84375, 2.1875, 1.65625]"
True,2522,3,38737,3,"[2.65625, 2.53125, 4.21875, 2.484375]"
False,2523,1,38738,2,"[2.421875, 3.28125, 1.9296875, 4.28125]"
True,2524,1,38823,1,"[3.328125, 2.6875, 4.09375, 3.859375]"
False,2525,0,38838,1,"[3.578125, 2.765625, 2.78125, 3.421875]"
False,2526,3,38848,2,"[3.640625, 3.40625, 1.6640625, 3.90625]"
False,2527,3,38864,0,"[3.578125, 4.71875, 4.0625, 3.90625]"
False,2528,2,38865,3,"[3.59375, 3.59375, 3.171875, 3.046875]"
True,2529,2,38876,2,"[4.75, 6.34375, 2.75, 6.65625]"
False,2530,3,38877,0,"[3.03125, 4.21875, 3.75, 3.0625]"
True,2531,0,38888,0,"[1.8125, 2.625, 3.046875, 4.96875]"
True,2532,0,38889,0,"[1.65625, 2.65625, 4.0625, 2.53125]"
False,2533,2,38890,3,"[3.875, 2.6875, 3.296875, 2.546875]"
True,2534,3,38892,3,"[3.859375, 4.1875, 3.671875, 2.765625]"
False,2535,1,38907,3,"[3.53125, 3.234375, 3.375, 3.203125]"
False,2536,2,38908,1,"[4.34375, 2.234375, 2.640625, 3.046875]"
False,2537,3,38909,1,"[3.59375, 2.640625, 3.25, 3.96875]"
False,2538,0,38949,1,"[3.46875, 3.296875, 3.5625, 4.125]"
False,2539,1,38977,0,"[2.890625, 3.328125, 4.4375, 3.578125]"
True,2540,1,38996,1,"[4.25, 2.328125, 3.328125, 6.59375]"
False,2541,1,38998,0,"[3.1875, 5.5625, 4.53125, 6.15625]"
True,2542,2,39027,2,"[4.46875, 4.5625, 4.1875, 4.8125]"
False,2543,1,39028,2,"[3.421875, 3.578125, 3.40625, 3.765625]"
True,2544,0,39029,0,"[2.265625, 3.125, 2.984375, 3.03125]"
True,2545,1,39030,1,"[3.1875, 2.078125, 2.921875, 3.65625]"
False,2546,1,39083,3,"[3.90625, 3.84375, 5.78125, 3.171875]"
False,2547,1,39084,3,"[3.109375, 2.921875, 3.296875, 2.875]"
False,2548,0,39085,2,"[2.953125, 3.765625, 2.09375, 3.234375]"
False,2549,3,39090,2,"[3.515625, 4.5625, 3.5, 5.21875]"
False,2550,2,39091,3,"[4.5625, 3.4375, 3.5625, 3.375]"
True,2551,3,39102,3,"[6.34375, 3.953125, 3.859375, 3.46875]"
False,2552,2,39104,3,"[3.484375, 2.796875, 3.8125, 2.484375]"
True,2553,0,39138,0,"[3.109375, 4.0625, 4.03125, 4.53125]"
True,2554,0,39143,0,"[4.15625, 4.40625, 6.0, 4.15625]"
False,2555,1,39162,0,"[2.6875, 2.953125, 3.375, 3.140625]"
False,2556,1,39165,3,"[2.953125, 3.1875, 3.703125, 2.671875]"
False,2557,3,39166,2,"[4.6875, 3.828125, 3.3125, 3.40625]"
True,2558,1,39183,1,"[3.4375, 2.96875, 4.1875, 3.421875]"
False,2559,0,39184,1,"[4.6875, 2.15625, 3.265625, 2.546875]"
False,2560,0,39191,3,"[4.5625, 3.75, 3.890625, 3.328125]"
False,2561,3,39269,1,"[3.21875, 2.96875, 3.28125, 3.921875]"
True,2562,1,39270,1,"[3.421875, 2.875, 4.375, 4.375]"
False,2563,2,39314,3,"[2.9375, 6.40625, 4.03125, 2.828125]"
False,2564,0,39315,2,"[4.0625, 4.15625, 3.3125, 3.53125]"
False,2565,2,39318,1,"[4.34375, 2.765625, 3.171875, 4.25]"
False,2566,2,39320,0,"[1.2734375, 2.40625, 2.796875, 4.0625]"
True,2567,1,39335,1,"[1.9609375, 1.3671875, 1.734375, 2.59375]"
False,2568,0,39360,1,"[4.625, 3.5625, 4.75, 3.671875]"
False,2569,1,39361,2,"[7.21875, 4.0625, 3.859375, 4.96875]"
True,2570,3,39371,3,"[4.25, 3.25, 3.125, 3.015625]"
True,2571,3,39372,3,"[3.671875, 2.65625, 4.03125, 2.453125]"
False,2572,3,39373,2,"[3.8125, 3.421875, 2.359375, 3.03125]"
False,2573,2,39375,1,"[3.96875, 3.421875, 3.609375, 3.84375]"
True,2574,0,39394,0,"[2.703125, 3.890625, 3.359375, 3.953125]"
False,2575,0,39408,2,"[4.21875, 2.765625, 2.15625, 3.765625]"
False,2576,3,39414,1,"[3.796875, 3.34375, 4.09375, 3.828125]"
False,2577,0,39420,1,"[2.21875, 0.60546875, 1.59375, 3.28125]"
True,2578,1,39431,1,"[3.234375, 3.0, 5.71875, 3.15625]"
True,2579,2,39435,2,"[4.21875, 3.984375, 2.609375, 2.765625]"
False,2580,0,39439,1,"[3.3125, 2.734375, 2.9375, 3.9375]"
False,2581,1,39441,0,"[3.5, 4.0625, 3.96875, 4.46875]"
False,2582,1,39446,0,"[2.859375, 3.765625, 3.265625, 3.65625]"
False,2583,2,39462,3,"[3.484375, 3.65625, 3.359375, 3.3125]"
True,2584,0,39464,0,"[2.5625, 3.8125, 2.9375, 3.71875]"
False,2585,1,39566,3,"[3.6875, 4.5625, 4.625, 3.375]"
False,2586,3,39575,2,"[4.125, 4.03125, 2.5625, 3.796875]"
False,2587,1,39576,3,"[4.71875, 3.96875, 3.734375, 2.796875]"
True,2588,3,39577,3,"[2.515625, 2.859375, 3.234375, 2.21875]"
False,2589,3,39593,0,"[3.609375, 4.0625, 4.625, 4.46875]"
False,2590,3,39653,0,"[3.15625, 3.921875, 3.390625, 3.4375]"
False,2591,2,39680,0,"[3.984375, 4.46875, 4.09375, 5.78125]"
False,2592,3,39681,0,"[2.96875, 3.625, 4.34375, 4.4375]"
True,2593,3,39682,3,"[4.875, 4.46875, 4.78125, 2.40625]"
False,2594,1,39691,2,"[3.515625, 3.40625, 2.5, 5.53125]"
False,2595,0,39692,2,"[2.640625, 3.625, 2.375, 3.734375]"
False,2596,2,39693,3,"[4.5625, 4.15625, 5.3125, 4.03125]"
False,2597,1,39715,2,"[4.875, 3.59375, 2.84375, 2.90625]"
False,2598,3,39722,1,"[3.203125, 2.671875, 3.671875, 3.109375]"
False,2599,0,39724,3,"[3.484375, 2.921875, 2.84375, 2.03125]"
False,2600,2,39741,0,"[2.734375, 4.5, 4.5625, 3.640625]"
True,2601,1,39768,1,"[4.5625, 3.515625, 4.84375, 4.96875]"
False,2602,2,39770,1,"[3.9375, 2.640625, 3.4375, 4.09375]"
True,2603,3,39798,3,"[5.6875, 3.40625, 2.984375, 2.265625]"
False,2604,2,39800,0,"[2.28125, 4.375, 3.0, 5.28125]"
False,2605,0,39856,3,"[3.375, 4.21875, 3.765625, 3.0625]"
False,2606,1,39873,0,"[3.796875, 4.1875, 3.828125, 4.34375]"
True,2607,0,39874,0,"[3.03125, 3.390625, 3.28125, 4.3125]"
False,2608,0,39875,1,"[4.1875, 3.453125, 4.0625, 4.875]"
False,2609,2,39889,0,"[3.046875, 3.1875, 5.90625, 4.0625]"
True,2610,3,39890,3,"[3.53125, 2.796875, 4.15625, 1.703125]"
True,2611,3,39902,3,"[4.40625, 3.53125, 4.28125, 2.96875]"
True,2612,3,39903,3,"[3.75, 2.765625, 3.609375, 1.8046875]"
True,2613,3,39904,3,"[3.265625, 4.21875, 3.03125, 2.5]"
True,2614,3,39910,3,"[4.0, 3.34375, 3.8125, 3.09375]"
True,2615,3,39911,3,"[3.796875, 4.40625, 4.53125, 3.59375]"
False,2616,0,39912,2,"[3.21875, 3.484375, 3.0, 4.09375]"
False,2617,1,39913,0,"[3.171875, 3.796875, 4.0625, 3.875]"
False,2618,1,39930,0,"[2.5625, 2.890625, 4.59375, 3.140625]"
False,2619,1,39941,2,"[5.375, 3.71875, 3.171875, 4.0]"
False,2620,1,39970,0,"[3.515625, 3.515625, 3.890625, 3.734375]"
True,2621,0,39971,0,"[3.21875, 3.46875, 3.734375, 3.796875]"
True,2622,3,39972,3,"[3.40625, 3.234375, 3.625, 3.21875]"
False,2623,1,39973,0,"[2.5625, 3.15625, 3.484375, 2.890625]"
False,2624,3,39985,0,"[3.15625, 4.4375, 3.671875, 4.46875]"
False,2625,2,39991,0,"[4.4375, 5.0, 4.65625, 4.46875]"
True,2626,3,40001,3,"[4.0, 4.125, 3.515625, 3.421875]"
False,2627,1,40011,2,"[4.5625, 4.84375, 3.53125, 3.75]"
False,2628,2,40020,0,"[3.171875, 3.53125, 3.171875, 4.125]"
False,2629,1,40021,0,"[3.015625, 3.859375, 4.5, 3.578125]"
True,2630,0,40022,0,"[3.078125, 5.25, 3.5, 4.0625]"
True,2631,2,40046,2,"[3.5, 4.0625, 3.21875, 3.25]"
False,2632,1,40048,2,"[3.9375, 6.34375, 3.921875, 5.25]"
False,2633,0,40100,1,"[3.828125, 2.671875, 2.765625, 2.90625]"
False,2634,2,40129,0,"[2.875, 3.15625, 3.96875, 4.3125]"
False,2635,0,40130,3,"[3.375, 3.8125, 3.796875, 3.15625]"
False,2636,2,40182,3,"[5.09375, 3.3125, 4.5, 3.15625]"
True,2637,3,40183,3,"[3.171875, 3.0625, 2.03125, 1.8984375]"
True,2638,0,40205,0,"[3.328125, 3.328125, 4.625, 4.875]"
False,2639,2,40207,0,"[2.75, 3.53125, 3.09375, 3.46875]"
False,2640,2,40210,0,"[3.390625, 3.953125, 4.40625, 4.0625]"
False,2641,0,40211,3,"[4.1875, 4.65625, 3.671875, 3.109375]"
True,2642,0,40213,0,"[3.125, 4.09375, 4.4375, 5.6875]"
True,2643,0,40236,0,"[2.625, 4.28125, 4.6875, 4.21875]"
False,2644,2,40237,0,"[3.375, 3.84375, 3.484375, 3.9375]"
True,2645,3,40273,3,"[5.09375, 3.71875, 3.953125, 3.015625]"
False,2646,3,40274,0,"[1.8125, 2.5, 5.53125, 4.71875]"
True,2647,3,40284,3,"[4.03125, 4.21875, 5.03125, 2.21875]"
False,2648,1,40293,2,"[3.015625, 2.71875, 2.671875, 4.34375]"
False,2649,2,40294,0,"[2.578125, 3.34375, 2.78125, 3.46875]"
True,2650,0,40295,0,"[2.515625, 4.40625, 4.34375, 3.390625]"
True,2651,2,40320,2,"[4.0625, 4.03125, 3.828125, 5.21875]"
True,2652,1,40384,1,"[2.265625, 2.078125, 2.109375, 3.1875]"
True,2653,3,40393,3,"[4.3125, 4.0625, 4.125, 3.984375]"
False,2654,0,40394,2,"[3.609375, 2.984375, 2.890625, 3.34375]"
True,2655,3,40410,3,"[5.25, 5.25, 4.59375, 3.4375]"
False,2656,3,40436,0,"[2.515625, 3.4375, 3.875, 3.625]"
True,2657,3,40443,3,"[3.265625, 3.203125, 3.546875, 2.390625]"
True,2658,1,40451,1,"[3.921875, 2.546875, 3.6875, 3.21875]"
False,2659,2,40458,0,"[3.421875, 4.125, 3.796875, 3.65625]"
False,2660,3,40474,1,"[5.40625, 4.34375, 5.46875, 5.28125]"
False,2661,1,40475,0,"[3.234375, 3.59375, 3.578125, 3.671875]"
False,2662,1,40476,2,"[4.0625, 5.46875, 2.875, 5.375]"
False,2663,3,40477,1,"[4.0, 3.8125, 5.5625, 4.15625]"
False,2664,3,40479,1,"[3.953125, 1.7890625, 4.59375, 4.0]"
False,2665,1,40486,2,"[4.84375, 3.5, 1.984375, 3.515625]"
True,2666,0,40488,0,"[3.21875, 5.59375, 3.671875, 4.25]"
True,2667,0,40490,0,"[2.25, 4.09375, 3.515625, 3.703125]"
False,2668,2,40491,0,"[2.875, 3.578125, 4.40625, 4.96875]"
True,2669,0,40515,0,"[3.125, 3.625, 3.34375, 4.0625]"
False,2670,3,40519,1,"[4.71875, 4.375, 4.6875, 5.125]"
False,2671,1,40565,0,"[1.84375, 2.71875, 2.8125, 3.78125]"
True,2672,3,40569,3,"[4.96875, 4.6875, 3.53125, 2.5625]"
True,2673,3,40575,3,"[4.15625, 3.640625, 6.59375, 3.234375]"
False,2674,3,40605,2,"[4.40625, 5.21875, 3.828125, 4.5625]"
True,2675,2,40606,2,"[2.484375, 2.453125, 2.078125, 4.84375]"
False,2676,3,40668,2,"[6.0, 3.203125, 3.125, 3.328125]"
False,2677,0,40674,1,"[4.1875, 3.234375, 3.4375, 5.25]"
False,2678,1,40676,2,"[3.625, 3.515625, 3.1875, 5.21875]"
True,2679,0,40685,0,"[1.9609375, 3.203125, 2.40625, 4.9375]"
False,2680,2,40714,3,"[3.359375, 3.6875, 3.640625, 3.09375]"
False,2681,2,40715,3,"[3.78125, 4.9375, 4.6875, 3.40625]"
False,2682,1,40717,2,"[4.4375, 2.90625, 2.65625, 3.84375]"
False,2683,1,40718,0,"[3.203125, 3.515625, 3.296875, 4.8125]"
False,2684,3,40719,2,"[3.9375, 3.375, 1.953125, 2.421875]"
False,2685,2,40760,3,"[4.09375, 4.71875, 4.0625, 4.0]"
True,2686,1,40787,1,"[5.125, 1.671875, 4.15625, 3.3125]"
False,2687,3,40788,2,"[4.8125, 3.71875, 2.953125, 4.46875]"
False,2688,3,40789,2,"[4.125, 3.46875, 2.71875, 2.921875]"
False,2689,1,40790,2,"[3.734375, 4.875, 3.234375, 3.828125]"
False,2690,2,40791,1,"[3.8125, 3.28125, 4.40625, 4.90625]"
False,2691,0,40800,3,"[3.953125, 3.0625, 4.46875, 2.421875]"
False,2692,1,40868,0,"[3.71875, 3.953125, 4.59375, 4.4375]"
False,2693,1,40884,0,"[2.59375, 4.15625, 3.859375, 3.015625]"
True,2694,0,40891,0,"[2.59375, 3.109375, 2.765625, 3.4375]"
False,2695,1,40892,0,"[2.65625, 2.78125, 2.671875, 4.09375]"
True,2696,2,40917,2,"[2.890625, 3.8125, 2.8125, 3.453125]"
False,2697,0,40963,1,"[2.921875, 2.21875, 2.890625, 2.96875]"
True,2698,2,41063,2,"[4.8125, 4.0, 3.671875, 4.75]"
False,2699,0,41093,2,"[3.1875, 4.78125, 2.9375, 3.09375]"
False,2700,1,41179,0,"[2.40625, 3.140625, 3.640625, 3.828125]"
True,2701,0,41180,0,"[2.8125, 3.265625, 4.4375, 4.375]"
False,2702,2,41195,1,"[3.859375, 2.859375, 3.546875, 4.96875]"
False,2703,1,41236,3,"[3.734375, 3.53125, 4.0, 3.484375]"
False,2704,2,41237,3,"[3.140625, 3.578125, 3.171875, 2.109375]"
True,2705,0,41258,0,"[3.078125, 3.75, 4.9375, 4.875]"
False,2706,2,41260,0,"[2.265625, 2.765625, 2.421875, 2.828125]"
True,2707,0,41261,0,"[2.515625, 2.515625, 2.75, 4.34375]"
True,2708,2,41288,2,"[3.84375, 2.609375, 2.46875, 3.234375]"
True,2709,2,41343,2,"[2.65625, 3.390625, 2.328125, 2.703125]"
True,2710,2,41361,2,"[5.03125, 3.703125, 3.25, 4.375]"
False,2711,2,41362,0,"[2.71875, 3.59375, 3.71875, 3.203125]"
False,2712,1,41377,2,"[3.140625, 4.15625, 2.96875, 3.296875]"
False,2713,3,41392,1,"[2.75, 2.6875, 2.9375, 3.015625]"
True,2714,2,41436,2,"[4.28125, 4.03125, 2.734375, 3.734375]"
False,2715,1,41481,3,"[4.375, 4.59375, 3.34375, 3.203125]"
False,2716,1,41482,3,"[4.0, 3.8125, 6.21875, 2.625]"
False,2717,3,41506,1,"[4.5625, 3.046875, 3.765625, 3.296875]"
True,2718,3,41507,3,"[4.34375, 4.03125, 3.09375, 2.90625]"
False,2719,1,41509,0,"[2.640625, 3.5, 4.21875, 3.4375]"
True,2720,2,41644,2,"[3.75, 4.46875, 2.921875, 4.0625]"
False,2721,3,41645,2,"[3.390625, 3.359375, 2.921875, 4.53125]"
False,2722,2,41661,3,"[4.0, 4.71875, 5.15625, 3.03125]"
False,2723,1,41664,2,"[4.21875, 3.75, 2.203125, 2.8125]"
False,2724,1,41666,0,"[4.375, 4.40625, 4.5, 5.6875]"
True,2725,1,41685,1,"[2.375, 1.9296875, 2.484375, 4.90625]"
False,2726,1,41745,3,"[4.125, 3.5625, 4.34375, 3.46875]"
False,2727,2,41746,0,"[3.4375, 3.90625, 3.625, 3.6875]"
False,2728,2,41770,1,"[4.3125, 3.5625, 4.5, 4.78125]"
False,2729,2,41771,1,"[4.09375, 3.5625, 4.75, 3.859375]"
True,2730,1,41772,1,"[4.6875, 3.140625, 3.96875, 4.59375]"
False,2731,1,41805,3,"[3.375, 3.984375, 3.515625, 3.140625]"
True,2732,3,41806,3,"[3.765625, 3.640625, 3.28125, 2.3125]"
False,2733,0,41807,1,"[4.40625, 2.40625, 3.8125, 3.46875]"
True,2734,2,41822,2,"[3.671875, 5.46875, 2.875, 3.28125]"
True,2735,2,41823,2,"[4.40625, 3.65625, 3.5, 3.859375]"
False,2736,3,41853,2,"[3.75, 3.5, 3.28125, 4.21875]"
False,2737,0,41876,3,"[4.34375, 4.90625, 3.4375, 3.40625]"
False,2738,3,41877,2,"[3.546875, 5.75, 3.359375, 3.859375]"
False,2739,1,41878,0,"[2.140625, 2.75, 3.90625, 2.828125]"
False,2740,3,41886,1,"[4.15625, 3.171875, 4.15625, 3.9375]"
False,2741,3,41887,0,"[3.390625, 3.46875, 4.90625, 4.09375]"
False,2742,2,41904,0,"[3.90625, 4.03125, 5.1875, 4.59375]"
True,2743,3,41915,3,"[5.5, 4.28125, 4.71875, 3.3125]"
False,2744,3,41916,2,"[3.609375, 2.9375, 2.921875, 4.09375]"
True,2745,1,41917,1,"[3.109375, 1.734375, 3.921875, 4.09375]"
False,2746,2,41918,1,"[3.484375, 3.234375, 3.5, 3.46875]"
False,2747,2,41975,1,"[4.125, 3.734375, 3.796875, 4.4375]"
True,2748,3,41982,3,"[2.953125, 3.375, 4.5, 2.53125]"
False,2749,1,41984,2,"[3.15625, 3.1875, 1.296875, 3.90625]"
True,2750,2,42023,2,"[3.1875, 4.5625, 2.671875, 3.421875]"
False,2751,3,42052,0,"[2.96875, 5.90625, 5.09375, 3.484375]"
False,2752,3,42054,1,"[3.234375, 2.671875, 2.765625, 3.65625]"
False,2753,3,42085,0,"[2.5625, 4.15625, 3.75, 3.921875]"
False,2754,2,42086,3,"[3.953125, 3.484375, 5.34375, 3.140625]"
False,2755,3,42087,1,"[3.265625, 2.953125, 3.046875, 3.09375]"
True,2756,3,42094,3,"[4.625, 5.125, 4.6875, 4.0]"
False,2757,3,42095,0,"[3.140625, 3.515625, 4.5625, 3.265625]"
True,2758,2,42104,2,"[4.34375, 3.3125, 2.90625, 3.3125]"
False,2759,1,42105,0,"[2.109375, 3.9375, 4.90625, 3.640625]"
False,2760,0,42116,3,"[2.71875, 2.796875, 3.625, 2.5]"
False,2761,0,42127,3,"[4.4375, 3.953125, 4.125, 3.078125]"
False,2762,1,42130,0,"[2.6875, 3.75, 4.3125, 3.8125]"
True,2763,3,42132,3,"[6.3125, 6.3125, 3.640625, 3.59375]"
False,2764,2,42134,3,"[5.03125, 3.65625, 4.09375, 2.203125]"
False,2765,0,42135,1,"[4.375, 3.140625, 3.828125, 3.578125]"
False,2766,0,42136,3,"[5.25, 4.21875, 5.71875, 3.15625]"
False,2767,1,42142,0,"[2.78125, 4.15625, 3.578125, 3.640625]"
False,2768,3,42143,2,"[4.03125, 3.796875, 3.484375, 3.5]"
False,2769,0,42189,2,"[4.21875, 4.21875, 3.109375, 3.46875]"
False,2770,1,42234,3,"[3.9375, 4.0, 4.4375, 3.0625]"
False,2771,1,42235,3,"[3.796875, 4.25, 4.03125, 3.40625]"
True,2772,0,42272,0,"[3.265625, 3.3125, 3.65625, 4.09375]"
False,2773,3,42275,1,"[3.546875, 2.34375, 2.546875, 2.75]"
True,2774,1,42276,1,"[3.34375, 2.0, 3.578125, 2.6875]"
True,2775,2,42302,2,"[3.515625, 4.0, 2.78125, 4.3125]"
False,2776,1,42382,3,"[3.671875, 4.6875, 3.484375, 3.0]"
False,2777,1,42383,3,"[3.6875, 5.28125, 3.671875, 2.40625]"
False,2778,1,42416,3,"[3.515625, 3.109375, 2.953125, 2.59375]"
False,2779,2,42433,3,"[3.171875, 3.9375, 3.0, 2.59375]"
True,2780,0,42440,0,"[2.96875, 3.71875, 3.734375, 3.625]"
True,2781,2,42442,2,"[4.34375, 3.625, 2.734375, 4.125]"
False,2782,2,42443,1,"[2.921875, 2.21875, 2.78125, 3.515625]"
False,2783,1,42445,3,"[3.734375, 2.984375, 3.234375, 1.8984375]"
True,2784,1,42456,1,"[2.765625, 1.6015625, 4.1875, 2.984375]"
False,2785,2,42457,0,"[1.90625, 3.546875, 2.53125, 3.375]"
True,2786,2,42536,2,"[4.21875, 3.828125, 3.328125, 4.03125]"
False,2787,0,42537,2,"[3.6875, 3.765625, 2.140625, 5.65625]"
True,2788,1,42538,1,"[4.625, 2.25, 3.34375, 4.34375]"
False,2789,2,42543,3,"[2.90625, 2.84375, 3.484375, 2.046875]"
False,2790,3,42546,0,"[3.40625, 4.84375, 3.40625, 3.75]"
False,2791,2,42547,0,"[2.71875, 5.5, 3.875, 3.609375]"
False,2792,0,42627,3,"[3.515625, 3.53125, 6.21875, 1.9296875]"
False,2793,2,42669,3,"[2.8125, 3.078125, 3.703125, 2.234375]"
False,2794,1,42712,2,"[6.125, 4.40625, 3.796875, 4.21875]"
True,2795,2,42718,2,"[4.5625, 3.34375, 2.296875, 2.859375]"
False,2796,0,42734,2,"[4.90625, 4.09375, 3.609375, 4.09375]"
False,2797,2,42735,3,"[3.953125, 3.28125, 3.140625, 2.75]"
True,2798,2,42795,2,"[3.625, 3.625, 2.84375, 6.0]"
False,2799,1,42817,0,"[2.640625, 3.0, 4.59375, 3.703125]"
False,2800,2,42819,0,"[2.40625, 5.0625, 2.4375, 3.484375]"
True,2801,0,42848,0,"[2.453125, 2.5, 5.21875, 3.234375]"
False,2802,2,42849,1,"[5.375, 1.8671875, 2.484375, 4.40625]"
True,2803,0,42850,0,"[2.71875, 3.765625, 3.375, 2.828125]"
True,2804,1,42856,1,"[2.78125, 1.8125, 2.75, 3.640625]"
False,2805,2,42875,3,"[2.09375, 3.171875, 2.671875, 1.515625]"
True,2806,3,42876,3,"[2.53125, 1.8984375, 3.234375, 1.5859375]"
False,2807,2,42877,1,"[2.328125, 1.625, 4.3125, 3.765625]"
False,2808,1,42878,2,"[3.484375, 4.5625, 2.5625, 3.09375]"
False,2809,3,42888,0,"[3.15625, 4.6875, 5.0, 4.96875]"
False,2810,1,42889,0,"[3.203125, 3.3125, 4.21875, 3.75]"
True,2811,0,42914,0,"[2.890625, 3.21875, 3.1875, 4.71875]"
False,2812,2,42937,3,"[4.03125, 5.21875, 3.203125, 2.5625]"
False,2813,0,42982,1,"[3.640625, 3.296875, 3.4375, 3.390625]"
False,2814,0,43035,1,"[4.75, 3.625, 4.59375, 4.28125]"
True,2815,2,43036,2,"[1.96875, 2.3125, 1.953125, 2.609375]"
True,2816,2,43047,2,"[4.0625, 2.890625, 2.671875, 2.8125]"
False,2817,0,43063,1,"[3.546875, 3.0, 6.28125, 3.5]"
True,2818,1,43113,1,"[3.59375, 3.359375, 6.34375, 5.28125]"
False,2819,2,43122,3,"[3.765625, 5.34375, 4.71875, 2.828125]"
True,2820,1,43123,1,"[3.703125, 2.625, 3.625, 5.90625]"
False,2821,2,43125,1,"[3.171875, 1.921875, 4.46875, 4.09375]"
False,2822,2,43190,0,"[3.15625, 4.0625, 5.96875, 3.453125]"
False,2823,3,43250,1,"[3.921875, 3.53125, 4.0, 4.0]"
False,2824,1,43253,2,"[3.359375, 5.0625, 3.28125, 4.15625]"
False,2825,1,43254,3,"[5.21875, 5.0, 4.6875, 4.03125]"
True,2826,0,43256,0,"[1.984375, 3.9375, 4.78125, 4.15625]"
True,2827,2,43283,2,"[6.53125, 4.3125, 2.390625, 4.6875]"
True,2828,2,43370,2,"[3.578125, 4.5, 2.703125, 4.21875]"
False,2829,0,43371,2,"[2.625, 2.46875, 1.7265625, 3.625]"
True,2830,2,43382,2,"[3.140625, 2.0625, 1.921875, 2.671875]"
False,2831,2,43459,3,"[3.53125, 5.125, 3.578125, 2.984375]"
False,2832,2,43460,3,"[2.71875, 4.09375, 2.765625, 2.390625]"
False,2833,1,43461,0,"[3.1875, 4.625, 4.8125, 4.65625]"
False,2834,2,43477,1,"[4.15625, 3.90625, 4.34375, 4.5]"
False,2835,1,43507,3,"[4.0, 3.8125, 4.78125, 3.375]"
True,2836,0,43578,0,"[2.796875, 4.6875, 4.4375, 3.765625]"
False,2837,2,43605,3,"[3.59375, 3.5, 3.296875, 3.140625]"
False,2838,1,43612,3,"[3.421875, 3.53125, 4.25, 3.296875]"
True,2839,3,43613,3,"[3.734375, 3.515625, 3.25, 2.9375]"
False,2840,1,43614,0,"[2.640625, 2.796875, 2.828125, 4.0625]"
True,2841,2,43627,2,"[4.71875, 5.3125, 2.484375, 2.953125]"
False,2842,1,43656,2,"[3.96875, 3.828125, 3.484375, 3.53125]"
False,2843,3,43670,1,"[4.9375, 4.03125, 5.28125, 4.4375]"
False,2844,2,43672,0,"[2.15625, 3.25, 3.53125, 3.234375]"
False,2845,2,43690,0,"[2.953125, 3.265625, 3.328125, 4.0]"
True,2846,2,43726,2,"[4.21875, 4.71875, 3.015625, 3.3125]"
False,2847,1,43727,3,"[3.265625, 3.578125, 3.390625, 2.96875]"
False,2848,1,43736,2,"[4.5625, 4.5625, 3.4375, 4.03125]"
False,2849,1,43797,3,"[4.34375, 4.28125, 4.59375, 3.96875]"
False,2850,0,43798,3,"[3.296875, 4.8125, 5.78125, 2.859375]"
True,2851,0,43816,0,"[2.6875, 4.875, 5.125, 3.046875]"
False,2852,1,43820,2,"[4.5, 4.90625, 3.25, 4.375]"
True,2853,0,43833,0,"[2.703125, 4.0625, 4.25, 3.015625]"
False,2854,1,43834,0,"[2.578125, 2.84375, 3.984375, 3.859375]"
False,2855,3,43835,0,"[2.71875, 3.75, 3.3125, 3.59375]"
False,2856,1,43844,0,"[2.765625, 4.53125, 3.140625, 2.890625]"
True,2857,3,43845,3,"[4.875, 4.375, 3.203125, 2.671875]"
True,2858,2,43846,2,"[4.03125, 3.875, 3.625, 3.6875]"
False,2859,0,43847,3,"[4.90625, 6.09375, 6.125, 3.296875]"
False,2860,3,43856,1,"[4.6875, 2.75, 4.0, 3.109375]"
True,2861,2,43857,2,"[3.234375, 3.234375, 3.09375, 3.828125]"
False,2862,1,43910,3,"[3.96875, 5.1875, 3.8125, 3.0625]"
False,2863,0,43911,3,"[3.90625, 3.71875, 5.875, 3.390625]"
True,2864,3,43913,3,"[4.4375, 4.25, 4.125, 3.5625]"
False,2865,3,43938,2,"[3.1875, 3.921875, 3.0, 4.09375]"
False,2866,1,43946,3,"[3.640625, 4.6875, 4.3125, 2.640625]"
True,2867,1,43947,1,"[4.40625, 3.859375, 4.1875, 3.953125]"
False,2868,3,43950,0,"[3.34375, 4.34375, 4.4375, 4.71875]"
False,2869,3,44027,2,"[5.0, 3.921875, 3.25, 3.515625]"
True,2870,0,44042,0,"[3.21875, 3.9375, 3.3125, 6.3125]"
True,2871,0,44043,0,"[1.7109375, 3.171875, 3.4375, 2.875]"
False,2872,3,44047,2,"[4.3125, 2.9375, 2.78125, 3.125]"
True,2873,2,44048,2,"[3.40625, 5.0, 2.875, 3.109375]"
True,2874,3,44049,3,"[3.34375, 3.125, 3.234375, 2.125]"
False,2875,0,44050,1,"[4.3125, 3.359375, 5.6875, 4.1875]"
False,2876,3,44051,1,"[2.359375, 2.1875, 2.21875, 2.3125]"
False,2877,1,44052,3,"[2.84375, 4.21875, 3.484375, 2.640625]"
False,2878,2,44071,0,"[2.609375, 3.25, 3.40625, 4.8125]"
True,2879,1,44089,1,"[4.65625, 2.734375, 3.9375, 4.8125]"
True,2880,3,44090,3,"[3.78125, 3.984375, 2.5625, 2.265625]"
False,2881,0,44091,1,"[2.640625, 1.4765625, 3.796875, 3.015625]"
True,2882,0,44093,0,"[1.8515625, 2.5625, 3.25, 4.21875]"
True,2883,2,44097,2,"[4.375, 6.0625, 2.359375, 3.609375]"
False,2884,2,44099,1,"[4.5, 3.046875, 3.3125, 3.453125]"
False,2885,2,44101,3,"[3.125, 3.015625, 3.1875, 2.4375]"
True,2886,3,44103,3,"[3.0625, 3.046875, 3.453125, 2.375]"
True,2887,3,44105,3,"[3.703125, 3.53125, 3.875, 2.640625]"
False,2888,2,44109,1,"[3.578125, 3.203125, 3.296875, 3.25]"
False,2889,3,44114,1,"[4.53125, 3.234375, 5.25, 3.5]"
False,2890,1,44115,3,"[3.484375, 3.96875, 3.453125, 3.109375]"
False,2891,3,44137,1,"[5.15625, 2.59375, 3.296875, 4.03125]"
False,2892,1,44295,3,"[3.578125, 3.890625, 3.71875, 3.40625]"
True,2893,2,44296,2,"[3.921875, 3.828125, 2.5, 4.375]"
True,2894,0,44299,0,"[2.75, 4.40625, 4.5625, 3.0]"
False,2895,0,44300,2,"[3.78125, 3.171875, 3.03125, 6.71875]"
False,2896,2,44302,1,"[3.359375, 2.5, 2.796875, 5.34375]"
True,2897,2,44315,2,"[3.375, 2.875, 2.234375, 3.4375]"
False,2898,1,44343,0,"[2.484375, 3.0, 4.34375, 4.09375]"
True,2899,1,44373,1,"[2.828125, 2.109375, 2.953125, 2.984375]"
False,2900,3,44374,2,"[3.21875, 3.265625, 2.40625, 3.03125]"
True,2901,1,44404,1,"[3.4375, 2.6875, 2.859375, 3.09375]"
False,2902,3,44405,1,"[2.9375, 2.703125, 3.8125, 3.375]"
False,2903,3,44406,0,"[3.078125, 4.5, 4.84375, 3.5]"
True,2904,0,44419,0,"[3.015625, 4.125, 3.296875, 4.28125]"
True,2905,1,44435,1,"[3.671875, 3.171875, 3.59375, 4.09375]"
False,2906,3,44448,1,"[4.28125, 3.671875, 4.8125, 3.953125]"
False,2907,1,44485,3,"[4.34375, 4.28125, 4.71875, 2.40625]"
True,2908,3,44523,3,"[4.75, 4.09375, 4.6875, 3.9375]"
True,2909,0,44525,0,"[2.5, 3.484375, 4.25, 3.453125]"
False,2910,2,44543,1,"[4.125, 2.78125, 4.0625, 3.71875]"
True,2911,3,44544,3,"[4.59375, 4.875, 4.03125, 3.90625]"
False,2912,2,44559,0,"[2.828125, 3.578125, 3.921875, 4.09375]"
False,2913,0,44567,3,"[4.28125, 2.96875, 3.375, 2.65625]"
False,2914,3,44568,2,"[3.8125, 3.984375, 2.671875, 2.703125]"
False,2915,1,44570,2,"[3.875, 3.78125, 3.296875, 3.296875]"
True,2916,2,44593,2,"[2.84375, 5.1875, 2.75, 4.9375]"
False,2917,3,44594,1,"[4.5, 2.46875, 3.625, 3.015625]"
False,2918,2,44595,3,"[3.140625, 2.890625, 4.0625, 2.375]"
True,2919,0,44596,0,"[3.265625, 4.03125, 5.15625, 4.0625]"
True,2920,0,44597,0,"[3.03125, 3.921875, 4.6875, 3.59375]"
False,2921,3,44599,2,"[4.25, 4.6875, 2.609375, 5.15625]"
True,2922,0,44603,0,"[2.734375, 4.21875, 3.03125, 4.625]"
True,2923,0,44612,0,"[2.703125, 4.65625, 3.046875, 4.46875]"
True,2924,0,44684,0,"[2.625, 3.796875, 4.96875, 3.53125]"
False,2925,1,44685,0,"[2.953125, 3.125, 4.03125, 3.28125]"
False,2926,3,44715,2,"[4.625, 3.5625, 3.53125, 3.671875]"
True,2927,0,44716,0,"[2.203125, 2.796875, 2.6875, 3.578125]"
False,2928,3,44746,2,"[5.03125, 4.46875, 3.265625, 3.4375]"
False,2929,2,44759,1,"[3.84375, 2.671875, 2.796875, 3.359375]"
False,2930,1,44835,2,"[3.609375, 3.890625, 3.59375, 3.96875]"
True,2931,2,44855,2,"[4.1875, 4.0625, 3.03125, 4.46875]"
True,2932,0,44856,0,"[1.8515625, 2.203125, 2.1875, 4.625]"
False,2933,3,44922,0,"[3.40625, 3.8125, 3.546875, 3.4375]"
False,2934,0,44926,1,"[3.4375, 2.546875, 3.78125, 2.671875]"
True,2935,1,44927,1,"[2.796875, 2.25, 4.28125, 4.65625]"
False,2936,0,44928,3,"[2.609375, 3.59375, 4.78125, 2.546875]"
True,2937,1,44945,1,"[3.84375, 2.40625, 3.90625, 4.0]"
False,2938,0,44947,2,"[4.8125, 3.609375, 2.453125, 5.03125]"
False,2939,1,44972,3,"[3.265625, 2.390625, 2.90625, 2.359375]"
True,2940,1,45043,1,"[3.96875, 3.890625, 4.28125, 3.984375]"
False,2941,1,45047,0,"[3.703125, 3.84375, 7.0, 4.8125]"
False,2942,0,45086,3,"[3.265625, 4.5625, 2.6875, 1.484375]"
False,2943,1,45089,2,"[4.625, 4.34375, 4.28125, 6.9375]"
False,2944,0,45100,1,"[4.46875, 2.96875, 3.6875, 3.203125]"
False,2945,0,45101,3,"[3.390625, 3.234375, 3.625, 2.828125]"
True,2946,0,45105,0,"[1.5546875, 3.296875, 4.25, 3.875]"
True,2947,2,45106,2,"[3.390625, 2.765625, 1.90625, 2.9375]"
True,2948,2,45122,2,"[3.6875, 3.421875, 2.640625, 3.953125]"
True,2949,1,45164,1,"[3.21875, 2.921875, 5.0625, 3.71875]"
False,2950,0,45165,1,"[6.40625, 3.75, 4.3125, 3.90625]"
False,2951,1,45176,0,"[2.796875, 3.625, 3.125, 3.4375]"
False,2952,1,45177,0,"[2.84375, 3.46875, 3.703125, 4.0625]"
False,2953,1,45178,0,"[3.765625, 3.765625, 3.96875, 3.8125]"
False,2954,2,45179,3,"[3.671875, 3.96875, 4.375, 2.984375]"
True,2955,2,45196,2,"[2.796875, 2.421875, 2.15625, 3.828125]"
False,2956,0,45226,3,"[3.703125, 3.96875, 4.6875, 3.3125]"
True,2957,2,45227,2,"[4.0625, 4.3125, 4.03125, 4.09375]"
False,2958,0,45237,2,"[3.5625, 3.390625, 3.109375, 3.71875]"
True,2959,0,45238,0,"[2.75, 3.8125, 3.640625, 4.0625]"
False,2960,0,45249,2,"[3.40625, 5.84375, 2.4375, 4.3125]"
False,2961,3,45251,2,"[3.40625, 3.640625, 3.109375, 3.359375]"
False,2962,2,45313,1,"[3.8125, 3.34375, 3.703125, 3.6875]"
False,2963,1,45316,0,"[2.828125, 2.859375, 3.296875, 4.3125]"
True,2964,0,45319,0,"[4.375, 4.78125, 4.4375, 5.1875]"
False,2965,2,45328,1,"[3.75, 2.046875, 2.890625, 2.328125]"
True,2966,3,45329,3,"[4.0625, 3.546875, 5.9375, 3.328125]"
True,2967,2,45369,2,"[3.5, 3.296875, 2.71875, 3.0]"
True,2968,3,45412,3,"[3.390625, 3.5625, 3.671875, 2.84375]"
True,2969,3,45451,3,"[3.6875, 3.421875, 5.21875, 2.375]"
False,2970,3,45452,0,"[2.1875, 3.59375, 3.015625, 3.828125]"
False,2971,2,45496,0,"[2.78125, 2.96875, 4.375, 4.46875]"
True,2972,1,45511,1,"[4.34375, 3.703125, 4.0625, 5.0]"
True,2973,1,45514,1,"[3.65625, 2.5, 3.109375, 3.890625]"
False,2974,3,45515,0,"[2.3125, 2.9375, 3.484375, 3.953125]"
True,2975,2,45522,2,"[4.21875, 4.75, 3.5, 3.609375]"
False,2976,3,45572,0,"[3.0, 3.53125, 3.46875, 3.625]"
False,2977,0,45604,2,"[4.5, 4.21875, 3.03125, 4.125]"
True,2978,1,45618,1,"[5.875, 4.78125, 5.28125, 5.5]"
True,2979,3,45619,3,"[3.734375, 4.96875, 4.125, 2.8125]"
False,2980,0,45627,2,"[4.1875, 2.859375, 2.5625, 3.453125]"
False,2981,1,45629,2,"[3.828125, 3.390625, 2.671875, 4.0625]"
True,2982,1,45630,1,"[3.328125, 2.5625, 3.8125, 4.8125]"
False,2983,1,45641,2,"[2.78125, 2.6875, 2.328125, 3.78125]"
True,2984,3,45642,3,"[5.71875, 4.53125, 4.25, 3.0625]"
True,2985,0,45662,0,"[2.40625, 4.09375, 2.5625, 3.25]"
False,2986,3,45663,2,"[4.53125, 4.0625, 3.0, 5.5625]"
True,2987,2,45665,2,"[5.5625, 4.125, 3.609375, 4.53125]"
True,2988,1,45666,1,"[4.09375, 3.078125, 4.0625, 4.8125]"
True,2989,2,45673,2,"[3.65625, 2.703125, 2.171875, 3.671875]"
False,2990,1,45688,3,"[2.921875, 4.3125, 5.4375, 2.140625]"
True,2991,1,45703,1,"[3.0625, 3.015625, 3.359375, 3.390625]"
False,2992,2,45742,0,"[4.1875, 5.46875, 4.59375, 4.5625]"
True,2993,2,45796,2,"[3.375, 3.265625, 2.34375, 3.25]"
True,2994,2,45823,2,"[3.46875, 3.46875, 3.328125, 3.828125]"
True,2995,2,45829,2,"[3.4375, 4.03125, 2.53125, 3.625]"
False,2996,1,45855,3,"[4.0, 4.09375, 5.0625, 3.234375]"
False,2997,3,45856,1,"[3.96875, 3.40625, 3.4375, 3.59375]"
False,2998,2,45867,1,"[4.96875, 3.984375, 4.84375, 4.25]"
True,2999,0,45869,0,"[3.15625, 4.9375, 4.78125, 3.625]"
True,3000,3,45870,3,"[3.03125, 2.859375, 3.84375, 2.765625]"
False,3001,1,45986,3,"[3.0, 2.53125, 2.640625, 2.203125]"
False,3002,3,46010,2,"[4.40625, 4.78125, 3.609375, 4.1875]"
False,3003,3,46011,2,"[3.796875, 3.828125, 3.71875, 4.25]"
False,3004,0,46012,3,"[3.40625, 2.734375, 4.75, 2.265625]"
False,3005,2,46031,3,"[4.375, 3.546875, 6.46875, 2.5625]"
True,3006,2,46032,2,"[5.84375, 4.25, 3.578125, 3.75]"
False,3007,0,46046,3,"[3.828125, 4.46875, 3.78125, 3.328125]"
True,3008,2,46079,2,"[2.9375, 2.71875, 2.53125, 3.03125]"
True,3009,3,46080,3,"[5.09375, 2.578125, 2.40625, 2.34375]"
True,3010,3,46084,3,"[5.0625, 4.46875, 6.03125, 3.90625]"
True,3011,0,46112,0,"[1.9609375, 3.796875, 2.375, 2.296875]"
False,3012,2,46125,3,"[5.5625, 4.0625, 4.40625, 4.0]"
False,3013,3,46126,1,"[2.859375, 2.671875, 3.296875, 3.21875]"
True,3014,2,46128,2,"[4.3125, 3.390625, 2.21875, 3.515625]"
False,3015,1,46130,3,"[3.234375, 3.515625, 4.8125, 1.9453125]"
False,3016,3,46132,1,"[2.921875, 2.09375, 3.34375, 3.15625]"
False,3017,0,46135,2,"[4.28125, 4.125, 3.046875, 5.0625]"
True,3018,1,46142,1,"[4.1875, 2.125, 3.984375, 3.515625]"
False,3019,3,46144,2,"[4.09375, 3.015625, 2.890625, 3.9375]"
False,3020,2,46145,0,"[2.015625, 3.421875, 2.796875, 2.5]"
False,3021,2,46220,1,"[3.90625, 3.671875, 4.21875, 3.96875]"
False,3022,0,46221,1,"[3.75, 2.90625, 3.75, 3.3125]"
False,3023,3,46260,1,"[3.328125, 3.0, 3.53125, 4.21875]"
True,3024,3,46261,3,"[3.34375, 3.296875, 4.5, 2.359375]"
False,3025,3,46262,2,"[3.90625, 3.421875, 3.203125, 3.578125]"
False,3026,0,46310,3,"[3.875, 3.671875, 5.09375, 2.9375]"
False,3027,3,46322,0,"[3.1875, 3.328125, 4.0625, 4.3125]"
False,3028,3,46323,0,"[2.796875, 4.28125, 3.375, 3.1875]"
False,3029,2,46374,0,"[2.4375, 4.0625, 3.0, 3.859375]"
False,3030,2,46390,3,"[3.40625, 3.796875, 2.640625, 2.328125]"
False,3031,0,46391,1,"[3.578125, 3.15625, 3.6875, 3.328125]"
False,3032,0,46393,3,"[4.9375, 5.1875, 4.15625, 4.125]"
True,3033,3,46399,3,"[4.125, 4.84375, 4.78125, 1.921875]"
True,3034,0,46425,0,"[1.890625, 2.71875, 2.890625, 3.359375]"
False,3035,1,46426,2,"[5.3125, 3.578125, 2.421875, 3.90625]"
False,3036,1,46454,3,"[3.5625, 3.359375, 3.28125, 2.890625]"
False,3037,1,46457,0,"[3.125, 4.84375, 3.171875, 3.5]"
False,3038,2,46470,0,"[2.796875, 4.625, 3.515625, 4.84375]"
False,3039,2,46472,3,"[2.59375, 3.265625, 3.046875, 2.40625]"
False,3040,3,46479,0,"[2.5, 4.4375, 3.0625, 3.671875]"
False,3041,3,46480,1,"[3.953125, 2.734375, 4.5, 4.03125]"
False,3042,1,46532,2,"[4.125, 3.359375, 1.625, 4.3125]"
True,3043,2,46534,2,"[3.734375, 3.515625, 2.71875, 3.515625]"
True,3044,1,46535,1,"[4.84375, 2.34375, 4.15625, 4.03125]"
False,3045,0,46553,3,"[2.625, 2.984375, 3.859375, 2.125]"
False,3046,1,46554,0,"[2.125, 3.453125, 5.84375, 2.4375]"
False,3047,3,46708,2,"[2.953125, 3.8125, 2.421875, 3.296875]"
True,3048,1,46709,1,"[4.5625, 4.1875, 6.96875, 4.4375]"
False,3049,1,46822,2,"[3.859375, 2.828125, 2.578125, 2.828125]"
True,3050,3,46882,3,"[3.765625, 3.21875, 3.90625, 2.53125]"
False,3051,3,46883,2,"[3.671875, 3.40625, 3.078125, 3.96875]"
True,3052,3,46887,3,"[4.59375, 4.0625, 4.34375, 3.328125]"
False,3053,2,46888,3,"[2.671875, 2.921875, 2.234375, 2.1875]"
True,3054,2,46889,2,"[3.546875, 2.8125, 2.046875, 3.4375]"
True,3055,2,46899,2,"[4.34375, 3.671875, 2.71875, 3.09375]"
False,3056,2,46912,3,"[4.3125, 5.375, 3.875, 3.8125]"
False,3057,0,46960,1,"[3.421875, 2.734375, 4.59375, 3.453125]"
False,3058,1,47007,3,"[2.671875, 2.640625, 3.75, 2.59375]"
False,3059,3,47039,0,"[2.859375, 3.53125, 3.140625, 3.328125]"
True,3060,1,47061,1,"[5.15625, 3.203125, 4.46875, 3.65625]"
False,3061,2,47072,3,"[3.609375, 3.40625, 4.1875, 3.328125]"
False,3062,0,47073,2,"[3.828125, 3.984375, 2.734375, 3.921875]"
False,3063,0,47074,1,"[2.53125, 1.9609375, 2.078125, 2.546875]"
False,3064,3,47142,0,"[2.84375, 3.828125, 3.4375, 3.765625]"
False,3065,3,47143,0,"[3.109375, 3.84375, 4.625, 4.0625]"
False,3066,2,47176,3,"[4.3125, 5.1875, 3.84375, 3.765625]"
True,3067,2,47178,2,"[3.5625, 3.8125, 1.7421875, 4.0625]"
False,3068,0,47190,2,"[3.828125, 4.21875, 3.09375, 4.71875]"
False,3069,0,47191,2,"[3.265625, 3.34375, 2.359375, 2.921875]"
False,3070,0,47193,2,"[2.375, 2.40625, 2.15625, 3.015625]"
True,3071,1,47200,1,"[3.671875, 2.328125, 3.78125, 2.640625]"
True,3072,3,47201,3,"[3.046875, 3.78125, 3.84375, 2.421875]"
False,3073,2,47202,1,"[4.25, 4.0625, 4.3125, 4.1875]"
True,3074,2,47225,2,"[5.75, 4.59375, 3.625, 4.09375]"
False,3075,1,47248,0,"[2.484375, 3.390625, 4.0, 5.03125]"
True,3076,3,47249,3,"[3.359375, 3.4375, 5.3125, 2.71875]"
False,3077,2,47293,1,"[7.34375, 3.53125, 3.640625, 4.28125]"
False,3078,3,47294,2,"[3.0, 4.8125, 2.609375, 3.203125]"
False,3079,3,47297,2,"[4.46875, 4.28125, 3.375, 3.4375]"
True,3080,3,47338,3,"[3.265625, 3.703125, 4.40625, 2.9375]"
False,3081,3,47359,1,"[3.109375, 2.140625, 3.046875, 2.640625]"
True,3082,0,47368,0,"[1.96875, 3.453125, 3.09375, 4.4375]"
False,3083,2,47369,0,"[3.609375, 3.921875, 4.21875, 4.40625]"
False,3084,2,47370,3,"[3.609375, 3.21875, 3.515625, 3.0]"
True,3085,1,47429,1,"[3.953125, 3.046875, 4.125, 4.125]"
True,3086,2,47438,2,"[3.625, 4.78125, 3.34375, 3.5]"
False,3087,2,47467,3,"[3.265625, 3.296875, 2.515625, 2.390625]"
False,3088,3,47512,2,"[4.40625, 4.25, 2.859375, 3.71875]"
True,3089,0,47576,0,"[2.65625, 2.75, 2.859375, 4.4375]"
False,3090,1,47577,0,"[1.9921875, 2.421875, 3.28125, 2.28125]"
True,3091,0,47593,0,"[2.25, 3.25, 4.0, 3.5625]"
False,3092,3,47598,0,"[3.09375, 5.8125, 3.53125, 3.25]"
True,3093,1,47615,1,"[5.125, 2.640625, 5.15625, 4.21875]"
True,3094,3,47617,3,"[3.96875, 3.484375, 2.3125, 1.75]"
False,3095,1,47644,2,"[2.578125, 3.34375, 2.375, 4.34375]"
False,3096,0,47645,2,"[4.0, 4.28125, 3.828125, 4.6875]"
True,3097,1,47650,1,"[4.0625, 3.609375, 3.84375, 5.65625]"
True,3098,3,47651,3,"[4.8125, 5.09375, 4.8125, 3.421875]"
False,3099,1,47675,3,"[3.3125, 3.890625, 3.421875, 2.21875]"
False,3100,0,47677,2,"[4.59375, 4.0625, 3.75, 4.6875]"
True,3101,1,47704,1,"[4.8125, 3.203125, 3.75, 4.03125]"
True,3102,3,47781,3,"[2.6875, 3.84375, 3.953125, 2.1875]"
False,3103,1,47782,0,"[3.75, 4.25, 4.90625, 4.21875]"
False,3104,2,47811,0,"[3.890625, 3.921875, 3.96875, 5.21875]"
False,3105,1,47812,3,"[4.0, 3.21875, 3.109375, 2.40625]"
False,3106,1,47820,3,"[4.15625, 3.953125, 4.34375, 2.09375]"
False,3107,1,47821,2,"[3.5625, 3.328125, 2.734375, 4.09375]"
True,3108,1,47841,1,"[3.609375, 2.96875, 3.671875, 4.375]"
False,3109,3,47884,2,"[3.671875, 4.25, 3.375, 4.53125]"
True,3110,2,47896,2,"[3.921875, 3.859375, 2.921875, 3.828125]"
True,3111,1,47923,1,"[3.203125, 2.3125, 3.671875, 3.734375]"
True,3112,0,47951,0,"[3.578125, 4.71875, 4.78125, 3.65625]"
False,3113,1,47952,2,"[3.34375, 3.328125, 3.3125, 4.53125]"
False,3114,2,47953,1,"[4.78125, 3.125, 4.09375, 4.25]"
False,3115,2,47958,0,"[2.484375, 3.46875, 4.4375, 4.28125]"
True,3116,2,47973,2,"[3.921875, 3.296875, 2.671875, 4.28125]"
False,3117,1,47974,0,"[2.828125, 2.875, 3.90625, 3.453125]"
True,3118,0,47975,0,"[3.203125, 3.3125, 3.703125, 3.265625]"
True,3119,3,47995,3,"[4.21875, 5.4375, 3.359375, 2.34375]"
False,3120,1,47998,3,"[4.375, 4.03125, 6.34375, 3.890625]"
True,3121,3,48010,3,"[2.90625, 3.4375, 3.921875, 2.75]"
False,3122,1,48045,0,"[2.609375, 3.1875, 3.25, 2.921875]"
False,3123,1,48046,3,"[2.71875, 2.671875, 3.859375, 2.15625]"
False,3124,0,48102,2,"[2.703125, 2.453125, 2.359375, 3.78125]"
False,3125,3,48122,1,"[4.0625, 3.015625, 4.8125, 4.75]"
False,3126,0,48123,1,"[3.5, 2.015625, 3.375, 4.84375]"
False,3127,2,48124,1,"[3.984375, 2.671875, 5.125, 4.28125]"
True,3128,1,48126,1,"[5.65625, 2.9375, 5.125, 3.640625]"
True,3129,1,48127,1,"[4.28125, 3.140625, 4.34375, 4.71875]"
False,3130,0,48133,2,"[2.765625, 3.0625, 2.3125, 3.3125]"
True,3131,3,48169,3,"[4.15625, 4.21875, 3.40625, 3.09375]"
True,3132,0,48172,0,"[2.46875, 3.015625, 4.0625, 3.765625]"
False,3133,3,48176,2,"[4.4375, 4.34375, 2.875, 3.890625]"
False,3134,1,48177,2,"[3.21875, 2.5625, 2.546875, 5.40625]"
False,3135,3,48178,0,"[2.515625, 3.234375, 2.53125, 2.890625]"
False,3136,2,48193,1,"[3.671875, 3.609375, 5.15625, 4.25]"
True,3137,2,48240,2,"[3.296875, 3.25, 2.84375, 3.203125]"
False,3138,0,48241,1,"[3.03125, 2.109375, 3.1875, 3.421875]"
False,3139,0,48274,1,"[2.703125, 2.578125, 4.9375, 3.234375]"
False,3140,2,48275,0,"[2.109375, 5.375, 4.53125, 3.5625]"
False,3141,0,48310,3,"[4.09375, 3.6875, 3.109375, 2.875]"
False,3142,3,48354,1,"[3.625, 2.78125, 3.671875, 3.875]"
False,3143,3,48355,0,"[2.53125, 4.78125, 3.265625, 3.328125]"
False,3144,1,48356,2,"[4.65625, 4.3125, 2.84375, 3.6875]"
False,3145,3,48360,0,"[3.3125, 3.484375, 5.25, 4.4375]"
True,3146,0,48396,0,"[2.953125, 6.59375, 3.859375, 4.78125]"
True,3147,1,48400,1,"[3.765625, 2.671875, 2.953125, 5.28125]"
True,3148,0,48401,0,"[2.5, 3.703125, 4.53125, 3.109375]"
True,3149,3,48430,3,"[2.9375, 3.796875, 4.5, 2.515625]"
True,3150,3,48431,3,"[2.03125, 2.828125, 3.71875, 1.9921875]"
False,3151,2,48451,3,"[3.34375, 2.46875, 1.9765625, 1.8671875]"
True,3152,0,48459,0,"[4.0, 5.21875, 4.0625, 4.15625]"
False,3153,0,48460,3,"[4.03125, 4.4375, 3.703125, 3.078125]"
False,3154,1,48461,2,"[3.828125, 4.15625, 3.59375, 3.75]"
True,3155,0,48588,0,"[2.9375, 3.21875, 3.640625, 3.875]"
False,3156,0,48592,2,"[4.5625, 3.65625, 2.453125, 4.0625]"
True,3157,1,48639,1,"[4.375, 3.703125, 5.21875, 3.890625]"
True,3158,1,48651,1,"[4.40625, 2.046875, 3.3125, 4.5]"
False,3159,3,48652,2,"[3.421875, 4.15625, 2.703125, 3.453125]"
False,3160,2,48653,1,"[3.8125, 3.078125, 4.75, 3.625]"
True,3161,1,48713,1,"[4.4375, 3.203125, 3.734375, 3.609375]"
True,3162,3,48714,3,"[3.078125, 3.890625, 3.421875, 2.515625]"
True,3163,3,48724,3,"[2.078125, 3.75, 4.5625, 1.4375]"
False,3164,3,48733,0,"[3.078125, 3.28125, 3.28125, 4.40625]"
True,3165,1,48765,1,"[4.9375, 2.609375, 3.625, 4.375]"
True,3166,0,48784,0,"[2.84375, 5.21875, 3.796875, 3.28125]"
True,3167,1,48878,1,"[3.53125, 3.421875, 3.828125, 4.8125]"
False,3168,3,48879,0,"[1.875, 3.0, 4.4375, 3.90625]"
True,3169,2,48881,2,"[3.34375, 3.0625, 2.6875, 4.9375]"
False,3170,1,49019,3,"[4.25, 4.40625, 4.375, 3.953125]"
True,3171,0,49020,0,"[2.96875, 3.125, 4.375, 3.265625]"
True,3172,2,49044,2,"[4.40625, 3.859375, 2.796875, 4.4375]"
False,3173,3,49045,1,"[3.875, 3.171875, 3.703125, 3.28125]"
False,3174,2,49064,1,"[3.96875, 3.6875, 4.28125, 4.0625]"
True,3175,0,49065,0,"[3.421875, 4.1875, 5.53125, 4.3125]"
False,3176,0,49066,1,"[3.828125, 3.015625, 3.359375, 3.515625]"
False,3177,2,49067,1,"[3.6875, 3.390625, 4.625, 4.3125]"
False,3178,1,49084,2,"[4.09375, 4.625, 3.390625, 4.15625]"
False,3179,1,49085,3,"[4.15625, 3.921875, 3.546875, 2.984375]"
False,3180,2,49157,1,"[2.65625, 1.9375, 2.734375, 3.625]"
True,3181,3,49183,3,"[3.6875, 3.953125, 2.25, 1.796875]"
True,3182,3,49219,3,"[3.515625, 3.375, 4.4375, 2.515625]"
True,3183,1,49227,1,"[4.59375, 2.734375, 3.21875, 3.1875]"
True,3184,0,49229,0,"[2.1875, 2.65625, 4.125, 2.765625]"
False,3185,2,49230,1,"[2.46875, 1.875, 2.953125, 3.015625]"
True,3186,1,49258,1,"[3.765625, 3.296875, 3.703125, 4.0]"
True,3187,3,49259,3,"[2.9375, 3.15625, 5.375, 2.78125]"
False,3188,2,49263,1,"[3.578125, 2.234375, 3.203125, 3.296875]"
False,3189,3,49309,0,"[2.859375, 4.8125, 3.34375, 3.75]"
False,3190,0,49387,3,"[3.90625, 3.75, 3.4375, 2.265625]"
False,3191,2,49388,1,"[3.421875, 2.859375, 3.6875, 3.203125]"
False,3192,1,49424,0,"[3.1875, 3.765625, 4.25, 4.59375]"
True,3193,3,49426,3,"[4.28125, 3.828125, 4.90625, 3.421875]"
True,3194,1,49491,1,"[3.1875, 3.03125, 4.75, 4.9375]"
False,3195,0,49492,3,"[5.28125, 3.765625, 3.578125, 3.078125]"
True,3196,3,49493,3,"[4.34375, 4.78125, 4.59375, 3.96875]"
False,3197,2,49509,1,"[4.0625, 3.4375, 3.8125, 4.71875]"
False,3198,3,49515,2,"[4.3125, 2.703125, 2.484375, 3.0]"
False,3199,2,49518,1,"[4.09375, 2.78125, 2.890625, 3.546875]"
True,3200,2,49519,2,"[3.28125, 4.3125, 3.015625, 3.046875]"
False,3201,3,49532,1,"[3.3125, 2.328125, 3.59375, 3.21875]"
False,3202,0,49544,2,"[3.6875, 3.46875, 3.0625, 4.03125]"
False,3203,1,49565,0,"[2.765625, 3.015625, 3.171875, 3.046875]"
False,3204,2,49583,3,"[3.578125, 3.984375, 3.578125, 2.53125]"
False,3205,1,49584,3,"[3.8125, 2.984375, 4.59375, 2.953125]"
False,3206,2,49641,1,"[3.96875, 3.828125, 4.1875, 3.96875]"
False,3207,3,49682,2,"[4.1875, 3.21875, 1.859375, 4.09375]"
False,3208,1,49694,3,"[3.1875, 2.78125, 3.375, 2.546875]"
False,3209,0,49695,3,"[2.921875, 4.40625, 3.890625, 2.5]"
False,3210,3,49705,2,"[4.40625, 4.0625, 3.046875, 4.25]"
True,3211,1,49715,1,"[5.34375, 3.3125, 4.6875, 4.15625]"
False,3212,3,49716,0,"[2.6875, 3.0625, 3.96875, 3.46875]"
True,3213,0,49717,0,"[2.421875, 3.671875, 3.671875, 3.828125]"
False,3214,3,49718,0,"[3.828125, 4.09375, 4.875, 3.84375]"
True,3215,1,49733,1,"[4.28125, 2.78125, 3.6875, 4.71875]"
True,3216,2,49736,2,"[3.328125, 3.65625, 3.0625, 3.46875]"
False,3217,3,49797,1,"[5.65625, 3.109375, 7.90625, 4.3125]"
False,3218,3,49798,2,"[2.953125, 4.46875, 1.8515625, 2.34375]"
True,3219,3,49811,3,"[3.921875, 3.515625, 3.65625, 2.953125]"
False,3220,2,49812,3,"[4.25, 3.640625, 3.921875, 3.5]"
False,3221,1,49813,2,"[4.21875, 3.421875, 3.109375, 3.625]"
True,3222,2,49837,2,"[3.59375, 3.375, 2.84375, 3.203125]"
False,3223,3,49847,2,"[3.953125, 3.109375, 2.796875, 3.015625]"
True,3224,0,49890,0,"[2.625, 3.046875, 4.15625, 2.9375]"
False,3225,3,49900,1,"[3.734375, 3.703125, 4.3125, 4.21875]"
True,3226,1,49955,1,"[2.5, 1.703125, 1.984375, 2.421875]"
False,3227,2,49974,0,"[2.9375, 3.046875, 3.65625, 3.984375]"
False,3228,2,49975,1,"[4.5625, 3.5, 4.1875, 6.46875]"
False,3229,1,50023,2,"[4.9375, 4.1875, 3.78125, 5.71875]"
True,3230,0,50024,0,"[1.9140625, 3.4375, 4.375, 5.21875]"
False,3231,0,50026,1,"[4.375, 2.328125, 3.203125, 4.34375]"
False,3232,3,50045,2,"[4.0, 3.71875, 2.75, 3.921875]"
False,3233,3,50048,0,"[2.75, 4.8125, 3.03125, 3.15625]"
False,3234,3,50070,1,"[4.28125, 3.65625, 4.71875, 4.21875]"
False,3235,0,50071,2,"[3.5625, 5.46875, 2.953125, 3.921875]"
False,3236,3,50073,0,"[2.828125, 4.4375, 4.5625, 3.890625]"
True,3237,0,50079,0,"[1.7578125, 4.34375, 3.296875, 3.640625]"
False,3238,3,50117,0,"[3.65625, 3.890625, 4.78125, 4.46875]"
False,3239,2,50119,1,"[4.3125, 2.671875, 4.15625, 4.3125]"
True,3240,0,50158,0,"[3.390625, 3.90625, 5.3125, 3.671875]"
True,3241,0,50159,0,"[2.671875, 3.84375, 2.734375, 3.28125]"
False,3242,0,50160,1,"[3.09375, 2.765625, 3.1875, 4.09375]"
True,3243,3,1,3,"[2.484375, 3.609375, 2.6875, 2.09375]"
False,3244,3,11,1,"[2.890625, 2.421875, 2.609375, 2.890625]"
True,3245,0,15,0,"[2.6875, 3.90625, 3.1875, 2.765625]"
False,3246,1,18,2,"[2.515625, 2.234375, 1.765625, 2.9375]"
False,3247,1,48,3,"[2.328125, 2.96875, 2.90625, 2.15625]"
False,3248,2,60,3,"[2.890625, 3.28125, 2.65625, 2.3125]"
True,3249,1,70,1,"[2.859375, 1.9453125, 2.78125, 2.515625]"
False,3250,2,76,3,"[3.25, 3.390625, 3.0625, 2.90625]"
True,3251,3,87,3,"[2.5625, 2.984375, 2.921875, 2.390625]"
False,3252,0,95,1,"[3.5, 2.859375, 3.265625, 3.578125]"
True,3253,0,124,0,"[2.53125, 3.84375, 2.59375, 3.515625]"
True,3254,1,132,1,"[3.34375, 2.125, 2.921875, 2.515625]"
False,3255,3,147,0,"[2.125, 2.640625, 2.1875, 2.984375]"
False,3256,0,159,1,"[2.828125, 2.484375, 3.3125, 2.765625]"
False,3257,2,160,1,"[3.171875, 2.859375, 3.171875, 3.453125]"
False,3258,2,168,1,"[2.171875, 2.078125, 2.5, 2.328125]"
False,3259,2,172,3,"[2.734375, 3.6875, 3.015625, 2.515625]"
True,3260,1,180,1,"[3.59375, 3.171875, 4.03125, 3.21875]"
False,3261,1,183,3,"[3.390625, 2.78125, 3.984375, 2.1875]"
False,3262,3,196,2,"[2.5, 2.703125, 2.125, 2.546875]"
True,3263,3,202,3,"[2.9375, 3.25, 2.421875, 2.34375]"
False,3264,0,206,1,"[3.609375, 2.578125, 2.59375, 2.6875]"
True,3265,1,208,1,"[3.046875, 2.390625, 3.09375, 2.75]"
False,3266,0,211,3,"[3.21875, 3.71875, 4.125, 1.21875]"
True,3267,1,220,1,"[2.765625, 2.4375, 3.296875, 2.625]"
False,3268,0,236,2,"[3.328125, 5.03125, 2.875, 3.140625]"
False,3269,2,255,0,"[2.40625, 3.109375, 3.484375, 2.890625]"
False,3270,2,258,3,"[2.8125, 2.546875, 2.6875, 2.171875]"
True,3271,0,259,0,"[2.484375, 2.671875, 2.953125, 4.125]"
False,3272,0,261,2,"[3.015625, 2.953125, 2.765625, 3.234375]"
False,3273,1,271,3,"[3.046875, 3.28125, 3.578125, 2.515625]"
False,3274,3,273,0,"[2.234375, 2.359375, 3.265625, 2.53125]"
False,3275,2,290,1,"[3.140625, 2.6875, 3.703125, 3.78125]"
False,3276,0,294,2,"[2.671875, 2.859375, 2.59375, 2.953125]"
False,3277,0,296,3,"[2.8125, 2.625, 2.375, 1.90625]"
False,3278,3,303,2,"[2.921875, 3.75, 2.515625, 3.296875]"
False,3279,1,305,0,"[2.796875, 3.09375, 2.859375, 2.921875]"
False,3280,3,307,1,"[4.15625, 2.90625, 3.09375, 3.640625]"
True,3281,1,314,1,"[2.390625, 2.140625, 2.328125, 2.6875]"
False,3282,2,315,3,"[3.234375, 3.671875, 3.046875, 2.59375]"
True,3283,2,324,2,"[4.21875, 2.265625, 2.203125, 2.875]"
False,3284,1,327,0,"[2.125, 2.234375, 2.890625, 2.59375]"
True,3285,0,328,0,"[2.34375, 2.875, 3.703125, 4.125]"
False,3286,3,330,0,"[2.859375, 3.171875, 3.96875, 2.890625]"
False,3287,3,335,0,"[1.5859375, 2.40625, 2.1875, 2.15625]"
False,3288,1,357,3,"[3.265625, 2.875, 2.375, 1.921875]"
False,3289,1,359,0,"[2.140625, 2.28125, 3.15625, 3.4375]"
True,3290,0,361,0,"[2.21875, 2.578125, 2.9375, 3.0625]"
False,3291,3,362,0,"[2.21875, 2.734375, 3.0625, 3.71875]"
False,3292,0,366,2,"[3.203125, 3.3125, 2.078125, 2.703125]"
False,3293,2,381,3,"[2.515625, 3.265625, 3.125, 2.40625]"
True,3294,1,386,1,"[3.234375, 2.875, 3.0, 3.03125]"
False,3295,3,390,0,"[2.46875, 3.5625, 3.46875, 2.6875]"
False,3296,1,392,3,"[2.5, 2.515625, 2.734375, 2.453125]"
True,3297,2,398,2,"[3.546875, 2.8125, 2.25, 2.65625]"
False,3298,0,412,3,"[4.03125, 2.234375, 3.1875, 2.171875]"
False,3299,1,429,0,"[2.53125, 2.734375, 2.8125, 3.734375]"
True,3300,3,437,3,"[2.640625, 3.125, 3.484375, 2.515625]"
True,3301,0,438,0,"[2.484375, 2.90625, 2.484375, 3.171875]"
True,3302,2,443,2,"[3.265625, 2.96875, 2.78125, 2.796875]"
False,3303,3,450,1,"[3.171875, 2.421875, 3.25, 2.515625]"
True,3304,1,454,1,"[3.484375, 2.359375, 3.921875, 2.734375]"
False,3305,1,456,0,"[2.265625, 2.28125, 2.734375, 2.8125]"
True,3306,0,479,0,"[1.6484375, 3.46875, 2.96875, 2.5]"
False,3307,0,487,3,"[3.34375, 2.921875, 3.84375, 2.671875]"
False,3308,1,495,2,"[3.265625, 3.21875, 3.171875, 3.5625]"
False,3309,3,507,1,"[3.484375, 2.875, 2.890625, 3.515625]"
False,3310,3,513,1,"[3.09375, 2.78125, 2.796875, 4.25]"
False,3311,0,514,2,"[2.953125, 3.90625, 2.109375, 2.34375]"
False,3312,3,519,2,"[2.71875, 3.0, 2.515625, 2.59375]"
False,3313,3,526,2,"[2.1875, 2.921875, 2.046875, 2.75]"
False,3314,1,538,3,"[2.984375, 2.875, 3.6875, 2.515625]"
False,3315,3,589,0,"[2.15625, 2.9375, 2.28125, 2.90625]"
False,3316,2,592,3,"[2.9375, 2.546875, 2.859375, 2.5]"
False,3317,2,594,3,"[2.578125, 3.21875, 3.4375, 2.328125]"
True,3318,3,597,3,"[2.90625, 3.140625, 3.53125, 2.390625]"
False,3319,1,609,3,"[2.546875, 2.59375, 3.5625, 2.453125]"
False,3320,1,616,0,"[1.8359375, 2.375, 2.125, 2.359375]"
True,3321,0,620,0,"[2.765625, 3.25, 3.859375, 3.3125]"
True,3322,3,631,3,"[2.65625, 3.21875, 3.375, 2.609375]"
False,3323,2,639,3,"[3.171875, 3.203125, 3.328125, 2.625]"
False,3324,2,648,1,"[3.25, 2.9375, 3.296875, 3.453125]"
False,3325,3,656,1,"[3.421875, 2.859375, 3.75, 4.09375]"
False,3326,2,669,3,"[3.5625, 3.375, 3.171875, 3.0625]"
False,3327,2,670,0,"[2.15625, 2.734375, 3.328125, 2.515625]"
False,3328,3,674,1,"[2.671875, 2.265625, 4.34375, 3.921875]"
True,3329,3,682,3,"[2.984375, 2.71875, 2.734375, 2.5625]"
False,3330,1,685,3,"[3.421875, 2.53125, 3.234375, 2.46875]"
False,3331,3,687,1,"[2.5625, 0.50390625, 1.2265625, 3.4375]"
False,3332,0,701,3,"[3.3125, 3.671875, 3.03125, 2.921875]"
True,3333,2,703,2,"[3.609375, 2.9375, 2.703125, 3.203125]"
True,3334,1,706,1,"[3.078125, 2.890625, 3.78125, 3.234375]"
True,3335,2,719,2,"[2.421875, 2.578125, 2.34375, 2.65625]"
True,3336,2,731,2,"[2.578125, 2.953125, 2.484375, 3.171875]"
True,3337,2,734,2,"[2.9375, 2.859375, 2.28125, 2.640625]"
False,3338,0,737,1,"[3.046875, 2.5625, 2.703125, 3.0625]"
False,3339,2,750,0,"[2.15625, 2.6875, 2.90625, 3.390625]"
False,3340,0,763,1,"[3.453125, 3.4375, 3.515625, 3.484375]"
False,3341,3,768,0,"[2.84375, 3.796875, 3.015625, 3.875]"
True,3342,0,777,0,"[2.390625, 3.140625, 2.984375, 3.296875]"
False,3343,1,790,0,"[2.40625, 3.203125, 3.71875, 2.734375]"
False,3344,1,800,0,"[2.671875, 3.234375, 3.484375, 2.859375]"
False,3345,1,807,2,"[3.546875, 2.984375, 2.578125, 3.0]"
False,3346,0,811,3,"[3.03125, 2.9375, 3.015625, 2.796875]"
False,3347,0,815,2,"[2.859375, 3.375, 2.34375, 3.046875]"
False,3348,3,816,1,"[3.15625, 2.296875, 2.953125, 3.234375]"
False,3349,2,826,0,"[1.984375, 2.78125, 3.484375, 3.203125]"
False,3350,0,833,1,"[3.15625, 2.46875, 3.03125, 3.03125]"
False,3351,3,840,2,"[2.25, 2.765625, 1.734375, 2.75]"
False,3352,3,858,2,"[3.25, 2.765625, 2.453125, 2.8125]"
False,3353,1,885,0,"[2.65625, 3.09375, 2.9375, 3.171875]"
False,3354,1,887,0,"[1.015625, 2.21875, 2.609375, 1.890625]"
False,3355,0,899,3,"[1.5078125, 2.84375, 2.75, 1.4296875]"
False,3356,1,903,0,"[2.609375, 3.5625, 3.71875, 3.9375]"
False,3357,0,908,1,"[4.0, 2.3125, 3.28125, 2.984375]"
True,3358,3,924,3,"[3.171875, 2.875, 3.71875, 2.796875]"
True,3359,1,940,1,"[2.65625, 2.21875, 2.953125, 2.59375]"
True,3360,1,954,1,"[3.5, 2.09375, 3.078125, 2.453125]"
True,3361,0,962,0,"[2.625, 2.671875, 2.6875, 3.140625]"
False,3362,2,986,3,"[3.265625, 2.640625, 3.421875, 2.59375]"
False,3363,0,993,1,"[3.25, 3.1875, 4.1875, 4.21875]"
False,3364,2,1011,1,"[2.765625, 1.890625, 2.828125, 3.296875]"
True,3365,1,1018,1,"[3.34375, 2.875, 3.40625, 4.53125]"
False,3366,1,1030,2,"[3.390625, 3.390625, 2.75, 2.765625]"
False,3367,0,1055,2,"[3.765625, 3.234375, 1.7890625, 3.0625]"
True,3368,2,1068,2,"[2.6875, 2.21875, 2.171875, 2.921875]"
True,3369,0,1076,0,"[2.921875, 3.140625, 3.609375, 3.484375]"
False,3370,0,1081,1,"[2.796875, 2.515625, 2.546875, 3.375]"
False,3371,0,1084,2,"[2.9375, 3.15625, 2.6875, 3.984375]"
False,3372,0,1103,2,"[3.1875, 2.75, 2.6875, 3.03125]"
False,3373,1,1107,3,"[2.984375, 2.96875, 3.640625, 2.84375]"
True,3374,0,1120,0,"[2.75, 2.859375, 3.453125, 2.921875]"
True,3375,3,1122,3,"[3.796875, 3.71875, 5.21875, 2.765625]"
False,3376,0,1129,2,"[2.984375, 3.0, 2.9375, 3.421875]"
False,3377,2,1136,0,"[2.640625, 2.703125, 3.140625, 3.21875]"
False,3378,0,1146,1,"[3.015625, 2.90625, 4.40625, 3.65625]"
False,3379,3,1152,0,"[3.125, 3.859375, 3.234375, 3.546875]"
True,3380,3,1155,3,"[2.796875, 3.234375, 3.078125, 2.640625]"
False,3381,3,1160,1,"[3.25, 2.546875, 3.515625, 2.734375]"
False,3382,0,1162,3,"[3.75, 3.25, 3.21875, 2.59375]"
False,3383,1,1170,0,"[2.5625, 2.65625, 3.34375, 3.15625]"
False,3384,1,1210,0,"[2.671875, 3.359375, 2.90625, 3.203125]"
False,3385,3,1237,1,"[3.078125, 2.59375, 3.265625, 3.09375]"
False,3386,3,1246,0,"[2.421875, 3.296875, 2.46875, 2.9375]"
False,3387,0,1247,2,"[3.0, 2.78125, 2.203125, 2.78125]"
False,3388,1,1269,3,"[3.265625, 2.84375, 2.859375, 2.640625]"
False,3389,2,1273,3,"[3.1875, 3.3125, 2.65625, 2.453125]"
False,3390,2,1278,3,"[2.75, 3.109375, 3.0625, 1.8984375]"
False,3391,2,1279,3,"[3.328125, 3.859375, 3.046875, 2.8125]"
True,3392,2,1282,2,"[2.421875, 2.640625, 2.09375, 2.875]"
False,3393,3,1288,2,"[2.78125, 3.875, 2.734375, 3.234375]"
False,3394,2,1290,0,"[2.84375, 3.421875, 4.03125, 3.09375]"
True,3395,1,1292,1,"[3.3125, 2.71875, 3.0625, 3.328125]"
False,3396,0,1303,2,"[3.640625, 3.390625, 2.6875, 3.9375]"
True,3397,3,1310,3,"[2.984375, 2.90625, 2.875, 2.25]"
False,3398,3,1312,2,"[3.34375, 2.890625, 2.609375, 2.859375]"
True,3399,1,1324,1,"[3.09375, 2.734375, 3.5, 4.125]"
False,3400,1,1325,0,"[2.703125, 3.796875, 2.859375, 2.953125]"
False,3401,2,1329,0,"[2.625, 2.78125, 4.09375, 2.875]"
False,3402,2,1339,0,"[2.25, 2.984375, 2.8125, 2.265625]"
True,3403,2,1344,2,"[3.1875, 2.453125, 2.40625, 3.140625]"
False,3404,2,1348,3,"[3.15625, 3.078125, 3.125, 2.984375]"
False,3405,2,1354,3,"[2.59375, 2.359375, 2.625, 2.0625]"
False,3406,2,1371,1,"[3.421875, 2.34375, 3.0, 3.796875]"
False,3407,3,1385,0,"[3.203125, 3.453125, 3.40625, 3.3125]"
True,3408,1,1396,1,"[3.125, 1.921875, 2.609375, 2.71875]"
False,3409,1,1400,0,"[3.078125, 3.65625, 4.34375, 3.375]"
False,3410,3,1401,0,"[2.40625, 3.59375, 3.765625, 2.53125]"
True,3411,3,1406,3,"[2.6875, 2.734375, 3.671875, 1.9375]"
False,3412,2,1407,1,"[2.84375, 2.65625, 2.921875, 2.8125]"
False,3413,2,1419,1,"[2.328125, 2.140625, 2.75, 2.1875]"
True,3414,1,1424,1,"[2.609375, 2.453125, 3.1875, 3.265625]"
False,3415,0,1425,1,"[2.421875, 2.359375, 2.953125, 2.625]"
True,3416,1,1428,1,"[2.8125, 2.265625, 2.78125, 2.453125]"
False,3417,0,1430,3,"[2.796875, 3.578125, 3.125, 2.453125]"
False,3418,3,1439,0,"[3.03125, 3.21875, 3.8125, 3.390625]"
False,3419,1,1443,0,"[2.75, 3.921875, 3.5, 3.6875]"
False,3420,3,1451,0,"[2.5, 2.96875, 2.703125, 3.171875]"
False,3421,1,1453,2,"[3.375, 2.40625, 2.046875, 3.703125]"
False,3422,1,1485,2,"[3.421875, 3.484375, 3.09375, 3.453125]"
True,3423,2,1495,2,"[3.359375, 3.140625, 2.5, 3.484375]"
False,3424,0,1500,1,"[3.234375, 2.5, 3.15625, 4.03125]"
False,3425,1,1504,0,"[2.0625, 2.78125, 2.765625, 2.671875]"
True,3426,3,1514,3,"[3.78125, 4.125, 3.453125, 2.640625]"
True,3427,1,1531,1,"[2.71875, 2.203125, 3.84375, 3.859375]"
True,3428,0,1546,0,"[2.046875, 3.203125, 3.578125, 3.65625]"
False,3429,3,1547,1,"[3.21875, 2.5625, 3.78125, 3.078125]"
False,3430,3,1567,2,"[3.890625, 4.0, 2.921875, 3.375]"
True,3431,2,1587,2,"[3.1875, 3.703125, 2.75, 3.5625]"
False,3432,3,1591,1,"[3.5625, 1.84375, 3.109375, 2.640625]"
True,3433,1,1593,1,"[3.15625, 2.421875, 3.140625, 2.46875]"
False,3434,3,1599,2,"[3.609375, 2.359375, 1.9609375, 3.15625]"
False,3435,2,1604,1,"[3.5625, 2.359375, 3.296875, 3.3125]"
True,3436,1,1615,1,"[3.015625, 2.53125, 3.640625, 3.375]"
False,3437,0,1621,1,"[2.484375, 2.421875, 2.828125, 3.25]"
False,3438,1,1622,3,"[3.171875, 2.828125, 3.5625, 2.359375]"
False,3439,0,1629,3,"[4.28125, 2.78125, 2.515625, 2.265625]"
True,3440,3,1639,3,"[2.515625, 2.53125, 2.625, 2.34375]"
False,3441,2,1651,1,"[3.34375, 2.296875, 3.625, 2.921875]"
False,3442,1,1655,0,"[2.78125, 3.25, 3.296875, 3.34375]"
True,3443,1,1659,1,"[3.03125, 2.96875, 3.1875, 3.21875]"
False,3444,3,1660,0,"[2.859375, 3.046875, 2.9375, 3.125]"
True,3445,2,1670,2,"[3.015625, 2.90625, 2.65625, 3.0625]"
True,3446,1,1682,1,"[2.75, 2.375, 2.9375, 2.890625]"
False,3447,1,1685,2,"[3.046875, 2.734375, 2.234375, 2.6875]"
False,3448,0,1688,3,"[3.25, 2.734375, 3.484375, 2.328125]"
False,3449,2,1689,1,"[3.25, 2.6875, 3.375, 2.90625]"
False,3450,0,1692,2,"[2.921875, 3.296875, 2.3125, 2.890625]"
False,3451,0,1713,3,"[3.46875, 3.34375, 3.40625, 2.578125]"
False,3452,0,1722,2,"[3.5, 3.625, 2.75, 2.9375]"
False,3453,2,1729,0,"[2.75, 3.3125, 3.09375, 3.125]"
True,3454,2,1736,2,"[2.625, 2.65625, 1.8515625, 1.9296875]"
False,3455,2,1747,0,"[2.71875, 3.3125, 3.1875, 2.828125]"
True,3456,2,1753,2,"[3.40625, 2.6875, 2.5, 2.5625]"
False,3457,2,1754,1,"[2.953125, 2.484375, 4.40625, 2.546875]"
True,3458,3,1764,3,"[3.953125, 3.140625, 2.328125, 2.078125]"
False,3459,2,1765,3,"[2.5, 2.90625, 3.140625, 2.25]"
False,3460,2,1767,1,"[2.875, 2.71875, 3.671875, 3.390625]"
False,3461,0,1769,2,"[2.75, 2.53125, 2.265625, 3.71875]"
False,3462,0,1774,2,"[2.203125, 2.640625, 1.6953125, 2.765625]"
False,3463,3,1779,0,"[2.765625, 2.796875, 3.203125, 2.8125]"
False,3464,0,1782,2,"[2.453125, 2.84375, 2.390625, 2.71875]"
False,3465,1,1791,3,"[2.640625, 3.515625, 3.203125, 2.546875]"
False,3466,0,1794,3,"[3.21875, 3.140625, 3.53125, 2.984375]"
False,3467,1,1799,2,"[3.078125, 3.109375, 2.609375, 2.609375]"
True,3468,2,1800,2,"[3.515625, 4.0625, 2.703125, 3.078125]"
False,3469,1,1806,2,"[2.703125, 2.890625, 2.375, 2.40625]"
False,3470,0,1809,2,"[3.953125, 4.15625, 3.5, 3.5]"
False,3471,3,1810,0,"[2.140625, 3.390625, 3.71875, 3.5]"
True,3472,3,1813,3,"[2.640625, 2.421875, 3.125, 2.265625]"
True,3473,0,1814,0,"[2.703125, 4.09375, 3.625, 3.84375]"
False,3474,0,1826,2,"[3.28125, 2.71875, 2.015625, 2.421875]"
False,3475,2,1828,1,"[2.78125, 2.375, 2.53125, 3.140625]"
False,3476,0,1830,2,"[3.109375, 4.34375, 2.859375, 3.25]"
False,3477,1,1831,0,"[2.265625, 2.3125, 2.78125, 2.96875]"
False,3478,2,1839,1,"[4.09375, 2.40625, 3.140625, 3.828125]"
False,3479,1,1846,0,"[3.0, 3.078125, 3.453125, 3.140625]"
False,3480,0,1850,1,"[2.515625, 2.4375, 3.953125, 3.078125]"
True,3481,2,1860,2,"[2.65625, 2.203125, 1.9375, 2.75]"
False,3482,2,1865,1,"[4.125, 2.953125, 3.53125, 3.546875]"
True,3483,2,1868,2,"[3.375, 3.0625, 2.078125, 2.84375]"
False,3484,0,1871,3,"[3.59375, 2.609375, 3.640625, 2.21875]"
False,3485,0,1874,1,"[2.765625, 2.109375, 2.890625, 2.75]"
True,3486,1,1886,1,"[2.90625, 2.078125, 3.1875, 3.046875]"
False,3487,0,1891,1,"[2.984375, 1.7578125, 2.578125, 1.875]"
True,3488,1,1905,1,"[3.25, 2.15625, 3.859375, 2.78125]"
False,3489,0,1908,3,"[3.03125, 3.078125, 3.4375, 3.015625]"
False,3490,1,1922,2,"[2.625, 3.234375, 2.578125, 3.046875]"
True,3491,3,1935,3,"[3.125, 2.890625, 3.015625, 2.125]"
False,3492,0,1938,1,"[2.734375, 2.328125, 4.0625, 3.1875]"
False,3493,2,1947,3,"[2.84375, 3.4375, 3.1875, 2.59375]"
False,3494,1,1948,2,"[4.65625, 2.921875, 2.65625, 3.859375]"
True,3495,1,1966,1,"[2.84375, 2.234375, 3.078125, 3.171875]"
False,3496,1,1971,3,"[2.78125, 2.609375, 2.671875, 2.546875]"
False,3497,1,1979,0,"[2.875, 3.3125, 3.046875, 3.625]"
False,3498,2,1980,3,"[3.3125, 3.0, 3.203125, 2.65625]"
False,3499,2,1988,1,"[2.890625, 2.515625, 2.671875, 2.609375]"
False,3500,3,1993,2,"[3.359375, 2.828125, 2.53125, 3.1875]"
False,3501,2,2001,0,"[1.90625, 2.03125, 2.5625, 2.671875]"
False,3502,0,2019,3,"[2.5625, 3.5, 3.5, 2.265625]"
False,3503,2,2020,3,"[3.203125, 3.671875, 2.5625, 2.515625]"
False,3504,2,2024,1,"[2.890625, 2.03125, 3.8125, 3.265625]"
True,3505,1,2025,1,"[3.65625, 3.125, 3.171875, 3.453125]"
False,3506,1,2027,0,"[1.8203125, 2.53125, 2.1875, 4.125]"
False,3507,1,2038,0,"[2.84375, 2.875, 3.09375, 3.140625]"
False,3508,1,2041,2,"[3.0625, 3.84375, 2.734375, 3.046875]"
True,3509,0,2048,0,"[2.265625, 3.421875, 3.03125, 2.921875]"
False,3510,2,2073,3,"[3.28125, 2.9375, 3.1875, 2.53125]"
False,3511,1,2087,0,"[2.71875, 3.09375, 3.921875, 3.671875]"
False,3512,3,2098,2,"[3.203125, 2.640625, 2.59375, 2.875]"
False,3513,2,2102,1,"[3.0, 2.25, 3.390625, 2.75]"
True,3514,2,2105,2,"[2.984375, 3.265625, 2.5625, 3.21875]"
True,3515,3,2116,3,"[2.8125, 3.0625, 2.96875, 2.578125]"
False,3516,2,2119,0,"[2.859375, 3.0625, 2.90625, 3.296875]"
False,3517,3,2120,2,"[2.953125, 3.625, 2.75, 3.40625]"
False,3518,2,2123,0,"[2.640625, 2.65625, 3.09375, 3.9375]"
False,3519,0,2136,3,"[3.0, 3.171875, 3.515625, 2.421875]"
False,3520,1,2150,3,"[2.28125, 2.9375, 2.734375, 2.203125]"
False,3521,2,2171,0,"[2.890625, 3.6875, 3.3125, 3.234375]"
False,3522,0,2175,2,"[3.125, 2.765625, 2.453125, 3.375]"
False,3523,1,2190,0,"[2.984375, 3.515625, 3.84375, 3.171875]"
False,3524,2,2195,1,"[4.1875, 2.484375, 2.625, 3.515625]"
False,3525,2,2203,1,"[3.6875, 3.328125, 3.671875, 4.09375]"
False,3526,0,2211,2,"[3.09375, 2.890625, 2.421875, 3.5]"
False,3527,3,2225,0,"[2.84375, 4.0625, 3.046875, 3.28125]"
True,3528,3,2226,3,"[3.125, 2.890625, 3.015625, 2.125]"
True,3529,0,2229,0,"[2.5, 3.484375, 2.984375, 3.046875]"
True,3530,1,2233,1,"[3.171875, 2.484375, 3.625, 2.890625]"
True,3531,2,2241,2,"[3.65625, 3.3125, 2.8125, 3.96875]"
False,3532,1,2244,2,"[2.984375, 2.921875, 2.546875, 3.09375]"
False,3533,1,2250,0,"[1.7734375, 2.03125, 2.484375, 2.359375]"
False,3534,3,2253,2,"[3.53125, 3.578125, 2.671875, 2.875]"
True,3535,0,2256,0,"[2.40625, 2.953125, 2.515625, 2.5625]"
False,3536,2,2264,0,"[2.875, 3.015625, 3.125, 4.1875]"
False,3537,3,2266,2,"[3.671875, 1.984375, 1.734375, 3.0]"
False,3538,2,2288,3,"[3.765625, 2.421875, 2.8125, 2.359375]"
True,3539,1,2294,1,"[2.515625, 2.1875, 3.140625, 3.765625]"
True,3540,2,2298,2,"[2.953125, 3.65625, 2.25, 3.5625]"
False,3541,3,2301,0,"[2.421875, 2.578125, 2.5625, 3.171875]"
False,3542,0,2308,3,"[2.734375, 2.703125, 2.71875, 2.453125]"
True,3543,3,2328,3,"[3.015625, 2.921875, 2.921875, 2.71875]"
False,3544,1,2351,0,"[2.53125, 3.109375, 2.65625, 3.609375]"
False,3545,2,2355,0,"[1.8671875, 2.609375, 2.890625, 3.03125]"
False,3546,0,2358,3,"[2.84375, 2.65625, 2.953125, 2.640625]"
False,3547,3,2362,0,"[2.921875, 3.484375, 2.9375, 3.125]"
True,3548,2,2367,2,"[2.578125, 3.65625, 2.53125, 3.53125]"
False,3549,1,2370,3,"[3.734375, 3.375, 4.09375, 3.25]"
False,3550,0,2374,2,"[3.71875, 3.46875, 3.25, 3.71875]"
False,3551,0,2389,1,"[2.71875, 2.5, 3.171875, 2.8125]"
True,3552,1,2404,1,"[3.109375, 2.921875, 3.515625, 3.09375]"
False,3553,0,2407,1,"[2.8125, 2.09375, 2.984375, 2.71875]"
False,3554,2,2409,0,"[2.25, 2.734375, 3.15625, 2.515625]"
False,3555,1,2433,2,"[2.71875, 3.203125, 2.25, 2.640625]"
False,3556,2,2440,3,"[2.4375, 3.40625, 2.734375, 2.109375]"
False,3557,0,2446,1,"[2.46875, 2.328125, 2.375, 2.703125]"
False,3558,0,2451,3,"[2.65625, 2.265625, 3.578125, 1.703125]"
False,3559,1,2452,0,"[2.953125, 3.59375, 3.25, 4.03125]"
False,3560,1,2458,2,"[2.9375, 3.421875, 2.296875, 3.953125]"
False,3561,2,2469,3,"[2.734375, 4.0625, 3.09375, 2.71875]"
False,3562,0,2502,1,"[3.265625, 2.0625, 3.359375, 3.125]"
False,3563,2,2505,0,"[2.484375, 3.203125, 3.15625, 2.5]"
True,3564,1,2522,1,"[3.4375, 2.515625, 3.234375, 3.65625]"
False,3565,3,2526,0,"[2.46875, 3.03125, 2.703125, 3.484375]"
False,3566,0,2530,1,"[3.1875, 2.703125, 2.96875, 3.234375]"
False,3567,0,2539,2,"[3.609375, 2.765625, 2.375, 3.421875]"
False,3568,1,2542,0,"[2.90625, 2.984375, 4.1875, 3.15625]"
False,3569,0,2547,2,"[3.390625, 2.84375, 2.78125, 3.84375]"
True,3570,2,2568,2,"[3.46875, 3.15625, 2.21875, 2.890625]"
False,3571,0,2576,3,"[2.84375, 3.25, 3.65625, 2.1875]"
True,3572,0,2578,0,"[2.203125, 2.65625, 2.28125, 3.140625]"
False,3573,2,2583,3,"[3.109375, 3.15625, 2.890625, 2.6875]"
False,3574,3,2585,2,"[3.40625, 3.265625, 3.21875, 3.546875]"
False,3575,1,2589,2,"[3.1875, 3.171875, 2.859375, 3.796875]"
False,3576,0,2596,2,"[3.640625, 3.46875, 2.78125, 3.484375]"
True,3577,3,2597,3,"[2.875, 2.84375, 3.140625, 2.484375]"
True,3578,1,2628,1,"[2.796875, 2.453125, 3.0, 2.921875]"
False,3579,2,2632,3,"[3.453125, 3.25, 3.703125, 2.90625]"
False,3580,3,2634,0,"[2.453125, 2.625, 3.234375, 2.765625]"
False,3581,3,2638,2,"[3.5625, 3.359375, 2.984375, 3.015625]"
True,3582,1,2648,1,"[2.546875, 2.421875, 2.875, 3.046875]"
False,3583,2,2656,1,"[2.359375, 2.296875, 2.75, 2.984375]"
False,3584,3,2666,1,"[2.671875, 2.21875, 2.734375, 2.984375]"
True,3585,2,2668,2,"[2.859375, 3.03125, 2.78125, 3.28125]"
True,3586,0,2669,0,"[2.4375, 2.4375, 2.8125, 2.609375]"
False,3587,3,2674,2,"[2.4375, 3.5, 2.015625, 2.953125]"
False,3588,2,2678,1,"[3.375, 2.40625, 3.296875, 2.9375]"
True,3589,0,2698,0,"[2.3125, 3.578125, 4.15625, 2.578125]"
False,3590,2,2701,0,"[3.25, 3.671875, 4.15625, 4.40625]"
False,3591,1,2709,2,"[3.296875, 2.453125, 2.4375, 2.75]"
False,3592,0,2725,2,"[3.796875, 3.40625, 2.09375, 2.515625]"
False,3593,3,2730,0,"[2.25, 2.40625, 2.78125, 2.8125]"
True,3594,2,2736,2,"[3.109375, 2.921875, 2.0625, 2.90625]"
False,3595,0,2737,2,"[3.890625, 3.046875, 2.9375, 3.46875]"
False,3596,1,2739,3,"[3.453125, 3.984375, 3.21875, 3.203125]"
False,3597,0,2747,2,"[3.171875, 3.234375, 1.4921875, 2.203125]"
False,3598,3,2751,1,"[3.5625, 2.9375, 3.109375, 3.015625]"
False,3599,2,2756,0,"[2.5625, 3.375, 2.734375, 2.921875]"
True,3600,0,2759,0,"[2.3125, 2.859375, 3.234375, 3.109375]"
False,3601,2,2764,0,"[2.765625, 3.0625, 3.21875, 2.921875]"
True,3602,0,2777,0,"[2.65625, 2.984375, 2.90625, 2.921875]"
False,3603,1,2780,3,"[3.3125, 2.953125, 3.125, 2.28125]"
False,3604,3,2790,1,"[4.125, 2.78125, 3.703125, 3.390625]"
False,3605,3,2792,0,"[2.8125, 3.25, 3.234375, 2.921875]"
False,3606,1,2809,3,"[3.375, 2.921875, 2.875, 2.53125]"
False,3607,0,2813,2,"[3.578125, 3.65625, 2.8125, 3.34375]"
False,3608,0,2817,3,"[2.984375, 2.703125, 2.890625, 2.5625]"
False,3609,2,2820,1,"[3.71875, 2.859375, 3.140625, 2.953125]"
False,3610,0,2825,1,"[2.46875, 2.109375, 2.640625, 2.546875]"
False,3611,3,2829,2,"[2.890625, 2.484375, 2.3125, 3.21875]"
True,3612,1,2851,1,"[3.0625, 2.578125, 3.828125, 2.859375]"
False,3613,1,2864,0,"[2.28125, 3.09375, 2.671875, 2.8125]"
False,3614,1,2867,3,"[2.703125, 2.796875, 3.046875, 2.625]"
True,3615,0,2879,0,"[1.4140625, 1.734375, 2.53125, 2.84375]"
False,3616,2,2889,1,"[3.65625, 2.984375, 3.96875, 3.21875]"
False,3617,1,2896,2,"[3.765625, 3.640625, 2.71875, 4.15625]"
False,3618,3,2900,1,"[3.140625, 2.59375, 2.765625, 3.046875]"
False,3619,2,2910,3,"[3.359375, 3.546875, 3.859375, 3.328125]"
False,3620,0,2911,3,"[3.140625, 2.734375, 2.71875, 2.328125]"
False,3621,0,2925,2,"[3.15625, 3.546875, 2.640625, 3.359375]"
True,3622,0,2926,0,"[1.9140625, 2.265625, 2.921875, 2.78125]"
False,3623,0,2931,1,"[3.28125, 2.84375, 3.515625, 3.421875]"
True,3624,2,2935,2,"[3.84375, 4.625, 2.8125, 3.078125]"
True,3625,3,2944,3,"[3.421875, 2.546875, 3.359375, 2.515625]"
True,3626,0,2955,0,"[2.6875, 2.75, 2.765625, 3.046875]"
False,3627,0,2957,2,"[4.375, 3.21875, 2.25, 3.015625]"
False,3628,3,2958,0,"[2.609375, 3.015625, 4.40625, 2.703125]"
True,3629,2,2965,2,"[2.71875, 3.59375, 2.265625, 2.515625]"
False,3630,1,2981,3,"[3.359375, 2.75, 3.375, 2.640625]"
True,3631,2,2985,2,"[2.5625, 2.3125, 2.203125, 2.78125]"
False,3632,0,2992,1,"[3.078125, 2.484375, 3.96875, 2.953125]"
False,3633,3,3009,0,"[2.390625, 2.953125, 2.78125, 3.671875]"
False,3634,1,3020,0,"[2.1875, 2.90625, 3.09375, 2.84375]"
False,3635,2,3025,1,"[2.984375, 2.84375, 3.171875, 3.03125]"
False,3636,3,3028,1,"[3.890625, 2.90625, 3.203125, 3.109375]"
False,3637,1,3030,3,"[4.34375, 3.46875, 3.28125, 2.703125]"
False,3638,0,3034,2,"[2.984375, 4.25, 2.53125, 2.75]"
False,3639,2,3035,0,"[2.796875, 3.09375, 3.75, 3.578125]"
True,3640,0,3039,0,"[2.46875, 2.484375, 3.0, 2.890625]"
True,3641,3,3048,3,"[2.453125, 3.71875, 3.3125, 2.421875]"
True,3642,1,3053,1,"[2.875, 2.21875, 2.9375, 3.375]"
True,3643,1,3055,1,"[3.6875, 1.7421875, 3.203125, 3.0625]"
True,3644,2,3075,2,"[2.3125, 2.390625, 1.84375, 3.015625]"
False,3645,0,3081,3,"[3.25, 3.375, 2.8125, 2.125]"
False,3646,3,3090,0,"[2.15625, 3.203125, 2.328125, 2.1875]"
False,3647,1,3101,2,"[2.9375, 2.59375, 2.5, 3.21875]"
False,3648,2,3102,1,"[3.484375, 2.484375, 3.734375, 5.71875]"
False,3649,1,3107,0,"[2.984375, 3.3125, 4.0, 3.046875]"
True,3650,2,3114,2,"[3.1875, 3.4375, 2.828125, 3.453125]"
True,3651,0,3122,0,"[2.953125, 2.984375, 4.6875, 4.15625]"
False,3652,2,3130,1,"[2.84375, 2.5625, 3.3125, 3.5]"
False,3653,0,3160,2,"[3.828125, 4.28125, 2.578125, 3.171875]"
False,3654,3,3168,0,"[2.5, 2.65625, 2.8125, 2.640625]"
False,3655,0,3171,3,"[3.359375, 3.796875, 3.890625, 3.046875]"
True,3656,1,3184,1,"[2.453125, 2.40625, 3.5, 3.234375]"
False,3657,2,3190,1,"[3.0, 2.015625, 2.640625, 2.328125]"
True,3658,1,3199,1,"[2.359375, 1.8984375, 3.46875, 3.21875]"
False,3659,1,3207,0,"[2.609375, 3.21875, 3.640625, 3.453125]"
False,3660,2,3209,1,"[3.15625, 2.765625, 3.09375, 3.734375]"
False,3661,0,3210,1,"[2.5625, 2.046875, 2.578125, 4.1875]"
False,3662,0,3212,2,"[3.046875, 2.8125, 2.59375, 2.921875]"
True,3663,1,3219,1,"[2.65625, 2.46875, 3.6875, 4.21875]"
False,3664,0,3226,3,"[2.578125, 2.59375, 2.75, 2.40625]"
False,3665,1,3227,3,"[3.328125, 3.125, 2.78125, 2.734375]"
False,3666,3,3238,1,"[2.796875, 2.125, 3.546875, 3.78125]"
True,3667,0,3244,0,"[3.5625, 3.71875, 3.71875, 3.75]"
False,3668,0,3259,1,"[3.171875, 2.4375, 2.46875, 2.46875]"
False,3669,2,3265,1,"[2.71875, 2.171875, 2.3125, 2.203125]"
False,3670,2,3269,0,"[2.21875, 4.84375, 3.9375, 3.96875]"
False,3671,1,3274,0,"[3.234375, 3.25, 3.296875, 3.703125]"
True,3672,1,3278,1,"[2.828125, 2.71875, 2.875, 3.140625]"
False,3673,2,3281,1,"[3.265625, 2.4375, 3.28125, 3.0625]"
False,3674,2,3299,0,"[2.53125, 2.53125, 2.578125, 2.640625]"
False,3675,2,3300,1,"[2.828125, 2.171875, 3.0625, 3.359375]"
False,3676,1,3301,0,"[2.625, 2.9375, 2.859375, 3.078125]"
False,3677,2,3302,3,"[4.0, 3.8125, 2.765625, 2.65625]"
False,3678,1,3303,2,"[4.59375, 3.140625, 2.953125, 3.4375]"
True,3679,2,3332,2,"[2.890625, 3.203125, 2.5625, 3.703125]"
False,3680,1,3335,3,"[3.421875, 3.171875, 2.75, 2.296875]"
False,3681,2,3337,0,"[2.578125, 3.203125, 3.078125, 2.71875]"
False,3682,0,3353,2,"[2.734375, 2.03125, 1.359375, 2.578125]"
False,3683,0,3358,3,"[3.359375, 3.484375, 2.859375, 2.703125]"
True,3684,1,3360,1,"[3.0625, 2.53125, 3.359375, 3.046875]"
False,3685,3,3364,1,"[3.625, 3.140625, 3.671875, 3.203125]"
False,3686,0,3376,3,"[2.859375, 3.28125, 3.140625, 2.21875]"
False,3687,3,3392,1,"[2.8125, 2.328125, 3.5, 3.546875]"
True,3688,0,3395,0,"[2.84375, 3.375, 3.28125, 3.5]"
False,3689,2,3397,3,"[3.296875, 3.625, 3.984375, 2.125]"
False,3690,3,3416,0,"[2.640625, 3.484375, 2.875, 2.65625]"
False,3691,2,3418,3,"[3.359375, 3.578125, 3.4375, 3.171875]"
False,3692,2,3419,3,"[3.0625, 3.515625, 3.21875, 2.625]"
False,3693,3,3439,1,"[3.40625, 2.453125, 3.046875, 3.171875]"
False,3694,0,3446,1,"[3.4375, 2.953125, 3.828125, 2.96875]"
False,3695,0,3447,2,"[3.109375, 3.703125, 2.390625, 3.0]"
True,3696,0,3461,0,"[2.9375, 3.28125, 3.046875, 3.46875]"
True,3697,3,3465,3,"[2.78125, 3.109375, 3.296875, 2.5625]"
True,3698,3,3466,3,"[2.953125, 2.90625, 3.1875, 2.796875]"
False,3699,3,3474,1,"[2.640625, 2.203125, 2.6875, 2.40625]"
False,3700,3,3496,0,"[2.75, 3.359375, 3.734375, 2.875]"
False,3701,2,3503,3,"[2.71875, 3.21875, 3.125, 2.578125]"
False,3702,3,3510,2,"[2.71875, 2.875, 2.171875, 2.890625]"
False,3703,3,3537,1,"[2.984375, 2.28125, 3.53125, 2.75]"
False,3704,3,3546,0,"[2.703125, 3.5, 3.703125, 2.90625]"
True,3705,0,3555,0,"[2.140625, 2.90625, 2.3125, 2.5]"
False,3706,1,3558,0,"[2.890625, 3.84375, 2.9375, 3.171875]"
False,3707,3,3566,2,"[2.390625, 2.375, 1.84375, 2.765625]"
False,3708,3,3569,0,"[3.671875, 3.71875, 4.4375, 4.4375]"
False,3709,1,3595,2,"[3.484375, 2.96875, 2.875, 3.109375]"
False,3710,2,3605,0,"[2.390625, 3.375, 3.3125, 3.125]"
False,3711,3,3608,0,"[2.8125, 3.265625, 3.375, 3.03125]"
False,3712,3,3609,0,"[2.40625, 2.453125, 2.671875, 2.453125]"
True,3713,2,3618,2,"[2.828125, 2.921875, 2.390625, 2.453125]"
False,3714,1,3631,0,"[2.421875, 2.828125, 2.78125, 3.21875]"
False,3715,1,3635,0,"[2.984375, 3.109375, 3.09375, 3.859375]"
False,3716,1,3638,3,"[3.75, 3.171875, 3.6875, 2.921875]"
True,3717,0,3647,0,"[2.390625, 3.375, 3.0625, 3.265625]"
False,3718,2,3652,0,"[2.515625, 4.03125, 3.515625, 3.515625]"
False,3719,2,3653,0,"[2.71875, 3.21875, 3.890625, 3.765625]"
True,3720,2,3655,2,"[3.234375, 2.890625, 2.140625, 3.03125]"
False,3721,1,3657,0,"[2.6875, 3.625, 3.28125, 2.78125]"
False,3722,2,3661,0,"[2.359375, 2.640625, 2.59375, 2.71875]"
False,3723,3,3671,1,"[3.453125, 2.6875, 3.0625, 2.984375]"
False,3724,2,3680,3,"[2.890625, 3.0625, 2.828125, 2.734375]"
False,3725,0,3683,2,"[3.9375, 3.609375, 2.734375, 4.34375]"
False,3726,2,3687,3,"[2.796875, 2.671875, 2.40625, 2.25]"
False,3727,2,3691,3,"[2.328125, 2.203125, 4.25, 1.9921875]"
True,3728,2,3694,2,"[3.375, 2.78125, 2.546875, 2.703125]"
True,3729,3,3696,3,"[3.25, 3.921875, 3.296875, 3.171875]"
True,3730,3,3699,3,"[3.421875, 2.734375, 3.046875, 2.59375]"
False,3731,0,3701,2,"[3.453125, 3.640625, 2.09375, 2.859375]"
False,3732,2,3703,1,"[3.640625, 3.078125, 3.375, 3.25]"
True,3733,1,3710,1,"[3.046875, 2.46875, 3.078125, 3.734375]"
True,3734,3,3715,3,"[2.890625, 3.4375, 3.28125, 2.09375]"
True,3735,1,3729,1,"[2.578125, 1.96875, 3.046875, 2.875]"
False,3736,0,3736,1,"[3.15625, 3.03125, 3.5625, 3.53125]"
False,3737,2,3751,0,"[2.171875, 3.09375, 2.265625, 2.625]"
False,3738,3,3763,0,"[2.5625, 3.25, 3.75, 3.5]"
True,3739,0,3767,0,"[2.796875, 4.40625, 3.703125, 3.78125]"
False,3740,1,3775,3,"[3.203125, 3.96875, 3.9375, 2.671875]"
False,3741,1,3776,2,"[3.09375, 2.9375, 2.921875, 3.234375]"
False,3742,2,3788,3,"[2.53125, 3.484375, 2.25, 2.234375]"
False,3743,3,3789,2,"[3.46875, 3.484375, 2.6875, 2.9375]"
True,3744,3,3795,3,"[2.71875, 3.265625, 3.328125, 2.375]"
True,3745,3,3799,3,"[3.125, 2.859375, 2.890625, 2.71875]"
False,3746,3,3824,0,"[2.03125, 3.421875, 2.671875, 3.515625]"
False,3747,1,3852,3,"[3.515625, 3.796875, 2.90625, 2.6875]"
False,3748,2,3856,0,"[2.65625, 3.078125, 2.796875, 3.15625]"
False,3749,3,3858,2,"[2.859375, 3.140625, 2.625, 2.8125]"
False,3750,3,3870,1,"[3.734375, 2.640625, 3.34375, 2.78125]"
True,3751,0,3881,0,"[3.078125, 3.640625, 3.390625, 3.71875]"
False,3752,2,3888,0,"[2.546875, 3.53125, 3.25, 3.125]"
False,3753,3,3889,1,"[2.921875, 2.3125, 2.828125, 2.359375]"
False,3754,1,3890,2,"[3.046875, 3.140625, 2.921875, 4.0]"
False,3755,0,3898,3,"[3.328125, 2.953125, 3.0625, 2.359375]"
False,3756,3,3899,1,"[2.34375, 1.84375, 2.609375, 3.046875]"
False,3757,3,3902,1,"[3.796875, 2.796875, 2.890625, 2.96875]"
False,3758,0,3914,3,"[3.25, 3.375, 3.3125, 2.15625]"
False,3759,3,3922,0,"[2.390625, 3.921875, 3.203125, 2.421875]"
False,3760,0,3924,2,"[2.953125, 2.828125, 2.359375, 2.828125]"
True,3761,0,3926,0,"[2.765625, 3.3125, 3.125, 3.21875]"
False,3762,2,3942,3,"[2.875, 3.484375, 3.015625, 2.734375]"
False,3763,1,3957,3,"[3.078125, 2.609375, 3.203125, 2.5625]"
False,3764,3,3961,1,"[2.90625, 2.71875, 4.1875, 3.15625]"
False,3765,3,3970,2,"[2.34375, 2.59375, 1.6640625, 2.59375]"
False,3766,3,3973,2,"[2.578125, 3.1875, 2.390625, 2.4375]"
False,3767,1,3989,3,"[2.859375, 2.71875, 3.0, 2.625]"
True,3768,0,4004,0,"[2.671875, 2.671875, 2.6875, 3.390625]"
False,3769,3,4009,0,"[2.390625, 3.265625, 2.859375, 3.015625]"
False,3770,3,4012,0,"[2.171875, 2.53125, 3.421875, 2.828125]"
False,3771,1,4014,2,"[4.1875, 2.8125, 2.59375, 3.125]"
False,3772,1,4021,3,"[3.359375, 3.9375, 4.15625, 3.21875]"
False,3773,3,4032,0,"[2.046875, 3.21875, 3.171875, 2.640625]"
False,3774,2,4046,3,"[2.640625, 3.46875, 3.015625, 2.484375]"
True,3775,0,4051,0,"[2.84375, 3.296875, 3.28125, 3.0625]"
False,3776,2,4053,1,"[2.453125, 2.21875, 2.921875, 2.9375]"
True,3777,3,4056,3,"[3.34375, 3.640625, 2.46875, 2.171875]"
True,3778,1,4058,1,"[2.484375, 2.171875, 3.140625, 2.78125]"
False,3779,0,4073,2,"[3.015625, 3.46875, 2.984375, 4.15625]"
False,3780,3,4077,1,"[3.234375, 2.203125, 2.9375, 2.546875]"
False,3781,2,4091,0,"[2.015625, 2.03125, 3.0, 3.234375]"
False,3782,0,4096,1,"[2.484375, 1.7890625, 3.203125, 2.828125]"
True,3783,2,4105,2,"[2.78125, 2.1875, 2.171875, 3.25]"
True,3784,0,4111,0,"[2.296875, 3.15625, 3.8125, 3.21875]"
True,3785,3,4118,3,"[2.484375, 2.296875, 2.8125, 2.125]"
False,3786,0,4129,1,"[2.25, 2.203125, 3.5, 2.921875]"
False,3787,1,4142,2,"[3.59375, 3.484375, 3.234375, 3.421875]"
False,3788,2,4153,0,"[2.984375, 3.25, 3.109375, 3.046875]"
False,3789,2,4156,0,"[2.34375, 2.796875, 2.453125, 2.546875]"
False,3790,3,4163,1,"[3.546875, 2.734375, 2.875, 3.375]"
True,3791,1,4165,1,"[3.5625, 2.765625, 3.765625, 3.453125]"
False,3792,2,4170,1,"[3.390625, 2.5625, 2.859375, 2.859375]"
True,3793,3,4171,3,"[3.8125, 2.75, 3.625, 2.71875]"
False,3794,1,4188,2,"[3.265625, 2.59375, 2.25, 2.515625]"
False,3795,0,4205,2,"[3.125, 3.1875, 2.5, 3.296875]"
False,3796,3,4222,0,"[2.75, 3.15625, 2.984375, 2.828125]"
False,3797,1,4225,0,"[2.90625, 3.546875, 4.3125, 2.984375]"
False,3798,2,4229,0,"[3.046875, 3.546875, 3.328125, 3.78125]"
True,3799,1,4258,1,"[3.125, 2.359375, 3.328125, 2.578125]"
False,3800,0,4264,2,"[3.46875, 2.65625, 2.640625, 2.71875]"
False,3801,3,4274,1,"[2.015625, 1.8671875, 2.515625, 2.3125]"
False,3802,3,4292,0,"[2.875, 3.09375, 3.265625, 3.53125]"
False,3803,2,4293,0,"[2.78125, 3.21875, 3.40625, 3.671875]"
False,3804,2,4295,0,"[3.0, 3.921875, 4.5625, 3.90625]"
False,3805,1,4304,0,"[2.625, 2.796875, 3.171875, 2.921875]"
False,3806,1,4311,2,"[2.828125, 3.375, 2.5, 3.953125]"
False,3807,1,4313,2,"[3.328125, 2.96875, 2.640625, 3.109375]"
False,3808,2,4314,1,"[3.0, 2.625, 3.109375, 3.265625]"
False,3809,0,4321,3,"[2.5625, 3.546875, 3.328125, 2.1875]"
False,3810,3,4335,0,"[2.53125, 2.734375, 3.03125, 3.515625]"
True,3811,1,4343,1,"[3.296875, 3.015625, 3.609375, 3.203125]"
True,3812,3,4353,3,"[4.0625, 3.390625, 3.296875, 2.671875]"
True,3813,2,4355,2,"[3.546875, 4.15625, 2.984375, 3.234375]"
False,3814,2,4367,1,"[2.796875, 2.4375, 2.828125, 2.5625]"
True,3815,1,4384,1,"[2.59375, 2.484375, 3.34375, 2.640625]"
True,3816,1,4399,1,"[3.125, 2.25, 2.953125, 2.34375]"
True,3817,2,4410,2,"[2.890625, 2.40625, 2.296875, 2.84375]"
False,3818,3,4419,0,"[2.25, 2.390625, 2.921875, 3.75]"
False,3819,1,4420,0,"[3.140625, 4.34375, 3.53125, 3.859375]"
False,3820,3,4453,2,"[3.015625, 3.109375, 2.53125, 2.765625]"
True,3821,0,4473,0,"[2.078125, 2.484375, 3.125, 2.578125]"
False,3822,1,4477,2,"[3.84375, 3.34375, 2.640625, 4.03125]"
False,3823,3,4493,2,"[4.03125, 4.21875, 3.328125, 3.796875]"
False,3824,0,4518,1,"[3.421875, 3.234375, 3.421875, 3.234375]"
False,3825,0,4520,2,"[2.828125, 3.734375, 2.734375, 3.625]"
False,3826,1,4523,2,"[2.859375, 3.828125, 1.953125, 3.0]"
False,3827,0,4524,1,"[3.21875, 2.953125, 3.390625, 3.328125]"
True,3828,3,4527,3,"[2.9375, 2.484375, 3.203125, 2.34375]"
False,3829,0,4529,2,"[2.9375, 3.015625, 2.796875, 3.296875]"
False,3830,1,4553,3,"[3.65625, 4.6875, 3.21875, 2.28125]"
True,3831,0,4562,0,"[2.1875, 3.703125, 2.46875, 2.53125]"
True,3832,0,4566,0,"[2.671875, 3.21875, 2.84375, 2.828125]"
True,3833,1,4574,1,"[3.296875, 2.390625, 2.484375, 2.484375]"
False,3834,1,4584,2,"[4.21875, 3.375, 3.25, 4.28125]"
True,3835,2,4589,2,"[3.515625, 2.828125, 2.390625, 2.46875]"
True,3836,0,4590,0,"[2.421875, 3.84375, 2.421875, 2.546875]"
True,3837,2,4596,2,"[4.09375, 3.984375, 3.203125, 3.71875]"
False,3838,3,4606,2,"[3.0625, 2.984375, 2.46875, 3.15625]"
True,3839,1,4607,1,"[3.046875, 2.71875, 2.9375, 2.71875]"
True,3840,3,4608,3,"[2.9375, 3.375, 3.640625, 2.734375]"
True,3841,3,4610,3,"[2.859375, 3.34375, 3.59375, 2.71875]"
False,3842,1,4616,2,"[3.0625, 2.5625, 2.203125, 3.40625]"
False,3843,2,4619,1,"[3.921875, 2.953125, 3.6875, 3.234375]"
False,3844,1,4622,3,"[3.21875, 3.25, 2.890625, 2.203125]"
True,3845,0,4624,0,"[2.453125, 3.296875, 4.625, 3.328125]"
False,3846,3,4629,2,"[3.421875, 3.34375, 2.96875, 3.15625]"
True,3847,0,4630,0,"[1.15625, 2.84375, 2.984375, 2.53125]"
False,3848,0,4641,3,"[2.78125, 2.8125, 3.5, 2.578125]"
False,3849,2,4645,0,"[2.734375, 4.28125, 2.78125, 3.484375]"
False,3850,3,4647,0,"[2.03125, 2.734375, 3.09375, 2.546875]"
True,3851,0,4658,0,"[2.3125, 2.84375, 3.046875, 2.921875]"
True,3852,3,4688,3,"[3.0625, 3.484375, 3.109375, 2.96875]"
False,3853,3,4721,2,"[2.84375, 2.890625, 2.609375, 2.640625]"
False,3854,1,4731,3,"[4.0625, 3.46875, 3.84375, 3.4375]"
False,3855,0,4737,2,"[3.234375, 4.375, 2.890625, 4.0]"
False,3856,1,4739,0,"[2.609375, 2.84375, 3.421875, 3.25]"
False,3857,1,4745,3,"[4.1875, 3.390625, 3.625, 3.140625]"
False,3858,2,4754,1,"[2.34375, 1.84375, 2.375, 3.34375]"
True,3859,1,4755,1,"[2.859375, 2.171875, 3.15625, 3.234375]"
False,3860,2,4763,1,"[3.5, 3.0625, 3.171875, 3.609375]"
False,3861,3,4770,1,"[3.0, 2.203125, 2.59375, 3.6875]"
False,3862,3,4777,0,"[2.640625, 3.015625, 3.15625, 2.71875]"
False,3863,1,4778,0,"[2.484375, 3.46875, 3.203125, 3.296875]"
False,3864,3,4805,0,"[2.671875, 3.046875, 2.71875, 2.703125]"
False,3865,3,4836,0,"[2.078125, 2.625, 3.3125, 3.296875]"
False,3866,2,4844,0,"[2.515625, 3.453125, 3.25, 2.59375]"
False,3867,2,4847,1,"[2.859375, 2.484375, 2.640625, 2.734375]"
False,3868,0,4853,2,"[2.453125, 3.109375, 2.421875, 2.953125]"
False,3869,1,4854,0,"[2.640625, 3.703125, 3.71875, 3.734375]"
True,3870,1,4859,1,"[3.71875, 2.296875, 2.65625, 3.234375]"
False,3871,0,4867,3,"[3.203125, 3.09375, 3.015625, 2.984375]"
True,3872,2,4868,2,"[3.578125, 2.921875, 2.625, 3.328125]"
True,3873,0,4874,0,"[2.8125, 3.53125, 3.84375, 3.671875]"
False,3874,0,4881,2,"[3.0, 3.75, 2.078125, 2.578125]"
False,3875,2,4893,1,"[3.71875, 2.609375, 2.921875, 3.125]"
True,3876,1,4901,1,"[2.953125, 2.8125, 3.265625, 2.8125]"
False,3877,2,4909,3,"[3.234375, 2.4375, 3.09375, 2.140625]"
True,3878,2,4914,2,"[2.875, 3.1875, 2.609375, 2.875]"
False,3879,3,4929,2,"[4.0625, 2.34375, 2.21875, 2.578125]"
False,3880,2,4936,1,"[3.3125, 2.890625, 3.109375, 2.953125]"
False,3881,3,4940,2,"[2.296875, 2.015625, 1.8125, 2.671875]"
True,3882,2,4943,2,"[3.25, 2.71875, 2.40625, 2.78125]"
True,3883,0,4948,0,"[2.546875, 3.078125, 2.96875, 3.484375]"
False,3884,3,4954,2,"[2.625, 3.078125, 2.53125, 2.546875]"
True,3885,0,4979,0,"[2.84375, 3.109375, 3.046875, 3.1875]"
False,3886,1,4986,0,"[2.75, 3.046875, 3.28125, 3.171875]"
False,3887,3,4997,1,"[3.328125, 2.125, 3.296875, 3.015625]"
False,3888,0,5002,1,"[2.25, 2.1875, 2.21875, 2.625]"
False,3889,0,5014,2,"[2.75, 2.71875, 2.140625, 3.34375]"
False,3890,2,5015,0,"[2.421875, 3.9375, 3.15625, 3.265625]"
False,3891,2,5018,1,"[2.765625, 2.109375, 3.015625, 2.4375]"
False,3892,3,5019,1,"[3.328125, 2.25, 2.921875, 3.515625]"
False,3893,1,5029,2,"[2.25, 2.75, 2.21875, 2.40625]"
True,3894,1,5033,1,"[3.234375, 2.484375, 2.90625, 3.65625]"
False,3895,0,5041,3,"[4.03125, 2.8125, 2.734375, 2.234375]"
False,3896,2,5045,3,"[3.890625, 2.78125, 2.953125, 2.40625]"
False,3897,0,5050,2,"[4.03125, 3.328125, 2.28125, 2.953125]"
False,3898,3,5056,0,"[2.65625, 3.09375, 3.046875, 3.6875]"
False,3899,0,5066,2,"[3.59375, 3.140625, 3.078125, 3.390625]"
True,3900,1,5071,1,"[2.671875, 2.65625, 3.546875, 3.515625]"
False,3901,0,5079,3,"[2.953125, 3.09375, 3.59375, 2.671875]"
False,3902,2,5082,1,"[3.109375, 2.21875, 2.671875, 2.515625]"
False,3903,0,5083,3,"[2.75, 2.96875, 3.640625, 2.6875]"
False,3904,0,5085,2,"[3.5, 2.96875, 2.265625, 2.390625]"
False,3905,0,5086,1,"[2.703125, 2.265625, 2.953125, 3.140625]"
False,3906,0,5112,2,"[2.546875, 3.0625, 2.203125, 2.78125]"
False,3907,0,5140,1,"[3.765625, 3.59375, 3.65625, 3.6875]"
False,3908,0,5150,1,"[3.015625, 2.640625, 3.703125, 4.09375]"
False,3909,0,5153,1,"[2.96875, 2.8125, 3.078125, 3.0]"
False,3910,3,5157,0,"[3.359375, 4.0625, 4.0, 3.40625]"
False,3911,1,5175,2,"[3.390625, 3.53125, 2.78125, 3.359375]"
False,3912,0,5207,2,"[2.953125, 4.34375, 2.625, 2.90625]"
False,3913,1,5214,3,"[2.859375, 3.90625, 3.84375, 2.5625]"
False,3914,3,5226,0,"[2.21875, 2.953125, 2.984375, 3.578125]"
False,3915,3,5244,0,"[2.828125, 3.0625, 3.234375, 4.1875]"
False,3916,0,5246,3,"[3.09375, 3.15625, 2.921875, 2.765625]"
False,3917,3,5251,1,"[3.78125, 2.671875, 3.375, 2.953125]"
False,3918,0,5282,2,"[2.625, 2.796875, 2.234375, 2.578125]"
True,3919,0,5285,0,"[2.03125, 2.859375, 2.84375, 2.375]"
False,3920,2,5286,0,"[2.578125, 2.78125, 2.8125, 2.859375]"
False,3921,1,5289,3,"[4.0625, 3.1875, 4.21875, 3.0]"
False,3922,1,5291,0,"[1.5703125, 2.59375, 3.875, 3.03125]"
False,3923,2,5294,0,"[3.203125, 3.21875, 3.609375, 3.9375]"
True,3924,2,5301,2,"[3.234375, 3.140625, 3.03125, 3.328125]"
False,3925,0,5304,1,"[3.09375, 2.78125, 3.59375, 3.609375]"
False,3926,2,5311,3,"[2.125, 3.5, 3.109375, 1.3125]"
False,3927,1,5312,2,"[3.40625, 2.8125, 2.671875, 3.25]"
False,3928,1,5319,3,"[2.5625, 2.25, 2.546875, 2.140625]"
False,3929,1,5320,2,"[2.984375, 3.5625, 2.828125, 4.1875]"
False,3930,3,5325,1,"[2.84375, 2.625, 2.6875, 3.296875]"
False,3931,0,5352,3,"[2.9375, 2.96875, 2.234375, 1.9453125]"
False,3932,0,5374,1,"[2.90625, 2.71875, 3.078125, 3.5]"
False,3933,3,5375,2,"[4.40625, 2.96875, 2.671875, 2.953125]"
False,3934,0,5376,2,"[3.46875, 3.421875, 2.953125, 3.171875]"
True,3935,3,5381,3,"[4.28125, 3.71875, 3.984375, 3.421875]"
False,3936,1,5391,2,"[3.328125, 2.828125, 2.40625, 3.1875]"
False,3937,1,5396,0,"[2.6875, 2.890625, 2.78125, 2.703125]"
False,3938,3,5405,2,"[3.015625, 3.53125, 2.609375, 3.109375]"
False,3939,1,5408,3,"[2.625, 3.40625, 2.75, 2.515625]"
False,3940,2,5415,1,"[4.0625, 2.671875, 3.28125, 3.5625]"
False,3941,3,5417,0,"[3.046875, 3.5, 3.25, 3.421875]"
False,3942,1,5424,3,"[3.109375, 2.453125, 3.71875, 2.4375]"
False,3943,3,5427,2,"[3.15625, 2.890625, 2.640625, 2.8125]"
False,3944,1,5428,2,"[3.203125, 3.0625, 2.609375, 2.8125]"
False,3945,1,5437,3,"[3.046875, 3.140625, 2.890625, 2.265625]"
False,3946,0,5453,2,"[4.1875, 3.859375, 2.25, 2.875]"
True,3947,2,5458,2,"[3.0625, 2.765625, 2.359375, 2.4375]"
True,3948,3,5465,3,"[2.625, 3.59375, 2.640625, 2.28125]"
False,3949,0,5466,3,"[3.703125, 3.015625, 1.890625, 1.4921875]"
True,3950,2,5482,2,"[3.03125, 3.265625, 2.328125, 2.5625]"
False,3951,0,5484,2,"[3.21875, 3.234375, 2.328125, 3.765625]"
False,3952,3,5493,2,"[3.6875, 3.515625, 2.515625, 2.984375]"
False,3953,1,5494,0,"[2.5, 3.140625, 2.96875, 3.078125]"
False,3954,2,5495,0,"[2.125, 2.6875, 3.1875, 3.171875]"
True,3955,1,5502,1,"[2.375, 2.25, 2.953125, 3.015625]"
False,3956,3,5508,1,"[3.25, 2.625, 2.71875, 3.21875]"
False,3957,3,5513,2,"[1.96875, 2.65625, 1.9140625, 2.53125]"
False,3958,0,5525,2,"[2.625, 2.359375, 2.0625, 3.3125]"
False,3959,0,5528,2,"[3.328125, 3.140625, 2.234375, 3.078125]"
False,3960,1,5533,3,"[3.3125, 4.875, 3.5625, 3.296875]"
False,3961,0,5537,1,"[3.59375, 2.703125, 3.015625, 3.234375]"
False,3962,2,5539,1,"[3.0, 2.109375, 3.265625, 3.234375]"
False,3963,1,5542,2,"[2.953125, 2.953125, 2.203125, 2.765625]"
False,3964,2,5547,3,"[3.0, 2.90625, 2.9375, 2.578125]"
False,3965,3,5550,1,"[3.578125, 2.125, 3.03125, 3.28125]"
False,3966,1,5565,2,"[3.1875, 3.109375, 2.078125, 2.25]"
False,3967,0,5573,2,"[2.828125, 3.421875, 2.78125, 2.84375]"
True,3968,0,5574,0,"[2.4375, 2.796875, 3.421875, 3.734375]"
False,3969,1,5588,0,"[2.328125, 2.734375, 2.484375, 2.546875]"
False,3970,1,5591,0,"[2.6875, 3.125, 3.125, 3.609375]"
False,3971,2,5598,1,"[2.71875, 2.40625, 3.046875, 2.90625]"
False,3972,1,5613,3,"[3.140625, 2.875, 3.203125, 2.34375]"
False,3973,3,5614,0,"[2.921875, 3.640625, 3.3125, 3.578125]"
True,3974,1,5617,1,"[2.9375, 2.546875, 3.328125, 3.3125]"
True,3975,2,5619,2,"[3.25, 2.765625, 2.6875, 3.734375]"
False,3976,1,5638,3,"[3.09375, 3.828125, 3.828125, 2.625]"
False,3977,0,5640,3,"[3.234375, 3.140625, 3.34375, 2.765625]"
False,3978,3,5641,0,"[2.4375, 3.171875, 3.46875, 2.53125]"
False,3979,0,5651,1,"[4.15625, 2.390625, 2.640625, 2.703125]"
False,3980,1,5667,3,"[2.921875, 3.078125, 2.625, 2.609375]"
False,3981,3,5669,0,"[2.703125, 3.078125, 3.75, 3.15625]"
False,3982,0,5670,2,"[3.3125, 2.890625, 2.421875, 2.46875]"
False,3983,3,5674,1,"[2.84375, 2.5, 2.859375, 3.328125]"
False,3984,2,5676,1,"[2.84375, 2.046875, 3.28125, 3.125]"
False,3985,2,5682,0,"[2.40625, 2.453125, 3.28125, 2.65625]"
True,3986,3,5687,3,"[4.78125, 3.265625, 3.0, 2.890625]"
False,3987,0,5694,1,"[3.0, 2.671875, 3.4375, 3.671875]"
True,3988,3,5705,3,"[3.203125, 2.90625, 2.796875, 2.453125]"
False,3989,0,5714,1,"[3.328125, 2.359375, 2.671875, 2.84375]"
False,3990,3,5722,0,"[2.65625, 2.84375, 3.453125, 3.359375]"
False,3991,0,5723,2,"[3.265625, 3.546875, 3.171875, 3.421875]"
True,3992,2,5727,2,"[2.875, 3.140625, 2.53125, 3.34375]"
False,3993,3,5748,0,"[3.125, 3.25, 3.625, 3.84375]"
False,3994,0,5749,1,"[2.109375, 1.5703125, 1.78125, 2.6875]"
False,3995,0,5769,3,"[3.21875, 3.421875, 3.484375, 3.0]"
True,3996,1,5780,1,"[3.75, 2.59375, 2.828125, 3.3125]"
False,3997,1,5781,3,"[3.28125, 2.796875, 3.609375, 2.53125]"
True,3998,3,5782,3,"[2.6875, 3.65625, 2.78125, 2.671875]"
False,3999,0,5790,1,"[2.953125, 2.484375, 2.59375, 2.765625]"
False,4000,1,5795,3,"[2.90625, 3.0, 3.9375, 2.640625]"
False,4001,2,5797,1,"[3.359375, 2.75, 3.09375, 3.65625]"
False,4002,0,5811,2,"[2.875, 2.71875, 2.65625, 3.125]"
True,4003,0,5812,0,"[2.15625, 2.359375, 2.453125, 2.703125]"
False,4004,0,5816,2,"[3.484375, 3.015625, 2.578125, 3.15625]"
True,4005,2,5828,2,"[3.6875, 3.125, 2.796875, 4.25]"
False,4006,1,5830,2,"[3.015625, 2.671875, 2.640625, 3.140625]"
False,4007,2,5835,3,"[3.25, 3.390625, 2.640625, 1.609375]"
False,4008,0,5842,2,"[3.359375, 3.203125, 2.703125, 3.578125]"
False,4009,1,5849,3,"[3.109375, 2.8125, 2.578125, 2.4375]"
False,4010,2,5861,0,"[3.0, 3.71875, 3.765625, 3.3125]"
False,4011,3,5864,0,"[2.5625, 3.5625, 4.65625, 3.015625]"
False,4012,3,5867,0,"[1.921875, 3.359375, 3.109375, 2.046875]"
True,4013,3,5870,3,"[3.078125, 2.96875, 3.078125, 2.90625]"
False,4014,3,5906,1,"[3.046875, 2.984375, 4.46875, 3.171875]"
False,4015,3,5926,0,"[3.03125, 3.453125, 3.484375, 3.328125]"
False,4016,3,5929,1,"[3.109375, 2.859375, 3.265625, 3.3125]"
False,4017,3,5943,2,"[2.890625, 3.28125, 2.375, 3.0]"
False,4018,2,5964,0,"[2.921875, 3.125, 3.28125, 3.859375]"
True,4019,0,5971,0,"[2.65625, 3.46875, 3.421875, 3.28125]"
True,4020,2,5975,2,"[3.515625, 2.421875, 2.25, 2.71875]"
False,4021,2,5977,3,"[3.078125, 2.84375, 3.40625, 2.359375]"
True,4022,0,6004,0,"[2.46875, 2.640625, 2.46875, 2.78125]"
True,4023,2,6012,2,"[3.015625, 3.65625, 2.78125, 2.984375]"
True,4024,0,6023,0,"[2.671875, 2.71875, 3.515625, 4.15625]"
True,4025,2,6025,2,"[3.5, 2.609375, 2.5, 3.734375]"
False,4026,0,6049,1,"[3.328125, 2.234375, 2.453125, 2.890625]"
False,4027,0,6053,3,"[3.25, 2.46875, 2.59375, 2.4375]"
False,4028,1,6064,0,"[2.6875, 3.65625, 3.0625, 4.15625]"
True,4029,1,6069,1,"[3.109375, 2.390625, 3.203125, 3.625]"
True,4030,2,6085,2,"[4.0625, 2.53125, 2.40625, 3.359375]"
False,4031,3,6106,0,"[2.375, 3.328125, 3.421875, 2.609375]"
True,4032,1,6115,1,"[3.453125, 2.265625, 3.125, 3.296875]"
True,4033,1,6122,1,"[2.9375, 2.4375, 2.625, 2.921875]"
True,4034,2,6128,2,"[2.671875, 2.609375, 1.9296875, 3.390625]"
False,4035,3,6134,1,"[4.15625, 3.03125, 3.4375, 3.21875]"
False,4036,2,6145,3,"[3.0, 3.578125, 3.078125, 2.8125]"
True,4037,2,6160,2,"[3.328125, 3.203125, 2.78125, 3.328125]"
False,4038,1,6166,2,"[3.421875, 4.0625, 2.4375, 3.828125]"
False,4039,1,6179,3,"[2.875, 2.453125, 3.25, 2.25]"
False,4040,2,6183,3,"[2.984375, 2.828125, 2.515625, 2.234375]"
False,4041,0,6199,3,"[3.25, 3.3125, 3.125, 2.6875]"
False,4042,0,6206,2,"[3.53125, 3.609375, 2.828125, 3.375]"
False,4043,1,6207,2,"[3.265625, 2.90625, 2.46875, 3.140625]"
True,4044,3,6218,3,"[3.5625, 3.640625, 3.90625, 2.6875]"
False,4045,2,6220,0,"[2.203125, 2.28125, 3.203125, 2.609375]"
False,4046,0,6223,1,"[2.953125, 2.40625, 2.640625, 3.0]"
True,4047,1,6233,1,"[3.203125, 2.3125, 2.828125, 3.109375]"
True,4048,3,6237,3,"[4.34375, 3.296875, 3.140625, 2.703125]"
False,4049,1,6253,3,"[2.8125, 3.1875, 3.078125, 2.453125]"
True,4050,1,6256,1,"[3.28125, 2.375, 3.3125, 3.234375]"
False,4051,3,6264,2,"[3.375, 3.53125, 3.078125, 3.390625]"
True,4052,3,6267,3,"[3.765625, 3.28125, 3.375, 1.9921875]"
False,4053,1,6277,0,"[2.765625, 2.921875, 2.859375, 3.015625]"
False,4054,0,6278,3,"[3.5625, 2.96875, 3.625, 2.46875]"
False,4055,2,6280,0,"[2.453125, 3.078125, 2.90625, 2.640625]"
False,4056,2,6281,3,"[3.875, 3.359375, 3.078125, 2.96875]"
True,4057,1,6283,1,"[2.953125, 2.8125, 2.953125, 2.96875]"
False,4058,1,6286,2,"[4.1875, 3.0, 2.984375, 3.53125]"
False,4059,1,6290,2,"[3.78125, 3.25, 2.515625, 4.6875]"
True,4060,2,6295,2,"[3.5625, 3.15625, 3.015625, 3.75]"
False,4061,0,6302,1,"[2.625, 2.296875, 2.984375, 3.046875]"
False,4062,3,6311,0,"[2.0625, 2.21875, 2.84375, 2.9375]"
True,4063,2,6315,2,"[3.09375, 2.734375, 2.65625, 2.671875]"
False,4064,0,6316,3,"[2.53125, 2.640625, 2.75, 2.109375]"
True,4065,3,6320,3,"[3.765625, 2.96875, 3.078125, 1.8828125]"
True,4066,3,6325,3,"[3.328125, 2.4375, 2.515625, 2.125]"
True,4067,2,6327,2,"[2.5, 3.390625, 2.125, 3.109375]"
True,4068,0,6330,0,"[2.125, 3.5625, 3.71875, 3.171875]"
False,4069,0,6331,1,"[3.15625, 3.015625, 3.3125, 3.359375]"
True,4070,1,6339,1,"[3.171875, 2.4375, 2.609375, 2.46875]"
True,4071,0,6340,0,"[2.625, 2.8125, 3.125, 3.53125]"
False,4072,0,6346,2,"[3.59375, 3.203125, 2.8125, 4.5625]"
False,4073,1,6350,2,"[3.46875, 3.65625, 2.890625, 3.203125]"
False,4074,2,6358,1,"[3.859375, 2.78125, 2.828125, 2.9375]"
True,4075,0,6359,0,"[2.5625, 2.859375, 3.0, 3.125]"
True,4076,1,6361,1,"[2.453125, 2.234375, 2.328125, 2.890625]"
False,4077,1,6369,0,"[1.796875, 3.0, 3.375, 3.125]"
False,4078,3,6400,2,"[4.1875, 4.9375, 3.1875, 3.203125]"
True,4079,3,6403,3,"[3.015625, 3.6875, 3.65625, 2.90625]"
True,4080,2,6412,2,"[2.609375, 2.71875, 2.578125, 2.6875]"
False,4081,2,6415,0,"[2.34375, 2.78125, 3.0, 3.265625]"
False,4082,2,6423,1,"[2.828125, 2.125, 2.59375, 2.140625]"
True,4083,2,6435,2,"[3.34375, 2.96875, 2.703125, 2.765625]"
False,4084,2,6436,1,"[2.78125, 2.25, 2.984375, 3.125]"
True,4085,1,6441,1,"[3.0, 2.328125, 3.0, 3.53125]"
True,4086,1,6454,1,"[3.96875, 2.84375, 4.1875, 3.34375]"
False,4087,3,6457,1,"[3.140625, 2.515625, 2.96875, 3.234375]"
False,4088,0,6464,3,"[2.9375, 2.75, 2.953125, 2.40625]"
False,4089,2,6467,1,"[3.078125, 1.7890625, 1.9453125, 2.390625]"
False,4090,0,6474,2,"[2.6875, 3.03125, 2.53125, 3.09375]"
False,4091,2,6492,0,"[2.5625, 3.3125, 2.9375, 3.09375]"
False,4092,3,6496,2,"[3.34375, 3.359375, 2.96875, 3.03125]"
True,4093,1,6498,1,"[2.6875, 2.125, 2.4375, 3.4375]"
False,4094,2,6505,0,"[2.546875, 4.28125, 2.671875, 3.59375]"
False,4095,2,6506,1,"[3.09375, 2.34375, 3.578125, 3.484375]"
False,4096,1,6511,0,"[2.65625, 2.796875, 2.796875, 3.140625]"
False,4097,1,6514,2,"[2.984375, 3.140625, 2.96875, 3.296875]"
False,4098,0,6516,2,"[3.453125, 3.421875, 2.9375, 3.421875]"
False,4099,2,6532,0,"[1.8984375, 2.78125, 3.203125, 3.109375]"
False,4100,1,6537,2,"[2.984375, 3.34375, 2.453125, 2.78125]"
False,4101,2,6542,0,"[2.4375, 2.875, 2.59375, 3.0625]"
False,4102,3,6552,0,"[2.3125, 3.28125, 2.421875, 2.6875]"
False,4103,0,6556,1,"[3.265625, 2.40625, 3.296875, 3.5]"
True,4104,0,6559,0,"[1.8828125, 3.734375, 2.484375, 3.203125]"
False,4105,1,6560,3,"[2.9375, 3.125, 3.046875, 2.6875]"
False,4106,3,6561,1,"[2.59375, 2.515625, 2.875, 3.15625]"
False,4107,3,6565,1,"[3.515625, 2.78125, 3.734375, 2.8125]"
False,4108,2,6569,1,"[2.859375, 2.78125, 3.046875, 2.953125]"
False,4109,3,6571,0,"[1.9296875, 2.21875, 3.046875, 2.5]"
False,4110,0,6573,2,"[2.53125, 3.28125, 2.21875, 2.765625]"
False,4111,2,6587,1,"[3.15625, 3.078125, 3.3125, 3.15625]"
False,4112,0,6601,3,"[3.40625, 3.25, 2.921875, 2.265625]"
False,4113,2,6604,0,"[2.3125, 2.5, 2.375, 2.53125]"
True,4114,2,6609,2,"[2.90625, 2.6875, 2.125, 3.390625]"
False,4115,2,6613,1,"[3.203125, 3.125, 3.125, 4.25]"
False,4116,1,6621,0,"[2.46875, 3.125, 3.640625, 2.5625]"
False,4117,2,6626,0,"[2.59375, 2.859375, 2.796875, 2.953125]"
False,4118,3,6640,2,"[2.3125, 3.234375, 1.3515625, 2.46875]"
False,4119,1,6642,3,"[2.4375, 3.375, 2.453125, 2.140625]"
False,4120,3,6643,0,"[2.4375, 4.96875, 2.453125, 3.109375]"
False,4121,2,6647,3,"[2.359375, 2.859375, 2.53125, 2.296875]"
False,4122,2,6654,1,"[3.34375, 2.984375, 3.4375, 3.359375]"
True,4123,0,6660,0,"[1.9609375, 3.328125, 2.453125, 2.75]"
False,4124,2,6662,0,"[2.46875, 2.9375, 2.46875, 2.703125]"
False,4125,1,6667,2,"[2.78125, 2.71875, 1.9921875, 3.5]"
False,4126,2,6671,3,"[3.484375, 3.765625, 2.578125, 2.40625]"
True,4127,3,6673,3,"[3.328125, 2.046875, 2.734375, 1.828125]"
True,4128,2,6674,2,"[3.046875, 2.828125, 1.7265625, 2.921875]"
True,4129,3,6675,3,"[3.453125, 3.640625, 3.828125, 3.03125]"
True,4130,0,6679,0,"[2.46875, 3.046875, 2.8125, 3.15625]"
True,4131,3,6680,3,"[3.5, 3.15625, 3.3125, 2.609375]"
False,4132,0,6686,3,"[3.578125, 2.921875, 3.328125, 2.859375]"
False,4133,3,6711,1,"[2.875, 2.125, 2.78125, 2.375]"
False,4134,0,6716,2,"[2.90625, 3.953125, 2.765625, 2.8125]"
False,4135,0,6728,3,"[3.28125, 2.484375, 4.0625, 2.078125]"
True,4136,3,6731,3,"[2.890625, 3.234375, 2.90625, 2.84375]"
False,4137,2,6732,0,"[2.953125, 3.203125, 3.734375, 3.296875]"
False,4138,2,6737,3,"[2.671875, 3.703125, 3.328125, 2.59375]"
False,4139,0,6746,2,"[3.09375, 2.875, 2.578125, 3.390625]"
False,4140,0,6754,1,"[3.046875, 2.515625, 3.265625, 2.71875]"
False,4141,3,6761,1,"[2.953125, 2.375, 3.1875, 3.078125]"
True,4142,3,6765,3,"[2.203125, 2.546875, 2.875, 2.0]"
False,4143,0,6778,2,"[2.75, 3.375, 2.375, 2.484375]"
False,4144,0,6782,2,"[2.703125, 3.21875, 2.515625, 3.171875]"
False,4145,1,6791,2,"[3.75, 3.25, 2.484375, 3.09375]"
False,4146,2,6792,0,"[1.890625, 2.5, 2.578125, 2.9375]"
True,4147,1,6793,1,"[3.140625, 2.953125, 3.5, 3.375]"
False,4148,2,6795,0,"[2.625, 2.71875, 2.65625, 2.9375]"
True,4149,1,6805,1,"[3.203125, 2.890625, 4.03125, 3.140625]"
False,4150,2,6806,3,"[3.90625, 4.09375, 3.5, 3.453125]"
True,4151,0,6808,0,"[2.15625, 2.703125, 3.296875, 2.328125]"
True,4152,0,6821,0,"[2.65625, 3.34375, 3.421875, 2.875]"
False,4153,2,6829,3,"[3.0625, 3.171875, 2.4375, 2.078125]"
True,4154,2,6837,2,"[2.90625, 3.375, 2.75, 3.359375]"
True,4155,2,6847,2,"[4.0625, 3.6875, 3.609375, 3.71875]"
False,4156,3,6853,2,"[3.921875, 2.671875, 2.5625, 3.546875]"
True,4157,2,6859,2,"[2.484375, 2.21875, 2.0, 2.1875]"
False,4158,0,6886,3,"[2.75, 2.796875, 2.71875, 2.328125]"
False,4159,0,6887,1,"[2.9375, 2.859375, 3.75, 3.578125]"
True,4160,3,6894,3,"[4.09375, 3.34375, 3.3125, 3.25]"
True,4161,3,6895,3,"[3.1875, 4.0625, 4.3125, 1.9765625]"
False,4162,3,6908,2,"[3.359375, 3.625, 2.625, 3.453125]"
False,4163,2,6917,1,"[2.609375, 1.8515625, 2.640625, 3.59375]"
True,4164,1,6926,1,"[2.59375, 2.46875, 3.96875, 3.046875]"
False,4165,0,6939,3,"[3.28125, 3.34375, 4.1875, 3.0]"
False,4166,0,6949,3,"[2.515625, 3.65625, 3.03125, 2.40625]"
False,4167,3,6953,1,"[2.875, 1.9453125, 3.109375, 3.0625]"
True,4168,0,6977,0,"[2.703125, 2.71875, 3.21875, 2.953125]"
False,4169,1,6980,0,"[2.234375, 3.40625, 2.59375, 3.078125]"
True,4170,1,6981,1,"[3.09375, 2.90625, 3.25, 4.09375]"
False,4171,1,6983,0,"[3.078125, 3.1875, 4.0, 3.9375]"
True,4172,1,6986,1,"[3.4375, 2.390625, 2.734375, 2.796875]"
False,4173,1,6991,2,"[3.15625, 2.625, 2.359375, 3.515625]"
True,4174,2,7001,2,"[3.609375, 3.21875, 3.09375, 3.765625]"
True,4175,0,7011,0,"[2.4375, 2.84375, 3.65625, 3.6875]"
False,4176,3,7021,1,"[3.203125, 2.375, 3.359375, 2.390625]"
False,4177,1,7029,0,"[2.53125, 3.4375, 3.234375, 2.59375]"
False,4178,0,7030,2,"[2.875, 2.703125, 2.125, 2.796875]"
True,4179,2,7057,2,"[3.078125, 2.828125, 2.265625, 3.265625]"
False,4180,1,7065,0,"[2.546875, 3.796875, 2.5625, 3.125]"
False,4181,3,7067,1,"[3.109375, 2.359375, 3.40625, 3.21875]"
False,4182,3,7073,1,"[3.296875, 2.453125, 3.65625, 3.28125]"
False,4183,2,7084,1,"[3.140625, 2.484375, 2.484375, 2.671875]"
False,4184,3,7092,1,"[2.890625, 1.8828125, 3.859375, 3.3125]"
True,4185,3,7122,3,"[2.859375, 2.734375, 2.6875, 1.90625]"
False,4186,3,7131,2,"[2.9375, 3.046875, 2.84375, 3.390625]"
False,4187,2,7134,3,"[3.015625, 2.46875, 3.0625, 2.15625]"
False,4188,3,7137,1,"[3.6875, 2.59375, 2.984375, 3.4375]"
False,4189,2,7140,3,"[2.859375, 2.796875, 2.890625, 2.734375]"
False,4190,3,7142,2,"[3.265625, 2.734375, 1.9296875, 2.265625]"
False,4191,2,7144,1,"[3.546875, 2.109375, 2.9375, 2.953125]"
False,4192,0,7145,1,"[3.109375, 2.296875, 2.78125, 2.765625]"
False,4193,3,7149,1,"[3.40625, 2.8125, 3.484375, 3.65625]"
True,4194,0,7169,0,"[2.546875, 2.78125, 2.5625, 3.015625]"
False,4195,3,7204,0,"[2.453125, 3.0, 2.90625, 3.421875]"
False,4196,3,7210,2,"[3.21875, 3.515625, 2.59375, 2.734375]"
False,4197,1,7211,2,"[3.25, 3.40625, 2.609375, 2.9375]"
False,4198,0,7216,2,"[3.109375, 2.78125, 2.234375, 3.46875]"
False,4199,3,7219,0,"[2.890625, 3.890625, 2.953125, 4.09375]"
True,4200,0,7225,0,"[2.484375, 2.84375, 2.890625, 2.859375]"
True,4201,0,7234,0,"[2.5, 3.921875, 2.828125, 3.578125]"
False,4202,0,7236,2,"[3.109375, 2.5625, 2.4375, 2.515625]"
True,4203,3,7252,3,"[2.421875, 3.0625, 4.25, 2.0625]"
True,4204,3,7263,3,"[2.453125, 3.421875, 3.609375, 2.125]"
True,4205,3,7283,3,"[3.0, 3.40625, 3.46875, 2.953125]"
False,4206,1,7286,0,"[1.9609375, 3.3125, 3.453125, 2.671875]"
True,4207,2,7289,2,"[3.296875, 3.046875, 2.828125, 3.671875]"
False,4208,3,7290,2,"[3.515625, 3.375, 2.875, 3.9375]"
True,4209,2,7295,2,"[2.71875, 3.140625, 2.078125, 3.484375]"
True,4210,0,7297,0,"[2.0, 2.40625, 3.15625, 2.625]"
False,4211,0,7315,2,"[3.015625, 2.9375, 2.359375, 2.609375]"
True,4212,1,7318,1,"[2.8125, 2.234375, 2.28125, 2.96875]"
False,4213,0,7324,2,"[3.015625, 3.65625, 2.796875, 3.75]"
True,4214,3,7342,3,"[3.265625, 3.171875, 3.359375, 2.46875]"
True,4215,0,7346,0,"[3.078125, 3.65625, 3.46875, 3.234375]"
False,4216,2,7354,3,"[3.71875, 3.203125, 2.328125, 2.078125]"
True,4217,0,7360,0,"[2.390625, 3.234375, 4.46875, 3.1875]"
False,4218,1,7370,0,"[2.0, 2.953125, 3.375, 3.21875]"
False,4219,2,7376,3,"[2.921875, 3.3125, 2.515625, 2.5]"
False,4220,1,7388,3,"[2.96875, 2.78125, 2.53125, 2.484375]"
False,4221,2,7390,1,"[4.0625, 2.796875, 3.375, 3.203125]"
False,4222,3,7405,0,"[2.375, 2.890625, 3.09375, 3.1875]"
True,4223,2,7430,2,"[3.5625, 3.03125, 2.34375, 2.671875]"
False,4224,3,7433,2,"[3.28125, 2.875, 2.796875, 3.140625]"
True,4225,1,7435,1,"[2.75, 2.25, 2.75, 3.25]"
True,4226,1,7445,1,"[2.453125, 2.046875, 2.875, 3.203125]"
False,4227,2,7449,3,"[3.34375, 4.84375, 3.421875, 3.03125]"
False,4228,1,7450,3,"[3.40625, 2.875, 2.90625, 2.703125]"
True,4229,3,7457,3,"[3.484375, 3.25, 3.484375, 2.5625]"
True,4230,1,7466,1,"[3.671875, 2.953125, 3.46875, 3.390625]"
False,4231,3,7472,0,"[2.609375, 3.328125, 2.625, 2.75]"
False,4232,3,7477,0,"[2.78125, 3.34375, 3.640625, 3.390625]"
True,4233,2,7486,2,"[3.09375, 3.265625, 3.0625, 3.671875]"
False,4234,1,7488,2,"[2.25, 3.171875, 1.9765625, 2.6875]"
False,4235,1,7509,2,"[3.875, 2.765625, 2.453125, 3.609375]"
False,4236,1,7515,0,"[2.609375, 3.109375, 2.984375, 2.796875]"
False,4237,1,7517,3,"[3.171875, 3.484375, 3.375, 2.75]"
True,4238,2,7519,2,"[2.671875, 2.65625, 2.140625, 2.390625]"
False,4239,1,7527,3,"[2.328125, 2.984375, 2.671875, 2.21875]"
False,4240,2,7540,1,"[2.984375, 2.84375, 3.171875, 3.15625]"
False,4241,3,7541,0,"[2.78125, 3.0625, 3.265625, 3.375]"
False,4242,0,7555,2,"[3.09375, 3.25, 2.71875, 2.796875]"
True,4243,2,7557,2,"[2.96875, 2.84375, 2.109375, 3.171875]"
True,4244,3,7564,3,"[2.890625, 2.984375, 2.671875, 2.34375]"
False,4245,3,7569,0,"[2.3125, 3.59375, 3.640625, 3.484375]"
False,4246,2,7591,0,"[2.65625, 3.984375, 2.78125, 3.140625]"
False,4247,1,7609,3,"[3.375, 2.640625, 2.59375, 2.5625]"
False,4248,3,7621,0,"[2.484375, 2.890625, 2.640625, 2.96875]"
False,4249,0,7632,3,"[3.46875, 3.46875, 5.1875, 3.171875]"
False,4250,3,7644,0,"[2.46875, 2.9375, 2.65625, 2.953125]"
True,4251,3,7649,3,"[2.6875, 3.6875, 2.953125, 2.59375]"
False,4252,2,7652,0,"[2.796875, 3.359375, 3.0625, 3.03125]"
True,4253,3,7657,3,"[2.578125, 2.859375, 2.5, 2.453125]"
False,4254,0,7669,1,"[3.421875, 2.78125, 3.203125, 2.984375]"
False,4255,1,7683,3,"[3.1875, 3.28125, 3.640625, 3.09375]"
True,4256,0,7685,0,"[2.3125, 3.1875, 2.40625, 3.40625]"
False,4257,1,7691,3,"[3.609375, 3.0, 3.6875, 2.96875]"
True,4258,2,7712,2,"[3.78125, 3.078125, 2.890625, 3.265625]"
True,4259,0,7714,0,"[2.828125, 3.6875, 3.046875, 3.171875]"
True,4260,3,7718,3,"[2.796875, 3.078125, 2.953125, 2.296875]"
False,4261,3,7723,2,"[3.328125, 3.078125, 2.640625, 3.3125]"
False,4262,3,7729,0,"[2.15625, 2.640625, 2.65625, 2.734375]"
False,4263,0,7731,3,"[3.484375, 3.5625, 3.140625, 3.0]"
True,4264,0,7737,0,"[1.546875, 2.453125, 2.703125, 2.234375]"
True,4265,3,7739,3,"[2.859375, 3.0, 2.53125, 2.1875]"
True,4266,0,7745,0,"[2.015625, 3.625, 2.140625, 3.5625]"
True,4267,3,7754,3,"[3.0625, 3.625, 3.375, 2.9375]"
False,4268,1,7758,2,"[3.28125, 3.171875, 2.546875, 3.046875]"
True,4269,0,7759,0,"[2.8125, 3.1875, 2.875, 3.984375]"
False,4270,1,7764,2,"[3.984375, 3.9375, 2.875, 3.5]"
False,4271,2,7778,3,"[2.109375, 3.4375, 2.171875, 2.0]"
False,4272,1,7786,2,"[3.5625, 2.671875, 2.578125, 2.828125]"
False,4273,1,7796,3,"[2.921875, 3.375, 3.015625, 2.671875]"
False,4274,3,7801,1,"[3.140625, 2.609375, 3.015625, 2.9375]"
False,4275,1,7802,0,"[2.296875, 2.796875, 3.015625, 2.65625]"
False,4276,1,7808,0,"[2.546875, 3.453125, 3.265625, 2.65625]"
True,4277,1,7813,1,"[2.78125, 2.515625, 3.609375, 3.078125]"
False,4278,0,7823,1,"[2.625, 2.15625, 2.265625, 2.578125]"
True,4279,3,7824,3,"[2.375, 2.734375, 3.0, 2.15625]"
False,4280,1,7825,2,"[3.421875, 3.59375, 2.609375, 3.90625]"
False,4281,1,7832,2,"[3.953125, 3.140625, 2.53125, 4.4375]"
False,4282,0,7854,2,"[2.921875, 3.453125, 2.5625, 2.703125]"
True,4283,1,7862,1,"[2.9375, 2.640625, 2.734375, 2.65625]"
True,4284,2,7865,2,"[3.296875, 2.921875, 2.421875, 2.671875]"
False,4285,2,7873,3,"[3.765625, 2.921875, 3.21875, 2.71875]"
False,4286,3,7875,2,"[3.484375, 2.71875, 2.5625, 2.890625]"
True,4287,0,7881,0,"[2.75, 3.296875, 3.71875, 3.5]"
True,4288,3,7883,3,"[2.453125, 2.78125, 2.65625, 2.328125]"
False,4289,1,7899,0,"[1.578125, 3.125, 2.8125, 2.296875]"
True,4290,2,7904,2,"[2.65625, 2.890625, 2.546875, 2.625]"
False,4291,0,7912,1,"[4.03125, 2.5, 3.84375, 3.203125]"
False,4292,2,7913,3,"[3.921875, 2.84375, 2.828125, 2.21875]"
False,4293,0,7915,1,"[3.5625, 2.734375, 2.75, 2.828125]"
False,4294,2,7920,3,"[3.25, 3.5, 2.890625, 2.6875]"
False,4295,2,7922,0,"[2.515625, 2.890625, 2.6875, 2.75]"
False,4296,0,7933,1,"[2.890625, 2.765625, 3.375, 3.84375]"
False,4297,0,7944,3,"[3.28125, 3.140625, 3.046875, 2.765625]"
False,4298,1,7948,2,"[3.125, 3.484375, 2.390625, 3.5]"
False,4299,3,7951,0,"[2.90625, 3.765625, 3.71875, 3.46875]"
True,4300,0,7953,0,"[2.609375, 2.875, 2.828125, 3.0]"
False,4301,3,7966,1,"[3.875, 2.46875, 3.640625, 3.609375]"
False,4302,3,7978,0,"[2.359375, 3.703125, 3.375, 3.359375]"
False,4303,3,7981,0,"[2.5625, 2.71875, 3.015625, 3.25]"
True,4304,3,7989,3,"[4.65625, 4.375, 5.46875, 3.46875]"
True,4305,2,7995,2,"[3.46875, 3.34375, 2.625, 3.046875]"
False,4306,1,8000,0,"[2.609375, 3.625, 3.546875, 2.953125]"
True,4307,0,8001,0,"[1.625, 2.375, 2.5, 2.640625]"
False,4308,0,8002,1,"[3.234375, 2.6875, 2.90625, 2.828125]"
False,4309,0,8005,2,"[3.484375, 3.1875, 3.0625, 3.546875]"
True,4310,0,8008,0,"[2.578125, 3.640625, 2.609375, 2.734375]"
False,4311,2,8014,1,"[2.453125, 1.5078125, 2.328125, 2.578125]"
True,4312,0,8025,0,"[2.515625, 3.078125, 2.640625, 2.671875]"
False,4313,2,8034,0,"[2.40625, 2.421875, 2.421875, 3.125]"
False,4314,2,8043,0,"[2.609375, 3.34375, 3.140625, 2.65625]"
False,4315,3,8058,0,"[3.140625, 3.9375, 3.328125, 3.15625]"
False,4316,2,8061,1,"[4.0625, 2.796875, 3.359375, 3.453125]"
False,4317,0,8063,2,"[2.453125, 2.890625, 2.21875, 2.859375]"
False,4318,3,8072,1,"[3.234375, 2.21875, 2.828125, 3.78125]"
True,4319,3,8091,3,"[2.765625, 3.25, 3.734375, 2.734375]"
False,4320,1,8106,2,"[2.5, 2.703125, 2.3125, 4.09375]"
False,4321,1,8115,0,"[2.546875, 3.5625, 2.640625, 3.21875]"
False,4322,1,8119,0,"[2.828125, 3.5, 2.96875, 3.921875]"
False,4323,3,8123,2,"[3.1875, 3.6875, 3.078125, 3.59375]"
True,4324,3,8130,3,"[3.125, 3.0625, 3.640625, 2.09375]"
True,4325,1,8131,1,"[3.3125, 2.28125, 2.9375, 2.90625]"
False,4326,2,8143,3,"[2.9375, 3.046875, 3.09375, 2.640625]"
True,4327,2,8148,2,"[3.171875, 2.984375, 2.578125, 2.640625]"
True,4328,0,8173,0,"[2.453125, 2.53125, 2.46875, 2.9375]"
True,4329,3,8182,3,"[2.96875, 2.78125, 2.453125, 1.90625]"
False,4330,3,8184,0,"[2.078125, 2.640625, 2.421875, 2.6875]"
False,4331,1,8203,0,"[2.921875, 3.125, 3.671875, 3.234375]"
False,4332,0,8207,1,"[2.859375, 2.21875, 3.21875, 2.859375]"
False,4333,1,8227,3,"[2.390625, 2.875, 2.953125, 2.140625]"
False,4334,0,8231,3,"[3.0, 3.671875, 2.859375, 2.578125]"
False,4335,1,8237,0,"[2.140625, 2.75, 2.515625, 3.296875]"
False,4336,1,8240,0,"[2.421875, 2.515625, 2.9375, 3.09375]"
False,4337,1,8253,2,"[3.6875, 3.9375, 3.359375, 4.28125]"
False,4338,3,8280,0,"[2.84375, 3.046875, 3.40625, 3.25]"
True,4339,1,8287,1,"[2.890625, 2.71875, 3.359375, 3.53125]"
False,4340,1,8288,2,"[2.53125, 3.171875, 1.9921875, 4.21875]"
True,4341,3,8294,3,"[3.015625, 3.140625, 2.90625, 2.75]"
False,4342,3,8318,2,"[2.84375, 2.3125, 2.03125, 2.984375]"
False,4343,1,8325,3,"[2.3125, 3.109375, 2.9375, 2.234375]"
True,4344,0,8349,0,"[2.703125, 3.078125, 3.359375, 3.359375]"
False,4345,0,8351,1,"[4.90625, 2.234375, 2.921875, 2.5625]"
False,4346,1,8355,2,"[2.734375, 2.90625, 1.9609375, 2.734375]"
False,4347,2,8362,1,"[2.890625, 2.765625, 2.8125, 3.234375]"
True,4348,0,8366,0,"[2.265625, 2.9375, 2.484375, 2.671875]"
True,4349,0,8367,0,"[1.6328125, 2.96875, 1.921875, 3.15625]"
False,4350,1,8373,2,"[3.078125, 2.875, 2.671875, 2.78125]"
False,4351,2,8377,3,"[3.25, 2.875, 3.765625, 2.65625]"
True,4352,1,8387,1,"[3.5625, 2.359375, 2.703125, 3.28125]"
True,4353,0,8388,0,"[2.703125, 3.046875, 2.875, 3.28125]"
False,4354,2,8404,0,"[2.40625, 3.15625, 3.09375, 2.828125]"
False,4355,3,8405,1,"[3.203125, 2.578125, 3.359375, 2.703125]"
False,4356,0,8424,2,"[2.890625, 2.859375, 2.640625, 3.046875]"
False,4357,1,8430,3,"[3.671875, 2.328125, 4.65625, 2.03125]"
True,4358,3,8446,3,"[2.734375, 3.84375, 2.375, 2.296875]"
False,4359,3,8455,0,"[2.5625, 3.0625, 3.078125, 2.59375]"
False,4360,0,8475,2,"[3.609375, 3.46875, 2.875, 3.046875]"
False,4361,3,8493,1,"[2.96875, 2.5625, 2.703125, 3.078125]"
False,4362,0,8497,3,"[2.484375, 3.078125, 3.0, 2.1875]"
False,4363,1,8507,0,"[3.0, 3.078125, 4.0625, 3.21875]"
False,4364,2,8508,1,"[3.578125, 2.46875, 2.90625, 3.90625]"
False,4365,1,8510,0,"[3.46875, 4.0625, 5.15625, 4.21875]"
False,4366,2,8514,0,"[2.578125, 2.96875, 3.375, 3.09375]"
True,4367,1,8517,1,"[3.28125, 2.53125, 2.8125, 3.09375]"
False,4368,3,8522,2,"[2.796875, 2.734375, 2.703125, 2.96875]"
False,4369,0,8523,3,"[2.859375, 3.296875, 3.796875, 2.265625]"
False,4370,1,8538,0,"[2.953125, 3.09375, 3.21875, 2.984375]"
True,4371,2,8539,2,"[2.671875, 3.484375, 2.484375, 3.03125]"
False,4372,0,8547,1,"[2.5, 2.421875, 2.78125, 3.125]"
False,4373,2,8548,1,"[3.078125, 2.84375, 3.28125, 3.234375]"
False,4374,3,8561,1,"[3.09375, 2.421875, 3.453125, 3.3125]"
False,4375,0,8592,2,"[3.1875, 2.515625, 2.390625, 3.03125]"
False,4376,2,8608,0,"[2.53125, 2.8125, 2.875, 3.40625]"
False,4377,0,8609,2,"[3.09375, 2.375, 2.328125, 3.015625]"
False,4378,3,8613,0,"[2.828125, 3.5, 4.34375, 3.15625]"
False,4379,1,8614,0,"[2.6875, 2.8125, 3.171875, 3.28125]"
False,4380,0,8615,3,"[3.109375, 2.5625, 3.3125, 2.546875]"
False,4381,1,8621,3,"[3.71875, 3.546875, 3.40625, 2.984375]"
False,4382,3,8627,0,"[2.828125, 2.90625, 4.125, 2.953125]"
True,4383,0,8630,0,"[2.484375, 3.03125, 2.625, 3.0]"
True,4384,0,8636,0,"[2.703125, 2.75, 3.1875, 3.265625]"
True,4385,2,8647,2,"[3.78125, 3.0, 2.921875, 3.21875]"
False,4386,0,8655,3,"[2.953125, 2.78125, 3.625, 2.515625]"
False,4387,2,8667,1,"[2.96875, 2.484375, 3.6875, 2.71875]"
False,4388,1,8668,3,"[3.0, 3.734375, 4.53125, 2.3125]"
True,4389,1,8673,1,"[2.9375, 2.15625, 3.515625, 2.390625]"
False,4390,1,8679,0,"[2.46875, 3.0, 3.140625, 2.75]"
False,4391,0,8684,2,"[2.671875, 3.078125, 2.375, 3.15625]"
True,4392,3,8695,3,"[2.859375, 3.109375, 2.578125, 2.5625]"
True,4393,0,8708,0,"[2.265625, 2.90625, 2.859375, 3.3125]"
False,4394,2,8721,0,"[2.53125, 2.71875, 2.640625, 3.015625]"
False,4395,3,8731,2,"[3.421875, 2.828125, 2.578125, 2.609375]"
True,4396,3,8742,3,"[2.484375, 2.640625, 1.984375, 1.859375]"
False,4397,2,8753,1,"[3.046875, 2.484375, 2.5, 3.765625]"
False,4398,2,8759,0,"[2.484375, 3.0, 2.765625, 3.671875]"
True,4399,2,8770,2,"[3.0, 3.359375, 2.828125, 3.96875]"
False,4400,1,8772,2,"[2.203125, 2.734375, 1.9453125, 2.375]"
False,4401,3,8781,2,"[2.640625, 3.171875, 2.125, 3.234375]"
False,4402,2,8794,0,"[2.34375, 2.984375, 2.84375, 3.3125]"
False,4403,3,8795,2,"[2.140625, 2.5, 1.84375, 2.203125]"
True,4404,2,8803,2,"[2.859375, 3.703125, 1.828125, 2.71875]"
False,4405,2,8823,0,"[2.515625, 3.640625, 2.578125, 3.0625]"
False,4406,2,8828,1,"[3.21875, 2.421875, 2.53125, 2.96875]"
False,4407,2,8831,3,"[2.53125, 2.921875, 2.796875, 2.234375]"
False,4408,2,8836,1,"[3.953125, 2.84375, 3.0, 3.0625]"
False,4409,1,8843,0,"[3.109375, 3.484375, 3.203125, 3.890625]"
False,4410,2,8845,0,"[2.828125, 3.09375, 2.984375, 4.375]"
False,4411,1,8858,0,"[2.984375, 3.375, 3.453125, 3.65625]"
True,4412,0,8879,0,"[1.9375, 2.1875, 2.953125, 2.65625]"
False,4413,2,8894,0,"[2.53125, 3.0, 3.3125, 2.578125]"
False,4414,1,8912,0,"[2.484375, 3.03125, 3.671875, 2.6875]"
True,4415,3,8914,3,"[2.546875, 2.984375, 2.96875, 2.390625]"
False,4416,1,8919,0,"[2.625, 3.375, 3.015625, 3.640625]"
False,4417,0,8937,3,"[3.28125, 3.25, 2.578125, 2.53125]"
True,4418,1,8945,1,"[3.421875, 1.96875, 2.53125, 2.890625]"
False,4419,0,8947,1,"[2.3125, 2.21875, 3.515625, 3.046875]"
False,4420,1,8959,0,"[2.390625, 3.015625, 2.8125, 2.53125]"
False,4421,0,8963,3,"[3.640625, 2.9375, 2.9375, 2.4375]"
True,4422,1,8978,1,"[3.203125, 2.546875, 2.90625, 3.921875]"
False,4423,3,8987,0,"[2.3125, 2.484375, 4.3125, 3.21875]"
False,4424,2,8994,0,"[2.625, 3.0625, 3.65625, 3.390625]"
True,4425,2,9003,2,"[2.984375, 3.71875, 2.703125, 2.953125]"
False,4426,3,9007,1,"[2.625, 2.609375, 3.6875, 3.25]"
False,4427,1,9012,3,"[3.609375, 3.0625, 2.875, 2.796875]"
True,4428,0,9021,0,"[2.65625, 2.9375, 2.8125, 3.171875]"
True,4429,2,9023,2,"[4.8125, 3.90625, 3.046875, 3.65625]"
False,4430,3,9028,1,"[3.125, 2.359375, 2.78125, 2.90625]"
False,4431,1,9049,3,"[2.96875, 3.765625, 4.6875, 2.90625]"
True,4432,2,9054,2,"[3.078125, 2.1875, 1.953125, 2.5625]"
False,4433,1,9059,2,"[2.875, 2.953125, 2.390625, 2.625]"
False,4434,2,9065,1,"[3.171875, 2.625, 3.015625, 3.015625]"
True,4435,1,9070,1,"[3.703125, 2.5, 2.875, 3.140625]"
False,4436,2,9072,1,"[2.640625, 2.609375, 3.3125, 2.640625]"
False,4437,3,9082,0,"[2.375, 3.546875, 3.203125, 2.859375]"
True,4438,0,9100,0,"[2.046875, 4.03125, 3.359375, 3.171875]"
True,4439,1,9102,1,"[2.515625, 2.5, 3.453125, 2.5625]"
True,4440,3,9109,3,"[2.90625, 2.84375, 2.96875, 2.515625]"
False,4441,1,9111,0,"[2.28125, 3.28125, 3.359375, 3.46875]"
False,4442,1,9112,0,"[2.375, 2.703125, 4.28125, 2.828125]"
False,4443,3,9122,1,"[3.40625, 2.734375, 3.546875, 3.140625]"
True,4444,2,9123,2,"[3.25, 3.390625, 3.234375, 3.3125]"
False,4445,0,9157,1,"[4.21875, 3.5, 4.03125, 4.1875]"
False,4446,0,9161,3,"[2.890625, 2.9375, 2.875, 2.53125]"
False,4447,0,9166,2,"[3.0625, 2.4375, 2.40625, 2.515625]"
False,4448,0,9171,3,"[2.78125, 2.9375, 3.390625, 2.359375]"
True,4449,2,9176,2,"[2.6875, 3.1875, 1.828125, 3.15625]"
False,4450,2,9188,3,"[3.453125, 3.203125, 3.765625, 2.703125]"
False,4451,2,9197,3,"[3.375, 3.15625, 3.109375, 2.296875]"
False,4452,1,9199,2,"[3.0, 2.578125, 2.40625, 3.40625]"
False,4453,3,9233,1,"[2.671875, 2.4375, 2.484375, 2.5]"
True,4454,2,9238,2,"[2.6875, 2.640625, 2.40625, 4.46875]"
False,4455,0,9241,3,"[3.21875, 3.0625, 3.78125, 2.9375]"
True,4456,3,9242,3,"[3.09375, 2.953125, 3.171875, 1.7109375]"
True,4457,2,9244,2,"[2.859375, 2.984375, 2.75, 3.0625]"
False,4458,0,9248,1,"[2.59375, 2.015625, 2.234375, 2.28125]"
False,4459,2,9255,1,"[2.828125, 2.515625, 2.71875, 2.640625]"
False,4460,2,9280,0,"[2.5, 2.765625, 2.671875, 3.5]"
True,4461,2,9296,2,"[3.546875, 2.9375, 2.21875, 3.078125]"
False,4462,3,9302,0,"[2.265625, 2.65625, 2.984375, 2.703125]"
False,4463,1,9310,0,"[3.359375, 3.40625, 3.875, 3.765625]"
True,4464,3,9316,3,"[3.671875, 3.953125, 3.5625, 3.0625]"
False,4465,1,9322,0,"[2.484375, 2.984375, 3.3125, 3.0]"
False,4466,0,9336,3,"[2.40625, 2.765625, 2.4375, 2.296875]"
False,4467,1,9353,2,"[2.890625, 3.53125, 2.140625, 3.765625]"
False,4468,2,9379,1,"[2.859375, 2.359375, 3.0, 2.515625]"
False,4469,0,9392,2,"[2.609375, 3.578125, 2.578125, 3.203125]"
True,4470,2,9413,2,"[3.4375, 3.21875, 2.875, 3.375]"
False,4471,1,9433,0,"[3.375, 3.390625, 3.421875, 4.21875]"
True,4472,0,9450,0,"[2.75, 3.625, 2.96875, 3.34375]"
False,4473,1,9462,3,"[2.75, 3.0, 2.59375, 2.3125]"
False,4474,2,9473,1,"[2.78125, 2.4375, 2.453125, 3.234375]"
False,4475,3,9485,2,"[3.375, 2.875, 2.546875, 2.859375]"
True,4476,1,9490,1,"[2.703125, 1.84375, 2.921875, 2.921875]"
True,4477,3,9491,3,"[3.140625, 2.515625, 2.71875, 1.9453125]"
True,4478,0,9492,0,"[2.46875, 2.5, 3.21875, 3.703125]"
True,4479,1,9502,1,"[3.09375, 2.375, 2.828125, 2.8125]"
False,4480,3,9505,2,"[2.6875, 2.796875, 2.4375, 2.671875]"
False,4481,0,9510,1,"[3.484375, 2.09375, 2.734375, 2.546875]"
False,4482,0,9515,1,"[3.75, 2.78125, 3.09375, 3.0625]"
False,4483,2,9516,1,"[2.875, 2.390625, 3.296875, 3.265625]"
True,4484,0,9517,0,"[2.375, 2.609375, 3.1875, 2.90625]"
False,4485,1,9519,2,"[3.65625, 3.171875, 2.21875, 2.5625]"
False,4486,2,9525,0,"[2.890625, 2.96875, 2.90625, 3.453125]"
True,4487,0,9546,0,"[1.828125, 2.515625, 2.46875, 2.09375]"
False,4488,3,9549,1,"[2.859375, 2.09375, 3.375, 2.890625]"
False,4489,2,9551,3,"[3.515625, 2.90625, 3.234375, 2.78125]"
False,4490,3,9552,0,"[2.75, 2.921875, 3.234375, 2.890625]"
False,4491,2,9561,1,"[2.75, 2.515625, 3.53125, 2.96875]"
False,4492,3,9563,0,"[1.5703125, 3.578125, 4.0, 3.046875]"
False,4493,3,9577,0,"[2.4375, 2.859375, 2.8125, 2.90625]"
True,4494,1,9596,1,"[3.375, 2.328125, 3.21875, 3.84375]"
False,4495,3,9603,1,"[3.515625, 3.0, 3.078125, 3.375]"
False,4496,3,9618,2,"[2.8125, 3.171875, 2.734375, 3.8125]"
False,4497,1,9629,3,"[3.125, 3.515625, 2.921875, 2.796875]"
False,4498,1,9630,3,"[2.90625, 3.09375, 3.71875, 2.6875]"
False,4499,1,9653,0,"[4.125, 4.1875, 4.1875, 4.3125]"
False,4500,1,9655,3,"[3.21875, 3.578125, 3.796875, 2.90625]"
False,4501,0,9665,2,"[3.34375, 3.4375, 2.796875, 3.125]"
False,4502,3,9676,2,"[3.078125, 3.890625, 2.90625, 3.4375]"
False,4503,1,9679,0,"[2.4375, 2.984375, 3.21875, 2.734375]"
False,4504,3,9682,1,"[2.515625, 1.578125, 3.953125, 1.6875]"
True,4505,1,9687,1,"[3.734375, 2.953125, 4.09375, 3.46875]"
False,4506,3,9715,0,"[1.203125, 2.34375, 1.2578125, 1.7109375]"
True,4507,1,9728,1,"[2.765625, 2.671875, 4.28125, 4.5]"
True,4508,0,9731,0,"[2.421875, 2.890625, 2.46875, 3.125]"
False,4509,3,9734,1,"[2.625, 1.640625, 2.28125, 2.71875]"
False,4510,2,9735,1,"[3.171875, 1.8125, 2.703125, 3.78125]"
True,4511,1,9739,1,"[3.53125, 2.6875, 3.0, 4.125]"
False,4512,3,9748,2,"[3.625, 2.890625, 2.34375, 2.984375]"
False,4513,0,9755,3,"[3.625, 3.46875, 3.328125, 2.390625]"
True,4514,2,9771,2,"[3.78125, 4.28125, 2.203125, 3.34375]"
False,4515,0,9806,3,"[3.484375, 3.203125, 3.828125, 3.1875]"
False,4516,0,9810,3,"[3.46875, 3.46875, 2.9375, 2.75]"
False,4517,3,9814,1,"[3.859375, 3.1875, 3.34375, 3.5625]"
False,4518,2,9822,1,"[4.09375, 2.984375, 3.359375, 3.734375]"
False,4519,0,9842,2,"[2.953125, 2.9375, 2.34375, 2.78125]"
False,4520,0,9849,2,"[3.3125, 3.390625, 2.734375, 2.9375]"
True,4521,1,9850,1,"[3.390625, 2.984375, 3.75, 3.15625]"
False,4522,3,9860,2,"[3.03125, 2.3125, 2.046875, 2.859375]"
True,4523,0,9861,0,"[2.09375, 2.15625, 2.171875, 2.625]"
False,4524,2,9863,0,"[2.5, 2.84375, 3.34375, 3.078125]"
False,4525,0,9865,3,"[2.578125, 3.3125, 3.21875, 2.421875]"
False,4526,3,9867,0,"[2.5, 2.84375, 2.6875, 2.8125]"
False,4527,3,9892,1,"[2.78125, 2.671875, 3.90625, 3.0625]"
True,4528,3,9904,3,"[3.609375, 2.671875, 2.8125, 2.515625]"
True,4529,2,9906,2,"[3.03125, 2.75, 2.21875, 2.375]"
False,4530,1,9908,0,"[2.453125, 3.125, 3.140625, 3.453125]"
False,4531,2,9913,0,"[2.828125, 3.71875, 3.3125, 3.234375]"
True,4532,2,9916,2,"[2.703125, 2.9375, 2.625, 2.765625]"
True,4533,2,9920,2,"[2.53125, 2.34375, 2.109375, 2.8125]"
True,4534,0,9926,0,"[3.125, 3.125, 3.484375, 4.03125]"
True,4535,1,9928,1,"[2.859375, 2.5, 2.90625, 3.734375]"
True,4536,1,9932,1,"[3.484375, 2.203125, 2.75, 4.03125]"
False,4537,0,9942,3,"[3.21875, 2.5625, 2.84375, 2.09375]"
True,4538,2,9957,2,"[5.0, 3.25, 2.890625, 3.390625]"
False,4539,2,9966,3,"[3.265625, 3.515625, 3.734375, 2.953125]"
False,4540,0,9978,1,"[4.03125, 2.25, 2.453125, 2.78125]"
False,4541,2,9987,1,"[3.421875, 2.671875, 3.328125, 2.9375]"
False,4542,3,9989,2,"[2.609375, 3.359375, 2.5, 2.984375]"
False,4543,1,9991,2,"[2.34375, 2.609375, 2.21875, 2.984375]"
False,4544,1,9993,3,"[3.1875, 3.984375, 3.09375, 2.75]"
False,4545,3,9997,1,"[2.921875, 2.453125, 3.0625, 3.859375]"
False,4546,1,10002,2,"[3.296875, 3.28125, 2.890625, 3.078125]"
False,4547,1,10006,3,"[4.28125, 3.890625, 4.03125, 2.984375]"
False,4548,0,10008,2,"[2.859375, 3.53125, 2.625, 3.6875]"
False,4549,2,10009,0,"[2.421875, 2.53125, 2.96875, 2.90625]"
False,4550,2,10018,1,"[3.4375, 2.25, 2.265625, 2.59375]"
False,4551,2,10028,3,"[3.359375, 3.125, 4.09375, 2.640625]"
False,4552,1,10040,0,"[2.859375, 2.875, 3.296875, 3.234375]"
False,4553,1,10054,0,"[2.953125, 3.9375, 4.625, 3.25]"
False,4554,1,10059,3,"[3.34375, 3.234375, 3.796875, 2.46875]"
False,4555,2,10071,0,"[2.4375, 2.53125, 3.09375, 2.953125]"
True,4556,1,10075,1,"[3.6875, 3.28125, 3.34375, 3.453125]"
False,4557,0,10105,1,"[4.09375, 3.25, 3.328125, 3.703125]"
False,4558,3,10109,2,"[3.546875, 3.078125, 2.390625, 3.3125]"
False,4559,2,10120,0,"[2.359375, 3.21875, 3.125, 3.5]"
False,4560,1,10122,3,"[3.40625, 3.421875, 3.421875, 2.796875]"
False,4561,1,10123,2,"[3.125, 3.234375, 3.03125, 3.8125]"
True,4562,2,10124,2,"[4.21875, 3.53125, 2.15625, 3.328125]"
False,4563,3,10129,0,"[2.390625, 2.4375, 2.515625, 3.484375]"
False,4564,3,10132,2,"[2.984375, 3.84375, 2.828125, 2.921875]"
False,4565,3,10136,1,"[3.453125, 2.984375, 3.0625, 3.21875]"
False,4566,0,10138,2,"[2.703125, 3.9375, 2.25, 2.875]"
False,4567,2,10148,0,"[2.578125, 3.6875, 2.640625, 2.890625]"
True,4568,0,10158,0,"[2.203125, 2.921875, 3.28125, 3.328125]"
False,4569,2,10160,3,"[4.625, 4.1875, 4.125, 2.90625]"
False,4570,2,10174,0,"[2.640625, 2.765625, 3.125, 3.03125]"
True,4571,1,10175,1,"[3.40625, 3.0625, 3.078125, 4.25]"
False,4572,2,10187,3,"[3.21875, 3.359375, 3.46875, 3.1875]"
True,4573,1,10195,1,"[3.015625, 2.703125, 2.953125, 3.265625]"
True,4574,1,10196,1,"[2.546875, 1.9765625, 2.125, 2.578125]"
False,4575,1,10204,0,"[2.34375, 2.671875, 2.53125, 2.546875]"
True,4576,2,10206,2,"[3.8125, 2.578125, 2.125, 3.640625]"
False,4577,1,10224,0,"[3.328125, 4.0625, 3.734375, 3.484375]"
False,4578,0,10236,1,"[3.34375, 2.984375, 2.984375, 3.328125]"
False,4579,1,10244,2,"[3.25, 3.25, 2.875, 3.1875]"
True,4580,3,10246,3,"[2.65625, 2.125, 2.296875, 1.875]"
False,4581,3,10252,2,"[3.203125, 3.0625, 2.453125, 2.546875]"
False,4582,3,10254,0,"[2.3125, 3.390625, 3.0625, 3.0625]"
False,4583,1,10267,3,"[2.875, 3.984375, 3.234375, 2.53125]"
False,4584,2,10269,1,"[3.453125, 2.5625, 3.140625, 2.890625]"
False,4585,1,10271,3,"[3.578125, 3.546875, 3.453125, 2.78125]"
False,4586,1,10274,3,"[3.4375, 3.453125, 3.5, 3.0625]"
False,4587,3,10277,1,"[3.234375, 3.21875, 4.40625, 3.546875]"
False,4588,1,10278,0,"[2.421875, 3.484375, 2.828125, 2.515625]"
False,4589,3,10295,2,"[3.03125, 2.984375, 2.265625, 2.28125]"
False,4590,0,10296,1,"[3.203125, 2.703125, 2.96875, 2.875]"
False,4591,1,10300,0,"[1.7578125, 3.28125, 3.015625, 3.59375]"
False,4592,3,10306,2,"[3.453125, 3.4375, 2.765625, 3.9375]"
False,4593,2,10308,1,"[3.3125, 2.484375, 3.984375, 3.21875]"
False,4594,0,10309,2,"[3.140625, 3.734375, 2.9375, 3.1875]"
False,4595,2,10311,1,"[3.09375, 2.28125, 3.0, 2.578125]"
False,4596,1,10318,2,"[2.5625, 3.140625, 2.5, 2.59375]"
False,4597,0,10328,1,"[4.03125, 3.0625, 3.125, 3.421875]"
False,4598,3,10331,0,"[2.78125, 3.21875, 3.296875, 3.59375]"
False,4599,0,10337,2,"[3.25, 3.1875, 2.203125, 3.4375]"
True,4600,3,10338,3,"[3.546875, 3.4375, 2.875, 2.5]"
False,4601,2,10343,1,"[2.453125, 2.15625, 2.921875, 3.53125]"
False,4602,1,10344,2,"[3.21875, 3.21875, 2.546875, 2.984375]"
False,4603,1,10347,2,"[2.421875, 2.15625, 1.8671875, 2.140625]"
False,4604,0,10349,2,"[2.84375, 3.96875, 2.78125, 2.984375]"
True,4605,1,10353,1,"[2.953125, 2.828125, 4.09375, 3.6875]"
False,4606,2,10359,0,"[2.09375, 2.484375, 2.46875, 2.96875]"
False,4607,2,10385,0,"[2.5, 3.203125, 2.5625, 3.765625]"
True,4608,2,10391,2,"[2.859375, 2.296875, 2.25, 2.953125]"
False,4609,1,10399,3,"[3.515625, 2.625, 2.84375, 2.53125]"
False,4610,1,10401,2,"[2.578125, 3.171875, 1.9140625, 2.296875]"
False,4611,2,10414,0,"[2.640625, 3.78125, 3.953125, 3.96875]"
False,4612,3,10418,0,"[2.046875, 3.203125, 2.484375, 2.046875]"
False,4613,0,10423,2,"[3.203125, 3.25, 2.765625, 3.109375]"
False,4614,2,10430,3,"[3.0, 3.0, 2.984375, 2.640625]"
False,4615,1,10442,2,"[2.75, 3.015625, 2.734375, 3.3125]"
False,4616,0,10448,2,"[3.0, 3.3125, 2.484375, 4.21875]"
False,4617,0,10450,1,"[3.265625, 2.921875, 3.703125, 3.1875]"
False,4618,2,10461,1,"[3.3125, 3.09375, 3.671875, 3.46875]"
False,4619,0,10464,1,"[2.34375, 2.234375, 2.65625, 2.984375]"
False,4620,0,10483,2,"[3.0, 3.0625, 1.96875, 3.0625]"
False,4621,1,10485,0,"[2.328125, 2.703125, 2.484375, 3.34375]"
False,4622,0,10489,1,"[2.9375, 2.53125, 2.734375, 3.78125]"
True,4623,1,10496,1,"[2.96875, 2.53125, 3.015625, 4.3125]"
True,4624,1,10508,1,"[3.09375, 2.75, 3.46875, 3.359375]"
False,4625,0,10511,2,"[3.359375, 3.125, 3.109375, 3.484375]"
False,4626,2,10512,3,"[3.421875, 3.234375, 3.265625, 2.640625]"
False,4627,2,10518,0,"[2.859375, 4.125, 3.609375, 3.28125]"
False,4628,1,10519,3,"[2.984375, 3.21875, 3.5, 2.546875]"
False,4629,3,10534,1,"[2.578125, 2.140625, 2.515625, 2.828125]"
False,4630,0,10542,3,"[3.03125, 3.328125, 3.15625, 2.859375]"
False,4631,1,10551,2,"[2.609375, 3.15625, 2.140625, 2.734375]"
False,4632,2,10553,3,"[2.84375, 2.953125, 2.640625, 2.5]"
False,4633,2,10557,1,"[3.53125, 1.8984375, 2.53125, 3.046875]"
True,4634,1,10559,1,"[3.859375, 2.828125, 4.0625, 3.296875]"
False,4635,3,10586,1,"[2.46875, 2.203125, 2.515625, 2.8125]"
False,4636,0,10587,3,"[2.671875, 3.84375, 2.78125, 2.578125]"
True,4637,0,10593,0,"[2.578125, 2.71875, 3.421875, 2.84375]"
False,4638,0,10605,1,"[2.84375, 2.359375, 2.625, 3.125]"
False,4639,1,10606,0,"[3.0625, 3.203125, 3.3125, 3.390625]"
False,4640,2,10624,0,"[3.0, 3.265625, 3.4375, 3.328125]"
False,4641,0,10627,1,"[3.71875, 2.703125, 3.046875, 3.34375]"
False,4642,0,10641,1,"[4.28125, 2.59375, 4.25, 3.40625]"
False,4643,0,10671,1,"[3.703125, 3.125, 3.5625, 3.96875]"
False,4644,2,10673,0,"[2.71875, 3.65625, 3.28125, 2.890625]"
False,4645,2,10681,1,"[3.234375, 2.78125, 3.796875, 2.9375]"
False,4646,0,10689,1,"[2.96875, 2.453125, 3.421875, 2.609375]"
True,4647,1,10700,1,"[3.28125, 2.859375, 3.828125, 3.53125]"
False,4648,0,10703,3,"[3.03125, 2.65625, 2.578125, 1.921875]"
False,4649,3,10713,2,"[3.203125, 3.15625, 2.78125, 3.203125]"
False,4650,1,10756,2,"[2.921875, 3.1875, 2.84375, 3.15625]"
False,4651,1,10757,2,"[3.78125, 3.8125, 2.5625, 3.140625]"
True,4652,1,10758,1,"[2.953125, 2.796875, 2.796875, 3.203125]"
True,4653,3,10772,3,"[3.234375, 3.5625, 3.046875, 2.671875]"
False,4654,3,10777,2,"[3.1875, 3.234375, 2.765625, 3.53125]"
False,4655,1,10792,3,"[2.75, 2.34375, 2.3125, 2.125]"
False,4656,0,10794,3,"[3.890625, 3.515625, 3.921875, 2.703125]"
True,4657,0,10796,0,"[2.765625, 2.828125, 3.09375, 3.4375]"
False,4658,1,10810,0,"[2.75, 2.75, 3.078125, 3.765625]"
False,4659,1,10820,2,"[3.125, 3.0, 2.40625, 3.0]"
False,4660,1,10830,0,"[2.59375, 2.828125, 2.890625, 2.671875]"
False,4661,1,10846,2,"[3.6875, 2.796875, 2.46875, 3.65625]"
False,4662,3,10855,0,"[2.75, 3.203125, 2.90625, 2.765625]"
False,4663,1,10870,0,"[3.078125, 3.296875, 3.78125, 3.609375]"
False,4664,0,10893,2,"[2.140625, 3.21875, 2.0625, 2.75]"
False,4665,3,10901,1,"[4.90625, 3.328125, 3.5625, 3.484375]"
False,4666,2,10910,0,"[3.1875, 3.296875, 3.3125, 3.46875]"
False,4667,1,10915,3,"[4.40625, 3.546875, 3.765625, 3.078125]"
True,4668,1,10923,1,"[3.578125, 2.78125, 3.015625, 4.53125]"
False,4669,1,10928,2,"[3.15625, 2.609375, 2.484375, 3.625]"
False,4670,3,10938,1,"[3.078125, 2.15625, 2.671875, 2.46875]"
False,4671,1,10962,0,"[2.453125, 3.453125, 3.171875, 2.84375]"
True,4672,2,10967,2,"[3.421875, 3.0, 2.921875, 3.015625]"
False,4673,0,10969,1,"[3.125, 2.015625, 2.5625, 3.640625]"
True,4674,3,10979,3,"[4.1875, 3.0625, 3.3125, 2.53125]"
False,4675,1,10981,3,"[3.53125, 2.390625, 3.078125, 2.234375]"
False,4676,0,10987,3,"[3.015625, 2.828125, 2.78125, 2.640625]"
False,4677,0,11004,2,"[3.5, 3.375, 2.5625, 2.59375]"
False,4678,1,11008,3,"[2.90625, 2.890625, 2.890625, 2.578125]"
False,4679,3,11032,2,"[3.078125, 3.234375, 2.671875, 3.40625]"
True,4680,1,11050,1,"[3.390625, 2.96875, 3.25, 3.0]"
False,4681,0,11065,3,"[2.734375, 3.09375, 2.875, 2.5625]"
False,4682,3,11067,2,"[4.40625, 4.03125, 2.390625, 2.90625]"
False,4683,2,11068,3,"[2.265625, 2.09375, 2.984375, 1.9609375]"
False,4684,0,11094,2,"[3.234375, 3.5625, 3.03125, 3.9375]"
False,4685,3,11096,1,"[3.21875, 2.6875, 4.1875, 2.6875]"
False,4686,3,11099,1,"[2.59375, 2.203125, 2.71875, 3.96875]"
False,4687,2,11101,1,"[2.8125, 2.75, 3.515625, 3.125]"
False,4688,2,11116,3,"[2.734375, 2.296875, 3.1875, 2.046875]"
True,4689,2,11125,2,"[2.578125, 2.171875, 2.15625, 2.453125]"
False,4690,0,11132,3,"[3.796875, 3.53125, 3.9375, 3.28125]"
False,4691,2,11135,1,"[2.53125, 2.25, 2.625, 3.046875]"
True,4692,3,11156,3,"[2.765625, 3.078125, 3.484375, 2.59375]"
False,4693,2,11159,3,"[2.90625, 2.953125, 2.828125, 2.515625]"
False,4694,2,11162,0,"[2.59375, 3.15625, 2.765625, 3.15625]"
False,4695,2,11185,3,"[3.1875, 3.171875, 3.109375, 2.875]"
True,4696,1,11193,1,"[2.734375, 2.46875, 2.953125, 3.25]"
False,4697,0,11197,1,"[4.0625, 2.5625, 4.125, 2.5625]"
False,4698,3,11206,2,"[2.015625, 2.75, 1.953125, 2.3125]"
True,4699,1,11215,1,"[2.828125, 2.375, 3.171875, 2.515625]"
False,4700,2,11216,0,"[2.46875, 3.046875, 3.640625, 3.234375]"
False,4701,0,11241,1,"[3.453125, 2.765625, 3.3125, 2.9375]"
False,4702,1,11242,3,"[2.71875, 3.578125, 3.1875, 2.34375]"
False,4703,3,11243,0,"[2.71875, 3.71875, 3.703125, 3.8125]"
False,4704,2,11244,1,"[3.171875, 2.234375, 2.515625, 3.34375]"
False,4705,1,11245,0,"[2.453125, 2.734375, 2.75, 3.328125]"
False,4706,0,11254,2,"[2.890625, 2.625, 2.28125, 3.328125]"
True,4707,3,11271,3,"[3.109375, 2.71875, 3.21875, 2.546875]"
False,4708,3,11274,0,"[3.453125, 4.6875, 3.75, 3.890625]"
True,4709,2,11289,2,"[2.984375, 3.015625, 2.171875, 2.828125]"
False,4710,0,11294,3,"[2.96875, 2.90625, 2.765625, 2.640625]"
True,4711,2,11300,2,"[3.21875, 3.234375, 2.765625, 2.828125]"
False,4712,1,11302,3,"[2.640625, 3.5625, 3.21875, 2.359375]"
False,4713,0,11307,3,"[3.734375, 3.875, 3.265625, 3.0625]"
False,4714,1,11310,2,"[3.703125, 3.359375, 2.984375, 3.109375]"
True,4715,3,11312,3,"[2.453125, 3.015625, 3.171875, 2.171875]"
False,4716,3,11319,0,"[2.1875, 2.65625, 2.765625, 3.125]"
False,4717,3,11322,2,"[3.21875, 3.28125, 2.53125, 2.6875]"
False,4718,3,11327,2,"[3.46875, 3.15625, 2.203125, 3.515625]"
True,4719,2,11336,2,"[3.375, 3.234375, 2.921875, 2.921875]"
False,4720,1,11367,2,"[3.46875, 2.90625, 2.625, 3.125]"
True,4721,3,11377,3,"[2.9375, 2.90625, 2.078125, 1.6171875]"
True,4722,3,11383,3,"[3.859375, 2.984375, 2.828125, 2.578125]"
False,4723,3,11389,1,"[2.40625, 2.3125, 2.484375, 2.65625]"
True,4724,2,11391,2,"[2.71875, 3.140625, 2.5, 3.21875]"
False,4725,3,11394,1,"[4.125, 2.4375, 3.015625, 2.71875]"
False,4726,0,11397,2,"[3.34375, 2.828125, 2.796875, 3.515625]"
False,4727,3,11403,2,"[2.59375, 3.765625, 1.59375, 2.921875]"
False,4728,2,11406,0,"[2.796875, 2.953125, 3.296875, 3.1875]"
False,4729,1,11408,2,"[2.9375, 2.65625, 2.078125, 4.15625]"
False,4730,2,11409,3,"[3.359375, 3.03125, 3.5, 2.578125]"
False,4731,2,11417,3,"[2.78125, 3.21875, 3.109375, 2.390625]"
False,4732,1,11438,2,"[2.546875, 3.25, 2.0625, 3.15625]"
True,4733,2,11441,2,"[3.796875, 4.25, 3.15625, 3.5]"
False,4734,0,11450,1,"[3.703125, 2.96875, 2.984375, 3.8125]"
False,4735,1,11473,3,"[3.109375, 3.90625, 3.421875, 2.578125]"
False,4736,1,11489,0,"[2.265625, 3.875, 2.5, 2.921875]"
False,4737,2,11492,0,"[2.65625, 2.921875, 3.546875, 2.78125]"
False,4738,0,11494,2,"[3.59375, 3.671875, 3.203125, 3.3125]"
False,4739,2,11497,0,"[2.1875, 3.125, 2.953125, 3.625]"
False,4740,3,11500,1,"[2.65625, 2.046875, 2.953125, 3.0]"
False,4741,3,11502,1,"[3.265625, 2.796875, 3.140625, 3.109375]"
True,4742,2,11510,2,"[2.84375, 2.734375, 2.609375, 3.171875]"
False,4743,2,11512,1,"[3.171875, 1.8828125, 3.140625, 3.21875]"
False,4744,0,11514,2,"[4.1875, 2.828125, 2.390625, 3.0]"
True,4745,2,11517,2,"[2.84375, 3.859375, 2.703125, 3.09375]"
False,4746,2,11520,1,"[4.59375, 2.171875, 3.015625, 2.9375]"
True,4747,2,11523,2,"[2.859375, 3.796875, 2.03125, 3.203125]"
False,4748,3,11529,0,"[2.953125, 3.28125, 3.046875, 2.984375]"
False,4749,1,11531,2,"[3.296875, 3.96875, 2.34375, 3.078125]"
False,4750,0,11540,1,"[2.53125, 1.96875, 3.140625, 2.046875]"
True,4751,2,11542,2,"[2.859375, 3.078125, 2.65625, 2.921875]"
False,4752,2,11546,1,"[3.671875, 2.796875, 3.28125, 3.0625]"
False,4753,0,11563,3,"[3.859375, 3.9375, 3.375, 2.3125]"
False,4754,3,11565,0,"[2.34375, 3.421875, 3.34375, 3.265625]"
False,4755,2,11568,0,"[2.109375, 3.421875, 2.71875, 2.5]"
False,4756,3,11575,1,"[3.40625, 2.90625, 2.953125, 3.34375]"
False,4757,0,11583,2,"[3.703125, 3.296875, 3.109375, 3.25]"
False,4758,0,11585,2,"[3.609375, 3.640625, 2.265625, 2.625]"
False,4759,3,11589,0,"[2.796875, 4.0, 3.765625, 3.09375]"
False,4760,2,11592,0,"[2.84375, 3.1875, 3.5, 3.015625]"
True,4761,0,11607,0,"[2.515625, 3.25, 2.59375, 2.921875]"
True,4762,2,11608,2,"[3.546875, 3.171875, 2.59375, 2.59375]"
False,4763,1,11609,2,"[2.8125, 2.53125, 2.421875, 2.625]"
False,4764,0,11614,2,"[2.65625, 2.734375, 1.7265625, 2.515625]"
True,4765,2,11632,2,"[3.515625, 3.4375, 3.046875, 3.125]"
True,4766,0,11644,0,"[3.09375, 3.203125, 3.828125, 3.515625]"
False,4767,1,11650,2,"[3.0625, 3.4375, 2.65625, 3.09375]"
False,4768,3,11663,1,"[2.953125, 2.5, 3.21875, 2.9375]"
False,4769,1,11673,2,"[3.671875, 2.890625, 2.640625, 4.125]"
False,4770,0,11688,3,"[2.25, 2.90625, 2.65625, 2.09375]"
False,4771,2,11708,1,"[3.0, 2.171875, 3.390625, 3.0625]"
False,4772,1,11711,2,"[3.6875, 3.125, 2.6875, 3.21875]"
False,4773,2,11725,0,"[2.9375, 3.171875, 3.75, 2.9375]"
False,4774,1,11729,2,"[3.890625, 2.84375, 2.71875, 3.359375]"
False,4775,3,11731,2,"[2.890625, 3.046875, 2.703125, 3.15625]"
False,4776,1,11737,2,"[3.53125, 3.109375, 2.578125, 3.046875]"
False,4777,0,11756,2,"[2.734375, 2.6875, 2.578125, 3.0]"
False,4778,2,11760,0,"[2.5625, 3.21875, 2.953125, 3.25]"
False,4779,2,11775,1,"[3.375, 2.8125, 2.953125, 3.9375]"
False,4780,0,11777,3,"[3.046875, 3.6875, 3.453125, 2.53125]"
False,4781,3,11789,0,"[2.5625, 3.109375, 3.1875, 3.15625]"
True,4782,2,11797,2,"[3.234375, 2.78125, 2.703125, 2.765625]"
False,4783,3,11799,1,"[3.453125, 2.3125, 2.390625, 2.609375]"
False,4784,1,11806,3,"[2.765625, 3.484375, 3.296875, 2.703125]"
False,4785,1,11810,2,"[3.515625, 3.75, 2.25, 3.921875]"
False,4786,2,11834,3,"[3.953125, 4.125, 2.890625, 2.6875]"
True,4787,2,11843,2,"[2.90625, 3.375, 2.5625, 2.71875]"
False,4788,0,11847,1,"[3.203125, 2.09375, 2.265625, 2.796875]"
True,4789,2,11848,2,"[3.953125, 3.859375, 3.3125, 3.5625]"
False,4790,2,11853,1,"[2.796875, 2.625, 2.8125, 3.46875]"
True,4791,1,11857,1,"[3.84375, 3.40625, 4.4375, 3.96875]"
False,4792,1,11858,3,"[4.0625, 3.09375, 3.1875, 2.75]"
False,4793,2,11863,0,"[2.53125, 2.546875, 3.796875, 2.828125]"
True,4794,3,11866,3,"[2.84375, 3.3125, 2.875, 2.71875]"
False,4795,1,11868,3,"[3.8125, 3.109375, 2.953125, 2.890625]"
True,4796,1,11877,1,"[3.140625, 2.546875, 4.03125, 2.765625]"
False,4797,2,11889,1,"[3.0625, 2.71875, 3.796875, 3.1875]"
False,4798,3,11896,2,"[3.34375, 3.703125, 3.0, 3.03125]"
True,4799,2,11909,2,"[2.90625, 2.921875, 2.359375, 2.609375]"
True,4800,0,11924,0,"[2.40625, 2.953125, 2.4375, 2.96875]"
False,4801,3,11933,1,"[2.984375, 2.453125, 2.59375, 2.578125]"
False,4802,3,11934,0,"[2.4375, 3.0625, 3.015625, 3.6875]"
True,4803,0,11944,0,"[2.234375, 3.125, 3.578125, 3.65625]"
False,4804,2,11975,3,"[2.59375, 2.546875, 3.75, 1.9140625]"
False,4805,3,11978,2,"[3.078125, 3.59375, 2.90625, 3.515625]"
False,4806,0,11980,1,"[3.484375, 2.25, 2.578125, 2.484375]"
False,4807,0,12005,1,"[3.296875, 2.6875, 2.75, 2.8125]"
True,4808,3,12006,3,"[3.203125, 3.140625, 3.140625, 2.828125]"
True,4809,2,12017,2,"[4.5, 3.453125, 2.640625, 2.875]"
False,4810,0,12020,3,"[3.421875, 3.09375, 2.9375, 2.90625]"
False,4811,0,12021,2,"[3.4375, 3.578125, 2.71875, 3.46875]"
False,4812,2,12037,3,"[3.359375, 4.4375, 3.328125, 2.640625]"
False,4813,0,12045,3,"[2.9375, 3.1875, 3.546875, 2.265625]"
False,4814,2,12048,0,"[2.171875, 3.078125, 3.484375, 2.921875]"
False,4815,2,12053,1,"[3.109375, 2.8125, 3.171875, 3.203125]"
False,4816,3,12065,2,"[3.34375, 3.203125, 2.671875, 3.09375]"
True,4817,3,12079,3,"[3.3125, 2.875, 3.234375, 2.484375]"
False,4818,0,12091,2,"[3.796875, 3.515625, 2.375, 2.609375]"
False,4819,0,12101,1,"[3.828125, 3.25, 4.75, 3.890625]"
True,4820,0,12102,0,"[2.609375, 4.0625, 2.71875, 2.703125]"
False,4821,1,12107,2,"[3.28125, 3.21875, 2.96875, 3.546875]"
False,4822,1,12110,3,"[3.875, 3.109375, 3.40625, 2.875]"
False,4823,1,12113,0,"[2.84375, 2.890625, 4.15625, 3.4375]"
True,4824,0,12119,0,"[2.5, 2.96875, 3.09375, 3.53125]"
False,4825,0,12120,1,"[3.03125, 2.90625, 3.75, 3.203125]"
False,4826,2,12125,1,"[3.640625, 2.515625, 2.71875, 2.609375]"
False,4827,3,12127,1,"[3.4375, 2.90625, 3.03125, 3.078125]"
False,4828,2,12134,0,"[2.78125, 3.34375, 3.203125, 3.359375]"
True,4829,3,12145,3,"[3.03125, 2.59375, 3.109375, 2.296875]"
True,4830,1,12147,1,"[2.8125, 2.796875, 3.1875, 2.96875]"
False,4831,3,12150,1,"[3.515625, 3.078125, 3.28125, 3.390625]"
False,4832,3,12154,0,"[2.8125, 3.390625, 3.25, 2.9375]"
True,4833,1,12162,1,"[3.078125, 2.1875, 3.75, 3.171875]"
False,4834,2,12175,3,"[3.4375, 2.828125, 3.046875, 2.703125]"
False,4835,0,12179,2,"[2.9375, 2.78125, 2.234375, 2.78125]"
False,4836,3,12182,1,"[3.71875, 2.40625, 2.953125, 3.65625]"
False,4837,1,12184,0,"[2.703125, 3.09375, 2.859375, 2.75]"
False,4838,0,12189,1,"[2.8125, 2.6875, 3.34375, 3.359375]"
True,4839,2,12198,2,"[3.625, 2.46875, 2.0625, 2.609375]"
True,4840,1,12201,1,"[3.109375, 2.640625, 2.703125, 4.125]"
False,4841,0,12205,2,"[3.65625, 2.96875, 2.59375, 3.515625]"
False,4842,1,12209,2,"[3.671875, 3.046875, 2.625, 3.71875]"
True,4843,0,12230,0,"[2.734375, 2.96875, 2.953125, 2.765625]"
False,4844,1,12246,3,"[3.703125, 3.0625, 4.28125, 2.859375]"
False,4845,0,12247,2,"[2.703125, 3.0, 2.578125, 2.84375]"
False,4846,1,12251,0,"[2.078125, 2.890625, 3.484375, 3.265625]"
False,4847,3,12264,0,"[2.46875, 2.796875, 2.734375, 2.984375]"
False,4848,0,12268,3,"[3.515625, 3.5625, 3.09375, 2.40625]"
True,4849,2,12274,2,"[2.515625, 2.90625, 2.140625, 2.953125]"
True,4850,0,12275,0,"[2.59375, 2.65625, 3.53125, 3.1875]"
True,4851,0,12278,0,"[2.625, 3.8125, 3.046875, 3.6875]"
False,4852,0,12285,2,"[3.03125, 3.640625, 2.40625, 3.046875]"
True,4853,1,12295,1,"[2.78125, 1.5078125, 2.96875, 2.09375]"
False,4854,3,12306,1,"[2.921875, 2.515625, 3.328125, 4.0]"
False,4855,3,12310,2,"[3.34375, 2.765625, 2.703125, 3.21875]"
False,4856,1,12314,2,"[3.421875, 2.828125, 2.796875, 3.625]"
False,4857,2,12315,3,"[3.515625, 3.34375, 3.859375, 3.296875]"
False,4858,3,12317,2,"[2.78125, 3.265625, 2.6875, 2.875]"
True,4859,3,12333,3,"[2.3125, 2.65625, 2.453125, 2.28125]"
False,4860,0,12335,3,"[3.25, 2.765625, 3.265625, 2.375]"
True,4861,1,12343,1,"[2.6875, 2.46875, 2.84375, 3.515625]"
False,4862,2,12346,3,"[3.359375, 3.453125, 3.28125, 2.546875]"
False,4863,3,12347,2,"[3.5, 3.828125, 2.75, 3.78125]"
False,4864,2,12365,1,"[3.21875, 2.78125, 3.671875, 2.78125]"
True,4865,1,12373,1,"[3.171875, 2.453125, 3.109375, 2.546875]"
False,4866,1,12377,2,"[2.9375, 2.984375, 2.640625, 2.78125]"
True,4867,3,12379,3,"[2.890625, 3.703125, 3.40625, 2.78125]"
False,4868,2,12385,0,"[2.21875, 2.78125, 2.53125, 2.59375]"
False,4869,1,12386,0,"[2.03125, 2.765625, 2.328125, 2.203125]"
False,4870,1,12393,3,"[3.75, 3.5, 3.515625, 3.046875]"
False,4871,3,12394,2,"[4.0, 4.375, 2.765625, 2.90625]"
False,4872,1,12400,0,"[2.765625, 3.046875, 3.203125, 2.890625]"
False,4873,2,12403,0,"[2.1875, 2.703125, 2.875, 2.1875]"
True,4874,1,12406,1,"[2.921875, 2.71875, 2.765625, 3.25]"
True,4875,1,12408,1,"[3.0625, 2.34375, 2.5, 3.328125]"
False,4876,1,12414,3,"[2.84375, 2.640625, 2.8125, 2.359375]"
True,4877,1,12415,1,"[3.421875, 2.265625, 2.6875, 2.671875]"
True,4878,1,12423,1,"[2.75, 2.078125, 2.640625, 2.9375]"
False,4879,2,12432,1,"[3.46875, 2.359375, 2.90625, 3.0625]"
False,4880,3,12434,0,"[2.234375, 2.65625, 2.796875, 2.46875]"
False,4881,2,12448,0,"[2.265625, 2.859375, 2.90625, 3.65625]"
True,4882,2,12451,2,"[3.421875, 2.703125, 2.5, 2.984375]"
True,4883,1,12460,1,"[2.96875, 2.828125, 3.328125, 3.3125]"
False,4884,0,12463,1,"[2.953125, 2.078125, 2.953125, 2.96875]"
False,4885,0,12471,1,"[4.21875, 2.75, 3.171875, 4.0]"
True,4886,1,12473,1,"[3.4375, 3.34375, 4.0, 3.953125]"
False,4887,2,12477,0,"[2.5, 2.953125, 3.34375, 3.40625]"
False,4888,1,12481,0,"[2.359375, 2.390625, 2.734375, 2.640625]"
True,4889,1,12482,1,"[3.234375, 2.28125, 2.671875, 2.40625]"
False,4890,2,12488,3,"[2.875, 2.609375, 3.09375, 2.25]"
False,4891,1,12492,3,"[3.109375, 3.96875, 3.34375, 2.59375]"
False,4892,0,12495,1,"[3.515625, 1.796875, 2.875, 2.546875]"
False,4893,2,12504,3,"[3.4375, 3.046875, 2.875, 2.34375]"
False,4894,2,12509,3,"[2.609375, 2.921875, 3.03125, 2.390625]"
True,4895,0,12516,0,"[2.328125, 3.046875, 3.546875, 2.796875]"
False,4896,2,12517,1,"[3.46875, 2.171875, 2.9375, 2.53125]"
False,4897,3,12522,1,"[3.171875, 2.765625, 2.796875, 3.40625]"
False,4898,1,12524,3,"[3.484375, 3.578125, 3.59375, 2.828125]"
False,4899,1,12540,2,"[2.59375, 3.21875, 2.125, 2.453125]"
True,4900,2,12545,2,"[2.875, 2.4375, 2.0625, 2.640625]"
False,4901,0,12546,1,"[3.53125, 2.6875, 3.78125, 3.734375]"
True,4902,0,12547,0,"[2.390625, 3.046875, 3.625, 4.53125]"
False,4903,1,12554,3,"[3.265625, 3.203125, 3.625, 3.0]"
False,4904,0,12579,2,"[2.9375, 2.71875, 2.671875, 3.3125]"
False,4905,3,12583,1,"[3.140625, 3.046875, 3.0625, 4.09375]"
False,4906,0,12585,1,"[3.078125, 2.1875, 2.921875, 3.125]"
True,4907,1,12591,1,"[2.828125, 2.421875, 2.71875, 2.96875]"
False,4908,2,12594,3,"[3.109375, 2.828125, 2.671875, 2.21875]"
False,4909,1,12597,3,"[3.3125, 2.734375, 3.5, 2.6875]"
False,4910,1,12608,3,"[2.625, 2.546875, 3.0, 2.515625]"
False,4911,2,12611,0,"[2.875, 2.875, 3.03125, 3.78125]"
True,4912,2,12619,2,"[3.46875, 3.703125, 2.484375, 3.34375]"
False,4913,2,12622,3,"[3.25, 3.125, 3.21875, 3.046875]"
False,4914,2,12628,0,"[3.140625, 3.25, 3.53125, 3.234375]"
True,4915,2,12630,2,"[2.8125, 2.625, 2.203125, 3.28125]"
True,4916,3,12637,3,"[4.40625, 4.125, 3.5625, 3.09375]"
True,4917,3,12644,3,"[2.46875, 3.71875, 3.078125, 2.28125]"
False,4918,3,12650,1,"[3.75, 3.046875, 3.3125, 3.234375]"
True,4919,0,12658,0,"[3.046875, 3.140625, 3.46875, 3.078125]"
True,4920,1,12662,1,"[3.484375, 2.015625, 3.078125, 2.890625]"
False,4921,2,12672,3,"[3.421875, 3.21875, 3.765625, 3.171875]"
True,4922,3,12674,3,"[3.21875, 3.84375, 3.140625, 3.0625]"
False,4923,1,12675,2,"[3.53125, 3.359375, 3.0625, 3.640625]"
True,4924,0,12676,0,"[2.34375, 2.515625, 3.03125, 3.234375]"
False,4925,1,12681,2,"[4.03125, 3.875, 2.6875, 3.328125]"
True,4926,3,12684,3,"[2.859375, 3.171875, 2.453125, 2.359375]"
False,4927,0,12686,3,"[2.6875, 3.484375, 3.125, 2.421875]"
False,4928,0,12687,1,"[3.171875, 2.875, 3.078125, 3.015625]"
True,4929,2,12694,2,"[3.53125, 3.578125, 2.609375, 3.296875]"
False,4930,3,12696,0,"[2.390625, 2.734375, 2.515625, 3.359375]"
False,4931,1,12697,2,"[3.65625, 3.234375, 2.65625, 3.359375]"
True,4932,3,12701,3,"[3.375, 3.453125, 3.96875, 2.484375]"
False,4933,1,12720,0,"[3.15625, 3.296875, 3.375, 4.0625]"
False,4934,1,12727,0,"[2.453125, 3.015625, 3.171875, 3.328125]"
False,4935,1,12737,2,"[3.25, 3.71875, 3.21875, 3.484375]"
False,4936,1,12745,0,"[2.640625, 3.5625, 3.0625, 2.640625]"
True,4937,1,12746,1,"[3.5, 2.03125, 2.0625, 2.421875]"
True,4938,2,12764,2,"[3.15625, 2.3125, 2.0625, 3.0]"
False,4939,3,12772,2,"[3.515625, 5.15625, 3.1875, 3.390625]"
False,4940,0,12785,3,"[3.578125, 3.40625, 3.484375, 3.25]"
False,4941,3,12820,1,"[3.375, 3.328125, 3.59375, 3.59375]"
False,4942,2,12827,1,"[2.875, 2.65625, 3.375, 2.8125]"
False,4943,3,12840,2,"[2.84375, 2.953125, 2.234375, 2.84375]"
False,4944,0,12843,3,"[2.671875, 2.84375, 3.109375, 2.40625]"
False,4945,3,12850,0,"[2.421875, 2.84375, 2.515625, 2.78125]"
False,4946,2,12852,1,"[2.96875, 2.296875, 2.859375, 3.21875]"
False,4947,3,12856,1,"[3.859375, 2.734375, 3.4375, 3.296875]"
False,4948,2,12862,3,"[2.859375, 2.9375, 2.96875, 2.734375]"
False,4949,1,12865,2,"[3.234375, 2.71875, 2.15625, 3.046875]"
False,4950,3,12878,0,"[2.890625, 3.03125, 3.6875, 3.78125]"
False,4951,3,12880,0,"[2.3125, 3.1875, 3.796875, 2.609375]"
False,4952,2,12881,1,"[2.671875, 2.484375, 2.546875, 3.28125]"
True,4953,0,12884,0,"[2.15625, 3.828125, 3.40625, 2.8125]"
True,4954,2,12887,2,"[3.0625, 2.703125, 2.140625, 3.0625]"
False,4955,1,12891,3,"[3.484375, 3.15625, 3.546875, 2.65625]"
False,4956,1,12904,2,"[2.984375, 2.9375, 2.4375, 3.265625]"
False,4957,2,12909,3,"[2.875, 3.25, 3.15625, 2.65625]"
False,4958,2,12914,3,"[3.265625, 2.765625, 2.84375, 2.75]"
True,4959,0,12915,0,"[2.78125, 4.09375, 2.78125, 3.78125]"
True,4960,1,12916,1,"[3.0, 2.03125, 3.0, 2.921875]"
False,4961,0,12921,2,"[3.34375, 3.4375, 2.796875, 3.265625]"
False,4962,0,12925,3,"[2.84375, 3.125, 3.25, 2.703125]"
False,4963,1,12930,3,"[2.828125, 2.125, 2.265625, 1.921875]"
True,4964,1,12940,1,"[3.359375, 2.796875, 3.09375, 3.84375]"
False,4965,2,12949,0,"[2.484375, 3.96875, 3.0625, 2.59375]"
True,4966,1,12955,1,"[3.546875, 2.296875, 2.953125, 2.515625]"
False,4967,0,12957,3,"[2.78125, 3.796875, 2.9375, 2.546875]"
True,4968,0,12959,0,"[2.15625, 3.03125, 2.75, 3.1875]"
False,4969,2,12965,3,"[2.96875, 3.578125, 3.046875, 2.859375]"
True,4970,1,12979,1,"[3.9375, 2.6875, 5.0, 3.390625]"
False,4971,1,12984,3,"[4.125, 2.328125, 2.75, 2.171875]"
False,4972,1,13004,3,"[3.3125, 3.1875, 3.953125, 2.78125]"
True,4973,2,13010,2,"[2.78125, 2.71875, 2.53125, 3.0]"
False,4974,0,13015,1,"[3.03125, 2.78125, 3.125, 2.921875]"
False,4975,0,13024,2,"[2.765625, 2.875, 2.75, 2.875]"
False,4976,2,13031,0,"[3.265625, 3.4375, 4.34375, 3.96875]"
False,4977,2,13034,1,"[3.21875, 2.40625, 2.59375, 2.75]"
False,4978,2,13038,1,"[2.546875, 2.3125, 2.96875, 2.515625]"
False,4979,0,13040,1,"[2.6875, 2.1875, 2.765625, 3.28125]"
True,4980,3,13060,3,"[2.921875, 2.921875, 3.328125, 2.890625]"
False,4981,0,13065,1,"[2.84375, 2.25, 2.3125, 3.046875]"
False,4982,1,13082,2,"[2.640625, 3.0, 2.203125, 2.640625]"
False,4983,3,13088,1,"[3.0, 2.515625, 2.953125, 2.875]"
True,4984,0,13097,0,"[3.203125, 3.90625, 4.03125, 3.28125]"
False,4985,3,13103,0,"[2.34375, 3.078125, 3.28125, 3.140625]"
False,4986,1,13119,0,"[2.828125, 3.125, 3.390625, 3.328125]"
False,4987,1,13139,2,"[2.984375, 3.203125, 2.53125, 3.671875]"
False,4988,0,13146,3,"[3.140625, 2.953125, 4.75, 2.6875]"
False,4989,2,13167,3,"[3.390625, 2.984375, 2.75, 2.484375]"
False,4990,0,13174,3,"[3.5625, 3.53125, 3.484375, 2.609375]"
False,4991,2,13188,1,"[3.4375, 2.796875, 3.265625, 2.953125]"
False,4992,3,13192,2,"[3.953125, 4.71875, 3.046875, 3.125]"
False,4993,0,13197,3,"[3.671875, 3.640625, 3.46875, 3.046875]"
False,4994,0,13202,1,"[3.015625, 2.5625, 3.046875, 2.828125]"
False,4995,1,13204,0,"[2.21875, 2.609375, 3.578125, 2.578125]"
False,4996,1,13207,0,"[2.21875, 2.96875, 3.0625, 2.703125]"
False,4997,2,13209,3,"[4.09375, 3.859375, 4.375, 3.75]"
False,4998,1,13220,3,"[2.71875, 2.734375, 2.75, 2.453125]"
True,4999,0,13237,0,"[2.3125, 2.875, 3.390625, 2.984375]"
False,5000,1,13249,3,"[4.0625, 4.28125, 2.765625, 2.296875]"
False,5001,3,13250,1,"[2.75, 2.65625, 3.515625, 3.390625]"
True,5002,2,13251,2,"[4.15625, 3.421875, 2.46875, 2.515625]"
False,5003,1,13274,2,"[3.03125, 2.78125, 2.734375, 3.203125]"
False,5004,1,13280,3,"[3.265625, 3.40625, 3.359375, 2.40625]"
False,5005,2,13290,1,"[3.6875, 2.6875, 2.765625, 3.078125]"
False,5006,3,13291,0,"[1.515625, 2.40625, 2.484375, 2.953125]"
False,5007,0,13309,2,"[3.328125, 3.515625, 3.28125, 4.21875]"
False,5008,2,13310,3,"[2.828125, 2.484375, 2.96875, 2.453125]"
False,5009,0,13315,1,"[2.65625, 2.453125, 3.265625, 2.65625]"
False,5010,2,13316,3,"[3.203125, 3.609375, 2.90625, 2.34375]"
False,5011,0,13318,2,"[2.859375, 2.15625, 1.8515625, 2.515625]"
False,5012,2,13320,1,"[2.984375, 2.125, 2.9375, 2.9375]"
False,5013,2,13322,0,"[2.1875, 3.0625, 2.53125, 3.28125]"
False,5014,1,13324,0,"[2.28125, 3.515625, 2.859375, 2.375]"
False,5015,0,13329,2,"[3.0, 3.6875, 2.859375, 3.234375]"
True,5016,1,13336,1,"[3.953125, 3.0, 3.578125, 3.84375]"
False,5017,2,13346,3,"[2.96875, 3.59375, 3.046875, 2.734375]"
True,5018,2,13348,2,"[2.421875, 3.078125, 2.265625, 2.640625]"
True,5019,1,13355,1,"[3.609375, 3.25, 3.375, 3.625]"
False,5020,2,13359,0,"[2.71875, 3.21875, 3.328125, 2.796875]"
False,5021,1,13364,2,"[2.875, 3.171875, 2.578125, 2.921875]"
False,5022,3,13370,0,"[2.453125, 2.859375, 2.875, 2.78125]"
False,5023,1,13371,2,"[2.96875, 3.96875, 2.609375, 3.609375]"
False,5024,0,13402,1,"[2.421875, 1.65625, 3.046875, 3.515625]"
True,5025,2,13405,2,"[2.890625, 3.09375, 2.796875, 3.34375]"
False,5026,1,13407,3,"[3.0625, 3.34375, 3.25, 2.265625]"
True,5027,0,13408,0,"[2.015625, 3.28125, 3.75, 2.875]"
False,5028,1,13411,2,"[3.515625, 3.453125, 3.109375, 4.6875]"
True,5029,0,13416,0,"[1.984375, 2.484375, 2.84375, 2.328125]"
False,5030,2,13421,0,"[2.84375, 3.421875, 4.125, 2.9375]"
False,5031,1,13422,3,"[2.78125, 3.140625, 3.078125, 2.21875]"
True,5032,3,13427,3,"[2.84375, 4.90625, 2.734375, 2.53125]"
True,5033,0,13429,0,"[2.703125, 2.703125, 3.390625, 2.703125]"
False,5034,1,13432,2,"[3.328125, 3.078125, 2.234375, 2.875]"
False,5035,1,13434,2,"[3.0625, 3.3125, 2.859375, 3.171875]"
False,5036,2,13435,0,"[2.765625, 3.15625, 3.21875, 3.109375]"
False,5037,1,13453,3,"[3.15625, 3.78125, 2.90625, 2.46875]"
False,5038,2,13455,3,"[3.078125, 3.703125, 3.453125, 2.75]"
False,5039,3,13461,1,"[2.828125, 2.515625, 4.1875, 2.90625]"
True,5040,0,13466,0,"[2.5625, 2.609375, 2.703125, 3.703125]"
False,5041,1,13469,0,"[2.34375, 3.46875, 2.9375, 2.875]"
True,5042,1,13470,1,"[3.375, 1.6171875, 2.78125, 2.53125]"
True,5043,0,13479,0,"[2.453125, 3.28125, 2.5, 2.828125]"
False,5044,1,13484,0,"[2.390625, 3.4375, 3.375, 3.171875]"
False,5045,1,13487,2,"[2.890625, 2.53125, 1.8046875, 3.03125]"
True,5046,1,13490,1,"[4.09375, 2.984375, 3.015625, 3.78125]"
True,5047,0,13493,0,"[1.59375, 2.78125, 2.828125, 3.015625]"
False,5048,2,13511,3,"[2.609375, 3.296875, 2.703125, 1.984375]"
False,5049,2,13513,3,"[3.09375, 2.9375, 3.359375, 2.90625]"
False,5050,0,13514,3,"[3.40625, 3.265625, 3.234375, 2.890625]"
False,5051,2,13521,0,"[2.6875, 5.1875, 3.546875, 3.46875]"
True,5052,2,13528,2,"[3.96875, 3.96875, 3.1875, 4.03125]"
False,5053,3,13529,2,"[2.9375, 3.109375, 2.671875, 3.453125]"
True,5054,2,13545,2,"[2.96875, 2.90625, 2.703125, 3.015625]"
False,5055,0,13548,3,"[2.453125, 2.4375, 3.15625, 1.9375]"
False,5056,1,13561,0,"[2.328125, 2.515625, 2.75, 3.734375]"
False,5057,0,13563,1,"[3.578125, 2.578125, 4.0, 3.328125]"
False,5058,1,13571,3,"[3.46875, 3.5625, 3.703125, 3.28125]"
True,5059,2,13579,2,"[2.375, 3.203125, 2.125, 3.328125]"
False,5060,0,13584,1,"[2.890625, 2.390625, 2.953125, 2.671875]"
False,5061,0,13588,1,"[3.09375, 2.984375, 3.375, 3.71875]"
False,5062,3,13593,0,"[2.34375, 2.875, 3.703125, 2.78125]"
False,5063,1,13599,3,"[3.375, 2.9375, 2.765625, 2.59375]"
True,5064,2,13602,2,"[2.859375, 2.75, 2.296875, 2.71875]"
False,5065,1,13613,2,"[2.40625, 3.328125, 1.8046875, 2.90625]"
True,5066,1,13617,1,"[3.546875, 2.640625, 2.890625, 2.921875]"
False,5067,2,13621,1,"[3.890625, 2.359375, 3.046875, 3.578125]"
False,5068,0,13629,2,"[2.578125, 2.453125, 2.078125, 2.359375]"
False,5069,2,13642,0,"[3.03125, 4.5625, 3.140625, 4.75]"
False,5070,1,13649,3,"[2.515625, 3.515625, 2.75, 2.390625]"
False,5071,1,13656,2,"[3.859375, 3.25, 3.09375, 3.3125]"
False,5072,1,13657,3,"[3.125, 3.25, 3.828125, 2.46875]"
False,5073,0,13664,1,"[3.265625, 2.28125, 2.84375, 3.390625]"
False,5074,1,13669,3,"[3.09375, 3.03125, 3.140625, 1.890625]"
True,5075,2,13672,2,"[2.859375, 2.78125, 2.75, 2.984375]"
False,5076,0,13676,3,"[3.296875, 3.09375, 3.0625, 2.984375]"
False,5077,1,13679,0,"[2.984375, 3.21875, 3.21875, 3.34375]"
False,5078,2,13688,1,"[2.90625, 2.109375, 3.640625, 3.15625]"
False,5079,1,13693,0,"[2.515625, 2.53125, 3.578125, 3.25]"
False,5080,3,13711,1,"[3.25, 2.90625, 3.171875, 3.765625]"
True,5081,1,13712,1,"[3.25, 2.34375, 2.875, 2.578125]"
False,5082,3,13715,2,"[2.609375, 3.046875, 2.0, 2.40625]"
False,5083,1,13724,2,"[3.171875, 2.984375, 2.46875, 3.578125]"
False,5084,0,13731,3,"[4.0, 3.8125, 3.765625, 3.140625]"
True,5085,0,13732,0,"[3.046875, 3.078125, 3.375, 4.125]"
True,5086,2,13733,2,"[3.359375, 3.015625, 2.328125, 3.0625]"
False,5087,1,13736,2,"[3.125, 3.03125, 2.890625, 3.828125]"
True,5088,3,13737,3,"[2.84375, 2.796875, 3.71875, 2.28125]"
False,5089,3,13739,2,"[2.78125, 3.46875, 2.75, 3.0625]"
False,5090,3,13744,2,"[3.0, 3.390625, 2.78125, 3.34375]"
True,5091,1,13790,1,"[3.140625, 2.59375, 2.734375, 3.734375]"
True,5092,2,13816,2,"[2.921875, 3.265625, 2.421875, 2.53125]"
False,5093,3,13823,1,"[3.59375, 2.921875, 3.390625, 3.328125]"
True,5094,3,13833,3,"[2.53125, 3.140625, 3.453125, 2.296875]"
False,5095,0,13842,3,"[3.421875, 3.453125, 3.0, 2.625]"
False,5096,2,13844,1,"[2.984375, 2.828125, 3.046875, 3.21875]"
True,5097,0,13853,0,"[2.359375, 2.96875, 2.71875, 3.015625]"
False,5098,1,13855,3,"[2.90625, 3.015625, 3.671875, 2.828125]"
False,5099,0,13856,2,"[2.96875, 2.90625, 2.65625, 2.921875]"
False,5100,3,13870,2,"[3.046875, 2.84375, 2.234375, 2.890625]"
False,5101,3,13872,2,"[4.15625, 3.671875, 3.515625, 4.0625]"
False,5102,2,13881,3,"[2.953125, 3.125, 2.453125, 2.421875]"
True,5103,3,13895,3,"[3.40625, 3.046875, 2.671875, 2.3125]"
True,5104,0,13898,0,"[2.25, 4.03125, 3.015625, 2.953125]"
False,5105,2,13901,3,"[2.828125, 3.125, 3.3125, 2.765625]"
False,5106,0,13902,1,"[3.5, 3.109375, 3.625, 3.15625]"
False,5107,1,13919,2,"[3.8125, 3.453125, 2.671875, 3.5]"
False,5108,2,13921,3,"[2.34375, 3.046875, 2.640625, 2.21875]"
False,5109,2,13922,1,"[2.796875, 2.765625, 3.296875, 2.96875]"
False,5110,1,13923,0,"[2.40625, 3.296875, 2.546875, 2.765625]"
True,5111,2,13924,2,"[3.71875, 3.28125, 2.703125, 3.25]"
True,5112,3,13950,3,"[3.4375, 2.890625, 3.640625, 2.328125]"
False,5113,3,13956,0,"[2.546875, 2.59375, 3.90625, 3.171875]"
False,5114,2,13961,3,"[3.21875, 2.953125, 2.734375, 1.8828125]"
False,5115,3,13971,1,"[3.5, 2.46875, 2.796875, 3.6875]"
False,5116,0,13982,1,"[2.671875, 2.375, 2.953125, 2.390625]"
False,5117,1,13985,2,"[2.515625, 3.0, 2.265625, 2.28125]"
False,5118,1,13992,3,"[3.203125, 2.703125, 2.828125, 1.9375]"
True,5119,3,13994,3,"[4.0, 3.859375, 3.578125, 1.96875]"
True,5120,1,14007,1,"[2.765625, 2.453125, 2.703125, 3.359375]"
False,5121,2,14018,1,"[2.5, 2.375, 3.375, 2.71875]"
True,5122,2,14019,2,"[3.109375, 3.578125, 2.421875, 2.984375]"
False,5123,1,14020,2,"[4.875, 3.4375, 3.125, 4.65625]"
False,5124,3,14032,1,"[3.546875, 2.546875, 3.640625, 4.0625]"
False,5125,2,14037,3,"[3.421875, 3.15625, 3.078125, 2.640625]"
True,5126,3,14053,3,"[2.828125, 3.3125, 3.296875, 2.796875]"
False,5127,0,14061,1,"[3.9375, 2.578125, 2.890625, 3.75]"
False,5128,1,14062,0,"[2.703125, 4.1875, 2.84375, 3.625]"
False,5129,3,14068,0,"[2.5625, 3.25, 2.921875, 3.609375]"
False,5130,1,14072,3,"[3.40625, 3.421875, 3.046875, 2.921875]"
False,5131,3,14083,1,"[2.34375, 2.15625, 2.40625, 2.8125]"
False,5132,3,14091,2,"[3.0625, 2.3125, 2.0625, 2.9375]"
False,5133,2,14109,1,"[3.96875, 3.3125, 3.875, 3.5]"
False,5134,2,14116,1,"[3.171875, 2.828125, 2.953125, 3.421875]"
False,5135,0,14121,1,"[2.703125, 1.9375, 2.90625, 2.109375]"
False,5136,1,14122,3,"[3.0625, 3.1875, 3.234375, 2.65625]"
False,5137,1,14134,0,"[2.71875, 2.96875, 3.53125, 2.9375]"
True,5138,1,14138,1,"[3.078125, 2.71875, 3.46875, 2.890625]"
False,5139,3,14143,0,"[2.125, 2.65625, 2.78125, 2.671875]"
True,5140,0,14155,0,"[3.046875, 3.734375, 3.265625, 3.4375]"
False,5141,1,14156,3,"[3.0625, 2.9375, 2.859375, 2.296875]"
False,5142,1,14157,2,"[3.515625, 2.375, 1.9765625, 2.140625]"
True,5143,1,14161,1,"[2.828125, 2.625, 3.015625, 3.4375]"
True,5144,3,14163,3,"[2.84375, 3.15625, 3.125, 2.34375]"
True,5145,0,14184,0,"[3.421875, 3.671875, 3.53125, 3.609375]"
True,5146,3,14207,3,"[2.671875, 2.65625, 2.5625, 2.25]"
False,5147,1,14220,3,"[2.84375, 2.328125, 2.546875, 2.296875]"
False,5148,2,14223,3,"[2.9375, 2.671875, 3.40625, 2.625]"
False,5149,3,14226,0,"[2.546875, 3.515625, 4.15625, 3.1875]"
True,5150,1,14227,1,"[3.65625, 2.515625, 3.1875, 2.921875]"
False,5151,0,14234,3,"[3.359375, 2.765625, 2.71875, 2.5625]"
True,5152,2,14236,2,"[2.75, 2.609375, 2.421875, 3.234375]"
False,5153,2,14242,0,"[2.703125, 3.609375, 4.0625, 2.75]"
False,5154,3,14263,2,"[3.546875, 2.796875, 2.453125, 3.515625]"
True,5155,1,14266,1,"[3.015625, 2.4375, 3.359375, 3.4375]"
True,5156,3,14270,3,"[4.875, 2.6875, 3.125, 2.65625]"
False,5157,2,14277,1,"[3.125, 3.109375, 3.15625, 3.859375]"
False,5158,2,14291,0,"[2.34375, 2.46875, 3.65625, 4.15625]"
False,5159,1,14300,2,"[3.09375, 3.28125, 2.515625, 3.65625]"
False,5160,1,14303,0,"[2.15625, 2.90625, 3.140625, 3.953125]"
False,5161,3,14306,1,"[2.796875, 2.5625, 2.625, 3.21875]"
True,5162,3,14322,3,"[3.09375, 3.21875, 3.75, 2.796875]"
False,5163,1,14327,3,"[2.515625, 2.890625, 3.4375, 2.4375]"
False,5164,2,14333,0,"[2.40625, 2.65625, 2.625, 3.171875]"
True,5165,2,14347,2,"[2.546875, 2.296875, 2.046875, 2.328125]"
True,5166,0,14358,0,"[2.609375, 3.09375, 3.015625, 2.953125]"
True,5167,0,14374,0,"[2.53125, 3.203125, 4.1875, 3.578125]"
False,5168,2,14377,0,"[2.3125, 3.015625, 2.5625, 3.359375]"
False,5169,3,14388,1,"[2.921875, 2.046875, 3.140625, 3.3125]"
False,5170,2,14390,1,"[2.53125, 2.359375, 2.734375, 2.78125]"
False,5171,1,14395,2,"[2.59375, 3.375, 2.46875, 3.65625]"
False,5172,1,14396,0,"[2.3125, 3.4375, 3.75, 2.515625]"
True,5173,3,14402,3,"[3.421875, 3.953125, 3.203125, 2.59375]"
False,5174,3,14411,0,"[2.515625, 2.734375, 2.625, 3.421875]"
False,5175,1,14416,0,"[2.109375, 2.890625, 2.421875, 2.140625]"
False,5176,2,14432,1,"[3.6875, 2.734375, 2.796875, 3.828125]"
False,5177,2,14440,3,"[2.828125, 2.671875, 2.71875, 2.609375]"
False,5178,1,14441,0,"[2.796875, 3.015625, 3.484375, 3.140625]"
False,5179,1,14443,2,"[2.828125, 2.875, 2.3125, 3.71875]"
False,5180,2,14447,3,"[3.25, 3.78125, 4.125, 2.6875]"
False,5181,1,14449,3,"[3.359375, 2.96875, 3.46875, 2.859375]"
False,5182,2,14457,3,"[3.4375, 3.015625, 3.015625, 2.953125]"
False,5183,0,14463,2,"[3.828125, 2.6875, 2.21875, 2.484375]"
True,5184,3,14468,3,"[2.953125, 3.234375, 2.46875, 2.453125]"
False,5185,3,14472,0,"[2.46875, 3.328125, 3.546875, 2.734375]"
False,5186,0,14475,3,"[2.78125, 4.5625, 3.21875, 2.640625]"
False,5187,0,14481,2,"[3.625, 4.28125, 3.0625, 4.4375]"
False,5188,0,14485,3,"[2.78125, 2.703125, 3.453125, 2.671875]"
True,5189,2,14487,2,"[3.375, 2.53125, 2.296875, 3.5625]"
False,5190,1,14496,0,"[2.875, 3.140625, 3.671875, 3.5]"
True,5191,2,14503,2,"[2.75, 3.421875, 2.5625, 3.203125]"
True,5192,2,14527,2,"[2.96875, 2.953125, 2.171875, 3.15625]"
False,5193,0,14530,2,"[3.265625, 3.359375, 2.890625, 3.015625]"
True,5194,3,14538,3,"[2.9375, 3.046875, 4.3125, 2.890625]"
False,5195,2,14543,3,"[2.984375, 3.6875, 2.703125, 2.296875]"
True,5196,2,14544,2,"[3.84375, 3.578125, 3.140625, 3.5625]"
False,5197,3,14553,2,"[2.765625, 3.53125, 2.125, 3.453125]"
False,5198,3,14554,0,"[2.4375, 4.5625, 3.34375, 2.609375]"
False,5199,3,14558,2,"[3.015625, 2.625, 2.140625, 2.828125]"
False,5200,3,14565,0,"[2.96875, 3.25, 3.109375, 3.21875]"
True,5201,3,14570,3,"[3.28125, 4.03125, 2.703125, 2.171875]"
True,5202,1,14579,1,"[3.25, 2.953125, 3.546875, 3.09375]"
False,5203,2,14589,1,"[3.0, 2.578125, 2.875, 3.0625]"
True,5204,0,14591,0,"[2.34375, 2.953125, 2.375, 2.765625]"
False,5205,0,14595,3,"[3.09375, 3.875, 2.84375, 2.625]"
True,5206,1,14597,1,"[2.890625, 2.53125, 3.453125, 3.015625]"
True,5207,0,14615,0,"[2.65625, 3.03125, 3.828125, 2.859375]"
False,5208,2,14642,0,"[2.328125, 2.484375, 3.203125, 3.0625]"
False,5209,1,14644,3,"[2.75, 3.0625, 3.078125, 2.609375]"
False,5210,0,14646,1,"[3.125, 2.515625, 3.890625, 3.234375]"
False,5211,3,14673,1,"[3.09375, 2.15625, 3.28125, 3.6875]"
True,5212,3,14676,3,"[2.75, 2.546875, 2.265625, 1.96875]"
False,5213,2,14680,3,"[2.71875, 3.0625, 2.984375, 2.703125]"
False,5214,2,14682,3,"[3.4375, 3.109375, 2.90625, 2.890625]"
False,5215,2,14690,3,"[3.5, 3.0625, 3.046875, 2.671875]"
False,5216,1,14699,0,"[2.9375, 3.765625, 3.234375, 2.984375]"
True,5217,1,14712,1,"[3.71875, 3.34375, 3.40625, 3.375]"
False,5218,0,14713,3,"[2.875, 4.34375, 2.828125, 2.796875]"
False,5219,0,14720,1,"[3.421875, 2.0625, 3.765625, 2.796875]"
True,5220,0,14730,0,"[3.125, 3.390625, 3.78125, 3.421875]"
False,5221,3,14731,1,"[3.015625, 2.1875, 2.796875, 2.984375]"
False,5222,1,14734,3,"[3.34375, 3.609375, 3.265625, 2.96875]"
False,5223,3,14735,1,"[2.296875, 2.109375, 2.640625, 2.953125]"
False,5224,2,14750,1,"[4.75, 2.953125, 3.765625, 3.375]"
False,5225,1,14758,0,"[2.203125, 3.046875, 2.359375, 2.625]"
False,5226,1,14764,2,"[3.109375, 4.03125, 2.765625, 2.859375]"
True,5227,0,14771,0,"[3.75, 4.0625, 3.84375, 3.828125]"
True,5228,3,14787,3,"[3.8125, 3.03125, 3.296875, 2.765625]"
False,5229,2,14793,1,"[2.4375, 2.03125, 2.9375, 2.578125]"
False,5230,1,14828,3,"[3.125, 2.125, 2.265625, 1.8671875]"
False,5231,2,14848,3,"[3.46875, 3.359375, 3.09375, 2.65625]"
False,5232,0,14858,2,"[2.234375, 2.03125, 1.765625, 2.625]"
False,5233,1,14865,2,"[3.0625, 3.03125, 2.640625, 3.6875]"
False,5234,1,14870,2,"[3.75, 3.296875, 3.1875, 3.484375]"
False,5235,1,14897,3,"[2.890625, 2.8125, 3.046875, 2.65625]"
False,5236,2,14902,1,"[2.859375, 2.53125, 2.859375, 3.046875]"
False,5237,2,14914,3,"[2.9375, 3.265625, 2.921875, 2.140625]"
False,5238,1,14916,2,"[3.171875, 2.515625, 2.4375, 2.515625]"
True,5239,0,14917,0,"[2.375, 4.21875, 4.0625, 3.484375]"
False,5240,0,14919,3,"[3.515625, 2.875, 3.375, 2.671875]"
False,5241,3,14923,0,"[1.78125, 3.4375, 3.265625, 2.296875]"
True,5242,2,14935,2,"[2.484375, 2.625, 2.359375, 3.0625]"
False,5243,1,14953,0,"[2.109375, 2.25, 3.515625, 2.140625]"
False,5244,3,14964,1,"[3.09375, 2.328125, 3.046875, 2.34375]"
False,5245,1,14965,3,"[2.609375, 2.765625, 2.828125, 2.078125]"
True,5246,0,14975,0,"[2.15625, 2.546875, 2.671875, 2.96875]"
False,5247,3,14990,2,"[3.296875, 3.59375, 2.984375, 4.375]"
False,5248,3,15001,1,"[2.875, 2.65625, 5.0, 2.8125]"
True,5249,3,15011,3,"[3.8125, 3.953125, 3.671875, 2.828125]"
False,5250,3,15023,1,"[2.984375, 2.453125, 4.21875, 2.796875]"
False,5251,0,15027,2,"[3.390625, 3.265625, 2.578125, 3.328125]"
False,5252,3,15035,1,"[2.71875, 2.484375, 2.78125, 2.6875]"
True,5253,2,15039,2,"[3.4375, 3.0625, 2.265625, 3.25]"
False,5254,3,15053,2,"[4.15625, 3.859375, 2.765625, 3.28125]"
False,5255,3,15056,2,"[3.4375, 3.4375, 3.390625, 3.4375]"
False,5256,1,15059,2,"[2.8125, 3.921875, 2.765625, 3.015625]"
True,5257,2,15065,2,"[3.1875, 3.359375, 3.171875, 3.765625]"
True,5258,2,15066,2,"[3.203125, 3.109375, 2.515625, 3.3125]"
False,5259,0,15067,1,"[3.265625, 2.28125, 3.234375, 3.609375]"
False,5260,3,15071,0,"[2.125, 2.796875, 3.203125, 2.953125]"
False,5261,2,15076,1,"[2.234375, 2.171875, 3.125, 2.171875]"
True,5262,3,15081,3,"[3.546875, 3.6875, 3.125, 3.09375]"
True,5263,0,15098,0,"[2.453125, 3.078125, 3.453125, 3.3125]"
False,5264,2,15117,0,"[2.25, 2.40625, 2.8125, 3.265625]"
True,5265,2,15122,2,"[3.09375, 3.140625, 2.796875, 3.078125]"
False,5266,0,15123,1,"[3.46875, 3.296875, 3.328125, 3.5]"
False,5267,1,15128,3,"[3.140625, 3.0625, 2.671875, 2.390625]"
False,5268,2,15135,0,"[2.71875, 3.0625, 2.859375, 3.5]"
True,5269,2,15144,2,"[3.125, 2.9375, 2.53125, 2.5625]"
True,5270,0,15165,0,"[2.8125, 3.359375, 3.109375, 3.015625]"
False,5271,2,15166,0,"[2.453125, 3.265625, 3.640625, 2.640625]"
True,5272,1,15167,1,"[3.234375, 2.671875, 3.515625, 3.296875]"
False,5273,0,15171,1,"[2.421875, 2.078125, 2.71875, 3.34375]"
False,5274,1,15175,3,"[2.53125, 3.015625, 2.984375, 2.25]"
True,5275,1,15181,1,"[2.53125, 2.359375, 2.375, 2.671875]"
True,5276,2,15187,2,"[2.921875, 3.03125, 2.484375, 2.640625]"
False,5277,0,15192,3,"[3.046875, 3.078125, 3.0, 2.578125]"
False,5278,2,15196,1,"[3.890625, 3.0625, 3.21875, 3.375]"
False,5279,0,15197,2,"[2.765625, 3.09375, 2.015625, 2.3125]"
False,5280,0,15198,2,"[2.765625, 2.546875, 2.109375, 2.40625]"
False,5281,0,15199,1,"[3.125, 2.78125, 3.859375, 3.265625]"
False,5282,1,15205,0,"[2.4375, 3.421875, 2.625, 2.796875]"
False,5283,2,15207,1,"[3.0, 1.625, 2.5, 3.296875]"
False,5284,1,15208,3,"[2.828125, 2.8125, 3.015625, 2.734375]"
True,5285,2,15215,2,"[3.09375, 3.859375, 2.96875, 3.109375]"
False,5286,0,15226,3,"[3.046875, 3.359375, 2.78125, 1.828125]"
True,5287,3,15241,3,"[2.765625, 3.109375, 3.28125, 1.7890625]"
True,5288,1,15250,1,"[2.625, 2.546875, 2.765625, 3.640625]"
False,5289,1,15268,3,"[3.609375, 3.375, 3.90625, 3.140625]"
False,5290,3,15269,0,"[2.640625, 2.8125, 4.28125, 3.671875]"
False,5291,2,15278,0,"[1.3984375, 2.9375, 2.71875, 2.078125]"
False,5292,0,15290,1,"[4.0, 2.9375, 3.25, 3.53125]"
False,5293,1,15302,0,"[3.0, 3.421875, 3.09375, 3.0]"
False,5294,0,15325,1,"[3.59375, 2.28125, 3.09375, 3.46875]"
True,5295,3,15339,3,"[2.625, 2.375, 2.53125, 2.21875]"
True,5296,1,15350,1,"[2.1875, 2.15625, 2.53125, 2.625]"
False,5297,1,15352,0,"[2.90625, 3.546875, 3.1875, 3.765625]"
False,5298,3,15371,0,"[2.625, 3.203125, 3.359375, 2.71875]"
False,5299,2,15377,3,"[3.765625, 4.25, 3.3125, 3.265625]"
False,5300,0,15379,1,"[2.65625, 2.40625, 2.84375, 2.9375]"
False,5301,3,15398,1,"[3.296875, 2.40625, 3.59375, 3.859375]"
False,5302,0,15403,3,"[3.328125, 3.125, 3.015625, 2.9375]"
True,5303,2,15409,2,"[3.890625, 3.34375, 3.265625, 3.6875]"
False,5304,0,15417,1,"[2.84375, 2.484375, 3.25, 2.703125]"
True,5305,0,15421,0,"[2.5, 3.1875, 3.609375, 3.53125]"
True,5306,3,15433,3,"[3.546875, 4.4375, 4.5, 3.171875]"
False,5307,1,15440,3,"[3.375, 3.40625, 4.15625, 2.984375]"
True,5308,3,15443,3,"[2.640625, 3.921875, 2.703125, 2.359375]"
True,5309,0,15455,0,"[2.359375, 3.609375, 3.71875, 2.703125]"
False,5310,3,15458,1,"[2.921875, 2.53125, 3.171875, 2.53125]"
False,5311,0,15471,2,"[2.375, 3.0, 2.109375, 2.875]"
True,5312,0,15479,0,"[2.96875, 3.0625, 4.5, 3.140625]"
False,5313,0,15482,2,"[3.4375, 3.84375, 3.296875, 3.359375]"
True,5314,0,15486,0,"[3.03125, 3.4375, 3.78125, 4.3125]"
False,5315,3,15492,2,"[3.96875, 3.015625, 2.8125, 3.828125]"
True,5316,2,15496,2,"[2.84375, 3.078125, 2.1875, 3.921875]"
False,5317,0,15506,1,"[3.53125, 2.34375, 3.25, 2.71875]"
False,5318,3,15508,2,"[3.734375, 2.921875, 2.890625, 3.34375]"
False,5319,3,15510,0,"[1.8046875, 3.75, 3.328125, 2.90625]"
True,5320,3,15514,3,"[3.0, 3.28125, 2.65625, 2.546875]"
False,5321,2,15519,3,"[3.84375, 2.28125, 3.078125, 2.125]"
False,5322,3,15522,1,"[3.78125, 2.75, 2.890625, 3.09375]"
False,5323,1,15524,0,"[2.609375, 3.859375, 2.875, 3.65625]"
False,5324,1,15529,2,"[2.78125, 2.546875, 1.796875, 2.546875]"
True,5325,0,15532,0,"[2.171875, 2.609375, 3.328125, 2.90625]"
False,5326,1,15535,0,"[2.46875, 4.28125, 2.625, 3.359375]"
False,5327,2,15539,1,"[2.9375, 2.8125, 2.890625, 3.34375]"
False,5328,3,15542,2,"[3.59375, 3.546875, 2.8125, 2.84375]"
True,5329,2,15546,2,"[4.0, 3.109375, 2.640625, 3.515625]"
False,5330,3,15550,1,"[2.75, 2.546875, 3.328125, 3.359375]"
True,5331,0,15560,0,"[2.703125, 3.578125, 2.953125, 3.359375]"
False,5332,1,15564,0,"[2.40625, 2.421875, 3.203125, 3.46875]"
False,5333,3,15570,2,"[3.203125, 3.03125, 2.890625, 3.34375]"
False,5334,2,15571,1,"[2.875, 2.578125, 3.40625, 3.203125]"
False,5335,3,15578,2,"[3.234375, 2.984375, 2.640625, 2.96875]"
True,5336,1,15592,1,"[3.171875, 2.53125, 3.359375, 3.0]"
True,5337,2,15598,2,"[2.59375, 2.890625, 2.4375, 3.78125]"
False,5338,2,15604,1,"[2.90625, 1.90625, 3.015625, 3.421875]"
True,5339,0,15610,0,"[3.0625, 3.953125, 3.21875, 4.71875]"
False,5340,0,15611,3,"[2.515625, 2.59375, 2.875, 2.421875]"
False,5341,2,15620,0,"[2.484375, 3.46875, 2.546875, 2.953125]"
False,5342,2,15645,0,"[1.890625, 2.46875, 3.09375, 3.25]"
True,5343,3,15646,3,"[2.625, 2.671875, 2.84375, 2.3125]"
True,5344,3,15659,3,"[2.875, 2.796875, 3.078125, 2.125]"
False,5345,1,15672,0,"[2.8125, 3.140625, 3.0625, 4.5]"
False,5346,3,15675,2,"[2.859375, 3.15625, 2.734375, 3.703125]"
False,5347,1,15678,2,"[2.640625, 2.734375, 2.59375, 3.09375]"
True,5348,2,15681,2,"[3.296875, 3.796875, 2.234375, 3.3125]"
True,5349,3,15682,3,"[4.0, 3.03125, 5.28125, 2.9375]"
True,5350,1,15688,1,"[3.609375, 3.078125, 3.3125, 3.375]"
True,5351,0,15700,0,"[3.109375, 4.21875, 3.875, 3.328125]"
False,5352,3,15706,2,"[2.875, 4.28125, 2.359375, 3.15625]"
False,5353,3,15741,2,"[2.796875, 3.046875, 2.28125, 2.390625]"
False,5354,2,15742,1,"[3.0, 2.15625, 2.328125, 2.203125]"
False,5355,3,15758,2,"[2.578125, 2.875, 2.453125, 2.734375]"
False,5356,3,15764,1,"[2.75, 2.734375, 3.15625, 2.984375]"
False,5357,0,15768,1,"[2.453125, 2.4375, 4.0625, 3.265625]"
False,5358,3,15791,1,"[4.625, 3.0, 3.65625, 3.515625]"
True,5359,1,15801,1,"[3.765625, 2.71875, 3.03125, 2.921875]"
False,5360,1,15807,0,"[2.671875, 3.078125, 2.828125, 3.796875]"
False,5361,1,15808,2,"[2.734375, 2.375, 2.203125, 2.84375]"
False,5362,2,15816,3,"[2.359375, 2.1875, 3.234375, 1.984375]"
False,5363,0,15828,1,"[2.71875, 2.703125, 2.734375, 2.734375]"
False,5364,1,15836,2,"[2.9375, 2.484375, 2.25, 2.65625]"
True,5365,3,15851,3,"[3.359375, 2.71875, 3.046875, 2.640625]"
True,5366,2,15859,2,"[2.953125, 3.421875, 2.671875, 3.21875]"
False,5367,2,15861,0,"[2.828125, 3.828125, 3.078125, 2.828125]"
False,5368,3,15862,1,"[2.453125, 2.28125, 2.953125, 2.53125]"
True,5369,1,15873,1,"[3.625, 2.4375, 2.546875, 3.546875]"
False,5370,0,15892,2,"[3.0625, 3.015625, 2.46875, 2.609375]"
True,5371,3,15905,3,"[3.125, 3.09375, 3.109375, 2.375]"
True,5372,1,15913,1,"[2.90625, 2.578125, 4.5625, 3.421875]"
False,5373,2,15923,1,"[3.4375, 2.34375, 3.109375, 2.9375]"
True,5374,2,15924,2,"[3.015625, 2.6875, 2.578125, 3.40625]"
False,5375,0,15927,2,"[3.28125, 3.125, 2.640625, 2.765625]"
False,5376,2,15930,3,"[2.71875, 2.703125, 4.09375, 2.609375]"
False,5377,1,15938,3,"[2.109375, 2.71875, 2.734375, 1.9921875]"
False,5378,2,15947,0,"[2.5, 3.34375, 3.390625, 2.90625]"
False,5379,1,15953,2,"[2.828125, 2.6875, 2.59375, 3.40625]"
False,5380,2,15975,0,"[2.65625, 2.828125, 3.484375, 3.453125]"
False,5381,0,16002,3,"[3.140625, 3.734375, 3.203125, 3.125]"
False,5382,1,16010,2,"[3.734375, 2.953125, 2.625, 3.046875]"
False,5383,1,16012,0,"[2.578125, 2.921875, 2.765625, 2.640625]"
False,5384,3,16016,2,"[3.203125, 2.890625, 1.78125, 1.96875]"
True,5385,1,16022,1,"[3.765625, 2.796875, 3.78125, 2.921875]"
False,5386,2,16023,3,"[3.625, 2.953125, 3.328125, 2.859375]"
True,5387,2,16026,2,"[3.390625, 3.234375, 2.703125, 3.296875]"
False,5388,0,16029,1,"[3.46875, 2.703125, 3.484375, 3.3125]"
False,5389,2,16030,3,"[2.8125, 2.71875, 3.125, 2.4375]"
True,5390,2,16037,2,"[3.1875, 3.234375, 2.796875, 3.828125]"
False,5391,2,16049,3,"[4.15625, 3.828125, 3.6875, 3.578125]"
False,5392,3,16056,1,"[3.0625, 2.828125, 3.71875, 3.3125]"
False,5393,0,16073,3,"[3.375, 3.078125, 3.546875, 2.90625]"
False,5394,0,16075,1,"[3.5625, 2.671875, 2.796875, 3.4375]"
False,5395,3,16083,1,"[2.65625, 2.171875, 3.328125, 3.046875]"
False,5396,3,16088,0,"[2.109375, 2.640625, 2.359375, 2.359375]"
False,5397,0,16093,3,"[3.453125, 2.671875, 2.5, 2.421875]"
False,5398,0,16094,3,"[2.875, 2.765625, 3.359375, 2.59375]"
False,5399,3,16109,2,"[3.03125, 3.4375, 2.078125, 2.5625]"
True,5400,0,16124,0,"[3.5, 3.5625, 3.609375, 4.5625]"
False,5401,2,16134,3,"[3.109375, 2.953125, 3.703125, 2.515625]"
True,5402,1,16166,1,"[3.609375, 1.9609375, 3.515625, 3.25]"
False,5403,1,16191,0,"[2.796875, 3.296875, 3.0, 3.703125]"
False,5404,3,16193,2,"[2.640625, 2.640625, 2.0625, 3.34375]"
False,5405,1,16200,2,"[2.546875, 2.5, 1.9453125, 3.140625]"
False,5406,2,16205,0,"[2.40625, 2.859375, 3.53125, 3.359375]"
False,5407,1,16214,3,"[2.953125, 2.65625, 2.890625, 2.59375]"
False,5408,3,16221,1,"[3.484375, 2.875, 3.53125, 2.921875]"
False,5409,3,16278,0,"[2.515625, 3.71875, 3.625, 2.96875]"
False,5410,0,16279,3,"[3.5, 3.171875, 3.609375, 2.796875]"
True,5411,2,16304,2,"[3.171875, 3.4375, 2.671875, 3.46875]"
False,5412,0,16318,2,"[3.015625, 4.0, 2.59375, 3.578125]"
True,5413,3,16328,3,"[2.859375, 2.328125, 2.859375, 2.03125]"
False,5414,0,16331,1,"[3.484375, 2.84375, 3.8125, 5.0625]"
False,5415,0,16335,2,"[4.1875, 3.640625, 2.390625, 3.734375]"
False,5416,2,16343,1,"[3.4375, 3.015625, 3.453125, 3.1875]"
True,5417,0,16351,0,"[2.453125, 2.734375, 3.125, 2.890625]"
False,5418,0,16356,2,"[2.0625, 2.328125, 1.890625, 2.828125]"
True,5419,3,16357,3,"[4.15625, 3.515625, 3.46875, 2.953125]"
False,5420,0,16362,3,"[3.28125, 3.15625, 3.125, 2.34375]"
False,5421,1,16379,3,"[3.53125, 3.203125, 3.03125, 2.234375]"
False,5422,3,16387,0,"[2.5625, 2.65625, 2.671875, 3.1875]"
False,5423,2,16391,1,"[3.15625, 2.140625, 2.671875, 2.84375]"
False,5424,2,16392,3,"[4.40625, 3.21875, 2.671875, 2.25]"
True,5425,1,16399,1,"[2.921875, 2.828125, 2.859375, 2.828125]"
False,5426,0,16407,2,"[2.984375, 4.0, 2.703125, 2.8125]"
False,5427,2,16416,3,"[2.484375, 3.171875, 2.6875, 2.265625]"
True,5428,3,16417,3,"[3.015625, 3.96875, 3.0625, 2.328125]"
False,5429,1,16419,3,"[2.6875, 2.28125, 2.703125, 2.125]"
False,5430,3,16438,0,"[2.21875, 3.046875, 2.875, 2.984375]"
False,5431,1,16439,0,"[2.34375, 2.453125, 3.09375, 2.640625]"
False,5432,1,16442,0,"[2.28125, 2.625, 3.40625, 3.171875]"
True,5433,3,16449,3,"[3.53125, 3.203125, 3.5625, 2.625]"
False,5434,3,16458,1,"[3.203125, 2.65625, 2.9375, 3.703125]"
False,5435,2,16464,0,"[2.140625, 2.6875, 2.3125, 2.796875]"
False,5436,0,16465,3,"[2.71875, 2.875, 2.84375, 2.6875]"
True,5437,2,16472,2,"[3.046875, 2.828125, 2.421875, 3.046875]"
False,5438,3,16474,1,"[2.25, 1.984375, 2.953125, 2.109375]"
True,5439,3,16475,3,"[3.015625, 3.875, 3.265625, 2.328125]"
True,5440,1,16481,1,"[3.40625, 2.28125, 3.0, 2.578125]"
False,5441,0,16485,1,"[3.1875, 2.765625, 2.953125, 3.765625]"
False,5442,1,16492,0,"[2.65625, 3.0, 3.09375, 3.265625]"
True,5443,2,16498,2,"[3.09375, 3.625, 2.625, 3.109375]"
False,5444,3,16504,1,"[2.90625, 2.109375, 2.734375, 3.0]"
False,5445,2,16521,0,"[3.1875, 3.390625, 3.703125, 3.53125]"
False,5446,0,16527,1,"[3.640625, 3.078125, 3.3125, 3.09375]"
False,5447,3,16539,1,"[3.703125, 2.375, 2.953125, 3.5]"
False,5448,3,16542,1,"[3.53125, 2.296875, 3.578125, 2.40625]"
False,5449,0,16554,1,"[2.578125, 2.140625, 2.5625, 2.640625]"
False,5450,1,16561,2,"[3.484375, 2.6875, 2.65625, 2.984375]"
False,5451,1,16562,0,"[2.171875, 2.828125, 2.84375, 2.578125]"
False,5452,0,16568,1,"[2.625, 2.453125, 2.9375, 2.765625]"
True,5453,0,16577,0,"[2.6875, 2.703125, 2.890625, 2.703125]"
False,5454,2,16594,0,"[2.71875, 3.328125, 2.921875, 2.875]"
True,5455,1,16600,1,"[3.0625, 2.34375, 3.734375, 3.296875]"
True,5456,0,16612,0,"[2.109375, 3.140625, 3.078125, 2.21875]"
False,5457,3,16613,0,"[2.796875, 3.03125, 3.6875, 3.25]"
True,5458,2,16621,2,"[3.703125, 3.546875, 3.15625, 3.296875]"
False,5459,1,16623,3,"[3.390625, 3.046875, 3.25, 3.0]"
False,5460,0,16625,2,"[3.9375, 3.625, 3.515625, 4.1875]"
False,5461,1,16631,2,"[3.140625, 2.609375, 2.140625, 2.890625]"
False,5462,0,16637,3,"[2.625, 3.0625, 3.546875, 1.9609375]"
True,5463,1,16648,1,"[2.1875, 2.15625, 2.859375, 2.609375]"
False,5464,1,16649,0,"[2.984375, 4.0, 4.125, 3.953125]"
False,5465,3,16656,2,"[4.0625, 3.140625, 2.296875, 2.921875]"
True,5466,3,16669,3,"[2.78125, 3.859375, 3.21875, 2.640625]"
True,5467,1,16698,1,"[2.984375, 2.359375, 2.890625, 3.0625]"
True,5468,0,16709,0,"[2.609375, 3.53125, 3.46875, 2.859375]"
False,5469,0,16717,2,"[2.296875, 2.5625, 2.0, 3.15625]"
True,5470,0,16724,0,"[1.6015625, 2.671875, 2.78125, 1.6015625]"
False,5471,3,16728,2,"[3.0, 2.625, 2.453125, 3.125]"
False,5472,3,16729,2,"[3.078125, 3.34375, 3.0, 3.140625]"
True,5473,3,16735,3,"[2.84375, 2.921875, 2.203125, 2.015625]"
False,5474,0,16742,2,"[2.921875, 2.765625, 2.40625, 2.484375]"
False,5475,0,16763,2,"[1.7890625, 2.84375, 1.7734375, 3.140625]"
True,5476,3,16773,3,"[3.171875, 3.375, 2.546875, 1.7421875]"
False,5477,0,16801,3,"[3.03125, 3.046875, 3.5, 2.96875]"
False,5478,2,16808,0,"[2.390625, 3.40625, 3.734375, 2.640625]"
False,5479,1,16810,2,"[3.140625, 3.671875, 2.953125, 3.015625]"
False,5480,0,16812,1,"[2.53125, 1.8203125, 2.578125, 3.484375]"
True,5481,2,16813,2,"[4.0, 2.859375, 2.671875, 5.1875]"
False,5482,3,16819,1,"[4.09375, 3.0, 3.484375, 3.09375]"
False,5483,0,16820,1,"[3.703125, 3.453125, 3.59375, 3.78125]"
False,5484,2,16823,0,"[2.84375, 3.09375, 3.515625, 3.328125]"
True,5485,2,16825,2,"[3.921875, 3.296875, 2.5625, 2.875]"
False,5486,2,16837,0,"[2.703125, 3.140625, 3.171875, 4.125]"
True,5487,0,16840,0,"[2.421875, 2.8125, 2.484375, 2.671875]"
False,5488,0,16841,1,"[2.8125, 2.734375, 3.53125, 2.75]"
False,5489,0,16854,1,"[3.59375, 2.953125, 3.671875, 3.203125]"
True,5490,0,16857,0,"[2.71875, 4.59375, 3.140625, 3.40625]"
False,5491,2,16861,1,"[3.921875, 2.3125, 3.234375, 3.125]"
False,5492,3,16874,2,"[3.265625, 3.828125, 2.6875, 3.671875]"
False,5493,3,16882,0,"[1.7421875, 2.8125, 3.015625, 3.15625]"
False,5494,3,16883,1,"[3.0625, 2.765625, 3.296875, 2.984375]"
False,5495,3,16887,0,"[2.421875, 3.078125, 2.46875, 2.53125]"
False,5496,0,16888,2,"[3.390625, 3.140625, 2.625, 3.78125]"
False,5497,2,16889,0,"[2.734375, 5.0625, 3.828125, 3.140625]"
False,5498,0,16894,2,"[3.15625, 2.578125, 1.8125, 2.90625]"
False,5499,3,16906,0,"[2.40625, 2.65625, 3.921875, 2.671875]"
True,5500,1,16911,1,"[3.21875, 3.09375, 3.1875, 3.15625]"
False,5501,1,16912,0,"[3.0, 3.59375, 3.328125, 3.71875]"
True,5502,0,16914,0,"[2.578125, 3.109375, 3.078125, 2.921875]"
False,5503,2,16921,3,"[2.5625, 2.65625, 3.171875, 2.34375]"
False,5504,3,16926,1,"[2.421875, 1.8828125, 2.59375, 2.296875]"
False,5505,1,16928,3,"[2.6875, 3.140625, 2.96875, 2.59375]"
False,5506,0,16939,3,"[2.34375, 2.796875, 3.140625, 2.25]"
True,5507,3,16945,3,"[3.40625, 2.875, 3.015625, 2.46875]"
False,5508,0,16950,3,"[2.671875, 2.890625, 3.125, 2.515625]"
False,5509,2,16956,1,"[3.1875, 2.890625, 3.1875, 3.21875]"
True,5510,0,16976,0,"[2.046875, 2.328125, 2.46875, 3.28125]"
False,5511,2,16992,3,"[3.6875, 3.078125, 3.0625, 2.859375]"
False,5512,0,17001,2,"[3.015625, 3.4375, 2.9375, 3.296875]"
False,5513,3,17007,0,"[2.53125, 2.609375, 3.078125, 3.015625]"
False,5514,1,17024,3,"[3.15625, 3.015625, 3.21875, 2.15625]"
False,5515,2,17031,3,"[3.546875, 3.34375, 2.9375, 2.609375]"
False,5516,3,17037,2,"[3.765625, 3.421875, 3.234375, 3.25]"
False,5517,0,17045,3,"[4.125, 3.46875, 4.5, 2.34375]"
False,5518,1,17048,3,"[2.8125, 2.9375, 3.25, 2.140625]"
False,5519,0,17050,3,"[2.375, 2.921875, 3.265625, 2.34375]"
False,5520,0,17053,1,"[3.46875, 3.234375, 3.796875, 3.296875]"
False,5521,1,17055,0,"[3.15625, 3.3125, 4.34375, 3.390625]"
False,5522,3,17063,2,"[3.171875, 3.171875, 2.6875, 3.078125]"
True,5523,1,17074,1,"[2.890625, 2.28125, 2.6875, 2.96875]"
False,5524,3,17084,1,"[3.21875, 2.515625, 2.890625, 4.46875]"
True,5525,1,17088,1,"[3.34375, 2.0, 2.484375, 2.546875]"
False,5526,2,17097,1,"[2.984375, 2.875, 3.53125, 3.34375]"
False,5527,0,17099,3,"[3.0625, 2.75, 2.546875, 2.234375]"
False,5528,1,17102,2,"[2.984375, 2.390625, 2.03125, 2.90625]"
False,5529,2,17104,0,"[2.21875, 3.609375, 3.59375, 2.328125]"
False,5530,3,17105,0,"[1.9921875, 2.796875, 2.890625, 2.765625]"
False,5531,1,17107,2,"[4.3125, 4.6875, 3.546875, 3.59375]"
False,5532,2,17111,3,"[2.78125, 2.4375, 2.421875, 2.375]"
False,5533,3,17112,2,"[2.953125, 3.578125, 1.921875, 2.3125]"
False,5534,0,17118,3,"[2.4375, 3.28125, 3.28125, 1.921875]"
False,5535,2,17129,3,"[3.578125, 3.46875, 3.1875, 3.0]"
False,5536,3,17140,0,"[2.859375, 3.09375, 2.921875, 3.0]"
False,5537,0,17143,2,"[2.734375, 3.1875, 2.484375, 3.0]"
True,5538,3,17151,3,"[2.6875, 3.9375, 2.9375, 2.234375]"
False,5539,1,17152,2,"[2.859375, 2.46875, 2.453125, 2.546875]"
True,5540,2,17155,2,"[3.3125, 3.890625, 2.765625, 2.8125]"
False,5541,1,17168,2,"[4.0, 3.03125, 2.625, 3.71875]"
False,5542,2,17178,0,"[2.453125, 2.9375, 2.46875, 3.0625]"
False,5543,1,17182,2,"[3.203125, 4.40625, 2.609375, 3.25]"
False,5544,0,17185,3,"[2.96875, 3.453125, 2.15625, 2.140625]"
False,5545,1,17190,0,"[2.640625, 3.359375, 2.78125, 3.640625]"
False,5546,2,17197,3,"[2.71875, 2.71875, 3.1875, 2.59375]"
True,5547,3,17210,3,"[3.234375, 2.640625, 2.796875, 2.453125]"
True,5548,2,17217,2,"[3.125, 2.78125, 2.34375, 3.484375]"
False,5549,0,17219,2,"[2.953125, 2.875, 2.296875, 3.0]"
True,5550,3,17226,3,"[3.171875, 2.328125, 2.28125, 2.265625]"
True,5551,1,17227,1,"[3.046875, 2.625, 2.8125, 3.21875]"
True,5552,0,17234,0,"[2.5, 2.578125, 3.484375, 3.015625]"
False,5553,2,17237,0,"[3.046875, 3.6875, 3.4375, 4.59375]"
False,5554,2,17239,0,"[2.640625, 3.625, 3.53125, 2.984375]"
True,5555,1,17240,1,"[3.5625, 3.359375, 3.453125, 3.515625]"
True,5556,3,17244,3,"[3.5625, 2.984375, 2.59375, 2.578125]"
False,5557,1,17247,2,"[4.25, 3.625, 2.65625, 4.25]"
False,5558,3,17252,1,"[3.671875, 2.765625, 2.859375, 3.109375]"
True,5559,3,17253,3,"[2.9375, 1.9453125, 2.21875, 1.765625]"
False,5560,0,17260,3,"[2.734375, 2.46875, 3.5, 2.34375]"
False,5561,1,17266,2,"[3.265625, 3.015625, 2.34375, 3.234375]"
False,5562,0,17289,2,"[2.890625, 3.375, 2.828125, 3.671875]"
False,5563,0,17290,3,"[2.984375, 3.125, 2.953125, 2.859375]"
False,5564,0,17293,3,"[2.703125, 2.984375, 2.609375, 2.484375]"
True,5565,3,17300,3,"[2.671875, 3.875, 2.765625, 2.21875]"
True,5566,2,17303,2,"[3.5, 2.703125, 2.1875, 2.6875]"
False,5567,3,17310,0,"[2.59375, 2.78125, 3.234375, 2.65625]"
False,5568,3,17313,2,"[2.46875, 3.046875, 2.109375, 2.515625]"
True,5569,1,17314,1,"[2.890625, 2.15625, 2.546875, 3.140625]"
True,5570,2,17320,2,"[4.09375, 3.8125, 2.5, 3.171875]"
False,5571,0,17323,1,"[2.859375, 2.734375, 3.953125, 3.375]"
False,5572,2,17328,1,"[2.859375, 2.734375, 3.21875, 2.78125]"
True,5573,2,17345,2,"[3.375, 3.390625, 3.046875, 3.359375]"
False,5574,0,17348,3,"[3.421875, 3.140625, 4.15625, 3.015625]"
False,5575,2,17368,1,"[3.078125, 2.0, 2.859375, 3.078125]"
True,5576,0,17379,0,"[2.25, 2.28125, 2.796875, 2.46875]"
True,5577,1,17391,1,"[3.40625, 2.265625, 3.15625, 3.640625]"
True,5578,1,17392,1,"[3.578125, 3.046875, 3.15625, 3.234375]"
False,5579,0,17402,1,"[2.875, 2.578125, 3.0, 3.265625]"
True,5580,1,17409,1,"[2.515625, 2.40625, 2.484375, 4.125]"
False,5581,0,17416,2,"[3.09375, 3.546875, 2.484375, 3.25]"
True,5582,3,17419,3,"[2.796875, 3.0, 2.625, 2.359375]"
False,5583,2,17422,3,"[2.71875, 2.53125, 2.734375, 2.40625]"
False,5584,0,17449,1,"[3.59375, 2.296875, 3.515625, 3.421875]"
False,5585,3,17458,2,"[3.296875, 2.90625, 2.875, 3.109375]"
False,5586,1,17462,0,"[3.234375, 3.640625, 3.65625, 3.46875]"
False,5587,3,17464,1,"[3.9375, 3.25, 3.25, 3.453125]"
True,5588,3,17478,3,"[3.234375, 2.953125, 3.4375, 2.4375]"
False,5589,2,17507,3,"[3.484375, 3.21875, 3.3125, 3.015625]"
True,5590,2,17509,2,"[2.71875, 3.96875, 2.625, 2.890625]"
False,5591,3,17525,1,"[3.484375, 2.671875, 3.09375, 3.203125]"
False,5592,3,17528,0,"[2.96875, 3.78125, 3.75, 3.8125]"
False,5593,0,17535,2,"[3.390625, 3.375, 2.796875, 4.03125]"
True,5594,3,17537,3,"[2.84375, 3.3125, 2.921875, 2.5625]"
False,5595,2,17546,1,"[2.796875, 2.09375, 2.375, 2.75]"
True,5596,2,17559,2,"[2.78125, 4.46875, 2.546875, 3.40625]"
False,5597,2,17568,3,"[3.3125, 2.359375, 2.625, 2.203125]"
False,5598,3,17573,1,"[2.984375, 2.734375, 4.125, 2.84375]"
False,5599,3,17579,2,"[3.421875, 2.65625, 2.390625, 2.828125]"
True,5600,1,17581,1,"[3.421875, 2.03125, 2.453125, 2.1875]"
False,5601,1,17591,2,"[3.65625, 3.046875, 2.65625, 2.671875]"
False,5602,1,17592,2,"[3.625, 2.375, 2.34375, 3.203125]"
False,5603,3,17597,0,"[3.109375, 4.40625, 4.1875, 3.265625]"
True,5604,0,17609,0,"[2.34375, 2.984375, 3.375, 3.90625]"
False,5605,2,17615,0,"[2.921875, 3.75, 3.765625, 3.09375]"
False,5606,2,17616,1,"[3.453125, 2.75, 2.859375, 3.1875]"
False,5607,2,17621,3,"[3.828125, 2.3125, 2.40625, 2.15625]"
False,5608,0,17622,3,"[3.53125, 3.65625, 2.8125, 2.296875]"
False,5609,3,17627,0,"[2.296875, 3.0, 2.796875, 2.8125]"
True,5610,0,17638,0,"[2.5625, 4.09375, 3.515625, 3.21875]"
False,5611,1,17642,3,"[2.78125, 2.671875, 3.15625, 2.03125]"
True,5612,1,17645,1,"[3.390625, 2.78125, 3.40625, 2.890625]"
True,5613,3,17646,3,"[2.90625, 4.03125, 3.84375, 2.796875]"
False,5614,3,17654,2,"[2.53125, 3.234375, 2.46875, 2.734375]"
False,5615,0,17656,3,"[3.1875, 3.0625, 3.546875, 2.921875]"
False,5616,2,17659,1,"[3.953125, 3.25, 3.34375, 3.25]"
False,5617,1,17663,3,"[2.796875, 4.875, 2.328125, 2.296875]"
False,5618,3,17669,1,"[2.5, 2.21875, 2.875, 3.015625]"
False,5619,0,17680,2,"[4.46875, 3.078125, 0.65234375, 3.875]"
False,5620,3,17702,1,"[2.3125, 1.7265625, 2.5, 1.96875]"
True,5621,0,17706,0,"[2.53125, 3.109375, 3.375, 2.875]"
False,5622,1,17708,0,"[2.1875, 2.515625, 2.953125, 2.9375]"
True,5623,2,17713,2,"[3.34375, 3.8125, 2.796875, 3.234375]"
False,5624,3,17722,0,"[2.515625, 3.0625, 2.53125, 3.0]"
False,5625,2,17731,0,"[2.640625, 2.671875, 3.265625, 3.59375]"
True,5626,1,17732,1,"[3.96875, 2.703125, 3.96875, 3.6875]"
False,5627,0,17734,1,"[2.71875, 2.609375, 3.53125, 3.421875]"
True,5628,0,17736,0,"[2.390625, 2.5, 3.671875, 3.109375]"
False,5629,1,17758,0,"[2.4375, 3.1875, 2.8125, 3.046875]"
False,5630,0,17774,2,"[2.953125, 2.84375, 2.5625, 3.046875]"
True,5631,2,17775,2,"[3.53125, 3.78125, 2.90625, 3.109375]"
False,5632,3,17781,1,"[3.34375, 2.75, 3.125, 2.9375]"
False,5633,2,17792,3,"[3.1875, 2.984375, 3.515625, 2.875]"
True,5634,1,17801,1,"[3.921875, 3.0625, 3.203125, 4.78125]"
False,5635,1,17816,3,"[4.125, 2.9375, 3.890625, 2.515625]"
True,5636,3,17818,3,"[3.359375, 3.265625, 3.34375, 3.0]"
False,5637,2,17820,1,"[4.0625, 3.109375, 3.265625, 3.21875]"
False,5638,3,17823,2,"[2.859375, 2.953125, 2.046875, 2.25]"
True,5639,1,17824,1,"[2.671875, 2.515625, 2.765625, 4.0]"
False,5640,1,17842,0,"[2.515625, 3.78125, 2.765625, 3.75]"
False,5641,3,17846,1,"[2.796875, 2.65625, 3.390625, 2.875]"
False,5642,0,17852,2,"[2.625, 2.921875, 2.453125, 2.515625]"
False,5643,1,17853,0,"[2.421875, 2.734375, 3.40625, 3.96875]"
False,5644,2,17858,3,"[2.984375, 2.828125, 3.0625, 2.671875]"
True,5645,3,17865,3,"[4.46875, 3.375, 3.046875, 2.5625]"
False,5646,3,17885,1,"[2.921875, 2.359375, 2.859375, 2.375]"
False,5647,0,17886,3,"[3.953125, 3.546875, 3.34375, 2.84375]"
True,5648,3,17893,3,"[2.9375, 2.984375, 3.09375, 2.546875]"
True,5649,2,17900,2,"[2.734375, 2.703125, 2.359375, 2.75]"
False,5650,3,17958,2,"[3.296875, 3.09375, 2.765625, 3.1875]"
False,5651,3,17960,0,"[2.765625, 3.234375, 3.578125, 3.34375]"
True,5652,3,17962,3,"[3.125, 4.03125, 3.0, 2.8125]"
True,5653,0,17964,0,"[2.25, 2.46875, 3.109375, 3.3125]"
True,5654,2,17982,2,"[2.71875, 2.59375, 2.203125, 3.40625]"
False,5655,0,17987,2,"[3.140625, 3.328125, 2.578125, 2.953125]"
True,5656,0,17989,0,"[2.40625, 2.53125, 2.4375, 2.5625]"
True,5657,2,17993,2,"[2.921875, 3.203125, 2.453125, 3.203125]"
False,5658,2,18005,3,"[3.375, 4.125, 3.296875, 2.75]"
True,5659,0,18007,0,"[2.71875, 3.28125, 3.078125, 3.40625]"
True,5660,2,18013,2,"[2.671875, 2.8125, 2.4375, 3.1875]"
False,5661,0,18027,1,"[5.25, 2.75, 3.0, 3.40625]"
False,5662,1,18030,3,"[2.890625, 2.390625, 2.515625, 2.328125]"
True,5663,2,18032,2,"[2.796875, 2.890625, 2.34375, 2.515625]"
False,5664,0,18033,1,"[3.859375, 2.859375, 3.875, 3.09375]"
False,5665,1,18037,2,"[2.828125, 2.84375, 2.3125, 3.171875]"
True,5666,0,18039,0,"[2.453125, 3.109375, 3.015625, 3.140625]"
False,5667,3,18040,2,"[3.890625, 3.015625, 3.0, 3.15625]"
False,5668,1,18047,2,"[2.578125, 2.46875, 2.171875, 2.71875]"
False,5669,3,18084,2,"[2.796875, 2.453125, 1.859375, 2.65625]"
False,5670,1,18097,2,"[3.359375, 3.203125, 2.734375, 3.234375]"
True,5671,0,18098,0,"[2.578125, 2.703125, 3.15625, 3.5625]"
False,5672,2,18099,1,"[3.703125, 2.4375, 3.46875, 2.625]"
False,5673,3,18101,0,"[3.046875, 3.453125, 6.625, 4.28125]"
False,5674,3,18108,2,"[3.21875, 3.28125, 2.734375, 3.203125]"
False,5675,2,18109,1,"[3.375, 3.234375, 3.421875, 4.3125]"
True,5676,3,18110,3,"[2.40625, 2.34375, 2.921875, 2.234375]"
False,5677,1,18114,0,"[3.1875, 3.609375, 3.734375, 3.359375]"
True,5678,0,18117,0,"[2.78125, 3.03125, 3.453125, 3.171875]"
False,5679,3,18139,0,"[3.25, 3.34375, 3.421875, 3.625]"
False,5680,3,18141,0,"[2.671875, 4.03125, 3.140625, 3.65625]"
True,5681,0,18142,0,"[2.46875, 3.234375, 3.015625, 3.015625]"
False,5682,2,18143,0,"[2.78125, 3.484375, 2.921875, 4.09375]"
False,5683,2,18152,3,"[3.21875, 3.265625, 2.921875, 2.421875]"
True,5684,1,18163,1,"[3.5, 2.734375, 4.3125, 3.296875]"
False,5685,3,18185,0,"[2.328125, 3.0625, 3.015625, 2.609375]"
True,5686,1,18191,1,"[2.6875, 2.59375, 3.1875, 3.609375]"
False,5687,2,18206,3,"[3.359375, 3.28125, 2.5625, 2.40625]"
True,5688,2,18215,2,"[3.046875, 2.921875, 2.359375, 4.625]"
False,5689,3,18216,0,"[1.6328125, 2.625, 3.109375, 2.484375]"
False,5690,1,18222,0,"[2.59375, 2.609375, 2.59375, 2.65625]"
False,5691,1,18232,3,"[3.015625, 3.1875, 3.078125, 2.46875]"
False,5692,2,18233,1,"[2.796875, 2.359375, 4.28125, 3.078125]"
False,5693,3,18244,2,"[3.0625, 2.9375, 2.640625, 2.703125]"
True,5694,3,18255,3,"[3.515625, 2.796875, 3.078125, 2.28125]"
True,5695,2,18261,2,"[2.78125, 3.796875, 2.703125, 2.765625]"
False,5696,3,18272,0,"[2.359375, 2.84375, 2.75, 3.296875]"
False,5697,3,18273,0,"[3.390625, 3.953125, 4.0, 4.34375]"
False,5698,3,18281,2,"[3.421875, 3.015625, 2.3125, 2.84375]"
False,5699,2,18285,1,"[2.875, 2.578125, 2.609375, 2.734375]"
False,5700,3,18286,0,"[2.390625, 3.546875, 3.140625, 2.65625]"
True,5701,0,18291,0,"[3.109375, 3.15625, 3.140625, 4.125]"
True,5702,0,18292,0,"[2.703125, 2.8125, 3.203125, 3.0625]"
False,5703,0,18300,1,"[2.984375, 2.4375, 3.375, 3.5]"
False,5704,3,18304,2,"[2.734375, 3.1875, 2.28125, 2.328125]"
False,5705,0,18306,3,"[2.40625, 2.859375, 3.53125, 2.125]"
True,5706,0,18324,0,"[2.546875, 2.71875, 2.84375, 3.859375]"
False,5707,3,18336,1,"[3.125, 2.421875, 3.1875, 2.546875]"
False,5708,2,18339,1,"[2.78125, 1.4609375, 2.6875, 3.375]"
False,5709,1,18340,2,"[2.84375, 2.875, 2.34375, 2.546875]"
True,5710,2,18342,2,"[3.546875, 3.765625, 3.421875, 3.65625]"
False,5711,2,18351,3,"[3.09375, 3.125, 2.8125, 2.71875]"
False,5712,3,18357,0,"[2.640625, 3.140625, 2.875, 3.671875]"
False,5713,1,18361,3,"[3.15625, 3.578125, 3.53125, 3.140625]"
False,5714,0,18372,3,"[3.234375, 3.15625, 2.953125, 2.359375]"
True,5715,3,18375,3,"[2.921875, 3.15625, 2.9375, 2.671875]"
False,5716,1,18395,0,"[2.5, 3.546875, 2.859375, 3.234375]"
True,5717,2,18396,2,"[2.890625, 2.9375, 2.859375, 3.15625]"
False,5718,2,18401,1,"[3.078125, 1.9609375, 2.34375, 2.390625]"
False,5719,2,18405,1,"[3.171875, 2.703125, 3.40625, 2.84375]"
True,5720,3,18407,3,"[2.734375, 2.625, 2.90625, 2.265625]"
False,5721,1,18411,3,"[3.5, 2.609375, 3.703125, 2.5]"
False,5722,3,18415,1,"[3.328125, 2.875, 3.359375, 3.5625]"
True,5723,2,18416,2,"[3.609375, 2.953125, 2.265625, 2.875]"
False,5724,3,18421,2,"[3.359375, 2.578125, 1.7265625, 4.09375]"
True,5725,2,18433,2,"[2.953125, 3.546875, 2.296875, 3.359375]"
False,5726,1,18434,0,"[2.171875, 2.671875, 2.640625, 2.3125]"
False,5727,0,18466,1,"[3.1875, 2.140625, 2.953125, 2.9375]"
False,5728,1,18495,3,"[2.875, 2.390625, 2.71875, 2.3125]"
False,5729,1,18510,0,"[2.375, 3.03125, 3.109375, 3.015625]"
False,5730,2,18519,3,"[3.296875, 3.734375, 3.375, 3.015625]"
True,5731,0,18534,0,"[3.171875, 3.1875, 3.5625, 3.6875]"
False,5732,0,18551,3,"[2.96875, 2.71875, 2.8125, 2.484375]"
False,5733,2,18557,0,"[2.53125, 3.1875, 2.96875, 3.421875]"
False,5734,2,18559,1,"[3.6875, 2.75, 3.09375, 3.171875]"
False,5735,0,18560,1,"[2.96875, 2.65625, 3.109375, 2.75]"
False,5736,1,18580,3,"[2.609375, 2.5, 3.25, 2.203125]"
False,5737,1,18590,2,"[4.03125, 3.453125, 2.953125, 3.9375]"
False,5738,0,18593,1,"[2.71875, 2.578125, 3.828125, 3.484375]"
False,5739,3,18601,1,"[3.296875, 2.375, 2.734375, 3.328125]"
True,5740,1,18616,1,"[3.453125, 2.9375, 3.828125, 3.21875]"
True,5741,0,18617,0,"[2.546875, 3.3125, 3.734375, 3.390625]"
False,5742,0,18629,2,"[3.359375, 2.953125, 2.5, 3.21875]"
False,5743,3,18637,1,"[3.171875, 2.25, 3.703125, 2.90625]"
False,5744,1,18640,3,"[2.6875, 3.484375, 3.484375, 1.8828125]"
False,5745,3,18650,1,"[3.796875, 2.21875, 3.40625, 2.328125]"
True,5746,1,18661,1,"[2.796875, 2.34375, 2.640625, 4.25]"
True,5747,3,18700,3,"[3.0625, 3.34375, 3.421875, 2.140625]"
True,5748,1,18701,1,"[3.859375, 2.90625, 2.921875, 4.53125]"
False,5749,0,18715,2,"[3.578125, 3.140625, 2.984375, 3.609375]"
False,5750,2,18717,0,"[2.296875, 2.859375, 2.390625, 2.78125]"
False,5751,2,18718,0,"[2.515625, 2.984375, 2.828125, 2.5625]"
True,5752,1,18720,1,"[3.25, 2.375, 2.921875, 2.984375]"
True,5753,1,18722,1,"[4.25, 2.71875, 2.875, 2.75]"
False,5754,3,18726,1,"[3.921875, 2.921875, 3.15625, 3.15625]"
False,5755,3,18730,0,"[2.921875, 3.234375, 3.1875, 3.703125]"
False,5756,0,18741,2,"[3.546875, 3.65625, 3.09375, 3.5625]"
True,5757,3,18751,3,"[3.109375, 2.71875, 3.515625, 2.375]"
False,5758,1,18761,0,"[2.3125, 3.046875, 3.171875, 4.09375]"
False,5759,0,18766,3,"[2.90625, 3.765625, 2.90625, 2.375]"
False,5760,1,18776,0,"[2.359375, 3.140625, 3.25, 3.5625]"
True,5761,2,18781,2,"[3.140625, 3.59375, 2.640625, 3.0625]"
False,5762,0,18787,1,"[2.8125, 2.484375, 3.515625, 3.359375]"
False,5763,0,18790,1,"[2.78125, 2.484375, 2.890625, 2.625]"
True,5764,1,18791,1,"[2.984375, 2.234375, 3.203125, 3.9375]"
True,5765,3,18795,3,"[3.546875, 3.671875, 3.28125, 3.09375]"
False,5766,2,18799,1,"[3.65625, 2.828125, 2.859375, 2.875]"
False,5767,2,18801,3,"[3.0625, 4.03125, 2.890625, 2.671875]"
False,5768,1,18805,3,"[2.203125, 2.671875, 2.359375, 2.015625]"
False,5769,2,18814,3,"[2.875, 2.796875, 4.65625, 2.609375]"
False,5770,0,18828,2,"[2.609375, 2.625, 1.96875, 3.40625]"
True,5771,3,18833,3,"[2.984375, 3.296875, 2.6875, 2.390625]"
False,5772,1,18836,2,"[3.15625, 2.78125, 2.578125, 2.90625]"
False,5773,3,18844,1,"[2.734375, 2.4375, 3.140625, 2.921875]"
True,5774,0,18864,0,"[2.359375, 2.859375, 3.421875, 2.890625]"
False,5775,2,18876,1,"[3.078125, 2.671875, 3.015625, 3.546875]"
True,5776,3,18878,3,"[2.53125, 2.90625, 3.765625, 2.34375]"
False,5777,0,18879,1,"[3.0625, 2.703125, 2.96875, 3.171875]"
False,5778,2,18882,1,"[3.546875, 2.96875, 3.078125, 3.140625]"
False,5779,1,18893,0,"[2.640625, 3.203125, 2.796875, 2.75]"
False,5780,1,18895,3,"[2.71875, 2.84375, 3.5, 2.625]"
False,5781,3,18899,2,"[2.734375, 2.515625, 2.078125, 2.8125]"
True,5782,3,18901,3,"[3.6875, 4.28125, 3.75, 3.078125]"
False,5783,1,18903,0,"[2.421875, 2.9375, 3.296875, 2.890625]"
False,5784,0,18912,2,"[3.9375, 2.9375, 2.71875, 2.875]"
False,5785,1,18921,3,"[3.515625, 2.984375, 3.3125, 2.515625]"
True,5786,2,18939,2,"[3.421875, 2.546875, 2.0625, 2.78125]"
True,5787,0,18949,0,"[2.34375, 4.0625, 3.28125, 2.71875]"
False,5788,1,18951,2,"[3.546875, 3.421875, 2.84375, 3.046875]"
False,5789,1,18963,2,"[2.671875, 3.546875, 2.578125, 2.703125]"
False,5790,3,18964,1,"[2.6875, 2.65625, 3.3125, 2.6875]"
True,5791,0,18975,0,"[2.671875, 3.609375, 3.734375, 3.578125]"
False,5792,2,18976,1,"[3.640625, 3.0625, 3.6875, 3.1875]"
True,5793,2,18977,2,"[3.28125, 2.9375, 2.171875, 3.0625]"
False,5794,3,18978,2,"[3.046875, 3.171875, 2.171875, 3.234375]"
False,5795,2,18981,3,"[3.109375, 3.296875, 3.171875, 2.375]"
False,5796,1,18983,2,"[3.625, 2.921875, 2.796875, 3.234375]"
False,5797,3,18984,1,"[2.5625, 2.46875, 3.34375, 4.15625]"
True,5798,2,18985,2,"[3.515625, 2.71875, 2.546875, 2.71875]"
True,5799,3,18988,3,"[2.921875, 2.9375, 3.484375, 2.765625]"
True,5800,3,19004,3,"[3.8125, 3.828125, 3.734375, 2.8125]"
False,5801,2,19011,0,"[2.046875, 2.296875, 2.828125, 3.1875]"
False,5802,0,19021,2,"[2.390625, 2.71875, 1.5390625, 1.9765625]"
True,5803,2,19032,2,"[3.328125, 3.734375, 2.8125, 4.21875]"
False,5804,3,19037,1,"[2.953125, 2.515625, 3.515625, 2.84375]"
False,5805,0,19042,2,"[3.203125, 2.921875, 2.328125, 2.90625]"
False,5806,3,19051,1,"[2.40625, 1.8046875, 2.921875, 2.34375]"
True,5807,0,19057,0,"[2.1875, 3.453125, 3.96875, 4.53125]"
False,5808,0,19069,2,"[3.390625, 3.140625, 2.71875, 2.734375]"
False,5809,1,19073,2,"[3.546875, 3.609375, 1.890625, 2.390625]"
True,5810,1,19077,1,"[2.96875, 2.296875, 2.5625, 2.921875]"
False,5811,2,19090,0,"[3.46875, 3.484375, 3.59375, 3.578125]"
True,5812,3,19095,3,"[3.46875, 2.9375, 3.203125, 2.65625]"
True,5813,1,19101,1,"[2.671875, 2.453125, 2.8125, 3.203125]"
False,5814,0,19146,1,"[3.15625, 2.71875, 2.765625, 3.6875]"
False,5815,0,19152,2,"[3.015625, 2.828125, 2.640625, 2.84375]"
False,5816,1,19155,3,"[2.453125, 2.421875, 2.8125, 2.390625]"
False,5817,2,19162,3,"[2.765625, 2.859375, 2.46875, 2.390625]"
False,5818,1,19165,3,"[3.265625, 2.8125, 2.84375, 1.953125]"
False,5819,1,19169,2,"[2.75, 2.578125, 2.5, 3.125]"
False,5820,0,19186,3,"[3.625, 3.8125, 3.09375, 3.03125]"
False,5821,3,19188,0,"[2.9375, 3.5625, 3.3125, 3.421875]"
True,5822,2,19199,2,"[3.390625, 3.03125, 2.609375, 3.90625]"
True,5823,1,19201,1,"[3.75, 2.84375, 3.203125, 3.140625]"
False,5824,0,19222,2,"[3.046875, 3.578125, 2.875, 3.03125]"
False,5825,2,19237,1,"[2.671875, 2.65625, 2.765625, 3.3125]"
True,5826,2,19241,2,"[3.265625, 2.890625, 2.265625, 3.890625]"
True,5827,0,19249,0,"[2.484375, 3.59375, 3.21875, 3.390625]"
True,5828,0,19253,0,"[2.546875, 3.859375, 4.25, 2.734375]"
False,5829,2,19257,1,"[2.71875, 2.15625, 2.6875, 2.6875]"
False,5830,2,19275,3,"[3.015625, 2.90625, 2.84375, 2.125]"
True,5831,1,19282,1,"[2.921875, 2.65625, 2.921875, 3.421875]"
False,5832,3,19288,2,"[3.109375, 3.765625, 2.453125, 4.5625]"
False,5833,0,19298,3,"[3.375, 3.234375, 2.984375, 1.8359375]"
True,5834,0,19318,0,"[2.0625, 3.625, 2.796875, 3.640625]"
True,5835,2,19320,2,"[3.5, 3.703125, 3.0625, 3.0625]"
False,5836,1,19322,0,"[3.03125, 4.03125, 3.53125, 3.6875]"
False,5837,0,19323,3,"[3.171875, 2.734375, 3.046875, 2.5625]"
False,5838,0,19334,2,"[2.578125, 2.9375, 2.40625, 2.484375]"
False,5839,3,19335,2,"[3.359375, 2.34375, 2.109375, 2.21875]"
True,5840,2,19353,2,"[3.90625, 2.96875, 2.40625, 3.234375]"
True,5841,2,19354,2,"[2.484375, 2.796875, 2.3125, 3.265625]"
False,5842,1,19355,2,"[3.453125, 2.546875, 2.125, 2.53125]"
False,5843,3,19360,2,"[2.734375, 2.765625, 2.25, 3.015625]"
False,5844,2,19363,0,"[2.59375, 3.5625, 2.75, 3.640625]"
False,5845,3,19373,2,"[3.625, 3.28125, 2.640625, 2.765625]"
False,5846,3,19378,1,"[3.078125, 2.90625, 3.1875, 3.328125]"
True,5847,0,19379,0,"[2.515625, 2.78125, 2.609375, 3.421875]"
False,5848,3,19381,0,"[2.4375, 2.671875, 3.0, 2.453125]"
False,5849,0,19385,2,"[3.453125, 3.96875, 3.28125, 3.859375]"
False,5850,1,19386,0,"[2.40625, 2.625, 3.171875, 2.84375]"
False,5851,3,19390,2,"[3.28125, 3.859375, 3.0, 3.203125]"
False,5852,0,19391,3,"[3.015625, 2.734375, 3.0625, 2.109375]"
True,5853,3,19394,3,"[2.59375, 3.59375, 3.078125, 1.8671875]"
True,5854,3,19402,3,"[3.65625, 3.390625, 3.0, 2.890625]"
False,5855,2,19404,3,"[2.828125, 3.171875, 3.203125, 1.9609375]"
False,5856,1,19416,3,"[2.8125, 2.609375, 3.0625, 2.34375]"
False,5857,0,19421,1,"[3.15625, 2.796875, 3.203125, 2.84375]"
True,5858,3,19423,3,"[2.90625, 3.078125, 2.75, 2.0625]"
False,5859,0,19429,1,"[2.546875, 2.515625, 3.15625, 3.09375]"
False,5860,3,19434,2,"[2.75, 2.890625, 1.9921875, 2.109375]"
False,5861,0,19452,2,"[3.328125, 2.5625, 2.109375, 2.59375]"
True,5862,2,19454,2,"[3.375, 3.140625, 2.640625, 2.78125]"
False,5863,0,19493,3,"[4.0625, 3.984375, 2.890625, 2.671875]"
True,5864,0,19498,0,"[2.453125, 3.125, 2.890625, 3.703125]"
True,5865,3,19514,3,"[2.8125, 3.90625, 2.78125, 2.71875]"
True,5866,1,19516,1,"[2.828125, 2.484375, 2.78125, 3.171875]"
False,5867,0,19519,3,"[4.3125, 3.65625, 3.875, 2.890625]"
False,5868,3,19523,0,"[2.140625, 2.734375, 2.984375, 2.828125]"
True,5869,2,19536,2,"[3.84375, 3.0625, 2.6875, 3.125]"
False,5870,0,19555,1,"[2.65625, 2.5, 2.515625, 2.5625]"
False,5871,3,19577,0,"[2.84375, 3.390625, 2.984375, 3.046875]"
False,5872,2,19599,3,"[2.0625, 2.578125, 3.09375, 1.734375]"
True,5873,2,19615,2,"[2.796875, 3.53125, 2.484375, 3.328125]"
False,5874,2,19627,3,"[2.640625, 2.6875, 2.828125, 2.3125]"
True,5875,3,19630,3,"[3.046875, 2.71875, 4.15625, 2.484375]"
True,5876,2,19634,2,"[2.78125, 2.34375, 2.125, 2.921875]"
False,5877,3,19635,0,"[2.6875, 2.765625, 3.484375, 3.359375]"
False,5878,3,19638,1,"[4.0, 3.390625, 4.34375, 3.671875]"
False,5879,3,19662,2,"[2.65625, 3.140625, 2.578125, 2.96875]"
False,5880,0,19665,1,"[3.828125, 2.484375, 3.375, 2.515625]"
False,5881,0,19682,2,"[3.0625, 3.0625, 2.21875, 2.78125]"
False,5882,2,19698,0,"[2.34375, 3.265625, 3.375, 3.28125]"
False,5883,3,19703,2,"[3.734375, 4.03125, 2.828125, 3.359375]"
True,5884,0,19705,0,"[2.953125, 3.15625, 3.0, 3.875]"
False,5885,2,19706,1,"[2.78125, 2.6875, 3.828125, 2.9375]"
False,5886,0,19710,2,"[2.6875, 3.796875, 2.359375, 3.328125]"
False,5887,0,19711,1,"[3.796875, 3.046875, 4.0625, 3.234375]"
True,5888,0,19717,0,"[2.359375, 2.703125, 3.46875, 2.671875]"
True,5889,0,19726,0,"[2.296875, 3.15625, 2.578125, 2.65625]"
False,5890,1,19727,3,"[3.75, 3.03125, 3.515625, 2.984375]"
True,5891,2,19730,2,"[3.265625, 3.015625, 2.6875, 3.546875]"
False,5892,0,19734,1,"[3.890625, 3.3125, 3.59375, 3.59375]"
True,5893,0,19738,0,"[2.25, 3.46875, 2.890625, 2.90625]"
False,5894,3,19743,2,"[2.5625, 5.0, 2.328125, 3.625]"
False,5895,0,19755,1,"[2.25, 2.03125, 2.84375, 2.109375]"
False,5896,2,19769,1,"[2.59375, 2.28125, 2.828125, 2.65625]"
False,5897,1,19774,3,"[2.734375, 2.796875, 2.40625, 2.390625]"
False,5898,2,19779,0,"[2.140625, 2.484375, 2.96875, 3.109375]"
True,5899,2,19794,2,"[2.171875, 2.71875, 1.84375, 2.609375]"
False,5900,2,19796,0,"[2.171875, 2.921875, 2.625, 2.5]"
True,5901,2,19799,2,"[3.9375, 3.609375, 3.0625, 3.15625]"
True,5902,1,19800,1,"[3.4375, 2.859375, 3.0, 3.421875]"
True,5903,3,19807,3,"[2.953125, 3.1875, 2.859375, 2.578125]"
False,5904,1,19821,0,"[2.203125, 2.90625, 2.859375, 2.90625]"
True,5905,3,19823,3,"[2.75, 2.84375, 3.34375, 2.71875]"
False,5906,0,19829,3,"[3.0625, 2.6875, 2.515625, 2.28125]"
True,5907,3,19835,3,"[3.671875, 3.15625, 3.390625, 2.953125]"
False,5908,3,19838,1,"[3.421875, 2.890625, 2.90625, 2.90625]"
True,5909,0,19858,0,"[2.890625, 3.578125, 3.515625, 4.125]"
False,5910,3,19859,2,"[3.40625, 3.125, 3.078125, 3.515625]"
True,5911,3,19860,3,"[3.59375, 3.671875, 3.65625, 2.921875]"
False,5912,0,19876,2,"[2.46875, 2.875, 2.25, 2.890625]"
False,5913,3,19887,0,"[3.328125, 5.03125, 3.375, 3.34375]"
False,5914,0,19891,1,"[3.734375, 2.265625, 4.1875, 2.921875]"
False,5915,2,19909,1,"[3.390625, 2.09375, 2.4375, 2.515625]"
False,5916,3,19911,2,"[3.828125, 2.90625, 2.375, 3.8125]"
False,5917,3,19916,1,"[3.515625, 2.296875, 2.984375, 2.578125]"
False,5918,1,19921,0,"[3.328125, 3.328125, 3.515625, 4.71875]"
False,5919,1,19940,2,"[2.75, 2.234375, 2.03125, 2.46875]"
True,5920,1,19941,1,"[3.78125, 2.25, 2.875, 2.796875]"
True,5921,3,19943,3,"[3.09375, 2.703125, 3.25, 2.515625]"
True,5922,0,19953,0,"[2.765625, 3.453125, 3.125, 3.015625]"
True,5923,1,19954,1,"[3.421875, 2.859375, 3.609375, 3.171875]"
True,5924,2,19955,2,"[3.96875, 3.953125, 3.078125, 3.265625]"
False,5925,1,19957,0,"[2.015625, 3.53125, 2.9375, 2.6875]"
False,5926,1,19960,0,"[2.546875, 2.5625, 3.296875, 3.140625]"
False,5927,0,19967,2,"[3.59375, 2.9375, 2.609375, 2.703125]"
False,5928,1,19971,3,"[3.359375, 3.015625, 3.609375, 2.890625]"
False,5929,0,19974,2,"[2.953125, 3.46875, 2.4375, 2.765625]"
False,5930,3,19977,1,"[3.625, 2.5625, 2.90625, 3.3125]"
False,5931,3,19988,2,"[2.234375, 2.53125, 2.140625, 2.78125]"
False,5932,0,19992,3,"[3.21875, 3.515625, 2.734375, 2.6875]"
True,5933,3,20003,3,"[3.265625, 3.171875, 3.1875, 2.265625]"
False,5934,2,20007,1,"[4.28125, 2.828125, 2.9375, 3.4375]"
False,5935,1,20008,0,"[3.0, 3.609375, 4.125, 3.109375]"
True,5936,0,20009,0,"[2.109375, 2.359375, 2.109375, 2.375]"
True,5937,2,20014,2,"[3.734375, 3.046875, 2.25, 3.3125]"
False,5938,1,20017,2,"[3.578125, 3.359375, 3.046875, 3.25]"
True,5939,3,20020,3,"[3.21875, 3.515625, 2.75, 2.4375]"
True,5940,3,20021,3,"[2.765625, 3.515625, 3.5, 2.515625]"
True,5941,3,20026,3,"[2.859375, 3.390625, 3.453125, 2.6875]"
True,5942,1,20034,1,"[3.9375, 2.609375, 2.640625, 3.265625]"
True,5943,1,20036,1,"[3.796875, 2.5, 4.03125, 2.765625]"
False,5944,2,20050,0,"[2.421875, 2.890625, 3.578125, 2.984375]"
False,5945,0,20063,3,"[4.3125, 3.421875, 3.734375, 2.5625]"
False,5946,3,20078,0,"[2.609375, 2.625, 3.1875, 3.40625]"
False,5947,0,20087,2,"[3.203125, 3.328125, 2.96875, 3.234375]"
True,5948,1,20089,1,"[3.453125, 2.859375, 3.84375, 3.125]"
False,5949,0,20093,3,"[3.375, 3.359375, 3.890625, 2.75]"
False,5950,3,20103,1,"[3.578125, 3.0625, 3.296875, 3.0625]"
False,5951,0,20110,1,"[3.21875, 3.109375, 3.546875, 3.828125]"
False,5952,2,20112,1,"[2.875, 2.125, 2.8125, 2.734375]"
False,5953,2,20123,3,"[3.171875, 2.125, 2.484375, 1.8984375]"
False,5954,2,20140,0,"[3.28125, 3.671875, 3.9375, 3.375]"
False,5955,3,20143,0,"[3.015625, 3.078125, 3.03125, 3.4375]"
False,5956,2,20149,0,"[2.9375, 3.4375, 3.28125, 3.421875]"
False,5957,2,20154,3,"[2.859375, 3.4375, 2.75, 2.453125]"
False,5958,3,20162,1,"[3.34375, 2.25, 3.15625, 2.671875]"
False,5959,3,20166,1,"[2.015625, 1.8046875, 1.875, 3.453125]"
False,5960,2,20170,0,"[2.375, 2.65625, 3.078125, 2.90625]"
False,5961,1,20184,0,"[2.578125, 3.375, 2.984375, 2.765625]"
True,5962,0,20186,0,"[2.640625, 4.15625, 3.390625, 3.25]"
True,5963,3,20192,3,"[3.21875, 3.515625, 2.921875, 2.171875]"
False,5964,1,20197,2,"[2.515625, 2.90625, 2.296875, 2.703125]"
False,5965,1,20199,3,"[2.453125, 3.078125, 3.171875, 2.40625]"
False,5966,2,20201,1,"[2.84375, 2.46875, 3.515625, 2.640625]"
False,5967,1,20204,3,"[3.625, 3.109375, 3.421875, 2.921875]"
False,5968,3,20210,0,"[2.96875, 3.171875, 3.046875, 3.703125]"
True,5969,2,20211,2,"[3.65625, 3.625, 1.9609375, 2.703125]"
False,5970,0,20214,3,"[3.171875, 3.046875, 3.015625, 2.96875]"
True,5971,0,20233,0,"[2.34375, 2.828125, 3.4375, 2.609375]"
False,5972,0,20241,1,"[2.390625, 2.0625, 2.796875, 2.421875]"
True,5973,3,20249,3,"[2.984375, 3.28125, 2.8125, 2.40625]"
False,5974,1,20253,0,"[1.7109375, 2.84375, 2.515625, 2.953125]"
False,5975,2,20258,0,"[2.765625, 3.484375, 3.0, 3.046875]"
True,5976,1,20259,1,"[3.953125, 2.921875, 3.03125, 4.03125]"
False,5977,0,20260,1,"[2.578125, 2.375, 2.546875, 3.578125]"
False,5978,1,20271,2,"[2.84375, 2.875, 2.578125, 2.875]"
False,5979,3,20272,1,"[3.3125, 2.953125, 3.015625, 3.6875]"
True,5980,2,20274,2,"[2.921875, 2.34375, 2.3125, 3.21875]"
False,5981,1,20275,2,"[3.640625, 3.15625, 2.34375, 3.328125]"
False,5982,0,20278,2,"[2.515625, 2.59375, 2.265625, 3.140625]"
False,5983,2,20287,3,"[2.71875, 2.375, 2.78125, 2.234375]"
False,5984,2,20289,1,"[3.46875, 2.859375, 3.46875, 4.8125]"
False,5985,2,20297,1,"[3.34375, 2.984375, 3.203125, 3.390625]"
True,5986,2,20298,2,"[2.953125, 2.78125, 2.65625, 3.296875]"
True,5987,2,20309,2,"[2.65625, 3.1875, 2.34375, 2.78125]"
False,5988,1,20319,3,"[2.5625, 2.0625, 3.0, 2.03125]"
True,5989,0,20324,0,"[2.359375, 3.484375, 3.28125, 4.125]"
False,5990,0,20330,2,"[4.4375, 2.984375, 2.5625, 2.734375]"
True,5991,3,20334,3,"[3.40625, 2.921875, 2.96875, 2.875]"
False,5992,3,20352,0,"[2.796875, 2.796875, 2.953125, 3.046875]"
False,5993,1,20363,3,"[3.0, 2.703125, 3.4375, 2.625]"
False,5994,3,20374,1,"[3.0625, 2.65625, 2.8125, 3.59375]"
False,5995,2,20377,0,"[2.75, 3.21875, 3.796875, 3.015625]"
False,5996,1,20383,2,"[3.578125, 2.6875, 2.171875, 2.4375]"
True,5997,2,20393,2,"[2.765625, 2.859375, 2.65625, 3.5]"
False,5998,2,20400,3,"[3.3125, 3.390625, 2.984375, 2.78125]"
False,5999,1,20401,0,"[2.03125, 2.390625, 3.125, 2.828125]"
False,6000,2,20405,3,"[3.3125, 2.984375, 3.546875, 2.90625]"
False,6001,0,20408,1,"[2.75, 2.609375, 2.78125, 3.234375]"
False,6002,2,20411,3,"[2.640625, 3.1875, 3.21875, 2.515625]"
False,6003,3,20417,0,"[2.359375, 3.5, 2.953125, 2.765625]"
False,6004,1,20419,0,"[2.6875, 2.703125, 3.15625, 3.875]"
False,6005,0,20454,1,"[2.96875, 2.03125, 2.984375, 2.71875]"
False,6006,2,20471,0,"[2.75, 3.046875, 3.140625, 3.0625]"
False,6007,0,20474,2,"[3.78125, 3.015625, 2.96875, 3.703125]"
True,6008,0,20477,0,"[2.0625, 3.25, 4.125, 3.109375]"
False,6009,3,20481,0,"[2.4375, 3.421875, 2.578125, 2.578125]"
False,6010,1,20483,2,"[3.40625, 3.1875, 2.609375, 2.84375]"
False,6011,3,20486,0,"[2.5625, 3.109375, 2.640625, 3.421875]"
False,6012,0,20487,1,"[3.15625, 2.578125, 3.09375, 3.203125]"
True,6013,3,20496,3,"[3.6875, 3.046875, 3.328125, 3.015625]"
False,6014,3,20501,2,"[3.8125, 4.0, 3.609375, 3.9375]"
True,6015,0,20515,0,"[2.875, 4.21875, 3.15625, 4.25]"
True,6016,2,20529,2,"[3.65625, 2.953125, 2.296875, 3.515625]"
False,6017,2,20530,1,"[2.296875, 2.109375, 2.984375, 2.953125]"
False,6018,0,20536,3,"[2.90625, 3.46875, 3.0625, 2.1875]"
False,6019,0,20541,2,"[2.828125, 2.875, 2.578125, 2.84375]"
True,6020,1,20550,1,"[3.046875, 2.6875, 3.28125, 3.109375]"
True,6021,2,20552,2,"[3.171875, 3.4375, 3.140625, 3.46875]"
False,6022,0,20553,3,"[2.78125, 3.671875, 3.703125, 2.671875]"
True,6023,3,20554,3,"[2.921875, 3.03125, 2.6875, 2.5625]"
False,6024,3,20589,2,"[3.234375, 2.9375, 2.390625, 3.390625]"
False,6025,2,20592,3,"[3.46875, 2.59375, 2.875, 2.53125]"
False,6026,3,20598,1,"[2.703125, 2.40625, 3.015625, 3.0625]"
False,6027,1,20600,3,"[2.53125, 3.046875, 2.953125, 2.34375]"
True,6028,2,20604,2,"[3.296875, 3.171875, 2.875, 3.25]"
False,6029,2,20606,0,"[2.125, 2.203125, 2.921875, 2.65625]"
False,6030,1,20625,3,"[2.296875, 3.21875, 2.234375, 1.96875]"
False,6031,2,20632,0,"[2.359375, 2.703125, 3.140625, 2.96875]"
False,6032,3,20642,0,"[2.90625, 3.578125, 3.546875, 3.15625]"
False,6033,3,20643,0,"[2.59375, 3.328125, 2.859375, 2.703125]"
False,6034,1,20645,3,"[2.734375, 2.765625, 2.4375, 2.28125]"
False,6035,2,20671,0,"[2.625, 2.875, 2.671875, 2.921875]"
True,6036,3,20682,3,"[2.5625, 3.15625, 2.546875, 2.25]"
False,6037,2,20692,3,"[2.65625, 2.578125, 2.09375, 2.03125]"
False,6038,2,20707,1,"[2.40625, 2.203125, 3.34375, 4.375]"
False,6039,0,20709,1,"[2.375, 1.546875, 2.421875, 2.453125]"
False,6040,2,20723,0,"[2.109375, 2.890625, 2.28125, 2.40625]"
False,6041,3,20729,2,"[3.28125, 2.9375, 2.421875, 3.34375]"
False,6042,0,20732,1,"[2.984375, 2.515625, 2.734375, 2.9375]"
False,6043,0,20735,1,"[2.65625, 2.296875, 2.296875, 3.421875]"
False,6044,2,20742,1,"[3.0625, 2.53125, 2.921875, 2.875]"
True,6045,2,20752,2,"[2.765625, 3.046875, 2.40625, 2.640625]"
True,6046,1,20762,1,"[3.59375, 2.859375, 3.984375, 3.8125]"
False,6047,1,20767,3,"[2.765625, 3.4375, 2.703125, 2.296875]"
False,6048,1,20776,2,"[2.75, 2.578125, 2.4375, 2.890625]"
False,6049,0,20779,1,"[2.40625, 2.046875, 2.828125, 2.484375]"
True,6050,3,20782,3,"[2.75, 3.03125, 3.40625, 1.78125]"
False,6051,1,20785,0,"[2.15625, 2.453125, 3.46875, 3.296875]"
False,6052,3,20788,0,"[2.03125, 4.34375, 3.328125, 2.453125]"
False,6053,2,20822,3,"[2.515625, 3.359375, 2.171875, 1.7578125]"
False,6054,2,20824,0,"[2.53125, 3.90625, 3.0625, 3.5]"
False,6055,1,20827,2,"[3.53125, 3.078125, 2.921875, 3.125]"
False,6056,0,20830,1,"[2.46875, 2.34375, 2.484375, 2.6875]"
False,6057,0,20849,2,"[2.828125, 2.75, 2.71875, 3.4375]"
False,6058,2,20856,1,"[4.28125, 3.203125, 3.203125, 3.46875]"
False,6059,1,20858,3,"[3.125, 3.625, 3.375, 3.046875]"
False,6060,1,20860,3,"[3.09375, 3.15625, 3.390625, 2.1875]"
False,6061,2,20864,0,"[2.578125, 2.828125, 2.640625, 3.0]"
False,6062,3,20870,1,"[3.421875, 3.046875, 3.125, 3.46875]"
False,6063,0,20871,1,"[3.890625, 1.953125, 3.390625, 3.171875]"
False,6064,1,20872,2,"[4.25, 3.546875, 2.734375, 3.109375]"
False,6065,0,20884,3,"[2.375, 4.21875, 3.03125, 2.078125]"
False,6066,3,20887,1,"[3.640625, 2.734375, 3.609375, 4.25]"
False,6067,3,20892,2,"[3.421875, 3.53125, 3.3125, 3.4375]"
False,6068,3,20910,1,"[3.0, 2.703125, 3.09375, 2.875]"
False,6069,3,20911,2,"[2.984375, 3.921875, 2.484375, 3.125]"
False,6070,0,20944,3,"[2.828125, 2.828125, 2.890625, 2.734375]"
False,6071,1,20945,2,"[3.328125, 3.375, 2.03125, 2.9375]"
True,6072,1,20946,1,"[3.578125, 2.34375, 3.390625, 3.234375]"
False,6073,3,20953,2,"[2.84375, 3.515625, 2.3125, 2.890625]"
True,6074,0,20986,0,"[2.625, 3.484375, 4.3125, 3.578125]"
False,6075,1,20991,2,"[3.8125, 3.21875, 2.578125, 3.3125]"
True,6076,2,20992,2,"[2.8125, 3.5625, 2.578125, 3.0625]"
True,6077,1,21011,1,"[2.9375, 2.1875, 2.75, 2.640625]"
True,6078,1,21025,1,"[2.828125, 2.734375, 2.78125, 3.109375]"
False,6079,2,21034,1,"[3.21875, 2.359375, 2.71875, 2.875]"
True,6080,2,21037,2,"[4.03125, 3.40625, 3.078125, 4.25]"
False,6081,0,21042,3,"[2.640625, 3.328125, 2.8125, 2.546875]"
False,6082,0,21045,1,"[3.015625, 2.890625, 3.28125, 3.296875]"
False,6083,1,21071,3,"[2.671875, 3.015625, 2.78125, 2.15625]"
True,6084,1,21079,1,"[2.75, 2.734375, 2.984375, 2.78125]"
False,6085,2,21081,3,"[2.96875, 3.640625, 3.25, 2.9375]"
False,6086,0,21089,1,"[3.25, 3.09375, 4.125, 4.09375]"
False,6087,0,21102,3,"[3.703125, 3.4375, 3.78125, 3.171875]"
True,6088,0,21105,0,"[3.34375, 3.578125, 3.484375, 3.515625]"
False,6089,3,21115,1,"[2.96875, 2.90625, 4.28125, 3.265625]"
False,6090,0,21117,3,"[3.140625, 2.921875, 3.34375, 2.390625]"
True,6091,3,21125,3,"[2.984375, 3.046875, 2.875, 2.21875]"
False,6092,3,21139,0,"[2.03125, 2.0625, 2.859375, 2.765625]"
False,6093,2,21141,3,"[3.671875, 3.421875, 3.46875, 2.859375]"
False,6094,2,21174,0,"[2.75, 2.984375, 2.78125, 3.65625]"
False,6095,2,21176,0,"[2.578125, 2.6875, 3.4375, 3.9375]"
False,6096,0,21185,1,"[3.09375, 2.296875, 3.90625, 3.359375]"
False,6097,2,21194,0,"[2.375, 3.453125, 3.3125, 3.265625]"
False,6098,2,21203,3,"[4.40625, 3.34375, 3.40625, 3.09375]"
True,6099,2,21213,2,"[3.375, 3.515625, 2.515625, 2.90625]"
False,6100,2,21221,3,"[2.9375, 2.984375, 1.9609375, 1.9296875]"
False,6101,1,21243,0,"[2.859375, 4.0, 2.875, 3.078125]"
True,6102,2,21247,2,"[3.21875, 3.0625, 3.03125, 3.25]"
True,6103,0,21252,0,"[2.234375, 2.3125, 3.140625, 2.296875]"
False,6104,3,21253,0,"[2.953125, 3.28125, 3.484375, 3.09375]"
False,6105,0,21258,3,"[2.953125, 3.0625, 3.078125, 2.765625]"
False,6106,0,21260,3,"[2.546875, 2.5625, 2.703125, 2.34375]"
True,6107,0,21267,0,"[2.421875, 3.3125, 2.875, 2.5625]"
True,6108,1,21278,1,"[3.890625, 2.59375, 3.78125, 3.78125]"
False,6109,0,21286,1,"[2.09375, 1.6953125, 3.46875, 2.234375]"
True,6110,3,21289,3,"[2.984375, 2.515625, 2.15625, 2.109375]"
True,6111,2,21295,2,"[2.9375, 3.34375, 2.203125, 2.796875]"
False,6112,3,21301,0,"[2.484375, 2.796875, 3.28125, 3.421875]"
True,6113,3,21304,3,"[3.234375, 3.453125, 4.40625, 2.9375]"
True,6114,2,21309,2,"[3.8125, 3.28125, 3.078125, 4.1875]"
False,6115,3,21312,1,"[3.140625, 2.0625, 2.890625, 2.421875]"
False,6116,2,21314,3,"[3.125, 3.578125, 2.6875, 2.21875]"
True,6117,0,21327,0,"[2.296875, 3.265625, 2.765625, 2.421875]"
False,6118,2,21329,0,"[2.90625, 2.90625, 3.859375, 3.265625]"
False,6119,2,21331,1,"[4.15625, 2.8125, 3.171875, 2.96875]"
False,6120,2,21335,1,"[3.359375, 2.953125, 3.203125, 3.4375]"
False,6121,1,21337,3,"[2.796875, 3.125, 2.296875, 2.0625]"
False,6122,1,21340,2,"[2.828125, 2.90625, 2.78125, 3.359375]"
False,6123,3,21352,0,"[2.140625, 2.5, 2.984375, 2.84375]"
False,6124,3,21364,1,"[3.609375, 3.109375, 4.125, 3.328125]"
False,6125,2,21365,0,"[2.484375, 3.25, 2.765625, 3.296875]"
False,6126,3,21368,1,"[2.65625, 2.5, 3.3125, 2.515625]"
False,6127,2,21375,3,"[3.546875, 3.5, 2.96875, 2.1875]"
False,6128,2,21376,0,"[2.5, 2.65625, 2.9375, 2.96875]"
False,6129,2,21389,3,"[3.109375, 3.515625, 3.265625, 3.03125]"
False,6130,1,21397,3,"[2.515625, 3.40625, 2.953125, 2.15625]"
False,6131,3,21400,1,"[2.828125, 2.28125, 2.75, 2.90625]"
False,6132,2,21415,0,"[2.625, 3.265625, 2.765625, 3.84375]"
True,6133,3,21423,3,"[4.75, 3.578125, 2.921875, 2.8125]"
False,6134,0,21426,2,"[2.921875, 3.09375, 2.3125, 3.25]"
False,6135,3,21440,0,"[2.515625, 3.0625, 2.515625, 3.671875]"
False,6136,3,21441,0,"[2.1875, 3.109375, 2.625, 2.625]"
False,6137,1,21443,0,"[2.6875, 2.71875, 3.28125, 2.875]"
False,6138,1,21449,2,"[2.859375, 2.828125, 2.1875, 3.15625]"
False,6139,2,21459,3,"[3.609375, 3.78125, 3.9375, 3.203125]"
False,6140,3,21463,0,"[2.484375, 3.296875, 2.5625, 3.078125]"
False,6141,0,21470,3,"[3.03125, 3.125, 2.890625, 1.9453125]"
False,6142,0,21472,2,"[3.515625, 3.4375, 3.015625, 3.359375]"
True,6143,2,21475,2,"[3.921875, 2.875, 2.578125, 3.53125]"
True,6144,1,21483,1,"[3.125, 2.40625, 3.609375, 3.53125]"
False,6145,0,21490,2,"[2.84375, 2.984375, 2.59375, 2.609375]"
False,6146,3,21503,0,"[2.546875, 3.296875, 2.671875, 3.171875]"
False,6147,0,21507,2,"[2.75, 3.046875, 2.59375, 2.875]"
True,6148,1,21515,1,"[2.890625, 1.9140625, 4.125, 2.484375]"
True,6149,2,21520,2,"[3.25, 2.734375, 2.609375, 2.890625]"
False,6150,0,21547,2,"[3.4375, 3.875, 2.6875, 3.09375]"
False,6151,1,21550,0,"[2.984375, 3.3125, 3.53125, 3.484375]"
False,6152,3,21560,1,"[3.234375, 2.5625, 3.0, 3.390625]"
False,6153,2,21580,3,"[2.84375, 3.015625, 3.875, 2.59375]"
False,6154,1,21582,2,"[3.28125, 2.9375, 2.75, 3.5]"
False,6155,0,21590,2,"[2.765625, 3.421875, 2.75, 3.609375]"
False,6156,1,21610,0,"[1.9140625, 2.484375, 2.203125, 2.40625]"
False,6157,3,21611,0,"[2.953125, 2.984375, 3.65625, 4.0625]"
False,6158,1,21618,3,"[3.703125, 3.328125, 3.53125, 3.21875]"
False,6159,3,21660,2,"[2.734375, 2.8125, 2.390625, 3.296875]"
False,6160,1,21664,3,"[2.984375, 2.921875, 3.25, 2.609375]"
False,6161,2,21668,3,"[2.90625, 2.84375, 2.671875, 1.5234375]"
True,6162,0,21677,0,"[2.796875, 3.28125, 3.75, 2.9375]"
True,6163,0,21687,0,"[2.703125, 2.796875, 3.015625, 3.140625]"
False,6164,1,21695,0,"[2.328125, 2.609375, 3.578125, 2.625]"
False,6165,0,21698,1,"[2.984375, 2.890625, 3.53125, 3.71875]"
False,6166,3,21715,2,"[4.5, 3.5, 2.953125, 3.65625]"
True,6167,2,21720,2,"[3.765625, 3.0, 2.96875, 3.078125]"
False,6168,3,21722,1,"[2.84375, 2.21875, 2.84375, 3.046875]"
False,6169,2,21723,3,"[2.5625, 2.5, 2.734375, 2.25]"
False,6170,2,21727,1,"[3.59375, 2.90625, 3.140625, 2.90625]"
False,6171,0,21746,2,"[4.28125, 2.875, 2.390625, 2.546875]"
False,6172,0,21757,2,"[1.78125, 2.34375, 1.3671875, 1.8515625]"
False,6173,3,21774,0,"[2.109375, 2.71875, 2.390625, 2.625]"
False,6174,1,21781,0,"[1.8984375, 2.3125, 2.578125, 2.875]"
False,6175,0,21790,2,"[4.3125, 2.53125, 2.359375, 2.625]"
False,6176,2,21792,0,"[2.0, 3.265625, 2.734375, 3.375]"
False,6177,2,21796,1,"[3.234375, 2.703125, 3.375, 2.78125]"
False,6178,2,21806,3,"[3.265625, 2.921875, 3.5625, 2.859375]"
False,6179,2,21820,3,"[3.34375, 3.6875, 3.203125, 3.03125]"
False,6180,1,21823,2,"[2.6875, 3.0, 2.609375, 2.625]"
True,6181,1,21826,1,"[3.015625, 2.71875, 2.71875, 2.78125]"
True,6182,2,21837,2,"[2.65625, 3.59375, 1.9921875, 3.28125]"
True,6183,3,21839,3,"[2.859375, 3.15625, 2.859375, 2.609375]"
False,6184,3,21847,2,"[2.796875, 2.671875, 2.578125, 2.59375]"
False,6185,2,21851,0,"[2.0, 2.953125, 2.359375, 2.890625]"
False,6186,1,21857,3,"[3.25, 3.328125, 3.078125, 2.859375]"
False,6187,3,21859,2,"[2.5625, 2.078125, 1.9609375, 2.890625]"
False,6188,0,21864,3,"[3.203125, 3.234375, 3.109375, 2.90625]"
False,6189,2,21875,1,"[3.953125, 2.78125, 3.28125, 3.3125]"
False,6190,2,21877,0,"[2.59375, 2.59375, 3.109375, 3.40625]"
False,6191,1,21878,0,"[2.5625, 2.921875, 3.34375, 3.125]"
False,6192,2,21884,1,"[2.765625, 2.4375, 3.0625, 3.4375]"
False,6193,0,21893,3,"[2.75, 2.765625, 2.75, 2.71875]"
False,6194,2,21896,3,"[2.546875, 3.390625, 3.296875, 2.265625]"
True,6195,3,21913,3,"[4.125, 3.0625, 3.34375, 2.8125]"
True,6196,3,21915,3,"[3.46875, 3.875, 2.984375, 2.671875]"
False,6197,3,21917,1,"[2.875, 2.296875, 3.125, 3.015625]"
False,6198,3,21923,2,"[3.984375, 3.296875, 2.5625, 2.75]"
False,6199,3,21935,0,"[2.640625, 3.484375, 2.8125, 3.0]"
False,6200,1,21937,2,"[2.71875, 3.796875, 2.609375, 2.734375]"
True,6201,0,21938,0,"[2.703125, 3.015625, 2.984375, 3.234375]"
False,6202,1,21950,3,"[2.984375, 2.875, 4.40625, 2.78125]"
False,6203,0,21951,2,"[2.875, 3.046875, 2.328125, 3.421875]"
False,6204,3,21954,2,"[3.1875, 2.421875, 2.40625, 3.0]"
False,6205,2,21960,0,"[2.703125, 3.125, 2.734375, 3.453125]"
False,6206,2,21963,3,"[4.3125, 3.640625, 3.71875, 1.84375]"
True,6207,3,21973,3,"[3.546875, 3.71875, 3.46875, 3.203125]"
False,6208,0,21974,3,"[3.09375, 2.765625, 3.015625, 2.71875]"
True,6209,2,21982,2,"[3.21875, 3.546875, 2.5, 2.796875]"
False,6210,2,21992,1,"[2.9375, 2.234375, 2.609375, 2.96875]"
False,6211,3,22000,1,"[3.0625, 2.984375, 3.140625, 3.34375]"
False,6212,1,22001,0,"[2.078125, 3.1875, 2.703125, 2.671875]"
True,6213,1,22016,1,"[3.3125, 3.265625, 4.21875, 4.125]"
False,6214,0,22017,1,"[2.890625, 2.625, 3.0625, 2.890625]"
False,6215,1,22032,3,"[2.84375, 3.34375, 2.984375, 2.109375]"
True,6216,0,22042,0,"[2.0625, 3.828125, 2.375, 3.203125]"
False,6217,2,22043,0,"[2.359375, 2.640625, 2.75, 3.046875]"
False,6218,3,22046,2,"[2.734375, 2.5625, 2.546875, 3.921875]"
False,6219,2,22059,0,"[2.375, 2.484375, 2.4375, 3.34375]"
False,6220,2,22062,0,"[2.546875, 3.4375, 2.84375, 2.75]"
True,6221,2,22067,2,"[4.0625, 2.640625, 2.296875, 3.28125]"
False,6222,2,22070,1,"[3.015625, 2.15625, 3.984375, 2.453125]"
False,6223,0,22076,1,"[3.484375, 2.546875, 2.78125, 3.28125]"
True,6224,1,22086,1,"[2.671875, 2.171875, 2.625, 2.890625]"
False,6225,3,22107,0,"[1.9296875, 2.375, 2.234375, 2.09375]"
False,6226,3,22112,2,"[2.59375, 3.5625, 1.953125, 2.796875]"
True,6227,0,22115,0,"[2.890625, 3.6875, 3.1875, 3.28125]"
False,6228,2,22119,0,"[2.203125, 3.0, 3.453125, 2.546875]"
False,6229,1,22120,3,"[2.5, 3.28125, 2.828125, 2.171875]"
False,6230,1,22127,0,"[1.7578125, 3.0, 2.78125, 3.59375]"
True,6231,3,22155,3,"[2.59375, 2.546875, 2.859375, 1.7421875]"
True,6232,3,22175,3,"[5.21875, 3.953125, 3.796875, 3.0625]"
False,6233,3,22178,1,"[3.171875, 2.9375, 4.0, 3.375]"
True,6234,2,22183,2,"[3.671875, 3.015625, 2.828125, 3.765625]"
False,6235,1,22186,3,"[2.53125, 2.671875, 3.171875, 2.34375]"
False,6236,1,22200,2,"[2.96875, 3.09375, 2.609375, 2.984375]"
True,6237,2,22201,2,"[2.953125, 2.515625, 2.0625, 3.3125]"
True,6238,1,22207,1,"[2.328125, 1.828125, 2.203125, 2.53125]"
True,6239,0,22208,0,"[2.5, 3.375, 3.203125, 2.578125]"
True,6240,2,22220,2,"[3.296875, 3.59375, 3.171875, 3.46875]"
False,6241,0,22221,1,"[2.9375, 1.8125, 2.828125, 2.65625]"
True,6242,0,22223,0,"[2.59375, 3.1875, 3.0, 2.8125]"
False,6243,3,22239,0,"[2.796875, 3.28125, 3.546875, 3.328125]"
False,6244,1,22245,3,"[3.0, 3.25, 3.5625, 2.953125]"
True,6245,0,22249,0,"[3.0625, 3.25, 3.90625, 3.15625]"
False,6246,0,22269,1,"[3.140625, 2.921875, 3.0, 3.3125]"
False,6247,2,22270,0,"[2.671875, 3.375, 2.875, 3.421875]"
False,6248,1,22283,3,"[3.21875, 3.046875, 2.921875, 2.625]"
False,6249,0,22293,3,"[2.96875, 4.53125, 3.453125, 2.703125]"
False,6250,2,22307,1,"[2.0, 1.5703125, 2.46875, 2.25]"
False,6251,3,22309,0,"[2.15625, 3.9375, 3.578125, 3.578125]"
False,6252,3,22333,0,"[2.546875, 2.90625, 2.96875, 3.109375]"
False,6253,2,22334,3,"[1.9375, 2.0625, 2.53125, 1.71875]"
False,6254,1,22345,0,"[2.296875, 2.328125, 2.9375, 3.53125]"
True,6255,3,22357,3,"[2.6875, 3.6875, 4.75, 2.515625]"
False,6256,3,22366,0,"[2.78125, 3.484375, 3.734375, 3.15625]"
True,6257,3,22374,3,"[2.65625, 2.796875, 2.75, 2.4375]"
False,6258,0,22385,3,"[2.921875, 2.890625, 2.6875, 2.375]"
False,6259,1,22392,3,"[2.578125, 2.8125, 2.609375, 2.5625]"
True,6260,0,22396,0,"[2.046875, 2.796875, 3.46875, 3.078125]"
False,6261,1,22399,0,"[2.890625, 2.96875, 3.15625, 3.5625]"
True,6262,1,22400,1,"[2.90625, 2.453125, 3.046875, 3.234375]"
False,6263,0,22401,3,"[3.578125, 2.703125, 2.734375, 2.578125]"
False,6264,3,22406,0,"[2.359375, 3.234375, 2.40625, 2.78125]"
False,6265,2,22410,1,"[3.65625, 2.796875, 2.796875, 3.296875]"
False,6266,3,22421,1,"[2.890625, 2.4375, 2.859375, 3.359375]"
False,6267,1,22430,0,"[2.6875, 2.9375, 3.015625, 2.953125]"
True,6268,0,22431,0,"[2.96875, 3.15625, 3.140625, 4.25]"
False,6269,3,22433,0,"[2.25, 2.640625, 2.671875, 2.640625]"
False,6270,3,22438,2,"[3.4375, 3.328125, 2.109375, 2.375]"
False,6271,2,22446,0,"[1.90625, 2.953125, 2.640625, 2.875]"
False,6272,1,22450,3,"[3.765625, 2.71875, 3.8125, 2.453125]"
False,6273,1,22453,2,"[3.453125, 4.0, 1.9453125, 2.578125]"
True,6274,2,22464,2,"[3.046875, 2.625, 1.625, 2.5625]"
False,6275,0,22469,3,"[2.984375, 3.359375, 2.875, 2.859375]"
False,6276,0,22485,3,"[2.1875, 2.4375, 2.703125, 2.171875]"
False,6277,3,22488,0,"[2.4375, 3.21875, 3.234375, 3.21875]"
False,6278,0,22496,3,"[2.8125, 2.671875, 3.078125, 2.171875]"
True,6279,2,22499,2,"[2.65625, 2.90625, 2.375, 2.59375]"
True,6280,2,22500,2,"[2.9375, 2.8125, 2.703125, 3.625]"
False,6281,2,22513,0,"[1.78125, 2.75, 2.21875, 2.65625]"
True,6282,2,22514,2,"[2.984375, 2.375, 2.109375, 3.140625]"
False,6283,0,22525,3,"[2.796875, 3.515625, 3.765625, 2.0625]"
False,6284,0,22533,1,"[2.71875, 2.640625, 3.359375, 3.28125]"
False,6285,3,22544,2,"[3.34375, 3.40625, 2.203125, 3.953125]"
False,6286,1,22551,2,"[3.625, 3.296875, 2.75, 3.875]"
False,6287,1,22554,2,"[3.65625, 2.6875, 2.34375, 2.4375]"
True,6288,2,22557,2,"[3.421875, 2.921875, 2.484375, 2.9375]"
False,6289,3,22560,0,"[2.59375, 3.296875, 3.15625, 2.9375]"
True,6290,1,22584,1,"[3.46875, 2.875, 2.890625, 3.21875]"
False,6291,3,22596,0,"[2.21875, 3.078125, 2.46875, 3.078125]"
False,6292,3,22603,2,"[3.203125, 3.203125, 2.953125, 3.484375]"
False,6293,3,22608,2,"[3.9375, 3.1875, 3.109375, 3.71875]"
True,6294,0,22624,0,"[2.46875, 3.0625, 3.0625, 3.0]"
False,6295,1,22625,0,"[2.578125, 2.921875, 2.921875, 2.890625]"
False,6296,0,22652,3,"[2.71875, 2.671875, 2.75, 2.28125]"
False,6297,2,22654,1,"[3.3125, 2.546875, 2.859375, 3.0625]"
True,6298,3,22657,3,"[2.90625, 3.28125, 4.3125, 2.75]"
False,6299,0,22667,2,"[2.46875, 3.109375, 2.453125, 2.921875]"
False,6300,3,22674,2,"[3.6875, 2.671875, 2.265625, 2.5625]"
False,6301,3,22706,0,"[2.859375, 3.1875, 3.03125, 3.0]"
False,6302,0,22732,2,"[3.140625, 3.0625, 2.75, 2.796875]"
True,6303,2,22736,2,"[3.265625, 3.546875, 2.671875, 3.671875]"
True,6304,3,22757,3,"[3.5625, 2.9375, 3.4375, 2.875]"
False,6305,3,22761,0,"[2.25, 4.46875, 3.234375, 3.34375]"
False,6306,1,22764,0,"[2.765625, 3.65625, 3.25, 3.859375]"
False,6307,2,22776,3,"[2.46875, 3.0, 3.078125, 2.171875]"
False,6308,3,22780,2,"[3.65625, 2.984375, 2.84375, 3.375]"
False,6309,1,22801,3,"[3.421875, 2.84375, 3.34375, 2.171875]"
True,6310,2,22812,2,"[3.203125, 3.34375, 2.46875, 2.75]"
True,6311,0,22823,0,"[2.9375, 4.03125, 3.953125, 3.65625]"
False,6312,2,22824,3,"[2.921875, 3.171875, 3.203125, 2.375]"
False,6313,1,22832,0,"[2.8125, 2.90625, 3.015625, 2.8125]"
False,6314,0,22838,3,"[2.890625, 3.75, 3.40625, 2.5625]"
False,6315,0,22844,3,"[2.875, 3.984375, 3.1875, 2.859375]"
False,6316,3,22850,1,"[2.984375, 2.875, 3.921875, 3.125]"
False,6317,3,22851,1,"[3.421875, 2.359375, 2.953125, 3.25]"
True,6318,3,22853,3,"[2.9375, 3.109375, 3.09375, 2.5]"
True,6319,1,22868,1,"[3.125, 2.25, 2.53125, 3.40625]"
False,6320,0,22874,2,"[2.609375, 3.546875, 2.4375, 2.640625]"
True,6321,2,22875,2,"[3.34375, 3.0625, 2.28125, 2.859375]"
True,6322,0,22877,0,"[2.828125, 4.03125, 3.046875, 3.390625]"
False,6323,1,22902,3,"[2.4375, 3.375, 1.8671875, 1.390625]"
False,6324,2,22906,0,"[3.640625, 3.703125, 3.65625, 4.53125]"
False,6325,3,22913,0,"[2.71875, 3.140625, 3.203125, 3.390625]"
False,6326,0,22919,2,"[3.765625, 2.75, 2.578125, 3.359375]"
True,6327,3,22925,3,"[2.828125, 3.3125, 3.0, 2.359375]"
True,6328,1,22930,1,"[3.734375, 3.1875, 3.546875, 3.359375]"
False,6329,1,22941,3,"[2.984375, 3.46875, 3.3125, 2.375]"
False,6330,1,22943,0,"[2.28125, 3.359375, 2.375, 2.90625]"
False,6331,0,22951,1,"[3.59375, 2.4375, 3.828125, 3.1875]"
False,6332,0,22956,2,"[3.1875, 3.15625, 1.875, 2.5]"
True,6333,3,22964,3,"[3.671875, 2.671875, 3.59375, 2.53125]"
True,6334,3,22969,3,"[2.5, 4.09375, 2.453125, 2.328125]"
False,6335,1,22970,3,"[3.390625, 2.546875, 2.609375, 2.421875]"
False,6336,3,22976,0,"[2.15625, 2.71875, 3.828125, 3.140625]"
False,6337,1,22996,2,"[3.921875, 3.0, 1.7578125, 2.859375]"
False,6338,0,22997,2,"[3.203125, 2.671875, 2.203125, 2.796875]"
False,6339,3,23000,0,"[3.15625, 3.921875, 3.5, 3.9375]"
True,6340,0,23012,0,"[3.046875, 3.59375, 3.265625, 3.71875]"
False,6341,3,23020,0,"[3.140625, 3.359375, 3.59375, 3.171875]"
False,6342,1,23023,2,"[3.265625, 3.359375, 2.453125, 3.609375]"
True,6343,3,23030,3,"[2.578125, 2.546875, 3.28125, 2.171875]"
False,6344,2,23038,3,"[2.9375, 2.34375, 3.109375, 2.125]"
False,6345,2,23045,0,"[2.078125, 2.90625, 2.703125, 3.171875]"
True,6346,3,23056,3,"[3.21875, 3.78125, 2.8125, 1.9296875]"
False,6347,0,23059,2,"[2.984375, 3.328125, 2.828125, 3.0625]"
True,6348,1,23061,1,"[3.3125, 2.984375, 3.34375, 3.1875]"
False,6349,1,23071,2,"[2.625, 2.765625, 1.9765625, 4.0]"
True,6350,0,23073,0,"[2.078125, 3.3125, 2.90625, 2.90625]"
True,6351,0,23079,0,"[2.421875, 2.453125, 3.234375, 2.5]"
True,6352,2,23084,2,"[3.453125, 4.53125, 2.3125, 4.28125]"
False,6353,0,23093,3,"[3.53125, 3.59375, 3.4375, 2.921875]"
True,6354,1,23106,1,"[2.828125, 2.4375, 3.4375, 2.46875]"
True,6355,2,23108,2,"[2.71875, 2.640625, 2.25, 2.4375]"
False,6356,1,23117,3,"[3.765625, 3.03125, 3.453125, 2.59375]"
False,6357,2,23119,0,"[3.25, 3.6875, 3.578125, 3.25]"
True,6358,0,23122,0,"[2.4375, 2.609375, 3.03125, 2.8125]"
False,6359,1,23131,0,"[1.859375, 2.59375, 2.15625, 2.359375]"
True,6360,2,23133,2,"[3.484375, 2.28125, 2.203125, 2.453125]"
False,6361,0,23136,2,"[2.734375, 2.828125, 2.65625, 3.9375]"
True,6362,1,23139,1,"[2.703125, 2.328125, 3.15625, 3.4375]"
False,6363,1,23142,2,"[3.34375, 4.03125, 2.4375, 2.671875]"
False,6364,3,23148,0,"[2.71875, 2.984375, 2.765625, 3.046875]"
False,6365,2,23154,1,"[3.0, 2.8125, 3.390625, 3.15625]"
False,6366,1,23163,3,"[2.28125, 2.1875, 2.90625, 2.171875]"
False,6367,2,23164,1,"[3.71875, 2.34375, 2.953125, 2.671875]"
False,6368,3,23165,2,"[2.8125, 3.453125, 2.125, 2.328125]"
False,6369,3,23177,0,"[2.140625, 3.140625, 2.96875, 3.125]"
False,6370,3,23178,0,"[2.34375, 2.421875, 2.53125, 2.390625]"
True,6371,1,23185,1,"[3.375, 3.078125, 3.21875, 3.46875]"
False,6372,3,23191,0,"[1.9453125, 2.5625, 2.671875, 3.0625]"
True,6373,3,23208,3,"[3.25, 4.1875, 3.8125, 2.46875]"
False,6374,0,23232,1,"[2.953125, 2.8125, 3.015625, 3.03125]"
False,6375,0,23236,1,"[3.25, 2.140625, 3.1875, 2.796875]"
False,6376,1,23237,0,"[2.40625, 2.640625, 2.84375, 2.84375]"
False,6377,0,23239,1,"[2.515625, 2.171875, 3.109375, 4.15625]"
False,6378,3,23250,1,"[2.84375, 2.34375, 3.46875, 2.578125]"
False,6379,3,23251,1,"[3.796875, 2.546875, 2.796875, 2.71875]"
False,6380,2,23255,1,"[3.078125, 2.625, 3.25, 2.9375]"
False,6381,1,23285,2,"[2.625, 3.21875, 2.25, 2.65625]"
False,6382,2,23290,0,"[2.5, 2.640625, 2.890625, 3.328125]"
False,6383,3,23291,0,"[2.203125, 2.3125, 2.796875, 2.421875]"
True,6384,3,23296,3,"[2.6875, 2.953125, 2.703125, 2.171875]"
False,6385,1,23301,2,"[2.078125, 2.6875, 1.9765625, 2.8125]"
True,6386,0,23307,0,"[2.9375, 3.71875, 3.203125, 3.09375]"
True,6387,1,23308,1,"[2.984375, 2.25, 2.296875, 2.46875]"
False,6388,3,23318,2,"[3.140625, 2.921875, 2.796875, 3.546875]"
True,6389,0,23321,0,"[2.390625, 4.34375, 3.453125, 2.875]"
False,6390,1,23329,0,"[2.921875, 3.046875, 4.625, 3.5625]"
True,6391,0,23332,0,"[2.15625, 3.015625, 2.78125, 2.828125]"
True,6392,2,23341,2,"[2.8125, 2.71875, 2.453125, 2.609375]"
False,6393,0,23354,1,"[3.375, 3.0, 3.4375, 3.640625]"
False,6394,1,23365,3,"[2.953125, 2.875, 3.09375, 2.46875]"
False,6395,1,23366,0,"[2.828125, 3.734375, 3.53125, 3.1875]"
True,6396,1,23377,1,"[2.984375, 2.53125, 2.765625, 2.984375]"
True,6397,1,23379,1,"[3.140625, 2.3125, 2.828125, 2.59375]"
False,6398,3,23380,0,"[2.09375, 3.65625, 3.140625, 2.625]"
False,6399,1,23386,2,"[2.90625, 3.421875, 2.609375, 2.921875]"
False,6400,0,23394,3,"[2.859375, 2.46875, 2.375, 2.0625]"
True,6401,3,23410,3,"[5.03125, 3.296875, 3.15625, 2.921875]"
False,6402,1,23452,0,"[2.234375, 3.0, 2.78125, 2.859375]"
True,6403,2,23453,2,"[2.703125, 2.9375, 2.671875, 3.125]"
False,6404,3,23457,1,"[2.90625, 2.65625, 2.78125, 2.921875]"
False,6405,2,23460,0,"[2.015625, 2.90625, 2.140625, 2.359375]"
True,6406,3,23464,3,"[3.234375, 3.65625, 3.453125, 2.875]"
False,6407,1,23466,3,"[2.9375, 3.03125, 3.84375, 2.890625]"
False,6408,1,23480,3,"[3.0625, 3.140625, 3.59375, 2.859375]"
True,6409,1,23485,1,"[3.015625, 2.78125, 3.15625, 3.296875]"
True,6410,1,23490,1,"[3.546875, 2.90625, 3.203125, 3.125]"
True,6411,0,23491,0,"[2.234375, 3.171875, 4.21875, 2.90625]"
False,6412,3,23495,0,"[2.3125, 2.78125, 2.65625, 2.359375]"
False,6413,0,23497,1,"[3.484375, 2.171875, 2.9375, 2.765625]"
True,6414,2,23512,2,"[2.578125, 3.03125, 2.109375, 2.953125]"
False,6415,1,23517,3,"[3.3125, 4.0, 3.96875, 2.71875]"
True,6416,1,23525,1,"[3.71875, 2.640625, 3.265625, 3.234375]"
False,6417,0,23537,2,"[3.59375, 3.234375, 2.84375, 2.875]"
False,6418,3,23540,2,"[2.609375, 2.6875, 2.515625, 2.84375]"
True,6419,3,23543,3,"[3.296875, 2.765625, 3.359375, 1.9375]"
False,6420,3,23549,1,"[3.75, 2.59375, 4.40625, 2.6875]"
False,6421,0,23560,3,"[3.640625, 3.859375, 3.6875, 3.53125]"
False,6422,2,23564,1,"[3.46875, 1.921875, 2.921875, 2.125]"
False,6423,0,23574,3,"[2.828125, 3.140625, 3.265625, 2.546875]"
False,6424,3,23586,1,"[3.21875, 2.421875, 3.3125, 2.875]"
True,6425,3,23601,3,"[4.0, 3.671875, 2.8125, 2.484375]"
True,6426,1,23604,1,"[3.375, 2.171875, 2.59375, 2.84375]"
False,6427,1,23608,0,"[2.96875, 3.203125, 3.234375, 3.296875]"
True,6428,3,23620,3,"[2.4375, 2.640625, 2.390625, 2.03125]"
False,6429,2,23621,3,"[4.125, 2.765625, 3.53125, 2.6875]"
False,6430,3,23622,0,"[2.125, 2.171875, 2.703125, 3.875]"
True,6431,0,23649,0,"[2.578125, 3.65625, 3.375, 2.828125]"
False,6432,3,23654,0,"[1.765625, 2.25, 2.015625, 2.453125]"
False,6433,0,23656,3,"[2.828125, 3.734375, 2.78125, 2.3125]"
True,6434,3,23659,3,"[2.953125, 3.765625, 3.3125, 2.578125]"
False,6435,2,23667,0,"[3.03125, 3.171875, 3.703125, 3.390625]"
True,6436,0,23671,0,"[2.5625, 2.6875, 3.609375, 2.625]"
False,6437,0,23684,2,"[2.453125, 2.40625, 2.0625, 2.421875]"
False,6438,0,23693,3,"[3.125, 3.25, 2.8125, 2.59375]"
False,6439,2,23699,3,"[3.234375, 3.03125, 2.75, 2.546875]"
False,6440,0,23710,3,"[3.703125, 2.9375, 2.796875, 2.453125]"
True,6441,1,23713,1,"[3.4375, 2.5625, 3.4375, 2.734375]"
True,6442,0,23721,0,"[3.375, 4.15625, 3.546875, 3.625]"
False,6443,3,23722,0,"[1.8984375, 2.109375, 2.234375, 2.421875]"
False,6444,2,23730,0,"[1.6015625, 2.28125, 2.953125, 2.046875]"
True,6445,2,23732,2,"[2.671875, 2.78125, 2.359375, 2.65625]"
False,6446,2,23733,0,"[3.0, 3.015625, 3.0625, 3.1875]"
False,6447,1,23737,0,"[2.703125, 3.046875, 3.03125, 3.0625]"
False,6448,0,23744,3,"[3.25, 3.328125, 3.328125, 2.109375]"
False,6449,2,23752,0,"[2.265625, 2.625, 2.640625, 2.5625]"
True,6450,2,23753,2,"[3.328125, 3.40625, 2.9375, 3.296875]"
False,6451,2,23760,0,"[3.109375, 3.421875, 3.265625, 3.3125]"
True,6452,2,23762,2,"[3.296875, 2.9375, 2.625, 4.15625]"
False,6453,0,23764,3,"[3.390625, 3.515625, 2.71875, 2.578125]"
False,6454,2,23766,3,"[3.015625, 3.171875, 2.796875, 2.53125]"
False,6455,1,23782,3,"[3.609375, 3.46875, 3.9375, 3.453125]"
False,6456,1,23783,3,"[2.328125, 3.09375, 2.65625, 2.03125]"
True,6457,3,23794,3,"[2.921875, 2.90625, 3.65625, 2.46875]"
False,6458,0,23803,1,"[3.53125, 1.9140625, 2.734375, 2.609375]"
True,6459,3,23810,3,"[3.171875, 3.25, 2.921875, 2.34375]"
False,6460,2,23814,3,"[2.5625, 3.890625, 3.34375, 1.9375]"
True,6461,0,23822,0,"[1.71875, 3.125, 3.046875, 3.6875]"
False,6462,2,23831,0,"[2.359375, 3.25, 2.6875, 2.75]"
True,6463,1,23846,1,"[2.921875, 2.140625, 2.890625, 3.125]"
False,6464,0,23850,3,"[2.578125, 4.53125, 2.890625, 2.53125]"
True,6465,0,23862,0,"[2.140625, 2.265625, 3.390625, 2.703125]"
True,6466,2,23866,2,"[2.765625, 2.828125, 2.546875, 2.75]"
True,6467,3,23873,3,"[3.640625, 2.71875, 2.875, 2.453125]"
False,6468,3,23886,2,"[3.078125, 2.59375, 2.5625, 3.359375]"
False,6469,3,23893,1,"[3.203125, 2.765625, 3.484375, 3.125]"
True,6470,3,23904,3,"[2.78125, 3.46875, 3.171875, 2.734375]"
False,6471,2,23905,3,"[3.328125, 2.859375, 2.6875, 2.5625]"
True,6472,2,23912,2,"[3.1875, 3.1875, 2.515625, 2.640625]"
False,6473,3,23913,2,"[3.609375, 3.140625, 2.984375, 3.09375]"
False,6474,1,23925,0,"[2.828125, 2.9375, 3.109375, 2.984375]"
False,6475,0,23928,3,"[4.1875, 4.5625, 4.03125, 3.671875]"
True,6476,1,23930,1,"[3.203125, 1.75, 2.703125, 3.21875]"
False,6477,1,23936,3,"[2.71875, 2.75, 2.796875, 2.578125]"
False,6478,1,23943,3,"[2.734375, 2.5625, 2.71875, 2.390625]"
False,6479,0,23951,2,"[2.703125, 2.4375, 2.359375, 3.09375]"
False,6480,1,23968,0,"[2.546875, 3.25, 2.9375, 2.859375]"
False,6481,2,23979,0,"[2.65625, 3.078125, 2.6875, 2.984375]"
False,6482,2,23981,3,"[4.25, 3.40625, 3.5, 2.65625]"
True,6483,3,23990,3,"[3.0625, 3.28125, 3.375, 3.0]"
False,6484,0,23992,2,"[3.734375, 3.125, 2.359375, 3.125]"
False,6485,3,23995,2,"[4.46875, 3.734375, 3.40625, 3.90625]"
False,6486,0,23996,3,"[2.390625, 2.046875, 2.859375, 1.796875]"
False,6487,2,24010,1,"[2.703125, 2.34375, 2.84375, 3.015625]"
False,6488,3,24021,0,"[2.65625, 3.09375, 2.65625, 2.828125]"
False,6489,3,24023,2,"[3.046875, 3.453125, 2.65625, 3.75]"
False,6490,2,24027,3,"[3.109375, 3.125, 2.8125, 2.71875]"
True,6491,0,24033,0,"[2.359375, 2.609375, 3.390625, 2.84375]"
False,6492,3,24037,1,"[3.265625, 2.78125, 3.3125, 3.203125]"
False,6493,1,24041,0,"[2.8125, 3.28125, 3.21875, 3.28125]"
True,6494,2,24049,2,"[3.390625, 3.0625, 2.59375, 2.890625]"
True,6495,3,24054,3,"[2.5, 2.875, 3.234375, 2.203125]"
True,6496,2,24055,2,"[3.65625, 3.03125, 1.984375, 2.484375]"
False,6497,0,24071,3,"[3.109375, 3.015625, 3.015625, 2.84375]"
False,6498,2,24073,3,"[3.328125, 3.390625, 3.53125, 2.28125]"
False,6499,3,24081,2,"[3.59375, 2.375, 2.3125, 3.71875]"
False,6500,3,24085,2,"[2.546875, 2.390625, 1.984375, 2.171875]"
False,6501,1,24097,2,"[2.890625, 4.03125, 2.640625, 3.5625]"
False,6502,1,24107,0,"[2.609375, 2.84375, 3.0, 3.15625]"
True,6503,0,24108,0,"[3.234375, 3.578125, 3.4375, 3.296875]"
False,6504,1,24111,2,"[3.171875, 3.109375, 2.5, 3.859375]"
False,6505,0,24117,3,"[3.484375, 3.453125, 2.671875, 2.515625]"
False,6506,2,24124,1,"[3.0, 2.609375, 3.734375, 2.84375]"
False,6507,3,24129,0,"[2.453125, 3.234375, 4.125, 3.34375]"
False,6508,2,24131,3,"[2.84375, 2.828125, 3.25, 2.75]"
False,6509,2,24136,0,"[1.9296875, 2.484375, 2.796875, 3.78125]"
False,6510,0,24144,2,"[3.0625, 3.546875, 2.5, 2.828125]"
False,6511,0,24154,3,"[2.640625, 3.0625, 3.3125, 2.203125]"
False,6512,3,24156,1,"[3.578125, 2.921875, 3.4375, 2.9375]"
False,6513,3,24164,1,"[2.90625, 2.03125, 2.046875, 2.390625]"
False,6514,1,24186,3,"[4.125, 3.703125, 3.28125, 2.046875]"
True,6515,2,24202,2,"[3.53125, 3.484375, 2.59375, 3.15625]"
True,6516,3,24215,3,"[3.34375, 3.65625, 3.59375, 2.734375]"
False,6517,1,24222,0,"[2.796875, 2.796875, 3.71875, 3.578125]"
False,6518,3,24228,0,"[2.140625, 2.390625, 3.125, 2.375]"
False,6519,3,24252,2,"[3.15625, 2.84375, 2.625, 3.125]"
False,6520,3,24262,2,"[3.8125, 3.109375, 2.609375, 3.578125]"
False,6521,1,24278,0,"[2.375, 3.515625, 3.984375, 4.0625]"
True,6522,3,24281,3,"[2.078125, 3.28125, 2.984375, 1.9296875]"
False,6523,3,24282,2,"[2.984375, 3.140625, 2.96875, 3.046875]"
True,6524,1,24295,1,"[3.578125, 3.109375, 3.109375, 3.28125]"
False,6525,1,24297,0,"[3.03125, 3.53125, 4.03125, 3.609375]"
False,6526,3,24298,2,"[2.59375, 3.1875, 2.515625, 2.734375]"
False,6527,1,24300,3,"[3.078125, 3.0, 3.59375, 2.578125]"
True,6528,3,24304,3,"[3.40625, 3.375, 3.1875, 2.90625]"
False,6529,2,24305,0,"[2.28125, 3.578125, 2.65625, 2.296875]"
False,6530,1,24312,2,"[3.0625, 2.734375, 2.484375, 3.0625]"
True,6531,2,24315,2,"[2.90625, 3.578125, 2.5625, 3.203125]"
True,6532,1,24322,1,"[3.734375, 2.171875, 2.828125, 2.65625]"
False,6533,2,24324,0,"[2.21875, 3.0, 3.09375, 2.828125]"
False,6534,0,24325,2,"[3.0, 3.53125, 2.59375, 3.015625]"
False,6535,0,24326,2,"[3.1875, 2.953125, 2.71875, 3.609375]"
True,6536,1,24331,1,"[2.796875, 2.296875, 2.703125, 2.703125]"
False,6537,2,24333,1,"[3.484375, 2.796875, 3.46875, 3.125]"
False,6538,0,24335,2,"[3.796875, 3.3125, 2.578125, 3.953125]"
False,6539,2,24342,0,"[3.0625, 3.34375, 3.765625, 3.375]"
True,6540,3,24351,3,"[3.765625, 3.515625, 3.28125, 2.59375]"
False,6541,3,24353,1,"[2.71875, 2.546875, 3.109375, 2.703125]"
True,6542,3,24373,3,"[3.890625, 3.546875, 2.875, 2.671875]"
True,6543,2,24375,2,"[3.421875, 3.25, 3.0, 3.453125]"
False,6544,1,24392,2,"[2.640625, 2.640625, 2.265625, 2.71875]"
False,6545,3,24400,0,"[3.109375, 3.421875, 3.515625, 3.4375]"
True,6546,1,24402,1,"[3.28125, 2.984375, 3.140625, 4.09375]"
False,6547,2,24405,1,"[3.21875, 2.109375, 3.109375, 3.046875]"
False,6548,3,24422,0,"[2.8125, 3.421875, 3.609375, 3.109375]"
False,6549,3,24427,1,"[3.28125, 2.65625, 4.0, 3.359375]"
False,6550,0,24432,3,"[2.828125, 3.265625, 2.5, 2.09375]"
False,6551,3,24433,1,"[2.75, 2.515625, 2.625, 2.796875]"
False,6552,2,24447,0,"[3.28125, 3.5, 3.328125, 3.5]"
True,6553,0,24448,0,"[2.578125, 3.5625, 2.6875, 2.671875]"
True,6554,3,24455,3,"[2.921875, 3.796875, 2.953125, 2.453125]"
False,6555,0,24456,3,"[4.09375, 3.53125, 3.671875, 3.390625]"
True,6556,1,24465,1,"[3.125, 2.28125, 2.546875, 2.671875]"
False,6557,3,24466,1,"[2.375, 1.6640625, 2.296875, 1.9609375]"
False,6558,3,24475,1,"[3.125, 2.75, 3.375, 2.796875]"
False,6559,3,24479,2,"[2.046875, 2.21875, 2.03125, 2.59375]"
False,6560,3,24485,0,"[3.03125, 3.765625, 3.21875, 3.3125]"
False,6561,0,24491,2,"[2.625, 3.140625, 2.5, 2.953125]"
False,6562,1,24496,0,"[1.7265625, 2.15625, 3.15625, 2.828125]"
True,6563,0,24518,0,"[3.140625, 3.265625, 3.140625, 3.21875]"
False,6564,3,24520,0,"[3.328125, 3.359375, 3.46875, 3.9375]"
False,6565,3,24523,1,"[2.515625, 2.09375, 2.375, 2.84375]"
False,6566,0,24528,1,"[3.1875, 2.59375, 4.5, 3.421875]"
False,6567,0,24538,3,"[2.5, 3.015625, 2.5625, 2.046875]"
False,6568,2,24544,3,"[3.046875, 3.09375, 3.21875, 2.59375]"
True,6569,1,24563,1,"[2.90625, 2.171875, 2.625, 2.859375]"
False,6570,3,24564,0,"[2.265625, 3.796875, 2.8125, 2.84375]"
True,6571,1,24566,1,"[3.40625, 3.03125, 3.234375, 3.109375]"
False,6572,2,24580,3,"[3.640625, 3.453125, 3.203125, 2.25]"
False,6573,1,24582,0,"[2.203125, 2.484375, 2.78125, 3.3125]"
True,6574,1,24595,1,"[3.453125, 2.65625, 3.15625, 4.15625]"
False,6575,3,24603,1,"[3.0, 2.515625, 2.828125, 3.15625]"
False,6576,1,24633,3,"[2.78125, 2.03125, 2.671875, 1.9296875]"
True,6577,0,24637,0,"[2.390625, 3.53125, 3.1875, 2.609375]"
False,6578,1,24651,3,"[2.9375, 2.46875, 2.671875, 1.5859375]"
False,6579,2,24654,3,"[3.328125, 3.375, 3.21875, 2.75]"
False,6580,1,24664,0,"[2.765625, 2.921875, 3.046875, 3.28125]"
False,6581,2,24666,1,"[4.34375, 3.15625, 3.8125, 3.484375]"
False,6582,0,24671,3,"[3.171875, 2.75, 3.046875, 2.328125]"
True,6583,3,24692,3,"[3.0625, 3.734375, 3.375, 2.546875]"
False,6584,0,24708,2,"[3.671875, 3.3125, 2.4375, 2.53125]"
False,6585,2,24710,3,"[3.421875, 3.015625, 2.609375, 2.40625]"
True,6586,2,24725,2,"[3.53125, 3.421875, 2.78125, 2.796875]"
False,6587,0,24731,1,"[3.265625, 2.78125, 3.0, 3.40625]"
False,6588,2,24738,0,"[2.328125, 3.265625, 3.5, 2.6875]"
False,6589,0,24751,3,"[2.890625, 2.765625, 3.640625, 2.53125]"
False,6590,3,24754,2,"[3.15625, 3.125, 2.484375, 2.6875]"
False,6591,1,24759,2,"[3.03125, 2.71875, 2.46875, 3.34375]"
False,6592,2,24760,3,"[2.375, 3.203125, 2.6875, 2.1875]"
False,6593,0,24766,3,"[3.328125, 2.734375, 3.421875, 2.53125]"
False,6594,3,24767,0,"[2.46875, 3.3125, 3.96875, 3.5625]"
True,6595,3,24768,3,"[4.90625, 3.96875, 3.90625, 2.734375]"
False,6596,2,24774,3,"[3.140625, 3.375, 2.921875, 2.3125]"
False,6597,0,24789,2,"[3.46875, 3.71875, 3.421875, 4.21875]"
False,6598,1,24804,2,"[2.71875, 2.859375, 2.4375, 2.515625]"
False,6599,0,24817,2,"[3.40625, 3.484375, 3.234375, 3.34375]"
False,6600,0,24822,1,"[2.59375, 2.265625, 3.28125, 3.140625]"
True,6601,0,24823,0,"[2.75, 2.90625, 3.265625, 2.75]"
False,6602,3,24848,1,"[3.15625, 2.78125, 3.71875, 3.140625]"
True,6603,0,24855,0,"[2.9375, 3.59375, 3.234375, 4.15625]"
False,6604,2,24864,3,"[3.84375, 3.0625, 4.0, 2.859375]"
False,6605,0,24867,3,"[4.09375, 3.046875, 2.71875, 2.390625]"
False,6606,0,24873,3,"[3.421875, 3.875, 3.34375, 2.84375]"
False,6607,3,24880,0,"[1.75, 2.921875, 2.59375, 2.578125]"
False,6608,1,24888,2,"[2.953125, 2.53125, 2.453125, 3.265625]"
True,6609,2,24899,2,"[3.0625, 2.640625, 2.296875, 2.75]"
False,6610,0,24900,3,"[3.28125, 3.4375, 3.78125, 2.796875]"
True,6611,0,24903,0,"[2.71875, 3.640625, 2.78125, 2.96875]"
False,6612,2,24904,1,"[3.421875, 2.375, 4.21875, 2.84375]"
True,6613,3,24914,3,"[2.84375, 3.1875, 2.65625, 2.546875]"
False,6614,3,24915,0,"[2.375, 3.515625, 3.171875, 3.375]"
False,6615,0,24943,2,"[2.75, 2.703125, 2.625, 3.28125]"
True,6616,3,24946,3,"[3.265625, 3.84375, 3.359375, 3.25]"
False,6617,3,24952,1,"[2.46875, 2.328125, 4.125, 2.375]"
False,6618,2,24967,3,"[3.359375, 3.140625, 2.90625, 2.421875]"
False,6619,2,24975,1,"[2.90625, 2.8125, 3.109375, 3.4375]"
False,6620,2,24982,1,"[2.40625, 2.265625, 2.75, 2.765625]"
True,6621,3,24996,3,"[2.828125, 3.265625, 2.75, 2.484375]"
True,6622,3,25003,3,"[3.203125, 3.0, 3.359375, 2.84375]"
False,6623,0,25009,3,"[3.375, 2.84375, 3.359375, 2.109375]"
False,6624,3,25013,2,"[4.0, 3.0, 2.71875, 3.34375]"
False,6625,1,25017,3,"[2.953125, 3.59375, 3.046875, 2.71875]"
False,6626,3,25032,2,"[3.140625, 2.96875, 2.4375, 4.03125]"
False,6627,1,25033,0,"[2.578125, 3.125, 3.609375, 3.015625]"
True,6628,1,25037,1,"[2.515625, 2.34375, 3.296875, 2.90625]"
True,6629,3,25038,3,"[3.1875, 3.640625, 2.90625, 2.4375]"
True,6630,2,25039,2,"[3.21875, 3.640625, 2.859375, 3.359375]"
False,6631,2,25047,3,"[2.9375, 2.515625, 2.90625, 2.390625]"
False,6632,1,25066,0,"[2.390625, 2.890625, 3.5, 3.703125]"
False,6633,0,25073,2,"[2.96875, 3.453125, 2.71875, 4.40625]"
False,6634,2,25074,0,"[2.6875, 3.15625, 3.65625, 2.953125]"
False,6635,1,25075,3,"[3.21875, 4.84375, 3.90625, 2.84375]"
False,6636,1,25083,3,"[3.15625, 3.171875, 3.4375, 2.78125]"
False,6637,1,25086,2,"[2.4375, 2.375, 2.140625, 3.359375]"
False,6638,0,25088,2,"[2.78125, 3.28125, 2.453125, 3.03125]"
False,6639,3,25095,0,"[2.84375, 3.296875, 3.453125, 2.84375]"
True,6640,3,25096,3,"[3.015625, 3.140625, 3.21875, 2.765625]"
True,6641,2,25101,2,"[4.0625, 4.25, 3.015625, 3.53125]"
True,6642,3,25104,3,"[2.84375, 3.828125, 4.125, 2.640625]"
False,6643,1,25105,2,"[3.203125, 2.421875, 2.171875, 2.734375]"
False,6644,3,25109,0,"[2.546875, 2.5625, 3.140625, 2.671875]"
False,6645,2,25118,1,"[3.015625, 2.625, 2.90625, 2.640625]"
True,6646,0,25125,0,"[2.75, 3.15625, 2.859375, 3.890625]"
False,6647,0,25130,2,"[2.984375, 3.09375, 2.890625, 3.046875]"
False,6648,2,25137,0,"[2.296875, 2.421875, 3.171875, 2.65625]"
False,6649,2,25142,3,"[3.140625, 3.671875, 2.5, 2.46875]"
False,6650,0,25159,1,"[2.46875, 2.234375, 3.15625, 3.046875]"
False,6651,3,25167,1,"[3.265625, 2.71875, 2.890625, 3.5]"
True,6652,3,25171,3,"[2.8125, 2.84375, 2.796875, 2.234375]"
True,6653,0,25180,0,"[2.421875, 3.328125, 3.546875, 3.609375]"
False,6654,2,25190,1,"[3.171875, 2.109375, 3.078125, 2.296875]"
False,6655,3,25204,2,"[3.875, 3.359375, 2.578125, 2.75]"
False,6656,3,25208,2,"[3.4375, 3.34375, 3.078125, 3.546875]"
True,6657,1,25223,1,"[2.734375, 2.375, 2.984375, 2.421875]"
True,6658,0,25232,0,"[2.46875, 3.453125, 2.46875, 3.0]"
True,6659,2,25238,2,"[2.578125, 3.546875, 2.390625, 2.796875]"
False,6660,2,25255,3,"[3.8125, 3.375, 2.96875, 2.953125]"
False,6661,2,25268,1,"[3.25, 2.21875, 2.640625, 2.453125]"
False,6662,1,25271,3,"[2.65625, 3.21875, 2.8125, 2.390625]"
False,6663,2,25273,0,"[2.6875, 2.984375, 2.875, 2.90625]"
True,6664,1,25278,1,"[3.25, 2.71875, 3.09375, 3.59375]"
False,6665,3,25284,2,"[3.71875, 3.609375, 3.390625, 3.890625]"
True,6666,2,25286,2,"[2.8125, 3.453125, 2.515625, 2.84375]"
False,6667,2,25291,0,"[2.71875, 3.90625, 3.1875, 3.65625]"
True,6668,1,25308,1,"[2.640625, 2.046875, 2.515625, 3.171875]"
True,6669,3,25316,3,"[3.515625, 3.28125, 3.40625, 2.6875]"
True,6670,2,25319,2,"[3.3125, 4.21875, 3.015625, 3.046875]"
False,6671,0,25320,2,"[2.890625, 3.890625, 2.75, 4.09375]"
False,6672,3,25321,0,"[2.5, 2.546875, 3.640625, 2.640625]"
False,6673,1,25328,0,"[2.59375, 3.171875, 3.296875, 3.078125]"
False,6674,0,25329,3,"[2.875, 3.3125, 3.6875, 2.53125]"
False,6675,1,25332,0,"[2.015625, 3.328125, 2.578125, 2.109375]"
False,6676,1,25335,2,"[2.890625, 2.734375, 2.15625, 3.421875]"
True,6677,3,25337,3,"[3.765625, 5.21875, 3.984375, 3.453125]"
False,6678,2,25349,1,"[4.59375, 2.859375, 4.40625, 3.203125]"
True,6679,0,25356,0,"[3.0625, 3.203125, 3.46875, 3.609375]"
False,6680,2,25360,1,"[2.5, 2.40625, 2.40625, 2.46875]"
False,6681,3,25364,1,"[2.75, 2.328125, 3.84375, 3.625]"
False,6682,3,25370,1,"[3.3125, 3.28125, 3.703125, 3.484375]"
False,6683,0,25380,3,"[2.59375, 3.265625, 2.9375, 2.140625]"
False,6684,3,25391,2,"[3.171875, 3.421875, 2.546875, 3.03125]"
True,6685,0,25408,0,"[2.34375, 3.546875, 2.734375, 3.765625]"
True,6686,3,25417,3,"[3.171875, 3.546875, 3.984375, 3.0]"
True,6687,0,25430,0,"[2.796875, 3.609375, 2.984375, 3.140625]"
False,6688,0,25435,3,"[2.703125, 3.15625, 3.078125, 2.640625]"
True,6689,2,25436,2,"[3.140625, 3.203125, 2.484375, 2.671875]"
False,6690,1,25439,2,"[2.734375, 3.375, 2.53125, 2.921875]"
False,6691,1,25456,0,"[2.21875, 2.453125, 2.546875, 2.875]"
True,6692,0,25463,0,"[1.7265625, 3.34375, 2.625, 2.171875]"
False,6693,0,25465,3,"[3.296875, 3.28125, 3.359375, 2.640625]"
False,6694,0,25466,3,"[2.921875, 3.609375, 4.1875, 2.640625]"
False,6695,0,25469,1,"[2.984375, 2.734375, 2.78125, 3.25]"
True,6696,1,25487,1,"[3.265625, 2.28125, 2.359375, 2.40625]"
False,6697,0,25494,1,"[2.765625, 2.265625, 2.359375, 3.09375]"
True,6698,3,25500,3,"[3.28125, 2.90625, 3.625, 2.421875]"
False,6699,0,25503,3,"[2.59375, 2.9375, 2.40625, 2.328125]"
False,6700,2,25507,0,"[2.6875, 3.078125, 2.71875, 3.25]"
False,6701,0,25527,1,"[3.5, 3.125, 3.203125, 3.53125]"
False,6702,2,25535,1,"[3.296875, 2.625, 3.125, 3.0]"
False,6703,0,25538,1,"[3.390625, 3.28125, 3.328125, 3.609375]"
True,6704,3,25547,3,"[2.953125, 2.953125, 3.875, 2.515625]"
False,6705,3,25555,2,"[3.578125, 3.0625, 2.78125, 3.53125]"
False,6706,3,25556,1,"[2.75, 2.71875, 2.765625, 3.296875]"
True,6707,2,25571,2,"[2.71875, 3.140625, 2.671875, 2.9375]"
True,6708,0,25574,0,"[2.734375, 3.5, 3.171875, 3.578125]"
False,6709,3,25578,1,"[3.40625, 3.171875, 3.265625, 3.234375]"
False,6710,0,25580,3,"[3.640625, 3.71875, 3.453125, 2.34375]"
False,6711,2,25582,1,"[4.125, 2.609375, 3.90625, 3.15625]"
False,6712,0,25607,1,"[2.546875, 2.34375, 2.6875, 2.484375]"
False,6713,3,25609,1,"[2.9375, 2.46875, 2.65625, 2.96875]"
False,6714,0,25618,3,"[3.40625, 3.09375, 3.203125, 2.90625]"
True,6715,3,25622,3,"[3.21875, 2.75, 3.5, 2.671875]"
False,6716,3,25645,1,"[3.046875, 2.75, 3.515625, 3.671875]"
False,6717,3,25646,1,"[2.546875, 2.46875, 2.796875, 2.484375]"
False,6718,3,25647,1,"[2.1875, 2.015625, 2.078125, 2.546875]"
False,6719,0,25654,1,"[2.59375, 2.03125, 2.703125, 3.078125]"
False,6720,1,25655,3,"[2.53125, 2.46875, 2.984375, 2.15625]"
False,6721,0,25662,2,"[3.75, 2.96875, 2.875, 2.953125]"
True,6722,1,25663,1,"[3.5, 2.71875, 3.484375, 3.3125]"
True,6723,2,25664,2,"[4.375, 4.53125, 3.0625, 3.625]"
False,6724,2,25665,1,"[3.421875, 2.390625, 2.796875, 3.484375]"
False,6725,0,25672,1,"[3.625, 2.203125, 2.84375, 3.140625]"
False,6726,3,25678,0,"[2.78125, 2.796875, 3.359375, 3.0625]"
False,6727,1,25692,0,"[2.375, 3.0, 2.6875, 3.0]"
False,6728,3,25693,2,"[2.65625, 3.0, 2.4375, 3.265625]"
True,6729,2,25702,2,"[3.03125, 3.15625, 2.6875, 3.421875]"
False,6730,0,25722,2,"[3.046875, 2.59375, 2.421875, 2.78125]"
True,6731,3,25727,3,"[3.453125, 2.59375, 2.59375, 2.53125]"
False,6732,0,25734,1,"[2.734375, 2.234375, 2.984375, 2.796875]"
False,6733,0,25742,3,"[3.171875, 3.140625, 3.65625, 2.25]"
True,6734,2,25751,2,"[3.65625, 4.375, 3.359375, 3.859375]"
True,6735,3,25753,3,"[3.5, 3.5, 4.28125, 2.34375]"
True,6736,0,25754,0,"[2.5625, 3.171875, 3.203125, 3.25]"
False,6737,0,25756,2,"[3.140625, 2.28125, 2.15625, 4.0625]"
False,6738,2,25761,3,"[3.34375, 2.640625, 3.265625, 2.4375]"
False,6739,1,25764,0,"[1.7421875, 3.390625, 2.015625, 2.421875]"
False,6740,2,25769,0,"[2.46875, 2.46875, 2.484375, 2.703125]"
False,6741,3,25795,0,"[3.0, 3.578125, 3.34375, 4.125]"
False,6742,3,25818,1,"[2.640625, 2.40625, 3.34375, 3.296875]"
False,6743,2,25821,0,"[2.109375, 2.40625, 3.140625, 2.953125]"
False,6744,0,25824,2,"[3.375, 3.734375, 2.859375, 4.125]"
True,6745,2,25835,2,"[2.65625, 3.15625, 2.484375, 3.03125]"
True,6746,0,25843,0,"[3.0, 3.40625, 3.0625, 3.59375]"
False,6747,2,25850,3,"[3.625, 3.46875, 3.28125, 3.09375]"
False,6748,2,25852,1,"[3.296875, 2.78125, 3.6875, 2.890625]"
False,6749,2,25863,0,"[2.71875, 3.046875, 3.25, 3.40625]"
False,6750,1,25866,0,"[2.296875, 4.0, 2.46875, 2.5625]"
False,6751,1,25867,0,"[2.1875, 2.375, 2.765625, 2.78125]"
False,6752,3,25887,1,"[3.578125, 2.640625, 3.125, 2.796875]"
True,6753,1,25889,1,"[3.46875, 2.65625, 2.78125, 3.421875]"
True,6754,0,25891,0,"[1.78125, 3.546875, 2.421875, 3.25]"
False,6755,3,25894,2,"[3.359375, 3.015625, 2.28125, 3.125]"
False,6756,1,25903,3,"[3.265625, 3.1875, 2.59375, 2.578125]"
True,6757,3,25910,3,"[4.25, 2.6875, 2.328125, 2.171875]"
False,6758,1,25917,3,"[2.3125, 2.75, 3.140625, 1.78125]"
False,6759,3,25925,0,"[3.125, 3.375, 3.125, 3.5625]"
False,6760,0,25930,2,"[3.421875, 3.546875, 2.46875, 2.890625]"
False,6761,0,25954,1,"[2.828125, 2.5, 2.75, 3.125]"
False,6762,3,25977,0,"[2.40625, 2.734375, 2.9375, 3.65625]"
False,6763,1,25986,2,"[2.890625, 3.1875, 1.4921875, 2.453125]"
False,6764,1,25992,2,"[3.5, 3.328125, 2.953125, 3.46875]"
False,6765,3,25996,2,"[3.125, 3.125, 2.203125, 3.0]"
False,6766,3,26000,2,"[2.34375, 3.46875, 2.171875, 3.265625]"
True,6767,0,26010,0,"[1.921875, 2.046875, 2.40625, 2.546875]"
False,6768,0,26032,1,"[2.1875, 2.0625, 3.0, 2.34375]"
True,6769,1,26038,1,"[2.703125, 2.6875, 3.546875, 2.984375]"
False,6770,1,26041,0,"[2.359375, 2.6875, 3.078125, 3.0625]"
False,6771,2,26050,0,"[3.171875, 3.46875, 3.40625, 3.546875]"
True,6772,0,26055,0,"[2.34375, 2.59375, 2.359375, 3.5625]"
False,6773,2,26081,3,"[2.515625, 2.453125, 2.390625, 2.21875]"
False,6774,2,26091,1,"[3.265625, 2.015625, 2.75, 3.171875]"
True,6775,3,26118,3,"[3.8125, 3.71875, 3.484375, 2.984375]"
True,6776,1,26124,1,"[2.6875, 2.453125, 2.515625, 2.6875]"
False,6777,0,26125,3,"[3.140625, 2.265625, 2.859375, 2.015625]"
True,6778,0,26141,0,"[2.796875, 3.25, 3.625, 3.546875]"
False,6779,3,26142,2,"[2.59375, 3.4375, 2.546875, 3.015625]"
False,6780,2,26159,3,"[3.0625, 2.796875, 2.984375, 2.0625]"
False,6781,2,26167,0,"[2.125, 2.953125, 2.390625, 2.578125]"
True,6782,1,26169,1,"[2.9375, 2.625, 3.171875, 3.1875]"
True,6783,2,26179,2,"[3.71875, 3.734375, 2.78125, 2.953125]"
False,6784,1,26181,2,"[2.296875, 3.21875, 2.0625, 2.359375]"
False,6785,3,26202,2,"[3.0625, 3.296875, 2.8125, 2.875]"
False,6786,3,26203,1,"[3.0625, 2.328125, 3.140625, 2.65625]"
False,6787,3,26208,2,"[3.125, 2.65625, 2.484375, 2.75]"
False,6788,3,26225,2,"[4.5, 3.015625, 2.8125, 3.25]"
False,6789,2,26229,3,"[3.90625, 3.09375, 3.609375, 2.90625]"
False,6790,1,26240,2,"[3.5, 3.265625, 2.65625, 3.09375]"
False,6791,3,26242,2,"[3.421875, 3.9375, 1.9921875, 2.84375]"
True,6792,0,26248,0,"[2.671875, 3.203125, 2.765625, 3.53125]"
False,6793,3,26249,1,"[3.796875, 3.3125, 3.34375, 4.125]"
True,6794,3,26254,3,"[2.59375, 3.921875, 3.265625, 2.484375]"
True,6795,0,26255,0,"[2.515625, 3.296875, 2.671875, 3.328125]"
True,6796,0,26270,0,"[3.0625, 3.921875, 5.21875, 4.03125]"
False,6797,3,26271,2,"[3.21875, 2.9375, 2.578125, 3.1875]"
False,6798,0,26276,3,"[2.96875, 2.921875, 2.640625, 2.296875]"
False,6799,3,26280,2,"[3.375, 3.71875, 3.25, 4.21875]"
False,6800,0,26289,1,"[3.046875, 2.609375, 3.296875, 4.09375]"
True,6801,2,26291,2,"[2.703125, 4.09375, 2.453125, 4.40625]"
False,6802,0,26295,2,"[2.65625, 2.25, 1.9375, 3.109375]"
True,6803,2,26297,2,"[2.96875, 3.484375, 2.546875, 2.9375]"
True,6804,0,26302,0,"[2.171875, 2.34375, 3.53125, 3.015625]"
True,6805,3,26316,3,"[2.3125, 2.8125, 2.53125, 2.078125]"
True,6806,2,26317,2,"[4.03125, 3.515625, 3.265625, 3.34375]"
False,6807,1,26335,3,"[4.09375, 3.875, 4.625, 3.0]"
True,6808,3,26348,3,"[3.4375, 2.84375, 3.203125, 2.484375]"
False,6809,0,26350,1,"[2.5625, 2.34375, 3.09375, 3.234375]"
False,6810,2,26351,1,"[3.3125, 3.171875, 3.25, 3.1875]"
False,6811,3,26360,0,"[2.140625, 2.21875, 2.40625, 2.84375]"
False,6812,0,26369,1,"[3.984375, 2.03125, 3.296875, 2.4375]"
True,6813,2,26380,2,"[2.9375, 4.03125, 2.234375, 3.59375]"
False,6814,2,26381,3,"[3.1875, 2.71875, 3.078125, 2.15625]"
False,6815,1,26392,3,"[3.4375, 3.328125, 3.375, 1.5078125]"
True,6816,2,26396,2,"[3.109375, 3.109375, 2.546875, 2.859375]"
True,6817,1,26401,1,"[3.671875, 2.875, 3.046875, 3.328125]"
True,6818,0,26409,0,"[1.5390625, 2.921875, 3.03125, 2.609375]"
False,6819,2,26410,1,"[2.75, 1.9140625, 2.265625, 2.09375]"
False,6820,2,26416,3,"[4.09375, 3.890625, 3.390625, 2.6875]"
True,6821,3,26419,3,"[3.265625, 3.4375, 3.609375, 3.046875]"
True,6822,1,26432,1,"[2.75, 2.21875, 3.34375, 2.765625]"
False,6823,2,26446,0,"[2.453125, 3.359375, 2.484375, 2.59375]"
False,6824,1,26449,3,"[2.75, 2.5625, 2.984375, 2.421875]"
False,6825,2,26452,3,"[3.15625, 3.0, 4.28125, 2.421875]"
False,6826,1,26456,2,"[3.0625, 2.78125, 2.640625, 3.25]"
False,6827,0,26462,1,"[3.15625, 2.0625, 2.6875, 3.09375]"
False,6828,1,26468,3,"[3.171875, 2.96875, 3.90625, 2.4375]"
False,6829,2,26469,3,"[3.046875, 3.0625, 3.21875, 2.984375]"
False,6830,2,26473,1,"[2.90625, 2.796875, 3.3125, 3.0625]"
False,6831,1,26474,2,"[2.703125, 3.15625, 2.1875, 2.34375]"
True,6832,0,26491,0,"[2.15625, 2.8125, 2.796875, 4.78125]"
False,6833,3,26503,2,"[3.1875, 2.90625, 2.75, 4.21875]"
False,6834,1,26512,3,"[3.046875, 3.25, 2.703125, 2.671875]"
False,6835,3,26528,0,"[2.328125, 3.015625, 3.71875, 2.96875]"
False,6836,1,26532,0,"[2.5, 3.015625, 2.875, 3.15625]"
False,6837,1,26543,0,"[1.8984375, 2.421875, 2.578125, 2.625]"
False,6838,1,26560,2,"[2.828125, 3.0, 2.671875, 2.984375]"
False,6839,3,26570,0,"[2.21875, 3.0625, 2.984375, 3.328125]"
True,6840,0,26574,0,"[2.265625, 2.78125, 2.90625, 3.140625]"
True,6841,2,26576,2,"[2.828125, 2.171875, 1.9453125, 2.46875]"
False,6842,1,26578,0,"[2.140625, 2.984375, 2.4375, 2.1875]"
False,6843,3,26596,0,"[2.28125, 2.8125, 2.4375, 3.109375]"
False,6844,0,26598,2,"[2.796875, 3.1875, 2.40625, 2.921875]"
False,6845,0,26600,2,"[3.625, 3.5, 2.75, 2.90625]"
False,6846,2,26623,3,"[4.3125, 3.25, 3.34375, 2.921875]"
True,6847,1,26630,1,"[3.9375, 3.0625, 3.296875, 4.03125]"
False,6848,0,26648,2,"[3.265625, 3.0625, 2.8125, 3.125]"
False,6849,0,26651,1,"[2.8125, 2.4375, 3.6875, 2.625]"
True,6850,0,26652,0,"[2.203125, 2.875, 2.265625, 2.203125]"
False,6851,0,26692,3,"[3.015625, 3.921875, 4.09375, 2.640625]"
True,6852,1,26714,1,"[2.734375, 2.421875, 2.875, 3.09375]"
False,6853,1,26716,0,"[1.890625, 3.1875, 2.15625, 2.796875]"
False,6854,2,26724,0,"[3.34375, 3.90625, 4.125, 3.6875]"
False,6855,1,26735,3,"[3.171875, 3.4375, 2.828125, 2.390625]"
False,6856,0,26740,3,"[2.828125, 2.703125, 2.46875, 2.453125]"
False,6857,0,26746,3,"[3.0625, 3.375, 3.140625, 2.703125]"
True,6858,0,26749,0,"[3.171875, 3.46875, 3.375, 3.625]"
True,6859,2,26751,2,"[2.734375, 3.6875, 2.609375, 3.125]"
True,6860,0,26758,0,"[1.8203125, 2.546875, 2.921875, 2.4375]"
False,6861,3,26770,1,"[2.9375, 2.890625, 4.28125, 3.09375]"
False,6862,2,26803,3,"[2.546875, 4.15625, 3.21875, 2.40625]"
True,6863,2,26807,2,"[3.203125, 3.421875, 2.875, 4.1875]"
True,6864,1,26809,1,"[2.765625, 2.546875, 3.140625, 3.296875]"
False,6865,2,26810,0,"[2.796875, 3.484375, 2.8125, 3.046875]"
False,6866,2,26815,3,"[3.03125, 2.609375, 2.984375, 2.546875]"
True,6867,0,26816,0,"[1.9140625, 3.75, 2.453125, 3.0]"
True,6868,3,26826,3,"[4.03125, 3.609375, 3.53125, 3.453125]"
False,6869,3,26832,1,"[3.078125, 2.890625, 3.015625, 3.109375]"
False,6870,1,26840,2,"[3.84375, 2.8125, 2.296875, 3.375]"
False,6871,2,26843,3,"[2.640625, 3.203125, 3.0, 2.125]"
True,6872,0,26854,0,"[1.96875, 2.625, 2.6875, 2.734375]"
False,6873,3,26875,2,"[4.46875, 3.640625, 2.96875, 4.03125]"
False,6874,1,26877,3,"[2.5, 2.484375, 2.640625, 1.9375]"
False,6875,3,26890,1,"[2.84375, 2.53125, 2.765625, 3.03125]"
False,6876,3,26898,2,"[2.96875, 3.109375, 2.21875, 2.78125]"
False,6877,2,26911,0,"[1.8515625, 2.65625, 2.96875, 3.171875]"
False,6878,1,26926,2,"[3.21875, 3.46875, 2.390625, 3.0]"
False,6879,1,26927,3,"[2.984375, 3.171875, 3.328125, 2.671875]"
True,6880,2,26933,2,"[3.875, 3.765625, 3.15625, 3.609375]"
False,6881,1,26941,2,"[3.203125, 3.0, 2.625, 3.046875]"
False,6882,2,26950,3,"[4.0625, 3.578125, 3.734375, 3.078125]"
False,6883,1,26959,0,"[2.65625, 2.9375, 2.78125, 3.6875]"
True,6884,2,26971,2,"[2.625, 3.234375, 2.3125, 2.453125]"
True,6885,1,26982,1,"[2.734375, 2.140625, 2.65625, 3.453125]"
False,6886,2,26995,0,"[2.453125, 2.671875, 3.203125, 2.5]"
False,6887,3,27000,0,"[2.34375, 2.390625, 2.796875, 3.609375]"
False,6888,1,27003,0,"[2.34375, 4.625, 3.484375, 2.734375]"
True,6889,3,27013,3,"[3.34375, 3.0, 3.65625, 2.671875]"
False,6890,3,27015,0,"[3.09375, 3.40625, 3.5625, 4.375]"
False,6891,2,27025,0,"[1.9609375, 3.578125, 2.3125, 2.75]"
False,6892,1,27028,2,"[3.234375, 2.6875, 2.3125, 2.609375]"
False,6893,0,27031,2,"[3.640625, 3.25, 2.34375, 3.9375]"
True,6894,1,27033,1,"[3.40625, 2.09375, 2.515625, 2.578125]"
False,6895,1,27047,3,"[3.3125, 3.875, 2.953125, 2.890625]"
False,6896,1,27048,0,"[2.578125, 2.75, 3.234375, 3.53125]"
False,6897,2,27050,0,"[2.53125, 3.25, 3.4375, 3.609375]"
False,6898,2,27057,0,"[2.859375, 3.0625, 3.234375, 2.890625]"
True,6899,0,27088,0,"[2.5, 2.6875, 3.125, 2.96875]"
False,6900,0,27094,3,"[4.25, 3.359375, 2.6875, 1.46875]"
True,6901,1,27100,1,"[3.75, 2.734375, 3.25, 3.96875]"
False,6902,0,27112,1,"[3.09375, 2.84375, 3.3125, 2.921875]"
True,6903,1,27116,1,"[3.140625, 2.875, 2.984375, 3.71875]"
False,6904,3,27137,2,"[2.953125, 2.71875, 2.578125, 3.328125]"
True,6905,0,27146,0,"[2.9375, 3.015625, 3.140625, 3.375]"
True,6906,0,27147,0,"[2.546875, 2.953125, 3.15625, 3.5]"
False,6907,1,27178,3,"[4.25, 3.609375, 3.296875, 2.90625]"
False,6908,3,27180,0,"[3.21875, 3.9375, 4.46875, 3.8125]"
False,6909,2,27185,1,"[3.09375, 2.5, 2.6875, 3.28125]"
False,6910,1,27196,3,"[3.265625, 3.140625, 2.703125, 2.484375]"
True,6911,3,27209,3,"[2.578125, 3.796875, 3.921875, 2.421875]"
False,6912,1,27210,0,"[2.109375, 2.65625, 2.734375, 2.671875]"
True,6913,2,27211,2,"[2.46875, 2.921875, 2.125, 2.8125]"
False,6914,3,27212,2,"[3.34375, 2.640625, 2.3125, 2.90625]"
False,6915,2,27213,1,"[3.125, 2.671875, 2.6875, 3.171875]"
False,6916,1,27234,0,"[2.734375, 3.1875, 2.953125, 4.1875]"
False,6917,0,27236,2,"[2.5625, 3.265625, 2.375, 2.625]"
False,6918,3,27245,1,"[3.765625, 2.96875, 3.6875, 3.8125]"
False,6919,0,27247,1,"[2.953125, 2.578125, 3.53125, 3.140625]"
True,6920,0,27248,0,"[2.34375, 3.015625, 3.625, 3.15625]"
True,6921,1,27251,1,"[5.5, 2.546875, 4.15625, 5.125]"
True,6922,1,27253,1,"[2.5625, 2.421875, 3.171875, 2.828125]"
False,6923,2,27258,3,"[3.796875, 3.34375, 3.3125, 2.796875]"
True,6924,3,27262,3,"[3.734375, 3.578125, 3.15625, 2.921875]"
True,6925,1,27264,1,"[2.453125, 2.421875, 2.9375, 2.625]"
False,6926,0,27285,1,"[3.3125, 2.828125, 3.234375, 3.15625]"
False,6927,2,27286,1,"[2.5, 1.6953125, 3.1875, 2.984375]"
True,6928,1,27291,1,"[3.609375, 2.296875, 3.03125, 3.84375]"
False,6929,1,27305,0,"[2.40625, 2.40625, 2.484375, 2.578125]"
False,6930,2,27309,0,"[2.78125, 3.125, 2.984375, 3.03125]"
True,6931,0,27319,0,"[2.5, 2.96875, 3.484375, 3.03125]"
False,6932,0,27320,3,"[3.453125, 3.234375, 3.859375, 2.828125]"
True,6933,1,27367,1,"[3.53125, 2.578125, 3.0, 3.34375]"
True,6934,2,27369,2,"[3.359375, 3.0, 1.9921875, 3.421875]"
False,6935,0,27372,1,"[2.875, 2.84375, 3.171875, 4.46875]"
False,6936,2,27376,0,"[2.59375, 2.984375, 3.890625, 3.71875]"
False,6937,0,27379,3,"[3.09375, 3.03125, 3.28125, 2.640625]"
True,6938,2,27385,2,"[3.15625, 2.8125, 2.46875, 2.609375]"
False,6939,1,27392,0,"[2.625, 3.78125, 2.78125, 3.21875]"
False,6940,3,27396,1,"[3.46875, 3.140625, 3.671875, 3.828125]"
True,6941,2,27402,2,"[3.15625, 2.953125, 2.625, 2.90625]"
False,6942,2,27410,3,"[3.78125, 2.46875, 2.640625, 2.453125]"
True,6943,1,27419,1,"[3.53125, 3.234375, 4.0625, 3.34375]"
False,6944,1,27421,3,"[3.0625, 3.296875, 3.78125, 2.78125]"
False,6945,3,27422,1,"[3.265625, 2.59375, 3.1875, 2.890625]"
False,6946,3,27434,0,"[2.859375, 2.921875, 3.15625, 3.359375]"
True,6947,3,27446,3,"[3.296875, 2.734375, 3.375, 2.09375]"
True,6948,1,27449,1,"[3.078125, 2.296875, 2.453125, 2.84375]"
True,6949,1,27450,1,"[3.34375, 3.234375, 3.234375, 3.8125]"
False,6950,2,27456,1,"[3.25, 3.015625, 3.1875, 3.578125]"
False,6951,1,27457,0,"[2.484375, 2.90625, 2.859375, 2.671875]"
False,6952,0,27460,2,"[3.5625, 3.140625, 3.109375, 3.53125]"
True,6953,2,27467,2,"[2.515625, 2.65625, 1.8984375, 2.1875]"
False,6954,2,27472,1,"[3.265625, 2.984375, 3.0, 3.921875]"
False,6955,0,27489,1,"[2.25, 2.15625, 2.828125, 3.09375]"
True,6956,3,27527,3,"[3.328125, 3.5, 3.09375, 2.453125]"
False,6957,2,27533,3,"[3.484375, 3.21875, 2.359375, 2.171875]"
True,6958,2,27552,2,"[3.265625, 3.75, 2.59375, 3.5625]"
False,6959,2,27559,0,"[2.34375, 3.375, 2.59375, 3.6875]"
True,6960,2,27565,2,"[2.890625, 3.65625, 2.453125, 2.75]"
False,6961,3,27581,2,"[3.171875, 3.5, 2.90625, 3.28125]"
False,6962,2,27582,3,"[3.25, 2.84375, 2.734375, 2.421875]"
False,6963,2,27585,3,"[2.96875, 3.0625, 3.546875, 2.828125]"
False,6964,2,27598,3,"[3.375, 3.609375, 3.09375, 2.40625]"
False,6965,3,27601,0,"[3.390625, 3.46875, 3.71875, 3.46875]"
False,6966,2,27635,3,"[3.890625, 2.921875, 3.796875, 2.734375]"
False,6967,3,27655,2,"[2.78125, 2.75, 2.703125, 2.875]"
False,6968,3,27657,0,"[2.78125, 2.875, 3.15625, 2.84375]"
False,6969,3,27662,1,"[3.546875, 2.34375, 3.015625, 2.9375]"
False,6970,3,27673,0,"[1.265625, 3.1875, 2.46875, 3.265625]"
False,6971,0,27688,3,"[3.0, 3.234375, 3.453125, 2.09375]"
False,6972,1,27692,0,"[3.109375, 3.484375, 3.265625, 3.25]"
True,6973,3,27697,3,"[2.859375, 3.421875, 2.953125, 2.4375]"
False,6974,2,27712,3,"[3.890625, 3.875, 3.1875, 3.0625]"
False,6975,3,27715,2,"[3.359375, 4.0625, 3.03125, 3.21875]"
True,6976,2,27716,2,"[3.015625, 2.9375, 2.46875, 2.953125]"
False,6977,2,27725,0,"[2.921875, 3.875, 3.40625, 3.515625]"
False,6978,3,27726,2,"[3.21875, 3.703125, 2.671875, 3.890625]"
False,6979,0,27734,3,"[3.703125, 3.546875, 3.6875, 3.53125]"
False,6980,1,27737,0,"[2.875, 3.296875, 2.953125, 3.421875]"
False,6981,2,27745,1,"[2.765625, 2.5625, 3.03125, 2.5625]"
False,6982,3,27747,2,"[2.640625, 2.40625, 1.9765625, 2.171875]"
False,6983,1,27748,3,"[3.359375, 3.359375, 3.0, 2.828125]"
False,6984,0,27749,3,"[3.40625, 3.25, 2.984375, 2.890625]"
True,6985,3,27752,3,"[2.921875, 2.9375, 3.4375, 2.859375]"
False,6986,1,27761,2,"[3.34375, 2.8125, 2.40625, 3.03125]"
False,6987,1,27766,0,"[3.0, 3.515625, 3.921875, 3.140625]"
False,6988,1,27778,3,"[2.921875, 3.28125, 3.171875, 2.5625]"
False,6989,2,27786,3,"[2.40625, 2.015625, 2.515625, 1.921875]"
True,6990,1,27787,1,"[3.140625, 1.9765625, 2.3125, 3.234375]"
False,6991,1,27790,0,"[2.046875, 5.21875, 2.90625, 3.40625]"
True,6992,2,27799,2,"[3.015625, 2.96875, 2.578125, 2.96875]"
True,6993,1,27804,1,"[2.484375, 2.109375, 2.734375, 3.359375]"
True,6994,0,27805,0,"[2.5625, 3.3125, 4.09375, 3.0625]"
False,6995,3,27807,1,"[4.34375, 2.765625, 2.9375, 3.21875]"
False,6996,3,27829,2,"[3.546875, 3.453125, 2.25, 3.53125]"
True,6997,0,27835,0,"[3.0, 3.78125, 3.84375, 3.1875]"
False,6998,2,27845,3,"[2.8125, 2.953125, 3.28125, 2.765625]"
False,6999,2,27866,1,"[3.1875, 2.53125, 3.703125, 2.96875]"
False,7000,1,27867,3,"[3.1875, 4.21875, 3.96875, 2.953125]"
False,7001,0,27883,1,"[3.546875, 2.921875, 3.578125, 3.015625]"
False,7002,1,27885,0,"[2.28125, 3.640625, 2.453125, 2.78125]"
False,7003,3,27886,2,"[3.015625, 3.75, 2.40625, 2.84375]"
False,7004,0,27888,1,"[3.296875, 2.171875, 2.859375, 2.46875]"
False,7005,3,27890,2,"[4.375, 3.078125, 3.015625, 3.140625]"
True,7006,1,27899,1,"[2.9375, 2.625, 2.6875, 3.125]"
True,7007,0,27909,0,"[2.34375, 3.6875, 3.796875, 2.859375]"
False,7008,2,27927,3,"[3.296875, 3.234375, 3.390625, 2.328125]"
False,7009,0,27931,3,"[3.515625, 3.78125, 3.546875, 2.90625]"
False,7010,0,27933,1,"[3.40625, 2.640625, 3.546875, 3.265625]"
False,7011,1,27938,0,"[2.859375, 2.90625, 3.296875, 3.578125]"
False,7012,1,27941,2,"[3.15625, 3.46875, 2.25, 2.921875]"
False,7013,2,27943,1,"[3.375, 2.28125, 2.953125, 2.53125]"
True,7014,1,27947,1,"[3.0625, 1.7265625, 2.84375, 2.875]"
True,7015,1,27951,1,"[3.109375, 2.296875, 3.203125, 2.40625]"
True,7016,1,27953,1,"[2.875, 2.65625, 3.546875, 3.03125]"
False,7017,1,27959,0,"[2.84375, 3.03125, 3.65625, 3.25]"
False,7018,2,27973,1,"[3.28125, 2.390625, 2.46875, 3.15625]"
True,7019,1,27991,1,"[3.0625, 2.859375, 3.21875, 3.40625]"
True,7020,0,28002,0,"[2.46875, 2.71875, 3.09375, 2.859375]"
False,7021,3,28006,2,"[2.734375, 3.5625, 2.625, 3.296875]"
False,7022,0,28038,2,"[3.90625, 2.890625, 2.78125, 3.078125]"
False,7023,3,28047,0,"[2.703125, 2.875, 3.015625, 3.609375]"
False,7024,0,28064,2,"[3.203125, 2.75, 2.59375, 3.015625]"
False,7025,1,28065,3,"[3.203125, 2.625, 2.90625, 2.53125]"
False,7026,3,28106,2,"[3.625, 3.5625, 3.015625, 3.25]"
False,7027,1,28112,0,"[2.28125, 2.609375, 3.5625, 4.28125]"
False,7028,3,28130,0,"[2.703125, 3.25, 2.9375, 3.5625]"
False,7029,2,28133,1,"[3.046875, 2.203125, 3.421875, 2.5]"
False,7030,1,28144,0,"[2.53125, 2.71875, 3.421875, 3.3125]"
False,7031,2,28147,3,"[2.953125, 2.90625, 3.5625, 2.640625]"
False,7032,1,28151,3,"[2.90625, 3.203125, 2.859375, 2.09375]"
True,7033,2,28152,2,"[2.953125, 2.28125, 1.8046875, 3.109375]"
False,7034,0,28173,1,"[2.8125, 2.296875, 3.125, 2.96875]"
False,7035,2,28177,0,"[2.75, 2.78125, 3.640625, 3.453125]"
False,7036,2,28181,0,"[2.5, 3.578125, 2.53125, 3.0]"
False,7037,2,28187,1,"[2.6875, 2.5625, 3.734375, 2.984375]"
True,7038,1,28202,1,"[2.90625, 2.828125, 3.0, 3.359375]"
False,7039,0,28211,1,"[3.015625, 2.71875, 4.09375, 2.71875]"
False,7040,3,28225,2,"[3.25, 3.46875, 2.359375, 3.046875]"
False,7041,2,28227,1,"[2.65625, 2.5, 2.84375, 3.3125]"
True,7042,2,28232,2,"[2.65625, 2.890625, 2.109375, 3.015625]"
True,7043,0,28249,0,"[2.3125, 3.046875, 4.3125, 2.96875]"
False,7044,3,28255,0,"[2.265625, 2.5, 3.484375, 3.109375]"
False,7045,2,28258,1,"[2.640625, 2.453125, 2.609375, 2.890625]"
True,7046,1,28259,1,"[3.734375, 2.375, 3.5625, 2.640625]"
False,7047,0,28261,1,"[3.4375, 2.859375, 3.515625, 3.359375]"
False,7048,0,28271,1,"[3.96875, 2.375, 2.703125, 2.484375]"
False,7049,1,28277,0,"[2.921875, 3.171875, 3.53125, 3.28125]"
False,7050,3,28287,0,"[2.9375, 3.640625, 3.515625, 3.453125]"
False,7051,1,28303,0,"[3.21875, 3.328125, 3.546875, 3.515625]"
False,7052,2,28308,0,"[2.765625, 4.09375, 3.65625, 3.40625]"
False,7053,0,28312,2,"[2.9375, 2.8125, 2.5, 3.09375]"
False,7054,1,28325,2,"[3.609375, 3.4375, 3.21875, 3.546875]"
False,7055,3,28326,2,"[3.71875, 3.0, 2.859375, 3.0625]"
False,7056,2,28335,3,"[3.046875, 3.90625, 2.703125, 2.484375]"
False,7057,0,28337,1,"[3.640625, 1.65625, 1.7890625, 3.015625]"
True,7058,3,28338,3,"[4.03125, 3.609375, 3.484375, 3.109375]"
False,7059,3,28340,2,"[3.421875, 2.78125, 2.765625, 3.09375]"
False,7060,3,28345,2,"[3.453125, 3.515625, 3.234375, 3.515625]"
False,7061,0,28349,2,"[3.421875, 3.515625, 2.984375, 3.796875]"
False,7062,3,28351,2,"[2.890625, 3.40625, 1.90625, 2.984375]"
False,7063,0,28358,1,"[2.84375, 2.640625, 3.171875, 3.171875]"
True,7064,1,28372,1,"[3.078125, 2.71875, 2.828125, 3.359375]"
False,7065,0,28378,1,"[2.0625, 1.921875, 2.265625, 2.796875]"
True,7066,0,28388,0,"[2.609375, 4.53125, 3.25, 3.359375]"
True,7067,0,28396,0,"[2.640625, 3.65625, 3.375, 3.28125]"
False,7068,0,28404,2,"[3.34375, 3.8125, 3.296875, 3.65625]"
True,7069,0,28405,0,"[1.9921875, 3.25, 2.578125, 2.859375]"
False,7070,2,28409,0,"[1.9609375, 2.890625, 3.09375, 3.25]"
True,7071,3,28411,3,"[3.0625, 3.578125, 3.8125, 2.375]"
False,7072,0,28415,2,"[3.453125, 3.0625, 2.59375, 2.765625]"
False,7073,3,28451,1,"[3.328125, 2.53125, 3.140625, 3.421875]"
False,7074,2,28455,1,"[3.734375, 2.578125, 2.734375, 3.609375]"
False,7075,3,28467,1,"[3.28125, 2.140625, 3.421875, 2.15625]"
False,7076,3,28468,1,"[4.125, 2.609375, 3.0625, 4.09375]"
False,7077,2,28470,1,"[2.296875, 2.0, 3.0625, 2.421875]"
True,7078,3,28482,3,"[2.8125, 3.578125, 3.25, 2.578125]"
False,7079,1,28492,2,"[3.46875, 3.4375, 2.625, 3.125]"
False,7080,2,28493,1,"[4.03125, 3.25, 4.21875, 4.5]"
True,7081,3,28506,3,"[3.796875, 3.140625, 4.21875, 3.125]"
True,7082,0,28508,0,"[1.8203125, 3.828125, 3.203125, 2.71875]"
False,7083,0,28510,1,"[3.203125, 2.671875, 3.078125, 3.546875]"
False,7084,3,28513,2,"[2.96875, 3.0625, 2.734375, 3.25]"
False,7085,3,28514,2,"[2.453125, 3.015625, 2.109375, 3.390625]"
True,7086,3,28521,3,"[3.5, 3.296875, 3.21875, 3.015625]"
False,7087,1,28522,3,"[2.5, 2.328125, 3.453125, 2.25]"
True,7088,3,28523,3,"[2.859375, 3.140625, 3.59375, 2.640625]"
False,7089,2,28552,3,"[2.75, 2.65625, 2.546875, 2.421875]"
False,7090,1,28556,3,"[2.78125, 3.203125, 3.09375, 2.5625]"
False,7091,2,28559,3,"[3.25, 3.015625, 3.078125, 2.4375]"
True,7092,0,28560,0,"[3.09375, 3.46875, 3.171875, 3.140625]"
False,7093,1,28562,2,"[3.015625, 2.953125, 2.5625, 2.96875]"
True,7094,0,28569,0,"[2.203125, 2.90625, 2.96875, 2.484375]"
False,7095,2,28579,0,"[3.03125, 3.703125, 4.15625, 3.140625]"
False,7096,1,28581,2,"[2.3125, 2.6875, 1.5859375, 2.578125]"
False,7097,2,28589,0,"[2.265625, 3.09375, 3.46875, 3.0]"
True,7098,1,28602,1,"[3.421875, 2.890625, 3.15625, 2.9375]"
False,7099,2,28603,1,"[4.90625, 3.609375, 4.75, 4.875]"
False,7100,0,28608,3,"[4.0, 3.765625, 4.0625, 3.578125]"
False,7101,1,28622,2,"[3.4375, 3.3125, 3.234375, 3.609375]"
False,7102,1,28631,3,"[3.828125, 4.4375, 3.484375, 3.109375]"
True,7103,0,28646,0,"[2.65625, 3.015625, 2.734375, 3.21875]"
False,7104,0,28658,2,"[3.046875, 2.6875, 2.3125, 3.0625]"
False,7105,1,28661,3,"[2.4375, 3.25, 3.25, 2.328125]"
True,7106,1,28681,1,"[2.671875, 2.609375, 3.46875, 2.984375]"
False,7107,1,28699,0,"[2.625, 3.75, 3.46875, 2.84375]"
False,7108,2,28705,3,"[3.234375, 2.78125, 4.40625, 1.9375]"
False,7109,2,28707,0,"[2.375, 3.09375, 3.0, 3.625]"
True,7110,2,28717,2,"[2.84375, 3.015625, 2.046875, 2.46875]"
False,7111,2,28720,0,"[2.375, 3.5625, 3.34375, 3.46875]"
True,7112,1,28724,1,"[3.4375, 1.5859375, 2.765625, 2.203125]"
False,7113,2,28739,1,"[4.0625, 3.171875, 3.21875, 3.484375]"
False,7114,0,28742,1,"[2.375, 2.21875, 2.375, 2.796875]"
True,7115,3,28744,3,"[2.484375, 2.5, 2.8125, 2.359375]"
False,7116,3,28747,1,"[2.96875, 2.484375, 3.578125, 2.515625]"
False,7117,3,28761,1,"[2.875, 2.625, 2.796875, 2.796875]"
False,7118,2,28775,3,"[3.046875, 3.59375, 3.3125, 2.53125]"
True,7119,1,28779,1,"[3.59375, 2.71875, 3.890625, 3.75]"
True,7120,0,28797,0,"[2.265625, 2.34375, 3.125, 2.875]"
True,7121,0,28800,0,"[2.1875, 4.25, 2.78125, 3.796875]"
False,7122,2,28807,1,"[3.125, 2.9375, 3.734375, 3.125]"
False,7123,0,28818,1,"[2.359375, 2.234375, 2.6875, 2.84375]"
False,7124,2,28824,3,"[3.125, 3.375, 4.1875, 2.203125]"
False,7125,3,28828,2,"[3.359375, 4.3125, 1.9453125, 2.84375]"
False,7126,2,28832,3,"[3.015625, 2.25, 2.40625, 1.9765625]"
True,7127,2,28840,2,"[2.71875, 3.21875, 2.28125, 2.8125]"
False,7128,0,28845,2,"[3.3125, 3.671875, 2.65625, 2.953125]"
False,7129,0,28848,3,"[3.34375, 2.796875, 2.71875, 2.390625]"
False,7130,3,28862,1,"[2.78125, 2.375, 3.109375, 3.796875]"
False,7131,3,28866,0,"[2.453125, 2.65625, 2.78125, 2.78125]"
False,7132,0,28869,1,"[3.109375, 2.765625, 3.21875, 2.953125]"
False,7133,0,28877,2,"[3.578125, 4.28125, 3.109375, 3.875]"
False,7134,1,28891,3,"[3.296875, 3.484375, 3.203125, 2.9375]"
False,7135,3,28892,1,"[3.515625, 2.71875, 3.25, 3.1875]"
False,7136,1,28899,0,"[2.484375, 2.734375, 2.984375, 3.328125]"
True,7137,0,28908,0,"[2.359375, 2.625, 3.1875, 2.8125]"
False,7138,0,28919,2,"[3.140625, 2.421875, 2.3125, 2.890625]"
True,7139,3,28926,3,"[3.234375, 3.484375, 3.1875, 2.609375]"
False,7140,1,28927,2,"[3.265625, 3.1875, 2.484375, 3.171875]"
False,7141,2,28934,0,"[2.84375, 3.640625, 2.84375, 3.40625]"
False,7142,2,28938,1,"[2.578125, 2.5625, 3.21875, 3.0]"
True,7143,2,28949,2,"[4.09375, 3.84375, 2.765625, 3.609375]"
False,7144,3,28964,1,"[3.15625, 2.609375, 3.828125, 3.03125]"
False,7145,2,28971,3,"[2.671875, 2.71875, 2.921875, 2.375]"
False,7146,3,28979,2,"[2.546875, 3.015625, 2.296875, 2.75]"
True,7147,2,28983,2,"[3.140625, 2.984375, 2.484375, 4.0625]"
False,7148,3,28985,0,"[1.3984375, 2.3125, 2.46875, 3.21875]"
False,7149,2,28987,0,"[2.890625, 3.484375, 3.296875, 2.96875]"
True,7150,3,28992,3,"[3.734375, 3.34375, 3.046875, 2.5625]"
False,7151,3,29005,1,"[2.625, 2.5, 2.5625, 3.3125]"
False,7152,3,29007,2,"[3.15625, 3.265625, 3.09375, 3.828125]"
False,7153,2,29008,1,"[3.328125, 3.109375, 3.953125, 3.6875]"
False,7154,1,29032,3,"[2.453125, 2.640625, 2.78125, 2.171875]"
False,7155,1,29057,0,"[2.171875, 3.609375, 3.609375, 2.8125]"
True,7156,2,29060,2,"[3.09375, 3.578125, 2.421875, 3.109375]"
True,7157,0,29069,0,"[2.734375, 3.25, 3.03125, 3.28125]"
True,7158,1,29073,1,"[3.96875, 2.484375, 3.109375, 2.875]"
False,7159,2,29075,3,"[3.390625, 3.15625, 2.71875, 2.0625]"
False,7160,0,29078,3,"[2.703125, 3.25, 3.25, 2.609375]"
True,7161,2,29082,2,"[3.046875, 3.671875, 2.21875, 3.75]"
False,7162,2,29086,1,"[2.484375, 2.1875, 2.828125, 2.75]"
False,7163,1,29108,0,"[2.34375, 3.484375, 3.015625, 3.609375]"
False,7164,0,29110,3,"[3.390625, 2.734375, 3.515625, 2.34375]"
False,7165,0,29112,1,"[2.953125, 2.296875, 2.625, 2.84375]"
True,7166,1,29122,1,"[2.609375, 2.234375, 3.125, 2.953125]"
False,7167,3,29134,2,"[2.125, 2.828125, 1.6328125, 2.984375]"
True,7168,2,29138,2,"[3.484375, 3.109375, 2.546875, 4.03125]"
True,7169,0,29158,0,"[2.1875, 3.09375, 4.09375, 3.640625]"
False,7170,0,29175,2,"[2.71875, 2.96875, 2.234375, 3.078125]"
False,7171,3,29187,1,"[2.90625, 2.84375, 3.40625, 3.140625]"
False,7172,3,29192,1,"[2.40625, 2.3125, 2.6875, 2.796875]"
False,7173,1,29199,2,"[3.25, 3.015625, 2.609375, 3.328125]"
False,7174,2,29210,1,"[3.28125, 2.53125, 4.09375, 3.21875]"
True,7175,2,29231,2,"[2.59375, 3.59375, 2.3125, 3.34375]"
False,7176,3,29247,0,"[2.484375, 3.59375, 2.859375, 3.265625]"
False,7177,0,29251,2,"[2.96875, 2.953125, 2.328125, 3.15625]"
False,7178,1,29257,0,"[2.296875, 2.90625, 3.75, 2.421875]"
True,7179,0,29266,0,"[2.890625, 2.953125, 3.640625, 3.015625]"
False,7180,2,29275,0,"[2.640625, 2.859375, 2.953125, 2.953125]"
False,7181,2,29286,0,"[2.5625, 2.765625, 2.5625, 3.359375]"
False,7182,2,29288,1,"[3.921875, 2.5625, 2.703125, 4.15625]"
False,7183,1,29301,0,"[2.875, 3.625, 3.859375, 2.890625]"
False,7184,3,29308,1,"[4.0, 2.703125, 3.5625, 3.875]"
False,7185,0,29324,2,"[3.09375, 2.859375, 2.140625, 3.125]"
True,7186,0,29327,0,"[1.8125, 2.21875, 2.328125, 3.4375]"
False,7187,0,29328,1,"[2.953125, 2.21875, 3.078125, 2.515625]"
False,7188,1,29333,3,"[3.703125, 3.828125, 3.53125, 3.328125]"
True,7189,0,29359,0,"[1.890625, 2.859375, 2.625, 2.71875]"
False,7190,0,29366,3,"[3.96875, 4.0, 4.0, 2.828125]"
False,7191,0,29371,3,"[3.125, 3.890625, 3.484375, 2.921875]"
False,7192,1,29373,3,"[3.046875, 3.15625, 3.078125, 2.265625]"
False,7193,3,29378,0,"[2.609375, 2.90625, 3.390625, 3.78125]"
False,7194,1,29379,0,"[2.625, 3.125, 2.953125, 3.8125]"
False,7195,3,29382,2,"[2.984375, 2.921875, 2.484375, 2.796875]"
False,7196,1,29383,0,"[2.59375, 3.6875, 2.703125, 3.515625]"
True,7197,2,29385,2,"[2.984375, 2.9375, 2.109375, 2.96875]"
True,7198,0,29388,0,"[2.796875, 3.0, 3.046875, 3.0625]"
False,7199,0,29389,3,"[3.5625, 3.046875, 3.3125, 1.9921875]"
True,7200,2,29390,2,"[4.40625, 3.234375, 2.671875, 3.4375]"
True,7201,1,29391,1,"[2.40625, 2.296875, 2.734375, 2.78125]"
False,7202,1,29396,0,"[2.171875, 2.3125, 3.25, 2.84375]"
False,7203,1,29404,0,"[2.640625, 3.5625, 3.484375, 3.46875]"
True,7204,2,29410,2,"[3.4375, 2.515625, 2.453125, 3.40625]"
False,7205,0,29412,1,"[3.71875, 2.78125, 3.109375, 3.296875]"
False,7206,0,29419,1,"[3.5625, 2.5625, 2.703125, 2.953125]"
True,7207,0,29420,0,"[2.109375, 3.21875, 3.328125, 3.140625]"
False,7208,2,29423,0,"[3.171875, 3.421875, 3.375, 4.1875]"
False,7209,3,29426,0,"[2.84375, 2.9375, 2.90625, 3.40625]"
False,7210,1,29432,3,"[3.84375, 2.890625, 2.9375, 2.640625]"
False,7211,2,29446,3,"[3.03125, 3.125, 3.375, 2.734375]"
False,7212,0,29452,3,"[2.828125, 3.109375, 2.828125, 2.515625]"
False,7213,3,29459,1,"[3.921875, 3.453125, 4.0, 3.640625]"
False,7214,0,29462,1,"[2.796875, 2.25, 3.453125, 4.0625]"
False,7215,0,29477,1,"[3.015625, 2.078125, 2.84375, 2.9375]"
False,7216,2,29484,0,"[2.359375, 2.671875, 2.40625, 2.953125]"
False,7217,1,29487,2,"[3.203125, 3.609375, 2.46875, 2.953125]"
True,7218,3,29512,3,"[3.421875, 2.84375, 3.328125, 2.65625]"
False,7219,3,29518,2,"[2.828125, 3.015625, 2.59375, 3.265625]"
True,7220,3,29519,3,"[2.53125, 2.140625, 2.953125, 2.015625]"
False,7221,3,29531,2,"[2.703125, 2.828125, 2.65625, 3.796875]"
False,7222,2,29540,3,"[3.734375, 2.703125, 3.53125, 2.53125]"
False,7223,3,29541,1,"[2.828125, 2.78125, 2.890625, 2.890625]"
True,7224,3,29544,3,"[3.171875, 3.296875, 2.734375, 2.640625]"
False,7225,1,29547,0,"[3.15625, 3.828125, 3.59375, 4.0625]"
False,7226,3,29550,1,"[3.09375, 2.9375, 3.0625, 3.578125]"
False,7227,2,29551,0,"[2.265625, 2.4375, 3.59375, 2.59375]"
False,7228,0,29558,1,"[3.109375, 2.0625, 2.609375, 2.859375]"
False,7229,2,29559,3,"[3.703125, 3.40625, 3.3125, 3.296875]"
False,7230,1,29562,3,"[3.46875, 2.703125, 2.296875, 2.21875]"
True,7231,3,29577,3,"[2.9375, 3.5, 4.0, 2.828125]"
False,7232,3,29578,0,"[2.453125, 3.203125, 2.6875, 3.15625]"
True,7233,2,29586,2,"[3.265625, 3.3125, 3.203125, 3.59375]"
False,7234,0,29587,1,"[2.609375, 2.46875, 2.953125, 2.71875]"
False,7235,3,29605,1,"[3.015625, 2.625, 3.328125, 2.75]"
False,7236,3,29609,1,"[3.46875, 2.484375, 2.796875, 2.734375]"
False,7237,3,29621,0,"[2.5625, 2.8125, 2.8125, 2.96875]"
False,7238,3,29622,0,"[3.046875, 3.171875, 3.359375, 3.265625]"
False,7239,2,29638,0,"[3.5, 4.21875, 3.671875, 3.796875]"
True,7240,1,29643,1,"[2.234375, 1.6953125, 3.328125, 3.046875]"
False,7241,0,29654,2,"[3.234375, 2.734375, 2.265625, 2.890625]"
False,7242,3,29659,1,"[3.265625, 3.1875, 3.4375, 3.578125]"
False,7243,1,29680,0,"[2.515625, 2.796875, 4.03125, 2.5625]"
True,7244,1,29681,1,"[2.875, 1.953125, 2.53125, 3.1875]"
False,7245,3,29683,2,"[2.734375, 2.765625, 2.5, 2.84375]"
False,7246,0,29684,3,"[3.875, 3.515625, 2.71875, 2.328125]"
True,7247,0,29694,0,"[2.78125, 2.828125, 3.328125, 3.078125]"
False,7248,3,29700,2,"[3.234375, 2.984375, 2.734375, 3.203125]"
False,7249,2,29703,1,"[3.21875, 2.703125, 2.890625, 2.875]"
False,7250,3,29708,0,"[1.90625, 3.171875, 2.03125, 2.4375]"
False,7251,3,29716,2,"[3.046875, 3.3125, 2.25, 2.796875]"
False,7252,1,29720,2,"[2.484375, 3.09375, 2.328125, 3.53125]"
False,7253,3,29721,0,"[1.5859375, 2.96875, 2.84375, 3.125]"
True,7254,0,29722,0,"[2.984375, 3.671875, 3.15625, 3.125]"
True,7255,2,29741,2,"[3.703125, 3.21875, 3.0625, 3.265625]"
False,7256,0,29758,2,"[2.859375, 2.359375, 1.875, 2.125]"
False,7257,3,29767,2,"[2.703125, 3.484375, 2.21875, 3.03125]"
True,7258,3,29770,3,"[2.671875, 3.140625, 3.0, 2.53125]"
False,7259,3,29786,2,"[3.578125, 3.203125, 3.09375, 3.90625]"
False,7260,2,29787,0,"[2.515625, 2.984375, 3.03125, 3.015625]"
False,7261,3,29801,0,"[2.53125, 2.828125, 2.9375, 2.875]"
False,7262,3,29803,0,"[2.546875, 3.21875, 3.375, 2.609375]"
False,7263,2,29818,0,"[2.640625, 3.390625, 2.734375, 3.015625]"
True,7264,1,29833,1,"[3.953125, 2.59375, 3.84375, 3.59375]"
False,7265,2,29843,3,"[3.078125, 3.359375, 3.203125, 2.609375]"
False,7266,2,29844,3,"[3.203125, 3.375, 3.015625, 2.328125]"
False,7267,2,29848,1,"[2.9375, 2.3125, 3.0, 2.484375]"
False,7268,0,29872,1,"[2.796875, 2.421875, 2.671875, 2.84375]"
False,7269,1,29883,0,"[2.234375, 2.734375, 3.0, 2.53125]"
True,7270,2,29891,2,"[2.4375, 2.390625, 1.9765625, 2.640625]"
False,7271,2,29900,3,"[4.03125, 3.671875, 4.4375, 2.578125]"
True,7272,2,29905,2,"[3.03125, 2.921875, 2.578125, 2.75]"
True,7273,0,29912,0,"[3.21875, 3.390625, 3.421875, 4.5]"
False,7274,2,29914,3,"[2.734375, 2.859375, 2.890625, 2.703125]"
False,7275,0,29922,2,"[2.890625, 3.15625, 2.53125, 3.046875]"
True,7276,2,29923,2,"[2.765625, 3.09375, 2.46875, 3.421875]"
True,7277,1,29953,1,"[3.5, 3.0, 3.015625, 3.640625]"
False,7278,0,29958,2,"[2.640625, 2.703125, 2.46875, 2.53125]"
False,7279,3,29961,2,"[2.703125, 2.71875, 2.609375, 3.09375]"
False,7280,2,29963,3,"[3.75, 2.703125, 3.328125, 2.65625]"
True,7281,3,29967,3,"[3.234375, 2.515625, 3.484375, 2.328125]"
True,7282,2,29972,2,"[3.375, 3.953125, 2.765625, 3.21875]"
False,7283,1,29985,3,"[3.0625, 2.84375, 3.234375, 2.546875]"
True,7284,0,29992,0,"[2.921875, 3.828125, 4.0, 3.25]"
False,7285,1,29994,2,"[2.859375, 3.375, 2.4375, 3.15625]"
False,7286,1,30001,2,"[3.84375, 3.28125, 2.421875, 3.1875]"
False,7287,3,30010,2,"[3.140625, 2.96875, 2.625, 2.71875]"
True,7288,1,30020,1,"[3.21875, 2.15625, 2.5625, 2.703125]"
False,7289,1,30021,0,"[2.90625, 3.125, 3.296875, 3.03125]"
False,7290,1,30023,0,"[2.4375, 2.875, 2.84375, 2.765625]"
True,7291,2,30024,2,"[2.4375, 4.3125, 2.171875, 2.84375]"
False,7292,2,30033,3,"[3.21875, 3.015625, 3.34375, 2.5]"
False,7293,3,30038,0,"[2.640625, 3.0, 2.703125, 3.53125]"
False,7294,3,30054,2,"[2.546875, 3.4375, 2.484375, 2.921875]"
False,7295,3,30058,1,"[3.75, 3.0, 3.3125, 4.5]"
True,7296,0,30059,0,"[2.296875, 2.953125, 3.578125, 2.765625]"
True,7297,3,30064,3,"[3.34375, 3.234375, 2.84375, 2.5]"
False,7298,2,30089,0,"[2.875, 3.25, 3.109375, 4.03125]"
False,7299,0,30107,2,"[2.640625, 3.53125, 2.34375, 3.09375]"
True,7300,1,30111,1,"[3.359375, 3.03125, 5.875, 3.609375]"
False,7301,0,30116,2,"[2.703125, 2.234375, 2.0, 2.359375]"
False,7302,2,30117,3,"[2.28125, 2.671875, 2.40625, 2.21875]"
False,7303,3,30122,0,"[2.59375, 3.53125, 3.46875, 2.609375]"
True,7304,1,30133,1,"[2.8125, 2.53125, 3.8125, 3.0]"
False,7305,1,30169,0,"[2.734375, 3.0, 3.53125, 3.53125]"
True,7306,2,30171,2,"[2.734375, 2.96875, 1.84375, 2.625]"
False,7307,0,30191,3,"[3.3125, 3.0625, 3.453125, 2.1875]"
False,7308,2,30204,1,"[3.78125, 2.71875, 3.046875, 2.78125]"
False,7309,3,30218,1,"[3.34375, 2.90625, 3.28125, 3.390625]"
True,7310,3,30229,3,"[3.0625, 3.515625, 3.265625, 2.28125]"
True,7311,0,30231,0,"[1.6171875, 2.640625, 3.75, 3.8125]"
False,7312,3,30232,2,"[2.921875, 4.03125, 2.828125, 3.0625]"
False,7313,1,30240,3,"[2.203125, 2.34375, 2.453125, 1.7265625]"
True,7314,0,30241,0,"[2.25, 4.125, 2.90625, 3.03125]"
False,7315,2,30242,3,"[2.78125, 2.3125, 2.34375, 2.15625]"
False,7316,3,30243,1,"[2.75, 2.3125, 2.328125, 2.9375]"
False,7317,3,30251,2,"[2.828125, 3.703125, 2.8125, 2.9375]"
True,7318,0,30263,0,"[2.421875, 2.84375, 3.046875, 2.484375]"
False,7319,3,30269,2,"[3.375, 3.390625, 2.296875, 2.34375]"
True,7320,2,30273,2,"[2.84375, 2.5, 2.375, 2.625]"
False,7321,1,30276,0,"[2.796875, 3.21875, 3.359375, 3.1875]"
False,7322,2,30277,3,"[3.1875, 3.109375, 3.328125, 2.9375]"
True,7323,3,30286,3,"[3.234375, 3.8125, 3.171875, 2.0]"
False,7324,2,30290,1,"[2.984375, 2.3125, 3.09375, 4.125]"
True,7325,1,30291,1,"[3.265625, 2.546875, 2.984375, 3.78125]"
True,7326,0,30294,0,"[2.640625, 3.125, 3.1875, 3.609375]"
True,7327,2,30316,2,"[3.21875, 3.640625, 3.171875, 3.71875]"
False,7328,3,30329,0,"[2.421875, 3.265625, 2.84375, 2.8125]"
False,7329,1,30331,2,"[2.765625, 2.9375, 2.703125, 3.046875]"
False,7330,0,30340,3,"[2.75, 3.03125, 2.609375, 2.40625]"
False,7331,0,30353,3,"[3.0625, 3.328125, 3.1875, 3.0]"
False,7332,1,30354,3,"[2.96875, 2.703125, 3.46875, 2.46875]"
True,7333,2,30355,2,"[3.375, 3.71875, 2.796875, 2.796875]"
True,7334,2,30369,2,"[3.171875, 3.984375, 2.234375, 2.984375]"
False,7335,3,30374,0,"[2.578125, 2.921875, 2.796875, 3.0]"
False,7336,3,30379,0,"[2.328125, 2.703125, 2.328125, 3.0625]"
False,7337,0,30382,1,"[3.046875, 2.640625, 3.890625, 4.03125]"
True,7338,0,30383,0,"[2.96875, 2.96875, 3.03125, 3.4375]"
False,7339,3,30388,1,"[2.484375, 2.125, 3.421875, 3.84375]"
False,7340,1,30391,2,"[2.421875, 2.453125, 2.296875, 2.6875]"
False,7341,1,30395,0,"[2.234375, 2.84375, 3.359375, 3.453125]"
False,7342,3,30415,2,"[3.015625, 3.078125, 2.65625, 3.0]"
False,7343,1,30437,0,"[2.6875, 3.390625, 2.953125, 2.875]"
False,7344,2,30465,3,"[3.203125, 3.453125, 2.984375, 2.734375]"
True,7345,3,30466,3,"[2.546875, 2.984375, 2.53125, 1.96875]"
False,7346,3,30495,2,"[3.15625, 3.0, 2.46875, 2.828125]"
False,7347,1,30504,3,"[2.703125, 2.84375, 3.5, 2.53125]"
False,7348,0,30508,3,"[4.75, 3.5625, 4.34375, 2.90625]"
False,7349,1,30515,2,"[3.875, 3.328125, 2.140625, 3.375]"
True,7350,3,30518,3,"[2.78125, 2.9375, 3.0, 2.765625]"
False,7351,0,30529,3,"[3.15625, 2.65625, 3.125, 2.46875]"
True,7352,2,30530,2,"[3.71875, 3.40625, 2.9375, 4.8125]"
True,7353,3,30544,3,"[3.078125, 2.84375, 2.734375, 2.640625]"
False,7354,3,30550,0,"[2.78125, 3.015625, 3.28125, 3.359375]"
False,7355,0,30572,2,"[2.953125, 3.59375, 1.4609375, 2.5625]"
False,7356,1,30577,2,"[2.453125, 2.453125, 2.015625, 2.53125]"
True,7357,0,30595,0,"[2.140625, 2.375, 2.46875, 2.6875]"
True,7358,2,30600,2,"[2.4375, 2.96875, 2.390625, 3.890625]"
False,7359,2,30606,3,"[2.703125, 3.109375, 3.546875, 2.640625]"
True,7360,0,30623,0,"[3.125, 3.28125, 4.125, 3.671875]"
False,7361,1,30629,2,"[4.1875, 2.734375, 2.609375, 3.6875]"
False,7362,2,30636,0,"[1.875, 2.234375, 2.828125, 2.609375]"
False,7363,0,30638,1,"[3.90625, 2.28125, 3.453125, 2.828125]"
False,7364,2,30644,3,"[2.140625, 2.890625, 2.703125, 2.015625]"
False,7365,1,30646,2,"[3.171875, 3.203125, 2.84375, 3.265625]"
False,7366,2,30652,3,"[3.140625, 3.5, 2.90625, 2.265625]"
False,7367,0,30657,1,"[2.796875, 2.578125, 3.15625, 3.359375]"
True,7368,1,30658,1,"[3.078125, 2.703125, 3.296875, 3.0]"
False,7369,3,30664,2,"[2.796875, 3.515625, 2.578125, 2.984375]"
True,7370,0,30665,0,"[2.6875, 2.8125, 3.078125, 3.140625]"
False,7371,2,30666,0,"[3.21875, 3.4375, 3.703125, 3.6875]"
True,7372,2,30671,2,"[3.140625, 2.515625, 2.390625, 3.5]"
False,7373,2,30680,0,"[2.53125, 3.25, 2.859375, 3.09375]"
False,7374,3,30681,1,"[3.46875, 2.15625, 3.90625, 3.421875]"
False,7375,0,30689,3,"[3.421875, 3.40625, 2.96875, 2.8125]"
False,7376,3,30711,2,"[3.65625, 3.515625, 3.28125, 3.453125]"
False,7377,2,30723,0,"[2.796875, 2.9375, 3.171875, 2.84375]"
True,7378,1,30726,1,"[2.765625, 2.359375, 2.96875, 2.953125]"
False,7379,0,30744,2,"[3.421875, 3.640625, 2.671875, 2.890625]"
False,7380,2,30748,0,"[3.0625, 3.90625, 3.1875, 3.515625]"
False,7381,0,30758,1,"[3.0625, 2.4375, 3.171875, 3.125]"
False,7382,2,30760,0,"[2.390625, 3.28125, 2.984375, 3.25]"
False,7383,1,30763,3,"[4.21875, 2.890625, 3.015625, 2.578125]"
True,7384,2,30783,2,"[3.015625, 3.6875, 2.703125, 2.8125]"
False,7385,3,30786,0,"[3.046875, 3.921875, 3.671875, 3.0625]"
False,7386,2,30797,1,"[3.3125, 2.6875, 3.78125, 3.59375]"
True,7387,0,30803,0,"[2.265625, 2.46875, 2.5625, 2.96875]"
True,7388,0,30808,0,"[2.8125, 3.796875, 3.59375, 2.96875]"
False,7389,3,30812,1,"[3.421875, 1.7890625, 2.28125, 3.421875]"
False,7390,2,30814,0,"[2.6875, 3.609375, 2.875, 3.203125]"
False,7391,3,30821,2,"[3.484375, 3.28125, 2.734375, 3.171875]"
False,7392,3,30846,1,"[3.453125, 1.8515625, 4.03125, 2.796875]"
False,7393,0,30851,2,"[3.03125, 2.8125, 2.484375, 3.515625]"
True,7394,3,30858,3,"[4.46875, 3.40625, 3.25, 2.3125]"
False,7395,3,30872,0,"[2.125, 2.765625, 2.921875, 3.125]"
False,7396,0,30874,1,"[3.4375, 2.21875, 2.921875, 3.46875]"
False,7397,2,30919,1,"[3.921875, 2.828125, 3.03125, 4.03125]"
False,7398,1,30942,3,"[2.875, 2.90625, 3.78125, 2.328125]"
False,7399,2,30945,1,"[4.34375, 3.0625, 3.25, 3.34375]"
False,7400,3,30955,0,"[2.28125, 2.640625, 2.5625, 2.421875]"
False,7401,0,30965,3,"[2.796875, 3.125, 2.953125, 2.71875]"
False,7402,1,30966,3,"[3.53125, 3.25, 3.21875, 2.59375]"
False,7403,0,30968,2,"[3.515625, 2.625, 2.328125, 3.125]"
False,7404,3,30979,2,"[3.578125, 3.796875, 2.90625, 3.375]"
False,7405,2,30987,0,"[1.921875, 4.0625, 2.953125, 3.734375]"
True,7406,0,30989,0,"[2.46875, 3.546875, 3.21875, 3.5]"
True,7407,1,30999,1,"[3.390625, 2.6875, 3.265625, 3.15625]"
False,7408,1,31008,3,"[3.765625, 2.46875, 2.484375, 2.4375]"
True,7409,3,31011,3,"[2.84375, 3.53125, 3.171875, 2.75]"
True,7410,2,31018,2,"[2.75, 2.8125, 2.34375, 3.765625]"
False,7411,2,31027,0,"[2.625, 3.21875, 3.234375, 4.5]"
False,7412,1,31030,0,"[2.546875, 2.734375, 2.84375, 3.078125]"
False,7413,2,31033,3,"[2.453125, 3.15625, 3.28125, 2.265625]"
False,7414,2,31036,0,"[2.53125, 2.53125, 2.734375, 2.8125]"
False,7415,0,31042,3,"[2.90625, 2.609375, 3.046875, 2.59375]"
False,7416,1,31052,3,"[4.03125, 3.203125, 3.34375, 2.796875]"
False,7417,0,31069,3,"[3.15625, 2.390625, 2.953125, 2.296875]"
False,7418,2,31075,3,"[3.1875, 2.984375, 3.0625, 2.390625]"
True,7419,0,31078,0,"[2.5, 3.703125, 2.515625, 2.765625]"
False,7420,1,31086,2,"[4.0625, 3.015625, 2.265625, 2.609375]"
False,7421,3,31099,1,"[2.1875, 2.171875, 2.640625, 2.9375]"
False,7422,0,31108,2,"[3.796875, 3.625, 2.5625, 2.875]"
False,7423,0,31111,2,"[3.640625, 3.59375, 2.953125, 3.21875]"
False,7424,0,31115,2,"[3.609375, 3.71875, 2.625, 3.140625]"
False,7425,2,31124,0,"[3.09375, 3.890625, 3.453125, 3.25]"
True,7426,1,31129,1,"[3.015625, 2.28125, 3.421875, 3.53125]"
True,7427,2,31142,2,"[3.828125, 2.59375, 2.0625, 2.96875]"
False,7428,1,31143,2,"[3.125, 2.984375, 2.734375, 3.6875]"
False,7429,1,31160,0,"[2.796875, 3.515625, 3.53125, 2.890625]"
False,7430,1,31167,3,"[2.5, 2.515625, 3.078125, 2.46875]"
False,7431,0,31168,1,"[2.859375, 2.640625, 2.671875, 3.84375]"
False,7432,1,31170,0,"[2.234375, 3.046875, 3.1875, 2.703125]"
False,7433,1,31174,0,"[2.140625, 2.609375, 2.546875, 2.734375]"
True,7434,0,31184,0,"[2.390625, 4.15625, 2.859375, 3.265625]"
True,7435,2,31190,2,"[4.46875, 4.25, 2.125, 3.15625]"
False,7436,3,31192,0,"[2.265625, 3.484375, 2.921875, 3.28125]"
True,7437,1,31201,1,"[3.140625, 2.75, 2.75, 4.09375]"
False,7438,0,31202,2,"[3.703125, 2.875, 2.296875, 3.328125]"
False,7439,3,31206,1,"[3.1875, 2.96875, 4.0625, 3.296875]"
True,7440,2,31218,2,"[3.09375, 3.109375, 2.125, 3.109375]"
False,7441,3,31224,0,"[2.859375, 3.171875, 3.328125, 2.875]"
False,7442,0,31225,2,"[2.921875, 3.34375, 2.234375, 3.078125]"
False,7443,1,31239,3,"[3.671875, 2.65625, 2.125, 2.0625]"
False,7444,2,31243,3,"[3.15625, 3.625, 2.90625, 2.5]"
False,7445,1,31249,2,"[2.859375, 2.25, 2.125, 2.15625]"
False,7446,3,31270,1,"[3.296875, 3.15625, 4.625, 3.796875]"
False,7447,0,31280,3,"[3.390625, 3.34375, 3.25, 2.75]"
False,7448,0,31283,1,"[3.34375, 2.40625, 2.796875, 3.109375]"
True,7449,3,31286,3,"[3.078125, 3.125, 2.921875, 2.484375]"
False,7450,3,31294,2,"[2.65625, 2.46875, 2.359375, 2.984375]"
False,7451,3,31297,0,"[1.9296875, 2.25, 2.25, 3.0]"
False,7452,0,31304,2,"[3.390625, 3.5625, 3.09375, 3.609375]"
True,7453,1,31311,1,"[3.5625, 2.5, 3.3125, 2.90625]"
False,7454,1,31320,0,"[2.125, 2.21875, 2.15625, 2.984375]"
False,7455,3,31323,2,"[3.015625, 3.03125, 2.4375, 3.34375]"
False,7456,3,31324,1,"[3.203125, 2.9375, 3.734375, 3.296875]"
True,7457,0,31331,0,"[2.8125, 3.28125, 3.28125, 2.859375]"
False,7458,3,31334,2,"[2.84375, 3.1875, 2.40625, 3.234375]"
False,7459,1,31335,2,"[4.03125, 2.328125, 1.9296875, 3.453125]"
False,7460,1,31348,0,"[2.671875, 2.765625, 2.96875, 3.109375]"
True,7461,0,31357,0,"[2.625, 2.96875, 3.234375, 2.96875]"
True,7462,2,31362,2,"[2.296875, 2.140625, 1.984375, 3.421875]"
False,7463,2,31363,0,"[2.21875, 3.765625, 3.1875, 2.984375]"
False,7464,2,31373,1,"[2.375, 2.296875, 2.765625, 2.953125]"
False,7465,1,31394,3,"[2.890625, 3.59375, 3.671875, 2.75]"
False,7466,2,31407,0,"[1.8984375, 2.40625, 2.640625, 2.375]"
True,7467,1,31410,1,"[3.125, 2.53125, 2.890625, 3.25]"
True,7468,2,31412,2,"[3.09375, 3.109375, 2.640625, 3.859375]"
False,7469,1,31419,2,"[3.046875, 3.609375, 2.640625, 2.71875]"
False,7470,3,31424,0,"[3.078125, 3.46875, 3.625, 4.21875]"
False,7471,1,31425,3,"[2.734375, 3.15625, 3.109375, 2.453125]"
False,7472,2,31440,1,"[3.1875, 2.46875, 3.046875, 3.640625]"
True,7473,0,31441,0,"[2.46875, 2.796875, 2.46875, 3.21875]"
False,7474,1,31450,3,"[3.953125, 3.890625, 2.59375, 2.1875]"
True,7475,1,31469,1,"[4.1875, 2.125, 3.0625, 2.671875]"
True,7476,3,31475,3,"[2.5, 3.0, 2.75, 2.203125]"
False,7477,1,31497,3,"[4.21875, 2.90625, 3.734375, 2.625]"
True,7478,3,31503,3,"[3.1875, 2.953125, 4.03125, 2.625]"
False,7479,0,31506,3,"[2.8125, 2.796875, 3.046875, 2.5625]"
False,7480,0,31507,2,"[3.046875, 2.828125, 2.8125, 3.359375]"
False,7481,0,31513,3,"[3.8125, 2.828125, 3.234375, 2.75]"
False,7482,2,31540,0,"[1.9609375, 3.53125, 2.40625, 3.125]"
False,7483,0,31541,2,"[3.25, 3.1875, 2.53125, 2.609375]"
True,7484,3,31545,3,"[2.53125, 2.59375, 3.15625, 2.40625]"
False,7485,1,31546,0,"[2.828125, 3.125, 4.125, 2.84375]"
False,7486,1,31547,0,"[2.765625, 3.171875, 3.5, 4.5]"
False,7487,1,31548,3,"[3.375, 2.984375, 3.21875, 2.734375]"
False,7488,3,31551,1,"[3.5, 2.796875, 3.953125, 3.515625]"
False,7489,3,31553,1,"[3.015625, 2.34375, 3.75, 2.828125]"
True,7490,0,31562,0,"[2.640625, 2.671875, 3.28125, 3.59375]"
False,7491,3,31568,0,"[2.921875, 3.125, 2.953125, 3.421875]"
True,7492,2,31574,2,"[3.03125, 5.21875, 2.921875, 3.65625]"
True,7493,0,31586,0,"[3.15625, 3.25, 3.828125, 3.671875]"
False,7494,1,31597,0,"[2.453125, 2.484375, 2.5, 3.21875]"
False,7495,2,31604,0,"[2.46875, 2.765625, 2.515625, 2.5]"
False,7496,3,31609,1,"[2.75, 1.9453125, 3.125, 2.5]"
True,7497,0,31612,0,"[2.828125, 3.03125, 3.1875, 2.921875]"
False,7498,1,31625,0,"[2.375, 3.203125, 3.203125, 3.203125]"
True,7499,1,31628,1,"[3.03125, 2.0, 3.296875, 2.375]"
True,7500,1,31630,1,"[2.328125, 2.234375, 2.953125, 2.5625]"
False,7501,2,31639,0,"[1.828125, 2.984375, 3.46875, 3.21875]"
False,7502,3,31640,2,"[3.40625, 3.0, 2.890625, 3.5]"
False,7503,2,31644,3,"[2.921875, 2.296875, 3.53125, 2.171875]"
False,7504,2,31654,3,"[3.53125, 3.328125, 3.390625, 3.1875]"
False,7505,2,31667,0,"[2.8125, 3.578125, 3.015625, 3.359375]"
False,7506,1,31682,2,"[2.421875, 2.765625, 2.296875, 2.515625]"
True,7507,3,31694,3,"[5.125, 3.109375, 4.65625, 1.96875]"
False,7508,3,31709,2,"[3.375, 2.921875, 2.546875, 2.609375]"
False,7509,0,31723,1,"[3.515625, 3.296875, 3.328125, 3.328125]"
False,7510,1,31727,2,"[2.640625, 4.125, 2.421875, 2.640625]"
True,7511,2,31733,2,"[3.171875, 2.984375, 1.7265625, 2.609375]"
False,7512,0,31734,2,"[2.96875, 3.34375, 2.84375, 3.53125]"
False,7513,1,31736,0,"[2.875, 3.421875, 3.359375, 4.21875]"
True,7514,3,31739,3,"[3.171875, 3.546875, 3.890625, 3.140625]"
True,7515,2,31745,2,"[3.15625, 2.734375, 2.609375, 2.84375]"
False,7516,2,31754,0,"[3.140625, 3.15625, 3.890625, 3.9375]"
False,7517,0,31756,2,"[3.640625, 2.859375, 2.390625, 3.0625]"
False,7518,2,31758,1,"[2.75, 2.46875, 3.171875, 2.46875]"
False,7519,2,31760,0,"[2.40625, 3.0625, 3.3125, 2.890625]"
True,7520,3,31770,3,"[3.25, 3.671875, 4.03125, 2.6875]"
False,7521,2,31774,0,"[1.6796875, 2.90625, 2.421875, 2.75]"
True,7522,1,31787,1,"[3.640625, 3.171875, 3.421875, 3.4375]"
False,7523,2,31789,3,"[3.421875, 4.28125, 3.015625, 2.484375]"
False,7524,1,31791,2,"[3.375, 3.0, 2.703125, 2.859375]"
True,7525,2,31805,2,"[3.265625, 3.671875, 3.046875, 3.59375]"
False,7526,3,31817,2,"[3.09375, 3.09375, 2.15625, 3.90625]"
False,7527,1,31819,2,"[3.296875, 3.1875, 2.5, 2.546875]"
False,7528,2,31820,1,"[3.453125, 1.96875, 3.71875, 2.140625]"
False,7529,1,31828,0,"[2.265625, 3.21875, 3.546875, 3.15625]"
True,7530,3,31844,3,"[3.671875, 3.09375, 3.125, 2.359375]"
False,7531,1,31849,3,"[2.671875, 3.5625, 3.6875, 2.609375]"
False,7532,3,31850,2,"[3.5625, 2.796875, 2.09375, 2.640625]"
False,7533,3,31862,1,"[2.71875, 2.671875, 3.6875, 3.203125]"
False,7534,1,31881,2,"[3.6875, 3.03125, 2.6875, 2.8125]"
False,7535,3,31884,1,"[3.6875, 3.15625, 3.296875, 3.46875]"
True,7536,1,31887,1,"[4.125, 2.703125, 4.0625, 3.703125]"
False,7537,0,31900,3,"[3.484375, 3.859375, 3.609375, 3.046875]"
True,7538,0,31901,0,"[2.484375, 2.859375, 3.59375, 2.5]"
True,7539,0,31903,0,"[2.328125, 3.0625, 3.171875, 2.421875]"
True,7540,1,31924,1,"[3.796875, 3.5, 4.84375, 3.546875]"
False,7541,1,31926,0,"[2.359375, 2.953125, 3.15625, 3.046875]"
False,7542,3,31930,2,"[3.359375, 3.40625, 3.34375, 3.484375]"
True,7543,2,31946,2,"[2.484375, 2.640625, 1.9296875, 2.21875]"
False,7544,0,31957,3,"[3.421875, 3.796875, 3.140625, 2.171875]"
False,7545,3,31969,1,"[2.796875, 2.46875, 2.734375, 2.46875]"
False,7546,1,31975,3,"[2.765625, 2.796875, 3.265625, 2.5]"
False,7547,0,31976,3,"[3.0625, 2.859375, 4.03125, 2.6875]"
False,7548,1,31980,3,"[2.9375, 3.203125, 2.46875, 2.265625]"
False,7549,2,31981,0,"[2.53125, 2.90625, 2.765625, 2.8125]"
False,7550,3,31986,1,"[2.9375, 2.890625, 3.25, 3.125]"
False,7551,2,31995,3,"[3.15625, 3.65625, 3.90625, 2.90625]"
False,7552,3,31997,0,"[2.703125, 2.8125, 3.59375, 2.890625]"
False,7553,2,32001,3,"[3.25, 3.703125, 2.609375, 2.546875]"
False,7554,1,32009,3,"[3.390625, 4.0, 3.890625, 3.203125]"
True,7555,3,32014,3,"[3.9375, 3.53125, 3.359375, 2.4375]"
False,7556,0,32024,2,"[3.34375, 2.90625, 2.75, 3.4375]"
False,7557,2,32029,0,"[3.171875, 3.53125, 3.21875, 3.4375]"
False,7558,2,32030,3,"[4.0625, 3.578125, 3.234375, 3.1875]"
False,7559,3,32035,1,"[2.953125, 2.5, 2.6875, 3.265625]"
False,7560,3,32043,0,"[3.25, 3.71875, 4.78125, 3.609375]"
False,7561,3,32046,1,"[3.484375, 2.5625, 2.734375, 2.90625]"
False,7562,0,32058,1,"[2.5625, 2.296875, 2.875, 3.328125]"
False,7563,1,32064,2,"[2.5625, 2.890625, 2.421875, 3.0625]"
False,7564,1,32071,0,"[1.6796875, 2.609375, 2.359375, 2.5625]"
False,7565,3,32073,1,"[3.0, 2.8125, 3.1875, 3.328125]"
True,7566,2,32074,2,"[3.21875, 2.640625, 2.0, 2.703125]"
True,7567,0,32083,0,"[2.0625, 3.015625, 2.671875, 2.09375]"
False,7568,1,32101,2,"[2.5, 2.90625, 2.453125, 2.78125]"
True,7569,3,32124,3,"[3.078125, 3.09375, 2.796875, 2.390625]"
False,7570,3,32129,1,"[3.359375, 3.0, 3.859375, 3.953125]"
False,7571,2,32131,3,"[3.15625, 2.828125, 3.078125, 2.609375]"
False,7572,1,32141,3,"[2.40625, 2.796875, 2.984375, 2.3125]"
True,7573,2,32143,2,"[3.0, 2.90625, 2.6875, 3.0625]"
False,7574,0,32147,2,"[3.21875, 3.203125, 2.390625, 3.109375]"
True,7575,3,32148,3,"[3.375, 2.890625, 2.71875, 2.5]"
False,7576,1,32162,3,"[2.78125, 2.78125, 3.5, 2.109375]"
False,7577,1,32163,0,"[2.03125, 2.984375, 2.34375, 2.8125]"
False,7578,3,32177,1,"[3.109375, 2.90625, 3.0, 3.75]"
False,7579,3,32178,2,"[3.453125, 2.375, 2.046875, 2.390625]"
True,7580,0,32186,0,"[2.5, 2.53125, 2.609375, 2.515625]"
False,7581,0,32198,3,"[3.6875, 3.375, 3.1875, 2.859375]"
False,7582,1,32214,3,"[2.640625, 3.265625, 2.671875, 2.609375]"
False,7583,0,32226,3,"[3.9375, 4.1875, 4.03125, 3.234375]"
False,7584,1,32230,2,"[2.75, 3.40625, 2.453125, 2.65625]"
True,7585,2,32236,2,"[3.3125, 2.828125, 2.4375, 3.53125]"
False,7586,3,32246,1,"[3.390625, 2.078125, 2.953125, 2.3125]"
False,7587,2,32252,1,"[2.796875, 2.3125, 2.75, 2.796875]"
False,7588,0,32260,3,"[3.015625, 2.984375, 2.875, 2.296875]"
False,7589,2,32262,1,"[3.53125, 2.65625, 3.28125, 3.484375]"
False,7590,2,32266,1,"[2.359375, 2.125, 3.078125, 2.5]"
False,7591,3,32282,1,"[2.3125, 1.7578125, 2.0625, 2.4375]"
False,7592,1,32283,2,"[2.375, 2.859375, 2.15625, 3.265625]"
False,7593,0,32284,3,"[3.53125, 3.265625, 3.078125, 2.8125]"
False,7594,0,32285,1,"[3.453125, 2.484375, 3.71875, 3.3125]"
False,7595,1,32289,2,"[3.515625, 3.90625, 2.46875, 3.5625]"
False,7596,2,32292,0,"[2.1875, 3.5, 2.9375, 2.1875]"
True,7597,1,32295,1,"[2.515625, 2.28125, 3.125, 2.765625]"
False,7598,1,32296,0,"[2.671875, 3.03125, 3.390625, 3.59375]"
False,7599,2,32301,1,"[2.921875, 2.078125, 2.625, 2.234375]"
True,7600,3,32306,3,"[2.5, 2.703125, 3.359375, 2.46875]"
True,7601,0,32311,0,"[2.5, 2.90625, 2.546875, 2.875]"
True,7602,1,32318,1,"[2.859375, 2.546875, 2.84375, 3.46875]"
False,7603,0,32319,3,"[2.828125, 3.8125, 3.15625, 2.796875]"
False,7604,3,32324,0,"[2.859375, 3.46875, 3.265625, 3.15625]"
False,7605,2,32329,1,"[2.859375, 1.984375, 2.734375, 2.84375]"
True,7606,1,32332,1,"[3.53125, 2.515625, 3.359375, 2.859375]"
True,7607,3,32334,3,"[3.671875, 2.5625, 3.515625, 2.296875]"
False,7608,0,32337,1,"[2.75, 2.203125, 2.5625, 3.234375]"
False,7609,3,32339,0,"[2.625, 3.90625, 2.984375, 3.140625]"
False,7610,2,32342,0,"[2.65625, 3.0, 3.640625, 2.8125]"
False,7611,2,32358,0,"[2.09375, 2.46875, 2.390625, 2.46875]"
False,7612,1,32359,3,"[3.171875, 2.75, 3.015625, 2.5625]"
True,7613,1,32362,1,"[3.421875, 2.53125, 3.59375, 3.859375]"
False,7614,3,32365,2,"[3.328125, 3.21875, 2.59375, 2.84375]"
False,7615,0,32376,3,"[3.171875, 3.796875, 3.59375, 2.765625]"
True,7616,0,32380,0,"[2.0, 3.125, 3.421875, 2.234375]"
True,7617,3,32381,3,"[3.21875, 3.359375, 3.640625, 1.8671875]"
False,7618,3,32383,2,"[3.265625, 3.203125, 3.046875, 3.125]"
False,7619,3,32402,2,"[3.34375, 3.46875, 2.609375, 2.9375]"
True,7620,1,32403,1,"[2.796875, 2.625, 3.1875, 4.09375]"
False,7621,0,32404,3,"[3.109375, 3.609375, 3.15625, 2.875]"
False,7622,0,32406,2,"[2.875, 4.25, 2.484375, 3.296875]"
False,7623,3,32418,1,"[3.03125, 3.0, 3.0625, 3.09375]"
False,7624,3,32428,2,"[2.796875, 3.0625, 2.578125, 4.0625]"
False,7625,3,32431,0,"[2.578125, 3.265625, 2.765625, 3.546875]"
True,7626,3,32436,3,"[3.75, 3.171875, 2.671875, 2.40625]"
False,7627,3,32442,2,"[3.265625, 3.0625, 2.546875, 3.046875]"
False,7628,3,32444,1,"[2.921875, 2.8125, 3.203125, 3.375]"
False,7629,3,32452,1,"[3.8125, 3.140625, 3.40625, 3.578125]"
True,7630,1,32458,1,"[3.609375, 2.65625, 3.84375, 3.28125]"
False,7631,1,32464,2,"[3.75, 2.953125, 2.765625, 2.984375]"
False,7632,3,32492,0,"[1.8359375, 2.25, 3.234375, 3.796875]"
True,7633,3,32493,3,"[3.40625, 3.09375, 2.75, 1.96875]"
False,7634,0,32502,1,"[3.15625, 1.859375, 3.09375, 2.59375]"
True,7635,3,32503,3,"[3.0, 3.0625, 3.21875, 2.921875]"
False,7636,3,32522,1,"[2.734375, 2.453125, 2.78125, 2.75]"
False,7637,1,32530,0,"[2.640625, 2.875, 3.953125, 4.1875]"
False,7638,3,32536,0,"[2.28125, 3.515625, 4.125, 3.328125]"
False,7639,2,32544,1,"[3.640625, 2.734375, 3.21875, 3.140625]"
False,7640,3,32550,0,"[3.109375, 3.90625, 4.125, 3.296875]"
True,7641,2,32554,2,"[3.125, 2.6875, 2.484375, 3.640625]"
False,7642,2,32559,0,"[2.765625, 2.96875, 3.6875, 3.140625]"
False,7643,2,32571,0,"[2.734375, 3.4375, 3.03125, 2.8125]"
True,7644,3,32573,3,"[4.65625, 3.21875, 3.578125, 2.125]"
True,7645,1,32579,1,"[3.0, 2.09375, 2.984375, 3.0625]"
True,7646,1,32582,1,"[3.1875, 2.84375, 2.984375, 3.0]"
False,7647,2,32583,1,"[3.515625, 3.15625, 3.609375, 4.15625]"
False,7648,3,32585,2,"[2.578125, 3.765625, 2.0625, 2.921875]"
False,7649,0,32586,1,"[2.6875, 2.328125, 3.8125, 2.59375]"
True,7650,1,32604,1,"[3.421875, 2.703125, 3.421875, 3.640625]"
False,7651,0,32614,2,"[3.296875, 2.703125, 2.375, 2.59375]"
False,7652,1,32619,0,"[1.9296875, 2.265625, 2.109375, 2.28125]"
False,7653,2,32624,0,"[2.703125, 3.4375, 3.609375, 2.984375]"
False,7654,1,32625,3,"[2.578125, 2.875, 2.5625, 1.7578125]"
False,7655,0,32630,1,"[3.578125, 2.9375, 3.34375, 3.390625]"
False,7656,1,32639,2,"[3.515625, 3.796875, 2.390625, 3.859375]"
False,7657,1,32643,0,"[2.265625, 2.6875, 2.859375, 2.953125]"
False,7658,1,32645,2,"[2.8125, 2.859375, 2.546875, 3.203125]"
False,7659,3,32659,0,"[3.359375, 3.375, 3.9375, 3.671875]"
False,7660,1,32662,3,"[3.671875, 3.25, 3.46875, 2.078125]"
False,7661,3,32686,0,"[2.484375, 3.296875, 2.828125, 2.953125]"
False,7662,1,32693,2,"[2.03125, 2.28125, 0.96484375, 2.859375]"
True,7663,0,32702,0,"[2.5, 3.25, 3.21875, 3.234375]"
True,7664,2,32711,2,"[4.3125, 3.53125, 3.25, 3.734375]"
False,7665,3,32716,0,"[2.421875, 2.953125, 2.703125, 3.0]"
True,7666,1,32717,1,"[2.515625, 1.8671875, 2.578125, 2.65625]"
False,7667,0,32721,2,"[2.765625, 2.703125, 2.390625, 3.046875]"
False,7668,1,32726,0,"[2.34375, 2.9375, 2.640625, 2.84375]"
True,7669,0,32736,0,"[2.890625, 2.90625, 3.015625, 2.90625]"
False,7670,2,32747,0,"[2.203125, 3.40625, 3.109375, 3.1875]"
True,7671,2,32749,2,"[3.1875, 3.640625, 2.8125, 4.4375]"
False,7672,3,32754,1,"[2.796875, 2.578125, 4.34375, 2.625]"
False,7673,2,32757,1,"[3.203125, 2.15625, 2.3125, 3.5625]"
False,7674,1,32758,3,"[2.78125, 3.34375, 3.046875, 0.875]"
False,7675,3,32772,1,"[3.1875, 2.65625, 2.9375, 2.71875]"
False,7676,3,32774,1,"[2.890625, 1.8515625, 2.984375, 2.578125]"
True,7677,1,32799,1,"[3.4375, 3.03125, 3.03125, 3.640625]"
True,7678,0,32804,0,"[3.203125, 3.734375, 3.359375, 3.9375]"
True,7679,1,32808,1,"[3.453125, 2.625, 4.25, 5.21875]"
False,7680,1,32813,0,"[2.484375, 2.484375, 3.375, 2.90625]"
True,7681,3,32832,3,"[3.171875, 3.265625, 2.828125, 2.65625]"
False,7682,2,32845,1,"[2.859375, 2.765625, 2.78125, 3.015625]"
False,7683,1,32855,2,"[2.921875, 2.75, 2.734375, 2.78125]"
True,7684,2,32857,2,"[2.671875, 3.03125, 2.640625, 3.03125]"
True,7685,1,32873,1,"[2.890625, 2.4375, 3.53125, 3.078125]"
True,7686,1,32877,1,"[2.859375, 2.140625, 3.546875, 3.53125]"
True,7687,3,32880,3,"[2.859375, 3.53125, 2.796875, 2.671875]"
True,7688,0,32884,0,"[2.96875, 3.21875, 4.21875, 4.96875]"
False,7689,1,32887,2,"[3.734375, 2.84375, 2.09375, 2.71875]"
True,7690,2,32893,2,"[3.4375, 3.0625, 2.71875, 2.828125]"
True,7691,3,32898,3,"[2.96875, 3.328125, 4.59375, 2.640625]"
False,7692,2,32902,3,"[3.21875, 3.46875, 3.5625, 2.640625]"
False,7693,1,32904,2,"[3.109375, 3.75, 2.5625, 2.59375]"
False,7694,3,32910,2,"[3.03125, 3.015625, 2.109375, 2.578125]"
False,7695,1,32916,2,"[3.265625, 3.890625, 2.65625, 3.703125]"
False,7696,3,32920,0,"[2.53125, 3.359375, 2.640625, 2.9375]"
False,7697,0,32926,3,"[2.609375, 2.53125, 2.453125, 1.9765625]"
False,7698,1,32931,3,"[3.453125, 2.609375, 3.5625, 2.578125]"
False,7699,2,32947,3,"[4.75, 3.0625, 2.828125, 2.484375]"
True,7700,0,32952,0,"[2.28125, 2.859375, 2.453125, 3.078125]"
False,7701,2,32956,1,"[3.71875, 3.15625, 3.328125, 3.15625]"
False,7702,3,32958,0,"[2.6875, 3.046875, 3.046875, 3.578125]"
False,7703,0,32976,3,"[2.6875, 2.71875, 3.484375, 2.671875]"
False,7704,3,33009,2,"[2.25, 2.125, 2.109375, 2.890625]"
True,7705,1,33015,1,"[4.21875, 2.890625, 6.21875, 5.46875]"
True,7706,2,33027,2,"[3.78125, 2.765625, 2.5, 2.78125]"
False,7707,1,33028,3,"[3.234375, 3.15625, 3.5, 2.25]"
False,7708,0,33029,1,"[2.953125, 2.875, 3.203125, 3.125]"
False,7709,1,33035,3,"[2.796875, 3.234375, 3.140625, 2.75]"
False,7710,1,33055,0,"[1.625, 2.25, 2.453125, 3.0625]"
False,7711,1,33060,3,"[3.6875, 3.03125, 4.09375, 2.984375]"
True,7712,1,33066,1,"[3.125, 2.71875, 3.640625, 3.21875]"
False,7713,0,33076,1,"[2.890625, 2.53125, 2.90625, 3.015625]"
False,7714,2,33087,3,"[3.0625, 2.953125, 2.859375, 2.828125]"
False,7715,0,33100,1,"[3.34375, 2.6875, 3.1875, 2.703125]"
True,7716,0,33121,0,"[3.078125, 3.140625, 4.0, 3.171875]"
False,7717,2,33124,0,"[2.71875, 3.515625, 2.734375, 3.359375]"
False,7718,2,33129,0,"[2.875, 3.15625, 2.96875, 3.25]"
False,7719,2,33142,0,"[2.765625, 2.921875, 3.140625, 3.953125]"
True,7720,3,33160,3,"[2.46875, 3.0625, 2.578125, 2.265625]"
False,7721,0,33165,1,"[2.671875, 1.734375, 2.875, 3.1875]"
False,7722,3,33167,2,"[3.46875, 2.796875, 2.53125, 3.0]"
True,7723,1,33176,1,"[4.78125, 2.265625, 2.609375, 2.28125]"
True,7724,1,33178,1,"[2.875, 2.6875, 3.328125, 2.84375]"
True,7725,2,33179,2,"[2.90625, 3.109375, 2.859375, 3.515625]"
True,7726,3,33182,3,"[3.140625, 3.375, 4.0625, 2.90625]"
False,7727,2,33190,0,"[2.328125, 2.5, 3.0, 3.0]"
False,7728,1,33191,0,"[2.578125, 3.609375, 3.5625, 3.171875]"
False,7729,0,33192,1,"[3.0, 2.4375, 2.640625, 3.328125]"
True,7730,3,33200,3,"[3.078125, 3.390625, 3.25, 2.671875]"
False,7731,1,33209,3,"[3.171875, 3.0, 3.015625, 2.34375]"
False,7732,3,33220,2,"[3.15625, 4.0, 2.203125, 2.8125]"
True,7733,0,33226,0,"[2.234375, 2.453125, 2.953125, 3.109375]"
False,7734,0,33231,2,"[3.9375, 3.5625, 2.765625, 3.4375]"
True,7735,2,33246,2,"[3.109375, 3.421875, 1.8203125, 2.953125]"
True,7736,2,33252,2,"[2.609375, 3.1875, 2.46875, 2.8125]"
False,7737,3,33256,1,"[2.65625, 1.9140625, 2.34375, 2.59375]"
False,7738,1,33274,2,"[3.21875, 2.59375, 2.046875, 2.71875]"
True,7739,2,33286,2,"[2.46875, 3.171875, 2.09375, 2.84375]"
True,7740,3,33298,3,"[2.9375, 3.375, 3.265625, 2.78125]"
False,7741,1,33303,0,"[2.765625, 3.21875, 3.46875, 3.46875]"
True,7742,0,33305,0,"[2.6875, 3.796875, 3.375, 3.359375]"
False,7743,3,33307,2,"[3.171875, 2.921875, 2.296875, 2.53125]"
False,7744,0,33310,1,"[2.671875, 2.53125, 2.875, 3.265625]"
True,7745,3,33316,3,"[2.859375, 3.8125, 2.796875, 2.671875]"
False,7746,3,33325,1,"[4.5, 2.96875, 3.796875, 3.484375]"
True,7747,3,33329,3,"[3.8125, 3.1875, 2.953125, 2.375]"
False,7748,2,33350,3,"[3.28125, 3.09375, 2.65625, 2.640625]"
False,7749,1,33364,3,"[3.09375, 2.9375, 2.671875, 2.546875]"
False,7750,0,33393,2,"[3.25, 2.859375, 2.34375, 3.5]"
False,7751,3,33395,1,"[3.453125, 3.296875, 3.84375, 3.484375]"
True,7752,2,33396,2,"[2.78125, 2.84375, 2.421875, 3.234375]"
False,7753,2,33404,0,"[2.546875, 3.171875, 3.046875, 2.84375]"
False,7754,2,33407,3,"[3.71875, 3.21875, 3.453125, 2.453125]"
False,7755,2,33409,3,"[2.484375, 3.34375, 2.171875, 1.78125]"
False,7756,2,33410,1,"[3.3125, 2.1875, 3.390625, 3.0]"
True,7757,2,33412,2,"[2.4375, 3.046875, 2.25, 2.6875]"
True,7758,0,33429,0,"[2.765625, 3.96875, 3.171875, 3.640625]"
False,7759,2,33435,1,"[2.859375, 2.8125, 3.78125, 3.703125]"
False,7760,1,33438,0,"[2.328125, 3.96875, 2.859375, 2.71875]"
True,7761,3,33441,3,"[3.609375, 3.8125, 3.3125, 3.265625]"
False,7762,0,33470,1,"[3.21875, 2.40625, 2.5, 3.203125]"
False,7763,1,33480,2,"[3.140625, 2.6875, 2.671875, 2.90625]"
False,7764,3,33485,1,"[3.421875, 2.609375, 3.125, 2.96875]"
True,7765,0,33496,0,"[2.90625, 3.703125, 4.21875, 3.171875]"
False,7766,2,33501,1,"[2.515625, 2.265625, 2.796875, 2.875]"
False,7767,1,33504,3,"[3.328125, 3.390625, 2.953125, 2.203125]"
False,7768,3,33511,0,"[2.1875, 2.25, 2.390625, 2.453125]"
True,7769,0,33517,0,"[2.546875, 2.828125, 3.171875, 3.578125]"
True,7770,3,33519,3,"[3.984375, 3.765625, 4.21875, 2.84375]"
True,7771,2,33529,2,"[3.046875, 3.21875, 2.6875, 2.734375]"
False,7772,0,33530,1,"[2.296875, 2.1875, 2.453125, 3.015625]"
True,7773,3,33536,3,"[2.78125, 2.625, 2.765625, 2.078125]"
False,7774,3,33542,1,"[2.21875, 2.125, 3.1875, 3.0625]"
False,7775,2,33555,1,"[2.515625, 2.140625, 2.5, 2.78125]"
False,7776,2,33556,3,"[2.828125, 3.515625, 2.359375, 2.203125]"
False,7777,2,33561,0,"[2.734375, 4.0, 3.171875, 3.328125]"
False,7778,1,33563,0,"[2.40625, 2.859375, 2.953125, 2.578125]"
True,7779,1,33565,1,"[2.921875, 2.65625, 2.96875, 3.125]"
False,7780,3,33566,2,"[3.875, 2.90625, 2.515625, 3.921875]"
False,7781,0,33568,2,"[2.640625, 2.453125, 2.109375, 3.265625]"
False,7782,1,33573,3,"[2.9375, 3.078125, 3.140625, 2.90625]"
True,7783,0,33593,0,"[2.15625, 3.03125, 4.875, 2.9375]"
False,7784,2,33601,3,"[4.0625, 3.421875, 2.734375, 2.5625]"
False,7785,2,33638,3,"[4.4375, 3.09375, 3.578125, 2.6875]"
False,7786,2,33641,0,"[3.03125, 3.453125, 3.375, 3.171875]"
False,7787,1,33646,0,"[2.40625, 2.65625, 2.875, 2.921875]"
True,7788,2,33647,2,"[3.75, 4.21875, 2.609375, 3.390625]"
True,7789,1,33663,1,"[3.40625, 2.03125, 2.984375, 3.03125]"
False,7790,2,33669,3,"[3.21875, 3.640625, 3.578125, 2.9375]"
False,7791,0,33673,2,"[2.78125, 3.03125, 2.453125, 3.375]"
True,7792,2,33677,2,"[3.015625, 3.671875, 2.703125, 2.984375]"
False,7793,2,33678,1,"[4.03125, 2.9375, 3.1875, 3.015625]"
False,7794,0,33682,1,"[2.875, 2.5, 2.703125, 2.96875]"
True,7795,1,33713,1,"[2.640625, 2.203125, 3.859375, 3.46875]"
True,7796,0,33714,0,"[2.484375, 3.03125, 2.578125, 3.125]"
False,7797,0,33716,3,"[3.25, 4.09375, 3.890625, 2.390625]"
False,7798,1,33731,0,"[2.09375, 2.375, 3.109375, 3.84375]"
False,7799,3,33736,2,"[3.5, 3.390625, 2.578125, 3.421875]"
False,7800,2,33742,3,"[3.125, 3.234375, 2.765625, 2.171875]"
False,7801,1,33748,2,"[2.4375, 3.046875, 2.28125, 2.640625]"
False,7802,3,33761,2,"[3.515625, 3.28125, 2.375, 2.671875]"
True,7803,2,33767,2,"[4.46875, 2.546875, 2.4375, 2.9375]"
False,7804,0,33776,1,"[2.984375, 2.75, 3.046875, 3.109375]"
False,7805,1,33784,3,"[3.5625, 2.828125, 2.328125, 1.625]"
False,7806,3,33787,2,"[3.65625, 3.5625, 3.0, 3.203125]"
False,7807,1,33802,3,"[3.453125, 3.28125, 3.421875, 2.90625]"
True,7808,0,33813,0,"[2.140625, 2.75, 2.6875, 2.921875]"
False,7809,0,33822,3,"[2.25, 2.21875, 2.53125, 2.1875]"
False,7810,1,33830,0,"[2.578125, 3.171875, 2.734375, 2.703125]"
True,7811,1,33835,1,"[3.28125, 2.03125, 2.921875, 2.859375]"
False,7812,0,33842,3,"[2.515625, 2.234375, 2.53125, 2.21875]"
False,7813,0,33844,2,"[3.453125, 2.8125, 2.296875, 2.828125]"
False,7814,2,33855,0,"[1.90625, 2.234375, 2.3125, 2.3125]"
False,7815,2,33856,0,"[2.25, 2.265625, 3.625, 2.796875]"
False,7816,2,33867,3,"[3.453125, 3.34375, 3.703125, 3.3125]"
True,7817,0,33896,0,"[2.484375, 3.484375, 2.828125, 3.390625]"
False,7818,1,33897,2,"[2.625, 3.859375, 2.328125, 2.8125]"
False,7819,3,33900,1,"[3.234375, 2.609375, 3.21875, 3.671875]"
True,7820,1,33906,1,"[3.046875, 2.421875, 3.0, 2.5]"
True,7821,0,33914,0,"[2.265625, 3.09375, 3.125, 2.625]"
False,7822,0,33915,3,"[3.359375, 3.046875, 3.015625, 2.953125]"
False,7823,0,33923,3,"[3.625, 3.015625, 2.921875, 2.875]"
False,7824,3,33929,1,"[2.421875, 2.125, 3.03125, 2.765625]"
False,7825,1,33935,3,"[3.34375, 2.71875, 3.1875, 2.578125]"
True,7826,3,33939,3,"[3.640625, 3.1875, 3.15625, 2.125]"
False,7827,1,33945,3,"[3.484375, 3.078125, 3.5, 2.71875]"
False,7828,0,33956,3,"[2.515625, 3.359375, 2.78125, 2.296875]"
True,7829,3,33959,3,"[2.6875, 2.21875, 2.4375, 1.765625]"
False,7830,2,33964,0,"[2.515625, 3.15625, 3.625, 3.421875]"
True,7831,0,33991,0,"[2.65625, 3.390625, 3.109375, 3.21875]"
True,7832,0,34002,0,"[2.46875, 3.359375, 2.765625, 3.25]"
False,7833,3,34018,1,"[2.484375, 2.15625, 2.71875, 2.734375]"
False,7834,2,34019,1,"[3.46875, 2.859375, 2.875, 3.109375]"
False,7835,1,34024,3,"[3.625, 3.171875, 3.03125, 2.671875]"
False,7836,1,34029,3,"[2.875, 3.125, 2.671875, 2.484375]"
False,7837,2,34030,0,"[2.328125, 3.03125, 2.78125, 2.484375]"
False,7838,1,34049,0,"[2.65625, 4.40625, 3.125, 3.28125]"
True,7839,3,34051,3,"[2.84375, 2.71875, 3.546875, 2.25]"
True,7840,0,34052,0,"[2.5, 3.03125, 2.671875, 3.171875]"
False,7841,2,34061,1,"[2.828125, 2.5625, 2.890625, 2.6875]"
False,7842,2,34063,3,"[3.515625, 3.265625, 3.140625, 2.484375]"
True,7843,1,34064,1,"[3.84375, 2.90625, 3.515625, 5.0625]"
False,7844,1,34066,2,"[2.90625, 4.25, 2.25, 3.5625]"
False,7845,1,34068,2,"[2.921875, 2.421875, 2.0625, 2.109375]"
False,7846,0,34069,1,"[3.0, 2.875, 3.1875, 3.265625]"
False,7847,0,34072,1,"[2.875, 2.703125, 3.3125, 3.46875]"
True,7848,3,34074,3,"[2.53125, 2.671875, 2.625, 1.9140625]"
False,7849,3,34087,0,"[2.828125, 2.859375, 3.984375, 3.171875]"
True,7850,3,34092,3,"[4.03125, 3.3125, 3.453125, 3.03125]"
False,7851,2,34094,1,"[3.15625, 2.734375, 3.109375, 3.078125]"
True,7852,1,34097,1,"[3.1875, 2.28125, 2.453125, 2.859375]"
False,7853,2,34103,1,"[2.59375, 2.53125, 3.296875, 4.03125]"
False,7854,0,34106,3,"[3.3125, 4.03125, 2.96875, 2.65625]"
False,7855,3,34107,1,"[3.65625, 3.375, 3.875, 4.1875]"
False,7856,0,34109,3,"[3.0625, 3.203125, 3.25, 2.984375]"
False,7857,0,34111,1,"[3.0, 2.75, 2.953125, 2.78125]"
True,7858,0,34122,0,"[1.828125, 2.34375, 2.796875, 2.421875]"
False,7859,2,34125,0,"[2.15625, 3.46875, 2.5, 3.640625]"
False,7860,2,34127,0,"[2.171875, 3.078125, 3.046875, 3.5]"
False,7861,0,34129,1,"[2.34375, 1.8359375, 2.21875, 2.5625]"
False,7862,2,34136,1,"[2.90625, 2.125, 3.109375, 2.546875]"
False,7863,3,34138,1,"[3.015625, 2.703125, 2.796875, 3.21875]"
False,7864,2,34140,0,"[2.71875, 4.625, 3.609375, 3.65625]"
False,7865,1,34152,3,"[2.734375, 2.828125, 2.671875, 2.578125]"
False,7866,1,34154,0,"[3.421875, 3.53125, 3.609375, 4.125]"
True,7867,3,34173,3,"[2.75, 3.15625, 3.21875, 2.21875]"
False,7868,0,34179,2,"[3.3125, 3.171875, 1.96875, 2.53125]"
False,7869,3,34183,1,"[3.328125, 3.171875, 3.546875, 3.625]"
False,7870,1,34203,2,"[3.359375, 2.765625, 2.640625, 3.109375]"
False,7871,2,34210,1,"[2.65625, 2.3125, 2.96875, 3.171875]"
True,7872,0,34218,0,"[2.96875, 3.984375, 3.25, 3.28125]"
False,7873,2,34223,1,"[2.921875, 2.453125, 2.8125, 3.65625]"
False,7874,3,34232,0,"[2.78125, 3.28125, 3.421875, 3.109375]"
False,7875,1,34241,0,"[2.03125, 3.1875, 3.34375, 3.75]"
False,7876,2,34245,3,"[3.015625, 2.8125, 2.796875, 2.484375]"
False,7877,3,34255,0,"[2.65625, 3.265625, 2.671875, 2.65625]"
True,7878,1,34261,1,"[2.96875, 2.640625, 4.375, 3.328125]"
True,7879,0,34263,0,"[1.6875, 3.53125, 3.375, 3.078125]"
False,7880,2,34266,1,"[3.1875, 2.75, 3.078125, 3.265625]"
True,7881,1,34268,1,"[3.421875, 3.046875, 3.125, 3.203125]"
False,7882,1,34272,0,"[3.109375, 3.4375, 3.359375, 3.609375]"
True,7883,2,34292,2,"[4.71875, 3.765625, 2.5625, 3.515625]"
False,7884,2,34297,0,"[1.3203125, 2.015625, 3.0625, 2.515625]"
True,7885,0,34302,0,"[2.8125, 2.859375, 3.015625, 3.546875]"
False,7886,1,34306,0,"[2.8125, 3.484375, 4.5, 3.265625]"
False,7887,3,34316,2,"[2.921875, 3.0625, 2.671875, 3.8125]"
False,7888,0,34320,3,"[3.3125, 4.21875, 3.3125, 2.75]"
True,7889,0,34334,0,"[2.03125, 2.8125, 3.109375, 2.546875]"
True,7890,2,34348,2,"[2.40625, 3.046875, 2.359375, 2.390625]"
False,7891,1,34350,2,"[3.03125, 2.53125, 2.3125, 3.109375]"
True,7892,3,34355,3,"[2.84375, 3.65625, 2.578125, 2.5]"
True,7893,1,34370,1,"[2.390625, 2.265625, 2.515625, 2.71875]"
True,7894,0,34376,0,"[2.328125, 3.21875, 3.0625, 2.546875]"
False,7895,1,34380,2,"[3.109375, 3.140625, 2.59375, 3.921875]"
False,7896,0,34414,2,"[3.484375, 3.5, 3.09375, 3.828125]"
True,7897,0,34416,0,"[2.765625, 4.15625, 2.9375, 2.765625]"
True,7898,3,34422,3,"[3.375, 3.78125, 3.671875, 3.171875]"
False,7899,3,34446,2,"[3.46875, 3.96875, 3.125, 3.390625]"
False,7900,2,34452,1,"[3.25, 2.78125, 3.640625, 3.265625]"
True,7901,2,34497,2,"[3.109375, 3.203125, 2.890625, 3.65625]"
False,7902,3,34499,0,"[1.9375, 2.734375, 2.6875, 2.25]"
False,7903,0,34502,1,"[3.453125, 2.578125, 3.59375, 2.765625]"
True,7904,1,34506,1,"[2.71875, 2.46875, 2.78125, 3.234375]"
True,7905,1,34532,1,"[3.703125, 2.75, 2.890625, 3.59375]"
True,7906,3,34538,3,"[3.203125, 3.0, 2.890625, 2.71875]"
True,7907,2,34565,2,"[3.21875, 3.921875, 2.921875, 3.484375]"
False,7908,0,34568,1,"[2.671875, 2.578125, 3.40625, 2.703125]"
True,7909,0,34571,0,"[2.671875, 3.453125, 3.15625, 3.796875]"
False,7910,1,34572,2,"[2.84375, 3.65625, 2.0, 3.625]"
False,7911,0,34575,3,"[3.515625, 2.6875, 3.390625, 2.28125]"
False,7912,1,34580,0,"[2.953125, 3.78125, 3.765625, 3.078125]"
True,7913,2,34584,2,"[2.703125, 3.640625, 2.546875, 3.125]"
True,7914,1,34597,1,"[3.25, 2.984375, 3.046875, 3.140625]"
False,7915,0,34598,2,"[2.78125, 3.046875, 2.109375, 2.515625]"
False,7916,3,34599,0,"[1.875, 2.84375, 2.1875, 2.90625]"
False,7917,2,34602,0,"[2.84375, 3.125, 3.9375, 2.953125]"
False,7918,0,34610,3,"[2.9375, 2.90625, 3.46875, 2.8125]"
False,7919,0,34641,1,"[3.0, 2.6875, 3.96875, 3.421875]"
False,7920,2,34645,3,"[2.84375, 2.75, 2.875, 2.453125]"
True,7921,0,34655,0,"[2.8125, 3.015625, 3.359375, 3.71875]"
False,7922,0,34658,3,"[2.75, 3.703125, 2.78125, 2.453125]"
False,7923,0,34664,3,"[2.15625, 2.71875, 2.390625, 1.6328125]"
False,7924,0,34666,2,"[3.046875, 3.90625, 2.796875, 3.84375]"
False,7925,3,34670,1,"[2.921875, 2.8125, 2.953125, 3.265625]"
False,7926,3,34679,1,"[3.703125, 3.34375, 3.765625, 3.390625]"
False,7927,3,34680,2,"[2.828125, 2.71875, 2.453125, 2.765625]"
False,7928,2,34687,3,"[2.921875, 3.859375, 2.9375, 2.875]"
True,7929,2,34690,2,"[3.4375, 3.234375, 2.375, 2.890625]"
True,7930,2,34699,2,"[2.96875, 3.09375, 2.796875, 3.109375]"
False,7931,3,34704,0,"[2.75, 3.0, 2.9375, 3.265625]"
False,7932,1,34710,3,"[2.515625, 3.40625, 3.78125, 2.34375]"
False,7933,0,34712,3,"[3.46875, 3.34375, 2.484375, 2.140625]"
True,7934,2,34715,2,"[2.828125, 2.640625, 1.8984375, 2.609375]"
True,7935,1,34721,1,"[3.359375, 2.90625, 3.515625, 3.765625]"
False,7936,1,34728,3,"[3.046875, 2.71875, 2.984375, 2.328125]"
False,7937,2,34729,0,"[1.96875, 2.375, 3.21875, 2.3125]"
False,7938,3,34735,1,"[3.046875, 2.921875, 3.09375, 3.65625]"
False,7939,1,34754,3,"[3.34375, 3.953125, 3.765625, 2.671875]"
True,7940,2,34766,2,"[3.046875, 3.140625, 2.4375, 3.328125]"
False,7941,0,34773,3,"[2.96875, 4.0, 3.40625, 2.828125]"
False,7942,3,34778,1,"[3.546875, 2.28125, 2.9375, 2.84375]"
False,7943,2,34789,0,"[2.390625, 3.140625, 3.515625, 2.625]"
False,7944,3,34790,0,"[2.859375, 3.125, 2.890625, 3.625]"
True,7945,0,34797,0,"[2.671875, 3.375, 3.59375, 3.0]"
False,7946,2,34803,0,"[2.171875, 3.171875, 2.59375, 2.921875]"
False,7947,2,34804,0,"[2.171875, 2.71875, 2.828125, 3.171875]"
False,7948,3,34811,2,"[2.578125, 2.8125, 2.25, 3.1875]"
False,7949,3,34815,1,"[3.203125, 3.0, 3.140625, 3.375]"
False,7950,0,34817,1,"[2.546875, 2.15625, 3.859375, 2.46875]"
True,7951,3,34823,3,"[3.109375, 3.265625, 3.28125, 2.578125]"
True,7952,1,34831,1,"[3.984375, 2.265625, 3.203125, 2.765625]"
False,7953,2,34834,0,"[2.4375, 3.15625, 3.34375, 2.890625]"
False,7954,1,34849,3,"[2.53125, 3.265625, 2.984375, 2.484375]"
True,7955,1,34856,1,"[3.3125, 2.875, 3.484375, 4.5625]"
False,7956,2,34863,3,"[3.40625, 2.921875, 3.75, 2.703125]"
True,7957,3,34876,3,"[2.953125, 2.140625, 3.296875, 2.078125]"
True,7958,0,34880,0,"[3.046875, 3.078125, 3.71875, 3.671875]"
False,7959,0,34898,1,"[2.53125, 2.28125, 3.15625, 2.921875]"
False,7960,0,34900,1,"[3.28125, 2.921875, 2.96875, 2.96875]"
False,7961,3,34913,2,"[2.828125, 3.65625, 2.625, 3.28125]"
False,7962,1,34921,2,"[2.4375, 2.53125, 2.40625, 2.4375]"
True,7963,1,34922,1,"[3.578125, 2.5, 3.09375, 2.9375]"
False,7964,1,34925,2,"[3.359375, 3.25, 2.84375, 3.78125]"
False,7965,2,34936,0,"[2.25, 4.125, 2.984375, 2.640625]"
True,7966,2,34937,2,"[3.09375, 3.21875, 2.765625, 3.234375]"
False,7967,3,34940,0,"[2.765625, 2.890625, 2.765625, 3.171875]"
False,7968,0,34942,1,"[2.9375, 2.5625, 2.765625, 2.734375]"
True,7969,1,34953,1,"[3.6875, 3.046875, 3.1875, 3.453125]"
False,7970,2,34957,1,"[2.703125, 2.453125, 3.0625, 2.765625]"
False,7971,1,34963,3,"[2.609375, 2.765625, 3.390625, 2.15625]"
False,7972,1,34981,3,"[2.890625, 3.15625, 2.875, 2.515625]"
True,7973,1,34982,1,"[3.6875, 3.484375, 3.671875, 3.84375]"
False,7974,1,34993,0,"[2.609375, 2.796875, 2.84375, 3.796875]"
True,7975,0,35010,0,"[2.4375, 3.40625, 2.546875, 3.375]"
False,7976,3,35017,1,"[3.09375, 2.359375, 3.171875, 2.640625]"
False,7977,3,35033,0,"[2.484375, 2.515625, 2.78125, 3.109375]"
False,7978,3,35035,2,"[2.71875, 3.1875, 2.65625, 2.875]"
False,7979,0,35044,1,"[3.0625, 2.625, 3.21875, 3.421875]"
False,7980,3,35059,1,"[3.796875, 2.390625, 3.078125, 2.890625]"
False,7981,0,35087,3,"[2.890625, 3.0, 2.828125, 2.421875]"
False,7982,0,35095,1,"[3.75, 2.90625, 3.078125, 3.109375]"
False,7983,1,35096,2,"[2.515625, 2.140625, 1.875, 2.921875]"
True,7984,3,35117,3,"[3.265625, 3.1875, 3.1875, 3.09375]"
False,7985,1,35130,2,"[2.015625, 2.3125, 1.7265625, 3.0]"
False,7986,2,35132,0,"[3.015625, 3.421875, 3.328125, 3.28125]"
True,7987,0,35133,0,"[2.671875, 4.84375, 2.84375, 4.03125]"
True,7988,2,35149,2,"[3.609375, 3.71875, 2.21875, 2.640625]"
False,7989,1,35156,3,"[3.296875, 3.75, 3.296875, 3.15625]"
False,7990,1,35157,0,"[2.90625, 3.359375, 3.265625, 3.125]"
False,7991,2,35162,1,"[4.09375, 2.328125, 2.984375, 2.515625]"
False,7992,3,35163,1,"[3.234375, 2.953125, 3.125, 3.21875]"
False,7993,0,35165,2,"[3.109375, 3.21875, 2.953125, 3.28125]"
True,7994,0,35169,0,"[2.5625, 3.703125, 2.96875, 2.6875]"
False,7995,0,35173,3,"[2.59375, 2.734375, 3.453125, 1.75]"
False,7996,2,35182,0,"[2.09375, 3.015625, 2.546875, 2.53125]"
True,7997,0,35187,0,"[2.890625, 3.09375, 2.984375, 3.109375]"
False,7998,3,35188,1,"[3.859375, 2.75, 2.75, 2.796875]"
False,7999,3,35194,0,"[1.9375, 2.28125, 2.890625, 2.609375]"
False,8000,2,35203,3,"[3.28125, 2.484375, 2.671875, 2.328125]"
False,8001,2,35208,0,"[2.75, 3.203125, 2.953125, 3.453125]"
False,8002,0,35212,3,"[2.265625, 2.984375, 2.4375, 2.203125]"
False,8003,0,35218,3,"[3.421875, 2.71875, 3.234375, 2.4375]"
False,8004,3,35229,1,"[2.875, 2.375, 3.0625, 3.375]"
False,8005,0,35232,2,"[3.15625, 3.125, 2.3125, 3.171875]"
False,8006,2,35235,0,"[2.40625, 2.421875, 2.625, 2.953125]"
False,8007,3,35239,0,"[2.71875, 2.71875, 2.984375, 2.953125]"
False,8008,0,35241,3,"[3.03125, 3.4375, 3.234375, 2.8125]"
True,8009,1,35254,1,"[3.15625, 2.484375, 2.609375, 3.046875]"
False,8010,2,35271,0,"[3.359375, 3.859375, 3.484375, 3.578125]"
False,8011,1,35292,2,"[3.703125, 3.46875, 2.78125, 2.953125]"
False,8012,1,35300,3,"[2.96875, 3.0, 3.15625, 2.8125]"
True,8013,1,35315,1,"[2.46875, 1.828125, 2.5625, 1.9453125]"
False,8014,1,35323,3,"[3.125, 2.34375, 2.359375, 1.90625]"
False,8015,0,35335,2,"[3.046875, 2.59375, 2.546875, 2.71875]"
False,8016,3,35336,1,"[3.109375, 2.171875, 2.171875, 2.453125]"
False,8017,0,35360,2,"[3.796875, 4.4375, 3.0, 3.125]"
True,8018,2,35362,2,"[2.84375, 3.1875, 2.8125, 3.546875]"
False,8019,0,35379,1,"[2.90625, 2.828125, 3.421875, 3.421875]"
False,8020,0,35380,3,"[3.140625, 2.890625, 2.859375, 2.265625]"
False,8021,2,35387,1,"[2.796875, 2.75, 3.359375, 2.9375]"
True,8022,2,35392,2,"[3.046875, 3.296875, 2.390625, 3.171875]"
False,8023,1,35396,2,"[2.71875, 3.125, 2.265625, 3.15625]"
True,8024,3,35402,3,"[2.984375, 2.703125, 4.46875, 2.125]"
True,8025,0,35403,0,"[2.921875, 3.484375, 3.6875, 3.375]"
False,8026,3,35413,2,"[2.578125, 2.8125, 2.15625, 3.578125]"
False,8027,0,35418,3,"[2.8125, 3.015625, 3.265625, 2.375]"
False,8028,3,35423,1,"[3.15625, 1.9140625, 3.203125, 2.875]"
False,8029,3,35425,1,"[2.46875, 2.25, 2.84375, 2.59375]"
False,8030,0,35429,1,"[2.703125, 2.03125, 2.46875, 2.609375]"
False,8031,1,35453,3,"[2.75, 2.71875, 3.375, 2.59375]"
False,8032,0,35455,3,"[2.640625, 4.09375, 3.390625, 2.625]"
False,8033,3,35456,2,"[3.21875, 3.140625, 3.109375, 3.78125]"
False,8034,3,35466,0,"[2.1875, 2.71875, 3.015625, 2.796875]"
False,8035,3,35476,1,"[2.609375, 2.46875, 3.21875, 3.4375]"
True,8036,0,35477,0,"[2.953125, 2.96875, 3.953125, 3.25]"
True,8037,2,35479,2,"[2.671875, 2.515625, 2.296875, 2.90625]"
False,8038,2,35496,3,"[2.734375, 3.140625, 3.015625, 2.015625]"
True,8039,2,35502,2,"[3.0, 3.578125, 2.390625, 3.46875]"
False,8040,3,35503,1,"[2.875, 2.765625, 3.046875, 3.015625]"
False,8041,3,35528,2,"[3.25, 3.265625, 2.78125, 3.84375]"
False,8042,2,35533,0,"[2.84375, 3.453125, 3.03125, 3.015625]"
False,8043,3,35566,2,"[3.1875, 3.0625, 2.75, 3.046875]"
True,8044,3,35572,3,"[2.625, 3.0, 2.359375, 2.203125]"
False,8045,0,35576,2,"[2.78125, 2.796875, 2.625, 2.875]"
False,8046,1,35581,3,"[3.109375, 3.25, 2.9375, 2.15625]"
False,8047,3,35583,0,"[2.578125, 3.53125, 2.734375, 3.0]"
False,8048,2,35591,3,"[2.75, 2.53125, 2.484375, 2.1875]"
False,8049,3,35592,2,"[3.03125, 2.859375, 2.125, 2.28125]"
False,8050,1,35597,2,"[2.296875, 3.09375, 1.9609375, 2.0625]"
False,8051,1,35598,2,"[3.421875, 2.6875, 2.421875, 2.453125]"
False,8052,0,35602,1,"[2.59375, 2.125, 2.25, 2.203125]"
False,8053,0,35612,3,"[2.53125, 2.453125, 2.828125, 1.9296875]"
True,8054,3,35639,3,"[3.078125, 3.78125, 3.375, 2.796875]"
True,8055,1,35652,1,"[3.046875, 2.375, 2.5625, 3.140625]"
True,8056,0,35655,0,"[2.140625, 3.375, 4.6875, 2.46875]"
True,8057,2,35656,2,"[3.0625, 3.015625, 2.765625, 3.25]"
True,8058,3,35661,3,"[2.84375, 3.328125, 3.203125, 2.625]"
False,8059,3,35662,1,"[2.859375, 2.28125, 2.96875, 3.1875]"
True,8060,2,35666,2,"[3.625, 3.03125, 3.015625, 3.09375]"
False,8061,1,35679,2,"[3.15625, 2.25, 2.15625, 3.453125]"
False,8062,3,35685,0,"[2.265625, 3.40625, 2.78125, 3.0]"
False,8063,2,35690,1,"[2.34375, 2.078125, 2.578125, 3.15625]"
False,8064,0,35691,3,"[2.15625, 2.890625, 3.984375, 2.09375]"
True,8065,1,35694,1,"[2.96875, 2.3125, 2.703125, 3.203125]"
False,8066,3,35695,0,"[3.21875, 3.71875, 3.671875, 3.328125]"
False,8067,3,35700,1,"[3.828125, 2.265625, 3.078125, 2.46875]"
False,8068,0,35703,1,"[2.5625, 2.3125, 2.96875, 2.671875]"
False,8069,3,35705,2,"[3.578125, 3.453125, 2.703125, 3.015625]"
False,8070,1,35707,2,"[2.796875, 3.34375, 1.9453125, 2.421875]"
True,8071,1,35709,1,"[2.984375, 2.640625, 2.765625, 3.953125]"
False,8072,3,35710,0,"[2.75, 3.265625, 3.015625, 2.984375]"
False,8073,3,35734,1,"[3.125, 1.4296875, 2.640625, 2.3125]"
True,8074,2,35735,2,"[2.84375, 3.1875, 1.8515625, 3.0]"
False,8075,3,35739,1,"[3.796875, 2.96875, 3.359375, 4.09375]"
False,8076,1,35745,2,"[4.125, 2.59375, 2.265625, 3.828125]"
False,8077,3,35749,1,"[2.78125, 2.453125, 3.6875, 3.203125]"
False,8078,2,35761,1,"[2.53125, 2.265625, 2.9375, 3.71875]"
True,8079,2,35766,2,"[3.03125, 3.265625, 2.859375, 3.328125]"
True,8080,2,35787,2,"[3.453125, 3.90625, 3.0625, 3.78125]"
False,8081,0,35789,1,"[2.75, 2.453125, 3.5625, 3.328125]"
False,8082,2,35792,1,"[3.515625, 2.71875, 3.078125, 3.265625]"
True,8083,1,35794,1,"[3.0, 2.375, 2.875, 2.5]"
True,8084,2,35798,2,"[2.046875, 3.171875, 1.8984375, 3.46875]"
True,8085,1,35799,1,"[3.390625, 2.625, 3.3125, 3.171875]"
False,8086,0,35818,2,"[3.140625, 3.4375, 2.625, 2.65625]"
True,8087,0,35821,0,"[2.4375, 2.859375, 4.1875, 4.625]"
False,8088,1,35822,2,"[2.921875, 2.65625, 2.328125, 2.546875]"
True,8089,2,35833,2,"[2.578125, 3.015625, 1.875, 2.40625]"
False,8090,1,35839,3,"[3.53125, 3.140625, 2.90625, 2.5]"
False,8091,3,35848,1,"[3.875, 2.6875, 2.984375, 2.984375]"
False,8092,1,35849,3,"[2.53125, 3.03125, 2.53125, 2.4375]"
False,8093,3,35850,0,"[2.046875, 2.28125, 3.09375, 3.0]"
False,8094,1,35851,0,"[2.546875, 2.65625, 3.34375, 3.328125]"
False,8095,1,35853,3,"[3.03125, 2.734375, 2.90625, 2.328125]"
False,8096,1,35863,0,"[2.40625, 3.0625, 4.0625, 3.125]"
True,8097,3,35869,3,"[3.953125, 3.0, 3.5, 2.609375]"
True,8098,2,35870,2,"[3.53125, 3.171875, 3.0, 3.8125]"
False,8099,0,35875,3,"[3.640625, 2.75, 3.4375, 2.46875]"
False,8100,1,35878,2,"[2.296875, 2.578125, 2.28125, 2.6875]"
True,8101,0,35879,0,"[2.9375, 3.1875, 3.4375, 3.6875]"
False,8102,0,35880,1,"[2.296875, 1.9453125, 2.953125, 2.875]"
True,8103,1,35890,1,"[2.515625, 2.109375, 2.71875, 2.34375]"
False,8104,0,35911,2,"[2.75, 2.84375, 2.546875, 3.546875]"
False,8105,0,35915,1,"[3.125, 2.703125, 3.75, 2.765625]"
False,8106,0,35916,3,"[3.015625, 3.625, 3.671875, 2.890625]"
False,8107,1,35919,0,"[2.703125, 2.875, 3.78125, 3.0]"
False,8108,3,35921,1,"[3.421875, 3.328125, 3.828125, 4.1875]"
False,8109,0,35928,1,"[3.40625, 1.796875, 2.65625, 3.109375]"
False,8110,2,35938,0,"[2.671875, 3.390625, 2.953125, 3.6875]"
False,8111,3,35941,0,"[2.515625, 3.625, 3.375, 3.359375]"
True,8112,1,35942,1,"[3.0, 1.390625, 3.125, 3.53125]"
False,8113,2,35943,0,"[2.546875, 2.96875, 3.078125, 2.609375]"
False,8114,0,35952,1,"[2.953125, 2.4375, 2.65625, 2.515625]"
False,8115,0,35957,3,"[2.890625, 3.171875, 2.65625, 2.34375]"
True,8116,3,35958,3,"[2.9375, 3.046875, 3.078125, 2.390625]"
False,8117,1,35965,0,"[2.21875, 2.71875, 3.828125, 2.75]"
False,8118,1,35972,3,"[3.3125, 2.4375, 2.671875, 2.3125]"
False,8119,3,35975,1,"[3.28125, 2.875, 3.390625, 3.390625]"
True,8120,2,35980,2,"[3.203125, 2.390625, 2.265625, 2.375]"
False,8121,0,35981,3,"[4.21875, 3.625, 3.265625, 2.75]"
False,8122,3,35983,1,"[2.921875, 2.875, 3.375, 3.53125]"
False,8123,0,35998,2,"[2.578125, 2.890625, 2.515625, 3.03125]"
False,8124,0,36004,2,"[3.015625, 3.125, 2.875, 2.90625]"
True,8125,0,36005,0,"[2.609375, 3.453125, 3.625, 3.53125]"
False,8126,0,36009,3,"[2.78125, 2.828125, 2.28125, 2.265625]"
False,8127,0,36010,2,"[3.625, 2.921875, 2.21875, 3.359375]"
True,8128,0,36027,0,"[1.9453125, 2.484375, 4.78125, 2.265625]"
False,8129,2,36029,1,"[3.09375, 2.90625, 3.609375, 3.296875]"
False,8130,1,36031,2,"[2.984375, 2.828125, 2.703125, 2.75]"
True,8131,3,36036,3,"[3.15625, 3.015625, 2.453125, 2.4375]"
False,8132,1,36046,2,"[2.671875, 3.109375, 2.1875, 2.828125]"
False,8133,0,36056,1,"[3.859375, 2.5625, 3.53125, 3.171875]"
False,8134,0,36059,3,"[3.265625, 3.40625, 3.296875, 2.5625]"
True,8135,3,36066,3,"[3.078125, 3.046875, 3.375, 2.765625]"
True,8136,0,36087,0,"[2.171875, 2.828125, 2.890625, 2.25]"
False,8137,3,36089,0,"[2.0625, 2.390625, 2.78125, 3.515625]"
False,8138,1,36101,3,"[3.78125, 2.796875, 3.203125, 2.1875]"
True,8139,0,36108,0,"[2.203125, 2.828125, 2.234375, 2.46875]"
False,8140,1,36109,2,"[2.96875, 2.921875, 2.109375, 2.578125]"
True,8141,1,36115,1,"[2.640625, 2.359375, 3.890625, 2.59375]"
True,8142,3,36116,3,"[3.046875, 2.796875, 2.71875, 2.203125]"
False,8143,1,36117,0,"[2.71875, 3.484375, 2.9375, 3.390625]"
False,8144,3,36118,2,"[3.0625, 3.125, 3.0, 3.078125]"
False,8145,0,36125,2,"[3.5625, 3.46875, 2.40625, 4.09375]"
True,8146,2,36136,2,"[3.28125, 3.625, 3.15625, 3.96875]"
False,8147,3,36145,1,"[3.390625, 3.296875, 3.390625, 3.515625]"
False,8148,0,36148,3,"[2.890625, 3.015625, 3.4375, 2.359375]"
False,8149,0,36149,3,"[2.96875, 2.5, 3.640625, 2.140625]"
False,8150,3,36158,1,"[3.0, 2.640625, 3.078125, 2.640625]"
True,8151,1,36161,1,"[2.953125, 2.671875, 3.03125, 2.71875]"
False,8152,1,36164,3,"[2.65625, 2.265625, 2.28125, 2.046875]"
False,8153,0,36166,2,"[2.609375, 2.171875, 2.0, 2.53125]"
False,8154,2,36176,1,"[2.375, 1.640625, 2.296875, 2.1875]"
False,8155,0,36177,3,"[3.90625, 3.171875, 3.859375, 2.671875]"
False,8156,2,36186,0,"[2.265625, 2.953125, 2.390625, 3.40625]"
False,8157,3,36187,2,"[3.21875, 3.96875, 3.203125, 3.359375]"
False,8158,1,36208,2,"[3.234375, 3.421875, 2.21875, 2.84375]"
True,8159,3,36214,3,"[3.359375, 2.984375, 3.171875, 2.921875]"
True,8160,0,36234,0,"[2.28125, 2.609375, 3.34375, 2.46875]"
False,8161,3,36238,1,"[3.5625, 2.40625, 3.359375, 3.5625]"
False,8162,1,36241,2,"[2.984375, 2.609375, 2.546875, 2.71875]"
True,8163,0,36242,0,"[2.8125, 3.515625, 3.375, 3.625]"
False,8164,3,36247,0,"[2.34375, 2.75, 3.1875, 2.890625]"
False,8165,0,36263,1,"[2.859375, 1.9375, 3.28125, 3.609375]"
False,8166,1,36265,3,"[3.609375, 3.453125, 2.578125, 2.3125]"
False,8167,3,36267,2,"[2.6875, 3.609375, 2.46875, 3.515625]"
False,8168,2,36275,3,"[3.0625, 3.53125, 2.578125, 1.8125]"
False,8169,2,36276,1,"[3.4375, 2.984375, 3.40625, 3.34375]"
False,8170,1,36283,3,"[2.6875, 2.59375, 3.078125, 2.484375]"
False,8171,0,36315,2,"[3.28125, 2.71875, 2.25, 3.046875]"
False,8172,2,36320,3,"[3.390625, 3.6875, 3.984375, 2.78125]"
False,8173,3,36335,2,"[2.546875, 3.03125, 1.9921875, 2.140625]"
False,8174,1,36338,2,"[2.890625, 2.671875, 2.015625, 3.484375]"
True,8175,2,36346,2,"[2.765625, 2.953125, 2.734375, 3.640625]"
True,8176,3,36347,3,"[3.4375, 2.921875, 3.640625, 2.78125]"
True,8177,1,36351,1,"[3.453125, 2.234375, 3.1875, 3.078125]"
False,8178,0,36353,1,"[3.75, 2.40625, 2.953125, 3.125]"
True,8179,2,36358,2,"[3.46875, 2.75, 2.375, 3.78125]"
False,8180,2,36360,3,"[3.109375, 3.4375, 3.25, 2.390625]"
False,8181,0,36368,3,"[3.015625, 3.421875, 2.453125, 2.046875]"
False,8182,2,36374,0,"[2.390625, 2.609375, 2.515625, 2.84375]"
False,8183,3,36379,0,"[1.8125, 2.328125, 2.015625, 3.046875]"
True,8184,3,36387,3,"[3.3125, 3.421875, 2.609375, 2.5]"
True,8185,0,36389,0,"[2.9375, 3.453125, 3.734375, 3.109375]"
False,8186,0,36400,2,"[3.375, 3.5, 2.484375, 3.09375]"
True,8187,0,36403,0,"[2.59375, 2.96875, 3.515625, 3.921875]"
False,8188,2,36406,3,"[3.53125, 3.0625, 3.359375, 2.734375]"
True,8189,2,36410,2,"[3.78125, 3.6875, 2.046875, 2.671875]"
False,8190,2,36440,3,"[3.453125, 4.09375, 3.546875, 3.34375]"
True,8191,1,36448,1,"[4.4375, 3.65625, 4.71875, 4.09375]"
False,8192,2,36453,1,"[2.828125, 2.640625, 3.078125, 3.234375]"
True,8193,1,36471,1,"[4.34375, 2.34375, 3.15625, 3.90625]"
False,8194,0,36480,1,"[2.609375, 2.546875, 2.90625, 3.75]"
False,8195,0,36482,3,"[4.25, 3.328125, 3.609375, 1.546875]"
False,8196,0,36484,1,"[2.875, 2.84375, 3.125, 3.140625]"
False,8197,2,36489,0,"[2.296875, 2.578125, 3.1875, 2.734375]"
False,8198,2,36508,0,"[2.9375, 4.34375, 4.6875, 3.25]"
True,8199,2,36516,2,"[3.234375, 2.765625, 2.640625, 3.9375]"
True,8200,3,36523,3,"[3.9375, 2.546875, 2.546875, 1.6875]"
True,8201,0,36525,0,"[2.921875, 2.984375, 3.03125, 3.046875]"
False,8202,0,36528,3,"[3.09375, 3.09375, 3.09375, 2.875]"
False,8203,1,36536,0,"[2.390625, 2.484375, 2.953125, 3.109375]"
False,8204,2,36537,3,"[3.015625, 2.9375, 2.90625, 2.6875]"
False,8205,1,36540,0,"[2.921875, 3.421875, 3.25, 3.875]"
False,8206,2,36554,3,"[3.046875, 2.703125, 2.53125, 2.515625]"
True,8207,1,36559,1,"[2.734375, 2.609375, 3.6875, 2.6875]"
True,8208,1,36582,1,"[2.796875, 2.375, 3.609375, 3.078125]"
False,8209,1,36587,3,"[3.171875, 2.921875, 2.703125, 2.53125]"
True,8210,3,36610,3,"[3.140625, 3.046875, 3.84375, 2.53125]"
False,8211,0,36616,3,"[3.625, 3.4375, 4.09375, 3.359375]"
True,8212,1,36628,1,"[2.765625, 2.390625, 3.171875, 2.46875]"
False,8213,3,36633,2,"[3.5, 2.671875, 2.53125, 2.703125]"
False,8214,0,36641,1,"[2.84375, 2.3125, 3.125, 2.828125]"
True,8215,0,36644,0,"[3.3125, 3.59375, 4.46875, 5.4375]"
True,8216,1,36652,1,"[3.296875, 2.65625, 2.9375, 2.828125]"
False,8217,2,36655,3,"[3.078125, 2.765625, 3.71875, 2.390625]"
False,8218,1,36658,0,"[2.46875, 3.09375, 2.546875, 3.578125]"
True,8219,1,36659,1,"[3.515625, 2.375, 3.25, 2.875]"
False,8220,3,36665,2,"[4.21875, 3.125, 2.21875, 3.71875]"
False,8221,0,36666,2,"[2.953125, 3.34375, 2.59375, 3.078125]"
False,8222,1,36671,3,"[2.671875, 3.1875, 3.875, 2.203125]"
False,8223,1,36672,2,"[3.34375, 2.4375, 2.109375, 2.1875]"
True,8224,2,36681,2,"[3.546875, 3.140625, 2.1875, 3.796875]"
False,8225,1,36686,0,"[2.890625, 3.8125, 3.015625, 3.453125]"
False,8226,2,36692,0,"[2.109375, 2.40625, 2.5, 3.0625]"
False,8227,2,36698,0,"[1.7578125, 3.40625, 2.90625, 2.5625]"
False,8228,2,36703,0,"[2.34375, 3.375, 3.265625, 3.421875]"
True,8229,3,36716,3,"[4.21875, 3.578125, 3.5625, 3.25]"
False,8230,3,36727,0,"[2.59375, 3.5, 2.71875, 3.671875]"
False,8231,1,36733,3,"[3.046875, 3.421875, 3.296875, 2.859375]"
False,8232,1,36741,3,"[2.859375, 2.59375, 2.9375, 2.1875]"
True,8233,1,36751,1,"[3.25, 2.96875, 3.59375, 3.078125]"
True,8234,2,36761,2,"[3.359375, 3.3125, 2.875, 3.359375]"
False,8235,3,36763,0,"[2.21875, 3.890625, 3.5625, 3.75]"
False,8236,1,36787,0,"[2.65625, 3.1875, 3.046875, 4.28125]"
False,8237,0,36792,1,"[3.046875, 2.734375, 3.5625, 3.03125]"
True,8238,2,36798,2,"[2.859375, 3.75, 2.828125, 2.96875]"
False,8239,3,36799,0,"[2.390625, 3.078125, 2.9375, 2.59375]"
True,8240,2,36806,2,"[4.53125, 4.28125, 3.265625, 4.875]"
False,8241,1,36810,0,"[2.265625, 2.984375, 2.921875, 2.40625]"
True,8242,3,36821,3,"[3.390625, 3.453125, 3.59375, 3.21875]"
True,8243,3,36822,3,"[1.9609375, 3.109375, 2.703125, 1.5703125]"
False,8244,0,36824,2,"[2.859375, 3.25, 2.40625, 2.8125]"
False,8245,2,36830,1,"[3.4375, 3.125, 4.0625, 3.5]"
True,8246,3,36855,3,"[2.96875, 2.578125, 2.28125, 2.234375]"
False,8247,1,36870,2,"[2.875, 3.140625, 2.6875, 3.828125]"
False,8248,2,36871,3,"[3.125, 3.125, 3.0, 2.390625]"
False,8249,2,36886,3,"[4.21875, 3.140625, 3.90625, 3.125]"
False,8250,2,36901,3,"[3.890625, 4.15625, 3.046875, 2.734375]"
False,8251,3,36902,0,"[2.453125, 2.640625, 3.203125, 2.875]"
False,8252,3,36904,2,"[3.046875, 3.375, 2.5625, 2.890625]"
False,8253,2,36910,0,"[2.9375, 3.421875, 3.40625, 3.359375]"
False,8254,0,36912,3,"[3.546875, 3.640625, 3.328125, 2.4375]"
True,8255,0,36917,0,"[2.59375, 3.625, 3.296875, 3.515625]"
True,8256,2,36927,2,"[3.078125, 3.046875, 2.6875, 3.265625]"
False,8257,0,36928,1,"[3.203125, 2.890625, 3.671875, 3.765625]"
False,8258,2,36935,0,"[2.453125, 3.6875, 2.953125, 2.71875]"
True,8259,3,36956,3,"[3.546875, 3.21875, 3.5, 2.984375]"
False,8260,2,36991,0,"[2.4375, 2.78125, 3.28125, 3.0625]"
True,8261,1,36995,1,"[3.65625, 2.515625, 2.9375, 2.90625]"
True,8262,3,37000,3,"[4.25, 3.03125, 3.140625, 2.84375]"
False,8263,3,37003,2,"[3.75, 3.46875, 3.453125, 4.03125]"
True,8264,3,37009,3,"[3.953125, 4.375, 3.84375, 3.59375]"
False,8265,1,37021,2,"[2.890625, 3.484375, 2.859375, 3.34375]"
False,8266,1,37024,2,"[3.75, 3.109375, 2.421875, 2.765625]"
True,8267,0,37026,0,"[2.5625, 3.03125, 2.59375, 3.9375]"
False,8268,2,37035,0,"[2.796875, 3.703125, 3.40625, 3.125]"
False,8269,2,37048,0,"[2.515625, 3.234375, 2.84375, 3.9375]"
True,8270,2,37054,2,"[3.890625, 2.984375, 2.59375, 3.953125]"
False,8271,2,37057,0,"[2.34375, 3.75, 3.984375, 2.921875]"
False,8272,2,37063,3,"[2.71875, 3.265625, 2.890625, 2.421875]"
False,8273,1,37076,3,"[3.21875, 2.859375, 2.8125, 2.5625]"
False,8274,1,37084,3,"[3.53125, 3.765625, 2.8125, 2.65625]"
False,8275,1,37090,0,"[2.6875, 3.234375, 3.34375, 3.015625]"
False,8276,0,37091,2,"[2.65625, 2.78125, 2.265625, 2.453125]"
False,8277,3,37097,2,"[3.015625, 2.375, 2.25, 2.84375]"
True,8278,2,37098,2,"[3.46875, 3.46875, 2.984375, 4.90625]"
False,8279,3,37099,2,"[4.09375, 3.015625, 2.46875, 2.796875]"
True,8280,0,37100,0,"[2.6875, 3.125, 2.765625, 2.828125]"
False,8281,2,37102,0,"[2.203125, 3.34375, 2.75, 3.171875]"
False,8282,3,37108,0,"[2.015625, 2.9375, 2.484375, 2.8125]"
True,8283,3,37114,3,"[3.625, 3.0625, 3.21875, 3.046875]"
False,8284,0,37119,2,"[3.4375, 3.453125, 2.640625, 3.453125]"
False,8285,0,37132,1,"[3.0625, 2.796875, 3.171875, 3.609375]"
False,8286,3,37137,1,"[3.84375, 3.015625, 3.078125, 3.375]"
False,8287,1,37145,2,"[2.90625, 3.453125, 2.75, 3.40625]"
True,8288,0,37149,0,"[2.0625, 3.3125, 2.65625, 3.15625]"
False,8289,0,37173,3,"[2.3125, 3.53125, 2.703125, 1.7578125]"
False,8290,2,37183,0,"[2.625, 2.765625, 3.078125, 3.34375]"
False,8291,1,37188,0,"[2.21875, 3.53125, 2.90625, 3.5625]"
True,8292,3,37191,3,"[3.390625, 2.625, 2.453125, 2.28125]"
True,8293,0,37214,0,"[2.75, 3.84375, 2.828125, 3.421875]"
False,8294,2,37240,3,"[2.875, 3.0, 4.09375, 2.03125]"
True,8295,2,37244,2,"[2.84375, 2.40625, 2.109375, 3.1875]"
False,8296,3,37253,2,"[3.65625, 3.53125, 3.15625, 3.453125]"
True,8297,2,37259,2,"[3.453125, 3.40625, 2.78125, 2.890625]"
False,8298,2,37270,3,"[2.953125, 2.921875, 2.984375, 2.21875]"
False,8299,0,37275,1,"[2.703125, 2.5625, 3.953125, 3.703125]"
True,8300,0,37276,0,"[2.4375, 2.78125, 2.671875, 2.5625]"
True,8301,3,37280,3,"[3.03125, 2.96875, 2.953125, 2.546875]"
True,8302,0,37283,0,"[2.578125, 3.265625, 3.5, 3.09375]"
True,8303,2,37286,2,"[3.375, 3.359375, 2.578125, 3.40625]"
False,8304,1,37304,3,"[3.171875, 2.859375, 4.15625, 2.71875]"
False,8305,1,37309,2,"[2.953125, 2.640625, 2.609375, 3.453125]"
False,8306,2,37334,3,"[3.328125, 3.125, 3.484375, 3.078125]"
True,8307,0,37335,0,"[2.65625, 4.40625, 3.265625, 2.875]"
False,8308,3,37340,2,"[2.90625, 2.734375, 2.609375, 2.984375]"
False,8309,3,37345,2,"[2.765625, 3.65625, 2.671875, 3.0625]"
True,8310,1,37354,1,"[4.09375, 4.0, 4.5625, 4.3125]"
False,8311,2,37358,1,"[3.25, 2.546875, 3.109375, 2.5625]"
False,8312,0,37370,3,"[3.625, 2.765625, 2.875, 2.65625]"
False,8313,3,37373,1,"[4.0625, 3.453125, 3.859375, 4.34375]"
True,8314,0,37374,0,"[2.953125, 3.25, 4.375, 3.390625]"
False,8315,3,37375,2,"[3.21875, 4.03125, 3.125, 3.34375]"
True,8316,1,37379,1,"[2.890625, 2.3125, 2.609375, 3.625]"
False,8317,1,37396,3,"[3.53125, 3.140625, 3.296875, 2.359375]"
True,8318,2,37398,2,"[4.0, 2.8125, 2.140625, 3.03125]"
True,8319,3,37413,3,"[3.390625, 3.046875, 3.46875, 2.9375]"
False,8320,1,37429,0,"[2.6875, 2.734375, 3.09375, 2.875]"
False,8321,2,37444,0,"[2.75, 2.890625, 2.875, 3.65625]"
False,8322,3,37446,1,"[3.71875, 3.09375, 3.59375, 3.671875]"
False,8323,3,37462,2,"[3.296875, 2.890625, 2.796875, 3.40625]"
False,8324,0,37463,2,"[2.71875, 2.71875, 2.046875, 2.609375]"
True,8325,3,37469,3,"[3.28125, 3.3125, 3.3125, 2.234375]"
True,8326,0,37489,0,"[2.0, 2.515625, 2.734375, 3.796875]"
False,8327,2,37498,0,"[2.203125, 3.9375, 2.21875, 2.53125]"
True,8328,3,37502,3,"[2.6875, 3.3125, 2.875, 2.625]"
False,8329,3,37505,2,"[2.984375, 3.0, 2.359375, 2.359375]"
False,8330,3,37514,1,"[3.484375, 2.796875, 3.484375, 3.078125]"
False,8331,2,37520,0,"[2.8125, 3.296875, 2.828125, 3.46875]"
True,8332,2,37526,2,"[4.34375, 3.234375, 2.328125, 3.296875]"
False,8333,0,37528,3,"[3.609375, 3.359375, 3.421875, 2.765625]"
False,8334,1,37533,2,"[2.90625, 3.09375, 2.828125, 3.171875]"
True,8335,0,37542,0,"[2.15625, 2.875, 2.640625, 2.78125]"
False,8336,0,37549,1,"[3.46875, 2.765625, 3.0625, 3.09375]"
False,8337,0,37550,3,"[2.3125, 2.609375, 2.4375, 1.9375]"
True,8338,0,37551,0,"[2.203125, 2.828125, 3.921875, 2.625]"
False,8339,2,37553,1,"[3.34375, 2.484375, 2.6875, 2.6875]"
False,8340,2,37556,0,"[2.4375, 3.15625, 3.40625, 2.71875]"
False,8341,3,37577,0,"[2.484375, 3.515625, 3.03125, 3.296875]"
False,8342,2,37607,1,"[3.265625, 2.40625, 3.40625, 2.765625]"
True,8343,2,37613,2,"[2.1875, 2.25, 1.8515625, 2.296875]"
True,8344,3,37626,3,"[5.40625, 3.921875, 2.859375, 2.5]"
False,8345,1,37632,2,"[3.40625, 3.578125, 2.484375, 3.09375]"
True,8346,2,37637,2,"[4.0, 3.15625, 3.0, 3.140625]"
False,8347,0,37640,1,"[3.015625, 2.265625, 2.796875, 2.75]"
False,8348,1,37648,0,"[2.53125, 3.796875, 3.234375, 2.9375]"
False,8349,3,37658,2,"[2.578125, 2.78125, 2.109375, 3.015625]"
False,8350,0,37659,2,"[3.109375, 3.59375, 2.765625, 2.796875]"
False,8351,0,37670,3,"[2.890625, 3.40625, 4.1875, 2.703125]"
False,8352,2,37672,0,"[2.625, 2.84375, 2.84375, 3.46875]"
False,8353,1,37676,2,"[3.171875, 3.234375, 2.34375, 3.140625]"
False,8354,1,37679,2,"[3.078125, 2.234375, 1.78125, 2.921875]"
True,8355,1,37689,1,"[3.296875, 2.703125, 2.953125, 3.484375]"
False,8356,0,37690,1,"[2.796875, 2.703125, 2.921875, 3.0]"
False,8357,2,37698,1,"[2.5, 1.9453125, 2.734375, 2.546875]"
False,8358,3,37699,0,"[2.703125, 2.90625, 3.953125, 3.546875]"
False,8359,3,37705,2,"[2.953125, 2.78125, 2.765625, 3.90625]"
False,8360,0,37708,1,"[3.28125, 2.21875, 3.25, 2.328125]"
False,8361,1,37716,3,"[3.078125, 3.328125, 2.8125, 2.625]"
True,8362,3,37720,3,"[3.328125, 3.328125, 3.9375, 3.03125]"
False,8363,1,37721,2,"[3.703125, 2.921875, 2.515625, 3.28125]"
False,8364,2,37723,1,"[2.96875, 2.828125, 3.546875, 3.546875]"
False,8365,0,37729,1,"[4.09375, 2.75, 3.9375, 4.03125]"
True,8366,1,37738,1,"[3.75, 2.921875, 3.359375, 3.21875]"
False,8367,2,37743,1,"[3.390625, 2.203125, 2.796875, 3.703125]"
False,8368,1,37749,0,"[2.921875, 3.34375, 3.15625, 3.1875]"
False,8369,2,37750,0,"[2.125, 3.203125, 2.5625, 3.125]"
False,8370,2,37751,0,"[1.9765625, 4.34375, 2.796875, 3.5]"
False,8371,3,37754,0,"[2.421875, 3.8125, 4.15625, 2.671875]"
True,8372,1,37760,1,"[2.828125, 2.546875, 3.140625, 3.90625]"
False,8373,2,37762,0,"[2.53125, 2.6875, 2.953125, 3.78125]"
False,8374,2,37787,3,"[2.921875, 3.65625, 2.96875, 2.890625]"
False,8375,1,37795,0,"[3.078125, 3.5625, 3.40625, 3.921875]"
False,8376,3,37823,2,"[3.5625, 2.796875, 2.59375, 2.734375]"
False,8377,1,37839,2,"[3.6875, 3.25, 2.953125, 3.59375]"
False,8378,2,37842,0,"[2.640625, 2.796875, 2.890625, 3.46875]"
False,8379,3,37845,0,"[1.8125, 2.203125, 2.875, 3.78125]"
False,8380,2,37849,3,"[4.0625, 3.046875, 2.65625, 2.609375]"
True,8381,0,37860,0,"[1.71875, 3.40625, 3.0625, 3.0]"
False,8382,1,37867,0,"[1.09375, 2.96875, 3.125, 2.078125]"
False,8383,2,37869,1,"[2.46875, 1.8125, 3.140625, 2.359375]"
False,8384,2,37876,3,"[3.296875, 3.046875, 3.046875, 2.6875]"
False,8385,2,37889,0,"[1.9296875, 3.234375, 2.546875, 3.140625]"
True,8386,1,37909,1,"[3.640625, 2.546875, 3.125, 4.1875]"
True,8387,2,37916,2,"[3.546875, 4.25, 2.328125, 3.6875]"
True,8388,0,37920,0,"[2.5, 3.296875, 4.96875, 3.6875]"
False,8389,0,37921,2,"[2.9375, 3.3125, 2.359375, 3.03125]"
False,8390,0,37922,2,"[2.453125, 3.390625, 2.421875, 2.59375]"
False,8391,0,37930,3,"[2.390625, 2.953125, 3.265625, 1.8203125]"
False,8392,0,37941,1,"[2.359375, 2.265625, 3.703125, 3.25]"
True,8393,2,37952,2,"[3.53125, 4.96875, 2.875, 2.890625]"
False,8394,1,37953,2,"[3.578125, 3.6875, 2.4375, 2.703125]"
False,8395,2,37956,1,"[3.0, 2.921875, 3.25, 3.078125]"
True,8396,1,37964,1,"[3.640625, 2.171875, 2.328125, 3.09375]"
False,8397,1,37968,0,"[2.8125, 3.625, 3.203125, 3.3125]"
False,8398,1,37974,3,"[3.25, 3.65625, 3.25, 3.0625]"
True,8399,2,37977,2,"[3.40625, 3.109375, 2.421875, 4.0]"
False,8400,3,37978,0,"[2.6875, 3.328125, 3.203125, 3.09375]"
False,8401,2,37993,0,"[2.53125, 3.109375, 2.90625, 3.359375]"
False,8402,2,38002,0,"[2.578125, 3.390625, 3.4375, 2.921875]"
False,8403,0,38005,2,"[3.375, 3.546875, 2.796875, 3.546875]"
False,8404,0,38014,2,"[2.578125, 3.09375, 2.5625, 3.265625]"
False,8405,1,38018,2,"[2.8125, 2.8125, 2.609375, 3.109375]"
True,8406,1,38050,1,"[3.828125, 2.0625, 2.6875, 2.890625]"
False,8407,2,38054,0,"[2.8125, 3.75, 3.34375, 2.84375]"
False,8408,0,38056,2,"[2.828125, 2.78125, 2.265625, 3.515625]"
False,8409,3,38057,0,"[2.765625, 2.875, 3.984375, 3.46875]"
False,8410,0,38060,2,"[2.734375, 2.5, 2.328125, 2.90625]"
False,8411,2,38061,0,"[2.125, 2.578125, 2.71875, 2.859375]"
False,8412,1,38064,3,"[2.484375, 2.671875, 2.984375, 2.296875]"
False,8413,3,38080,0,"[2.78125, 3.15625, 3.296875, 3.640625]"
True,8414,3,38085,3,"[2.953125, 2.984375, 3.15625, 2.328125]"
False,8415,0,38088,1,"[3.453125, 3.046875, 3.9375, 3.21875]"
False,8416,2,38098,1,"[2.796875, 2.625, 3.1875, 3.578125]"
True,8417,1,38109,1,"[3.53125, 2.71875, 3.015625, 3.375]"
True,8418,0,38123,0,"[2.125, 2.96875, 3.515625, 3.5625]"
False,8419,0,38125,3,"[3.1875, 1.9921875, 3.453125, 1.796875]"
True,8420,2,38144,2,"[2.9375, 2.921875, 2.671875, 3.390625]"
False,8421,1,38145,3,"[2.328125, 2.96875, 2.8125, 2.046875]"
False,8422,2,38179,3,"[3.03125, 3.1875, 3.125, 2.828125]"
False,8423,2,38187,3,"[3.453125, 3.828125, 3.28125, 2.6875]"
False,8424,0,38196,3,"[3.5625, 2.875, 2.4375, 2.34375]"
True,8425,0,38205,0,"[2.375, 2.640625, 3.265625, 2.875]"
False,8426,1,38221,2,"[4.03125, 3.359375, 2.796875, 3.421875]"
False,8427,2,38223,1,"[2.78125, 2.515625, 2.578125, 3.046875]"
False,8428,2,38225,1,"[2.46875, 2.4375, 2.9375, 3.078125]"
True,8429,0,38252,0,"[1.4453125, 2.265625, 3.546875, 2.515625]"
False,8430,0,38258,2,"[4.21875, 3.40625, 3.140625, 3.296875]"
True,8431,3,38262,3,"[4.8125, 4.25, 3.640625, 3.0625]"
False,8432,0,38266,2,"[2.859375, 2.671875, 2.359375, 2.421875]"
False,8433,2,38268,1,"[4.03125, 2.890625, 3.9375, 4.21875]"
True,8434,2,38270,2,"[3.78125, 3.703125, 3.203125, 3.9375]"
False,8435,2,38283,1,"[3.96875, 2.640625, 3.03125, 3.03125]"
False,8436,2,38284,3,"[2.71875, 2.78125, 2.328125, 1.9921875]"
False,8437,2,38285,1,"[3.171875, 2.484375, 3.125, 3.734375]"
False,8438,2,38297,1,"[2.671875, 2.28125, 3.328125, 2.53125]"
False,8439,3,38302,0,"[2.546875, 2.78125, 2.9375, 2.546875]"
True,8440,0,38308,0,"[2.15625, 2.828125, 3.078125, 2.859375]"
False,8441,1,38312,0,"[2.5, 3.328125, 3.109375, 2.796875]"
False,8442,3,38322,1,"[3.859375, 2.78125, 2.828125, 2.8125]"
False,8443,1,38323,2,"[3.578125, 3.3125, 3.171875, 3.421875]"
False,8444,2,38325,3,"[3.46875, 3.71875, 2.96875, 2.5]"
False,8445,0,38329,2,"[2.453125, 3.375, 2.4375, 2.453125]"
True,8446,1,38332,1,"[3.234375, 2.109375, 3.0625, 3.375]"
False,8447,2,38341,1,"[3.65625, 2.953125, 2.953125, 3.265625]"
False,8448,2,38350,1,"[2.921875, 2.734375, 2.765625, 3.125]"
False,8449,2,38358,0,"[2.15625, 2.8125, 2.28125, 2.796875]"
False,8450,3,38362,2,"[3.09375, 2.796875, 1.8671875, 3.53125]"
False,8451,0,38365,1,"[3.71875, 2.1875, 3.03125, 3.09375]"
False,8452,3,38381,0,"[2.84375, 2.890625, 3.3125, 4.0]"
False,8453,2,38402,0,"[2.765625, 4.21875, 3.0, 3.234375]"
False,8454,2,38416,0,"[2.765625, 2.921875, 2.9375, 2.96875]"
True,8455,2,38425,2,"[3.0625, 3.953125, 2.375, 3.265625]"
False,8456,2,38429,0,"[2.34375, 2.6875, 3.453125, 3.25]"
False,8457,1,38439,2,"[3.078125, 2.046875, 1.59375, 2.703125]"
False,8458,2,38443,0,"[2.375, 2.75, 2.46875, 2.640625]"
False,8459,0,38488,1,"[3.421875, 2.59375, 3.296875, 3.40625]"
True,8460,0,38490,0,"[2.90625, 3.84375, 3.0625, 2.953125]"
True,8461,0,38496,0,"[2.34375, 3.9375, 2.859375, 2.484375]"
False,8462,1,38507,0,"[2.546875, 3.390625, 2.734375, 2.703125]"
False,8463,3,38521,2,"[2.828125, 2.828125, 2.640625, 3.0625]"
False,8464,0,38522,2,"[3.421875, 3.734375, 2.875, 3.640625]"
False,8465,3,38529,1,"[2.515625, 2.484375, 2.984375, 2.875]"
False,8466,1,38540,2,"[3.71875, 2.9375, 2.828125, 2.984375]"
False,8467,0,38541,1,"[3.015625, 2.703125, 3.375, 3.078125]"
False,8468,0,38558,1,"[3.171875, 2.359375, 2.625, 3.0625]"
False,8469,0,38562,2,"[2.734375, 3.578125, 2.671875, 2.921875]"
False,8470,3,38567,0,"[2.234375, 2.53125, 3.4375, 2.6875]"
False,8471,1,38573,3,"[2.53125, 2.4375, 3.0, 2.078125]"
True,8472,1,38576,1,"[3.1875, 2.953125, 3.03125, 3.453125]"
False,8473,0,38578,1,"[3.046875, 2.59375, 3.03125, 3.34375]"
False,8474,1,38586,3,"[3.875, 3.0, 3.015625, 2.703125]"
False,8475,2,38588,1,"[2.671875, 2.09375, 2.5625, 2.984375]"
False,8476,2,38602,1,"[2.265625, 1.8828125, 3.328125, 2.84375]"
False,8477,3,38604,0,"[2.796875, 3.5, 3.1875, 3.484375]"
False,8478,1,38606,3,"[3.578125, 3.453125, 3.984375, 2.640625]"
False,8479,2,38608,1,"[2.59375, 1.984375, 2.546875, 2.765625]"
True,8480,0,38610,0,"[2.375, 3.09375, 2.4375, 2.375]"
False,8481,1,38628,3,"[2.75, 3.09375, 3.21875, 2.34375]"
False,8482,2,38639,0,"[2.296875, 3.234375, 3.125, 2.703125]"
True,8483,1,38647,1,"[3.984375, 2.75, 3.6875, 3.890625]"
False,8484,3,38654,0,"[2.671875, 3.59375, 3.875, 3.078125]"
False,8485,0,38656,3,"[2.890625, 2.703125, 2.734375, 2.375]"
False,8486,1,38658,2,"[3.40625, 3.203125, 2.75, 3.34375]"
False,8487,2,38660,0,"[2.28125, 3.21875, 3.609375, 3.546875]"
True,8488,1,38665,1,"[2.484375, 1.8515625, 2.578125, 2.265625]"
True,8489,3,38696,3,"[2.65625, 2.859375, 3.625, 2.4375]"
False,8490,1,38714,2,"[2.59375, 3.0625, 1.6171875, 3.265625]"
False,8491,3,38718,1,"[3.375, 2.828125, 2.859375, 3.25]"
False,8492,0,38728,3,"[3.453125, 2.96875, 3.390625, 2.234375]"
False,8493,1,38733,0,"[2.578125, 2.84375, 3.390625, 3.671875]"
False,8494,1,38736,0,"[2.34375, 3.21875, 2.8125, 2.734375]"
True,8495,2,38737,2,"[4.625, 4.03125, 2.578125, 3.71875]"
False,8496,0,38745,2,"[3.28125, 2.984375, 2.203125, 3.125]"
False,8497,2,38748,1,"[2.984375, 2.140625, 2.953125, 3.875]"
True,8498,3,38763,3,"[3.953125, 3.9375, 3.734375, 2.484375]"
True,8499,3,38770,3,"[3.140625, 3.015625, 2.8125, 2.75]"
False,8500,2,38773,3,"[3.28125, 2.578125, 3.71875, 2.53125]"
False,8501,2,38774,3,"[3.203125, 2.875, 3.09375, 2.625]"
False,8502,0,38835,3,"[2.546875, 3.09375, 3.609375, 2.046875]"
False,8503,0,38872,2,"[4.03125, 3.0625, 2.953125, 3.4375]"
False,8504,1,38880,2,"[2.6875, 3.34375, 2.515625, 2.59375]"
False,8505,1,38894,3,"[2.9375, 3.0, 3.46875, 2.625]"
False,8506,0,38912,1,"[2.5625, 2.46875, 2.796875, 2.90625]"
False,8507,2,38927,1,"[3.6875, 3.0, 3.1875, 3.5]"
True,8508,2,38935,2,"[4.03125, 2.921875, 2.796875, 3.34375]"
False,8509,1,38948,3,"[2.8125, 3.203125, 2.671875, 2.5625]"
False,8510,0,38957,3,"[2.8125, 2.203125, 4.15625, 1.5703125]"
False,8511,1,38968,0,"[3.046875, 3.90625, 3.203125, 3.234375]"
False,8512,1,38974,3,"[3.5, 3.3125, 3.3125, 2.359375]"
False,8513,3,38977,0,"[2.796875, 3.015625, 5.78125, 3.515625]"
False,8514,3,38986,2,"[3.828125, 2.234375, 1.640625, 2.140625]"
False,8515,2,39007,1,"[3.203125, 2.3125, 2.71875, 2.390625]"
False,8516,0,39012,3,"[3.40625, 3.40625, 3.625, 2.8125]"
False,8517,3,39021,1,"[3.0625, 2.578125, 2.859375, 3.59375]"
True,8518,2,39031,2,"[2.59375, 2.5625, 2.34375, 3.109375]"
False,8519,3,39035,1,"[3.78125, 3.0625, 4.21875, 3.921875]"
False,8520,0,39039,3,"[2.65625, 2.546875, 2.65625, 1.890625]"
True,8521,3,39041,3,"[3.671875, 4.09375, 3.796875, 3.0625]"
False,8522,1,39053,3,"[3.375, 3.25, 4.125, 2.078125]"
False,8523,0,39059,2,"[3.5, 2.796875, 2.734375, 3.71875]"
False,8524,0,39064,3,"[2.859375, 2.765625, 3.15625, 2.484375]"
False,8525,2,39068,3,"[3.109375, 3.828125, 2.8125, 2.453125]"
False,8526,0,39076,1,"[2.625, 2.265625, 2.6875, 2.625]"
True,8527,0,39085,0,"[3.03125, 3.0625, 3.28125, 3.21875]"
False,8528,1,39088,2,"[2.703125, 2.625, 2.0625, 3.015625]"
False,8529,0,39091,1,"[3.078125, 2.78125, 3.78125, 3.109375]"
False,8530,3,39097,1,"[3.734375, 2.859375, 3.65625, 2.984375]"
False,8531,0,39100,2,"[3.65625, 3.078125, 2.625, 2.890625]"
True,8532,0,39110,0,"[2.90625, 3.0625, 2.921875, 3.0625]"
False,8533,1,39111,3,"[4.03125, 4.09375, 3.015625, 2.4375]"
False,8534,2,39118,1,"[3.375, 2.421875, 2.453125, 3.25]"
True,8535,2,39120,2,"[3.109375, 3.234375, 2.421875, 2.75]"
True,8536,3,39129,3,"[3.03125, 3.09375, 3.578125, 2.171875]"
False,8537,0,39132,1,"[3.578125, 2.40625, 2.921875, 3.421875]"
False,8538,2,39135,0,"[3.015625, 3.65625, 4.03125, 3.5625]"
True,8539,1,39145,1,"[2.6875, 2.109375, 2.359375, 2.25]"
False,8540,3,39149,0,"[2.203125, 2.75, 2.578125, 3.578125]"
False,8541,0,39158,3,"[2.96875, 2.84375, 3.3125, 2.640625]"
False,8542,3,39161,1,"[3.265625, 2.796875, 4.34375, 3.109375]"
False,8543,0,39163,2,"[3.078125, 3.125, 2.65625, 2.953125]"
False,8544,1,39169,2,"[3.84375, 3.59375, 2.5625, 4.0]"
False,8545,1,39170,3,"[2.75, 2.640625, 3.15625, 2.609375]"
False,8546,3,39173,0,"[2.734375, 2.96875, 3.46875, 2.734375]"
False,8547,2,39176,1,"[3.171875, 2.734375, 3.3125, 3.625]"
True,8548,1,39184,1,"[3.46875, 2.296875, 2.875, 3.5]"
True,8549,0,39186,0,"[2.96875, 4.75, 3.046875, 3.578125]"
True,8550,3,39201,3,"[3.8125, 2.890625, 2.90625, 2.375]"
False,8551,3,39203,0,"[2.84375, 3.640625, 3.1875, 3.109375]"
False,8552,1,39220,3,"[3.53125, 3.171875, 2.515625, 2.234375]"
False,8553,1,39226,2,"[3.390625, 2.75, 2.6875, 2.984375]"
False,8554,3,39244,1,"[3.203125, 3.0, 3.3125, 3.0]"
True,8555,0,39250,0,"[1.96875, 3.046875, 2.625, 2.015625]"
False,8556,3,39258,2,"[3.859375, 4.125, 3.578125, 4.375]"
False,8557,3,39268,1,"[2.4375, 2.234375, 2.390625, 2.640625]"
False,8558,1,39275,2,"[3.171875, 3.25, 2.515625, 3.8125]"
False,8559,1,39299,2,"[3.5625, 2.234375, 1.6953125, 2.984375]"
False,8560,2,39300,0,"[2.796875, 2.984375, 3.578125, 2.859375]"
False,8561,1,39308,3,"[3.234375, 3.34375, 2.640625, 2.53125]"
False,8562,0,39309,3,"[3.125, 2.484375, 3.140625, 1.90625]"
False,8563,1,39311,3,"[3.390625, 2.71875, 3.125, 2.59375]"
False,8564,1,39312,0,"[2.703125, 3.3125, 3.109375, 2.78125]"
True,8565,1,39317,1,"[3.140625, 2.734375, 2.9375, 3.234375]"
False,8566,3,39321,0,"[2.3125, 2.625, 3.625, 2.4375]"
True,8567,2,39322,2,"[3.15625, 3.09375, 2.75, 3.0]"
False,8568,1,39356,2,"[2.53125, 3.0, 2.3125, 3.140625]"
False,8569,1,39373,0,"[2.609375, 3.125, 2.890625, 2.75]"
True,8570,3,39374,3,"[3.390625, 3.5, 3.0, 2.75]"
True,8571,1,39375,1,"[3.578125, 2.546875, 2.84375, 3.265625]"
True,8572,3,39378,3,"[2.84375, 3.015625, 2.765625, 2.640625]"
False,8573,2,39385,3,"[2.765625, 3.1875, 2.984375, 2.4375]"
False,8574,2,39398,3,"[3.8125, 3.1875, 3.5625, 2.828125]"
False,8575,1,39404,0,"[2.171875, 2.71875, 3.0, 2.46875]"
False,8576,3,39406,2,"[3.421875, 3.4375, 2.828125, 3.078125]"
False,8577,1,39420,3,"[3.21875, 2.328125, 2.265625, 2.03125]"
False,8578,2,39436,3,"[2.328125, 2.765625, 2.703125, 2.203125]"
True,8579,0,39438,0,"[2.25, 2.65625, 2.890625, 3.1875]"
False,8580,0,39463,2,"[4.375, 3.609375, 3.25, 3.8125]"
False,8581,3,39464,1,"[3.1875, 2.171875, 2.796875, 2.625]"
False,8582,3,39482,1,"[3.0625, 2.484375, 3.3125, 2.609375]"
False,8583,3,39484,1,"[3.015625, 2.6875, 3.453125, 3.234375]"
False,8584,3,39493,2,"[2.65625, 2.875, 2.34375, 2.375]"
False,8585,1,39495,2,"[3.0, 2.8125, 2.609375, 2.9375]"
False,8586,0,39497,3,"[3.125, 2.96875, 3.328125, 2.578125]"
False,8587,3,39501,1,"[3.53125, 2.921875, 4.09375, 4.125]"
False,8588,2,39509,1,"[3.578125, 2.875, 3.25, 3.53125]"
False,8589,1,39511,0,"[2.09375, 2.484375, 2.78125, 2.84375]"
False,8590,3,39516,0,"[2.28125, 2.703125, 3.078125, 3.25]"
False,8591,1,39528,0,"[2.75, 3.78125, 3.125, 2.75]"
True,8592,3,39533,3,"[2.546875, 3.765625, 2.515625, 2.46875]"
False,8593,1,39546,2,"[2.5, 2.984375, 2.0625, 2.859375]"
False,8594,2,39554,0,"[1.9375, 3.125, 2.921875, 2.890625]"
True,8595,1,39564,1,"[3.34375, 2.4375, 3.859375, 3.375]"
True,8596,2,39569,2,"[3.59375, 3.109375, 3.09375, 4.0625]"
False,8597,3,39572,2,"[3.640625, 3.125, 2.671875, 3.625]"
False,8598,1,39576,0,"[2.6875, 3.328125, 3.125, 2.84375]"
False,8599,3,39586,1,"[2.765625, 2.28125, 2.75, 2.515625]"
True,8600,0,39587,0,"[2.765625, 3.421875, 3.21875, 4.15625]"
False,8601,2,39595,3,"[3.375, 3.40625, 3.765625, 2.984375]"
True,8602,1,39602,1,"[2.53125, 1.875, 1.9296875, 2.46875]"
True,8603,1,39607,1,"[2.0, 1.765625, 3.0, 3.28125]"
True,8604,3,39609,3,"[2.6875, 3.71875, 2.640625, 2.40625]"
False,8605,0,39617,2,"[3.421875, 3.359375, 2.90625, 3.9375]"
True,8606,2,39631,2,"[2.40625, 2.046875, 2.0, 2.09375]"
False,8607,2,39642,3,"[3.359375, 3.375, 4.375, 2.984375]"
True,8608,0,39647,0,"[2.375, 3.421875, 3.40625, 3.3125]"
False,8609,0,39659,3,"[2.65625, 3.421875, 2.671875, 2.25]"
False,8610,3,39687,2,"[2.3125, 2.859375, 2.21875, 3.203125]"
False,8611,3,39689,1,"[2.9375, 2.671875, 2.828125, 3.125]"
True,8612,2,39696,2,"[3.015625, 2.921875, 2.84375, 2.890625]"
False,8613,1,39704,2,"[3.015625, 4.09375, 2.625, 3.28125]"
False,8614,0,39705,2,"[2.40625, 3.59375, 2.109375, 2.125]"
True,8615,2,39711,2,"[2.953125, 2.859375, 2.75, 3.15625]"
False,8616,1,39714,2,"[3.234375, 3.0625, 1.9140625, 3.625]"
True,8617,3,39726,3,"[2.5, 2.96875, 2.5, 2.453125]"
False,8618,0,39730,1,"[2.703125, 2.21875, 3.015625, 3.9375]"
True,8619,1,39731,1,"[3.171875, 3.078125, 3.21875, 3.71875]"
False,8620,2,39747,0,"[2.390625, 3.421875, 4.0625, 3.28125]"
False,8621,1,39748,0,"[3.484375, 4.46875, 3.625, 3.578125]"
True,8622,3,39754,3,"[3.171875, 3.109375, 3.234375, 2.40625]"
False,8623,3,39760,0,"[2.328125, 3.953125, 2.578125, 2.921875]"
False,8624,0,39781,3,"[2.59375, 2.90625, 2.890625, 2.359375]"
False,8625,0,39785,1,"[3.234375, 2.390625, 3.15625, 3.328125]"
False,8626,0,39801,1,"[2.859375, 2.71875, 3.296875, 2.921875]"
True,8627,3,39803,3,"[3.9375, 2.890625, 2.796875, 2.09375]"
True,8628,1,39808,1,"[2.75, 1.6484375, 2.78125, 3.15625]"
False,8629,1,39814,3,"[3.4375, 3.140625, 3.1875, 2.75]"
True,8630,2,39821,2,"[2.1875, 2.40625, 2.078125, 2.609375]"
False,8631,3,39832,1,"[3.25, 2.921875, 3.1875, 3.8125]"
False,8632,2,39835,1,"[3.171875, 3.0625, 3.125, 3.328125]"
False,8633,0,39839,1,"[3.0625, 2.34375, 2.359375, 3.484375]"
False,8634,3,39843,0,"[2.015625, 2.328125, 2.328125, 2.984375]"
False,8635,2,39852,0,"[2.03125, 2.546875, 3.0, 3.03125]"
False,8636,2,39853,0,"[2.265625, 3.0, 3.234375, 3.421875]"
True,8637,1,39866,1,"[3.546875, 2.453125, 3.15625, 2.515625]"
False,8638,0,39875,1,"[2.65625, 2.234375, 2.59375, 2.59375]"
False,8639,3,39897,0,"[2.109375, 3.28125, 2.328125, 2.234375]"
False,8640,1,39898,2,"[3.09375, 2.90625, 2.359375, 3.484375]"
False,8641,1,39900,0,"[2.578125, 2.578125, 2.84375, 3.0625]"
False,8642,2,39915,1,"[2.65625, 2.625, 2.71875, 2.859375]"
False,8643,1,39923,0,"[1.953125, 2.734375, 2.46875, 3.03125]"
False,8644,2,39937,3,"[3.71875, 3.4375, 3.234375, 3.09375]"
False,8645,2,39955,0,"[1.9453125, 3.0625, 2.375, 2.875]"
False,8646,3,39961,0,"[3.125, 4.125, 4.15625, 4.09375]"
False,8647,0,39972,2,"[2.3125, 3.203125, 1.8984375, 2.15625]"
True,8648,3,39975,3,"[2.5625, 2.765625, 2.953125, 2.46875]"
False,8649,0,39987,3,"[2.5, 2.78125, 2.78125, 2.234375]"
False,8650,1,40002,0,"[2.34375, 3.015625, 3.8125, 3.078125]"
True,8651,0,40007,0,"[2.109375, 3.328125, 2.6875, 2.484375]"
False,8652,3,40008,1,"[2.953125, 2.71875, 3.53125, 3.0625]"
False,8653,3,40010,2,"[2.65625, 1.9296875, 1.6875, 2.890625]"
False,8654,3,40019,1,"[2.640625, 2.484375, 3.171875, 3.359375]"
True,8655,1,40028,1,"[3.515625, 3.21875, 3.5, 3.40625]"
True,8656,0,40034,0,"[2.859375, 3.125, 3.0625, 3.171875]"
False,8657,3,40039,2,"[3.21875, 3.125, 2.375, 3.234375]"
False,8658,1,40047,3,"[3.3125, 3.015625, 3.09375, 2.953125]"
False,8659,3,40049,1,"[3.65625, 2.75, 3.03125, 3.015625]"
False,8660,0,40065,2,"[3.40625, 3.375, 2.484375, 3.75]"
True,8661,0,40066,0,"[2.265625, 3.328125, 2.6875, 2.59375]"
False,8662,0,40078,1,"[2.890625, 2.875, 2.875, 3.9375]"
False,8663,0,40098,1,"[4.25, 3.125, 3.4375, 3.15625]"
False,8664,2,40099,1,"[3.15625, 2.734375, 3.4375, 4.125]"
False,8665,1,40103,0,"[2.25, 2.40625, 2.875, 2.625]"
True,8666,2,40104,2,"[3.5, 2.515625, 2.359375, 3.625]"
False,8667,3,40105,0,"[2.59375, 3.71875, 3.265625, 3.078125]"
False,8668,3,40119,0,"[2.921875, 3.015625, 3.09375, 3.859375]"
False,8669,0,40143,1,"[2.78125, 2.53125, 2.578125, 2.75]"
False,8670,3,40153,1,"[2.546875, 2.28125, 2.65625, 3.796875]"
False,8671,1,40168,0,"[2.859375, 3.515625, 2.875, 3.234375]"
False,8672,3,40176,1,"[3.1875, 2.78125, 3.25, 3.453125]"
False,8673,3,40182,0,"[2.671875, 2.890625, 3.765625, 3.171875]"
False,8674,2,40192,3,"[2.890625, 3.015625, 2.734375, 2.3125]"
False,8675,2,40202,0,"[2.40625, 2.46875, 2.59375, 2.53125]"
True,8676,3,40203,3,"[2.953125, 3.0, 2.703125, 2.640625]"
True,8677,1,40207,1,"[3.71875, 2.796875, 3.34375, 3.90625]"
True,8678,0,40212,0,"[2.625, 3.5625, 3.28125, 3.21875]"
False,8679,2,40220,0,"[3.296875, 3.3125, 3.4375, 3.78125]"
True,8680,0,40243,0,"[2.703125, 3.8125, 2.84375, 3.15625]"
False,8681,3,40248,1,"[3.515625, 3.203125, 3.640625, 3.5]"
False,8682,3,40256,1,"[2.796875, 2.515625, 2.90625, 3.359375]"
False,8683,1,40260,3,"[3.5, 2.96875, 3.109375, 2.953125]"
False,8684,1,40271,0,"[3.0, 3.4375, 3.078125, 3.140625]"
False,8685,1,40273,3,"[3.859375, 3.546875, 3.484375, 3.234375]"
True,8686,1,40282,1,"[3.703125, 2.5625, 3.484375, 3.953125]"
True,8687,2,40283,2,"[2.34375, 3.40625, 2.296875, 2.3125]"
True,8688,2,40298,2,"[3.828125, 4.59375, 3.09375, 3.484375]"
False,8689,1,40302,0,"[1.9609375, 2.90625, 3.015625, 2.859375]"
False,8690,0,40313,3,"[3.5625, 2.984375, 3.75, 2.90625]"
False,8691,3,40315,0,"[2.40625, 2.53125, 2.84375, 2.484375]"
False,8692,1,40323,3,"[2.828125, 3.828125, 2.140625, 2.046875]"
False,8693,1,40325,2,"[3.390625, 3.40625, 1.9609375, 2.109375]"
False,8694,1,40347,2,"[2.671875, 2.75, 1.8828125, 2.625]"
False,8695,2,40356,1,"[2.90625, 2.578125, 2.765625, 3.0625]"
True,8696,2,40360,2,"[3.078125, 3.28125, 2.328125, 2.953125]"
False,8697,1,40362,3,"[4.28125, 3.5625, 2.921875, 2.75]"
False,8698,1,40364,3,"[3.09375, 2.59375, 3.015625, 1.9765625]"
False,8699,2,40365,0,"[2.640625, 3.140625, 3.796875, 3.359375]"
False,8700,1,40378,3,"[3.46875, 3.0, 2.765625, 2.65625]"
False,8701,3,40380,0,"[2.421875, 2.53125, 3.0, 2.484375]"
False,8702,0,40389,2,"[2.828125, 2.328125, 1.90625, 2.671875]"
False,8703,0,40393,1,"[3.296875, 2.625, 2.796875, 3.328125]"
False,8704,3,40400,2,"[2.359375, 2.640625, 2.03125, 2.84375]"
False,8705,2,40401,3,"[3.328125, 3.8125, 3.625, 2.75]"
False,8706,3,40417,2,"[3.46875, 3.03125, 2.671875, 2.8125]"
True,8707,0,40424,0,"[2.90625, 2.953125, 3.828125, 3.34375]"
False,8708,3,40430,1,"[2.8125, 2.765625, 3.390625, 3.03125]"
False,8709,1,40452,3,"[2.390625, 2.640625, 4.125, 1.90625]"
False,8710,0,40464,2,"[3.03125, 2.796875, 2.3125, 2.59375]"
False,8711,2,40470,3,"[2.84375, 2.953125, 2.859375, 2.71875]"
False,8712,1,40484,0,"[2.71875, 3.03125, 3.21875, 2.75]"
False,8713,0,40498,3,"[2.375, 2.421875, 4.03125, 1.921875]"
True,8714,1,40506,1,"[4.0, 3.53125, 3.9375, 3.796875]"
False,8715,1,40510,2,"[3.21875, 3.453125, 3.15625, 3.171875]"
True,8716,1,40515,1,"[3.140625, 2.46875, 2.828125, 2.53125]"
False,8717,0,40517,3,"[2.3125, 2.359375, 3.421875, 2.09375]"
False,8718,0,40519,1,"[3.75, 2.328125, 4.1875, 3.828125]"
False,8719,2,40529,0,"[2.296875, 3.125, 2.34375, 3.421875]"
False,8720,3,40530,2,"[3.203125, 3.0, 2.65625, 3.28125]"
False,8721,3,40557,2,"[3.109375, 3.046875, 2.359375, 3.140625]"
False,8722,0,40559,3,"[3.1875, 3.46875, 3.390625, 3.078125]"
True,8723,3,40562,3,"[2.734375, 2.78125, 2.953125, 2.453125]"
False,8724,0,40565,3,"[2.953125, 3.03125, 3.109375, 2.296875]"
False,8725,3,40577,1,"[4.53125, 3.390625, 3.703125, 3.8125]"
True,8726,2,40591,2,"[4.15625, 3.34375, 2.640625, 3.046875]"
False,8727,2,40609,0,"[2.40625, 2.59375, 3.375, 3.015625]"
False,8728,1,40630,3,"[3.234375, 3.625, 3.125, 2.65625]"
True,8729,2,40636,2,"[3.3125, 3.6875, 2.46875, 2.625]"
False,8730,0,40647,1,"[3.296875, 2.578125, 2.890625, 3.515625]"
False,8731,3,40648,0,"[3.59375, 3.921875, 3.765625, 3.8125]"
True,8732,3,40655,3,"[3.328125, 3.46875, 3.40625, 2.8125]"
False,8733,3,40661,2,"[3.0625, 3.734375, 2.25, 2.265625]"
False,8734,3,40666,0,"[1.7734375, 2.65625, 3.578125, 3.109375]"
False,8735,0,40667,3,"[3.203125, 3.34375, 3.65625, 2.34375]"
True,8736,0,40690,0,"[2.515625, 3.4375, 3.203125, 3.328125]"
False,8737,3,40709,0,"[2.609375, 2.703125, 2.953125, 2.828125]"
False,8738,1,40710,2,"[2.9375, 3.125, 2.640625, 2.9375]"
True,8739,1,40717,1,"[2.828125, 2.078125, 2.578125, 3.046875]"
False,8740,0,40733,2,"[4.15625, 4.375, 3.625, 4.0625]"
True,8741,0,40747,0,"[2.46875, 2.890625, 2.65625, 3.171875]"
False,8742,3,40748,2,"[3.203125, 3.625, 2.890625, 3.078125]"
False,8743,1,40749,3,"[3.28125, 3.203125, 3.5, 3.078125]"
False,8744,2,40783,0,"[2.015625, 2.46875, 3.0, 2.203125]"
False,8745,3,40787,0,"[3.046875, 3.15625, 3.328125, 3.875]"
True,8746,2,40793,2,"[2.53125, 2.484375, 2.140625, 4.09375]"
True,8747,2,40801,2,"[2.828125, 2.828125, 2.640625, 3.0]"
False,8748,2,40810,1,"[3.140625, 2.9375, 3.734375, 3.53125]"
False,8749,0,40811,2,"[3.3125, 2.625, 2.328125, 2.71875]"
True,8750,1,40820,1,"[3.59375, 3.21875, 4.125, 3.421875]"
False,8751,2,40833,3,"[2.671875, 3.171875, 2.9375, 2.5625]"
False,8752,3,40838,1,"[4.125, 2.578125, 3.515625, 2.859375]"
True,8753,1,40842,1,"[2.59375, 2.578125, 2.90625, 3.078125]"
True,8754,1,40853,1,"[2.515625, 2.484375, 2.796875, 3.015625]"
False,8755,1,40861,3,"[3.40625, 2.453125, 2.9375, 2.28125]"
False,8756,0,40881,3,"[3.5, 3.296875, 3.609375, 1.640625]"
False,8757,1,40884,0,"[2.796875, 2.859375, 3.875, 3.1875]"
False,8758,1,40891,2,"[4.5625, 2.84375, 2.78125, 3.609375]"
False,8759,2,40895,0,"[2.78125, 4.90625, 3.328125, 3.6875]"
False,8760,3,40902,0,"[3.203125, 3.484375, 3.5625, 3.921875]"
True,8761,1,40905,1,"[3.59375, 2.515625, 3.359375, 3.53125]"
False,8762,2,40907,0,"[2.015625, 2.109375, 2.515625, 2.46875]"
False,8763,1,40908,2,"[2.984375, 3.34375, 2.5625, 3.140625]"
False,8764,1,40915,3,"[4.125, 3.765625, 3.640625, 3.25]"
True,8765,2,40917,2,"[3.3125, 2.96875, 2.515625, 2.78125]"
False,8766,3,40921,2,"[3.53125, 2.703125, 2.3125, 3.21875]"
False,8767,0,40932,1,"[3.296875, 2.0625, 4.21875, 2.703125]"
False,8768,1,40935,0,"[2.34375, 3.125, 3.484375, 2.90625]"
False,8769,2,40938,1,"[2.53125, 1.9140625, 2.953125, 2.453125]"
False,8770,2,40943,3,"[2.3125, 3.4375, 2.3125, 1.96875]"
True,8771,2,40944,2,"[2.703125, 2.59375, 2.515625, 3.1875]"
False,8772,2,40951,1,"[3.359375, 2.796875, 3.0625, 4.125]"
True,8773,3,40973,3,"[3.0, 3.6875, 3.109375, 2.546875]"
True,8774,1,40977,1,"[3.515625, 2.015625, 2.53125, 2.203125]"
False,8775,1,40979,0,"[2.875, 3.5625, 3.4375, 3.796875]"
False,8776,3,40983,2,"[3.203125, 3.84375, 2.84375, 3.40625]"
False,8777,0,40985,3,"[2.734375, 3.859375, 2.34375, 2.296875]"
True,8778,1,41003,1,"[2.6875, 2.4375, 3.109375, 3.640625]"
False,8779,3,41006,0,"[2.65625, 3.0625, 3.40625, 3.1875]"
False,8780,2,41009,1,"[2.828125, 2.71875, 3.625, 2.84375]"
False,8781,0,41016,2,"[2.53125, 2.890625, 2.5, 2.578125]"
False,8782,0,41022,3,"[2.4375, 2.484375, 2.78125, 2.34375]"
True,8783,3,41028,3,"[3.34375, 3.046875, 3.046875, 3.0]"
False,8784,1,41030,2,"[2.921875, 3.09375, 2.125, 2.90625]"
False,8785,2,41032,3,"[3.21875, 3.3125, 2.25, 1.96875]"
False,8786,3,41037,2,"[2.875, 3.34375, 2.484375, 2.9375]"
False,8787,0,41045,2,"[2.71875, 3.421875, 1.953125, 2.828125]"
False,8788,2,41050,3,"[2.609375, 3.359375, 3.375, 2.375]"
False,8789,1,41055,3,"[3.015625, 3.765625, 3.8125, 2.921875]"
True,8790,2,41061,2,"[2.90625, 3.171875, 2.765625, 3.296875]"
False,8791,1,41066,2,"[3.203125, 2.421875, 2.28125, 3.0]"
True,8792,0,41073,0,"[2.4375, 3.234375, 2.890625, 3.640625]"
True,8793,0,41087,0,"[2.328125, 2.6875, 3.4375, 3.203125]"
True,8794,0,41094,0,"[2.625, 2.671875, 3.609375, 2.640625]"
True,8795,0,41097,0,"[3.15625, 3.296875, 3.453125, 3.890625]"
True,8796,1,41099,1,"[2.984375, 2.28125, 2.515625, 2.859375]"
False,8797,0,41100,1,"[3.859375, 2.21875, 4.25, 2.9375]"
False,8798,2,41103,1,"[3.59375, 2.15625, 2.84375, 3.03125]"
True,8799,3,41104,3,"[3.5, 3.671875, 3.0, 2.4375]"
True,8800,1,41116,1,"[2.53125, 2.46875, 3.21875, 2.625]"
False,8801,3,41124,0,"[2.234375, 3.46875, 2.6875, 2.96875]"
False,8802,2,41130,1,"[3.03125, 2.9375, 3.078125, 3.78125]"
True,8803,0,41143,0,"[2.484375, 3.140625, 3.953125, 2.546875]"
True,8804,2,41163,2,"[3.265625, 3.625, 2.203125, 2.546875]"
False,8805,0,41168,2,"[2.703125, 2.875, 2.4375, 2.9375]"
False,8806,1,41173,3,"[3.03125, 2.71875, 2.71875, 2.53125]"
False,8807,3,41176,1,"[2.734375, 2.515625, 3.671875, 2.8125]"
True,8808,0,41181,0,"[2.40625, 2.8125, 2.453125, 3.203125]"
False,8809,2,41189,1,"[3.125, 2.59375, 2.875, 2.84375]"
False,8810,2,41192,0,"[2.6875, 3.390625, 2.984375, 3.3125]"
False,8811,1,41203,3,"[3.296875, 3.296875, 3.25, 2.765625]"
False,8812,2,41207,3,"[3.75, 2.875, 3.640625, 2.765625]"
False,8813,2,41211,0,"[2.703125, 3.578125, 3.578125, 3.109375]"
True,8814,1,41220,1,"[3.28125, 2.578125, 2.8125, 3.015625]"
False,8815,0,41230,2,"[3.515625, 3.3125, 2.828125, 3.234375]"
False,8816,1,41247,2,"[3.09375, 2.875, 2.4375, 3.328125]"
False,8817,1,41266,3,"[4.65625, 2.875, 3.6875, 1.90625]"
True,8818,2,41274,2,"[3.703125, 3.59375, 3.015625, 3.421875]"
False,8819,0,41276,2,"[2.890625, 2.828125, 2.609375, 3.21875]"
False,8820,3,41280,2,"[3.28125, 3.453125, 3.015625, 3.015625]"
False,8821,3,41292,1,"[3.578125, 2.21875, 2.546875, 2.984375]"
False,8822,2,41301,3,"[3.28125, 4.21875, 3.28125, 3.078125]"
True,8823,2,41303,2,"[3.234375, 4.625, 2.75, 2.875]"
False,8824,2,41310,0,"[2.59375, 2.890625, 3.28125, 3.25]"
True,8825,3,41322,3,"[3.28125, 3.296875, 3.84375, 2.984375]"
False,8826,3,41346,1,"[3.625, 2.546875, 2.75, 3.375]"
True,8827,3,41355,3,"[2.46875, 3.46875, 2.859375, 2.203125]"
True,8828,3,41365,3,"[3.125, 3.609375, 3.375, 3.078125]"
False,8829,1,41368,2,"[2.359375, 3.4375, 2.296875, 2.890625]"
False,8830,1,41384,2,"[2.9375, 2.59375, 2.078125, 2.59375]"
False,8831,0,41385,2,"[3.546875, 3.84375, 3.1875, 3.890625]"
False,8832,0,41410,1,"[3.59375, 2.6875, 3.078125, 3.28125]"
False,8833,0,41420,3,"[3.421875, 3.390625, 2.609375, 2.421875]"
False,8834,2,41427,3,"[3.625, 2.984375, 3.484375, 2.859375]"
False,8835,3,41430,1,"[2.859375, 2.21875, 2.78125, 3.03125]"
False,8836,0,41436,1,"[2.953125, 2.109375, 3.1875, 3.03125]"
False,8837,1,41445,0,"[2.546875, 3.625, 2.59375, 2.84375]"
False,8838,0,41458,2,"[2.84375, 2.71875, 2.203125, 3.578125]"
False,8839,2,41481,3,"[2.890625, 3.28125, 3.046875, 2.578125]"
False,8840,0,41486,1,"[2.734375, 2.171875, 3.015625, 3.125]"
False,8841,1,41501,0,"[2.65625, 2.75, 2.84375, 2.75]"
True,8842,0,41502,0,"[2.515625, 3.15625, 3.09375, 2.6875]"
True,8843,3,41518,3,"[3.296875, 3.046875, 2.625, 2.609375]"
False,8844,1,41521,3,"[3.4375, 3.203125, 2.84375, 2.65625]"
False,8845,1,41525,2,"[3.453125, 3.25, 2.421875, 2.640625]"
False,8846,1,41526,0,"[2.546875, 3.09375, 3.90625, 3.015625]"
True,8847,2,41548,2,"[3.296875, 2.890625, 2.1875, 4.03125]"
False,8848,2,41551,0,"[2.078125, 3.015625, 3.046875, 3.5]"
False,8849,2,41552,3,"[3.359375, 2.8125, 2.90625, 2.3125]"
False,8850,3,41566,2,"[3.71875, 3.859375, 3.078125, 4.375]"
True,8851,2,41573,2,"[3.140625, 3.796875, 2.140625, 2.5]"
True,8852,1,41576,1,"[2.953125, 2.359375, 2.59375, 3.125]"
True,8853,0,41577,0,"[2.78125, 3.734375, 3.546875, 3.328125]"
False,8854,3,41580,0,"[2.21875, 3.265625, 2.3125, 2.46875]"
False,8855,3,41583,2,"[4.0, 3.40625, 2.25, 3.515625]"
True,8856,3,41588,3,"[3.140625, 2.96875, 2.8125, 2.5625]"
False,8857,1,41590,0,"[2.953125, 3.390625, 3.28125, 3.5625]"
True,8858,3,41601,3,"[3.8125, 3.75, 3.6875, 3.28125]"
True,8859,0,41603,0,"[2.15625, 2.546875, 3.5, 3.34375]"
False,8860,1,41618,0,"[2.421875, 3.296875, 3.265625, 3.328125]"
True,8861,1,41628,1,"[3.125, 2.25, 3.0, 2.9375]"
False,8862,2,41637,0,"[2.734375, 3.875, 2.78125, 2.875]"
False,8863,1,41640,0,"[2.328125, 2.546875, 3.28125, 2.984375]"
False,8864,1,41642,3,"[2.96875, 3.28125, 3.421875, 2.40625]"
False,8865,0,41644,1,"[3.390625, 3.140625, 3.421875, 3.140625]"
True,8866,1,41648,1,"[3.359375, 2.59375, 3.34375, 2.859375]"
True,8867,3,41658,3,"[2.734375, 2.9375, 2.75, 2.375]"
False,8868,3,41663,1,"[2.609375, 2.5, 3.234375, 2.6875]"
False,8869,1,41666,0,"[2.546875, 3.3125, 2.9375, 2.640625]"
False,8870,3,41674,1,"[3.421875, 2.625, 3.953125, 3.765625]"
False,8871,3,41678,2,"[2.671875, 3.421875, 2.25, 2.9375]"
False,8872,1,41679,3,"[2.671875, 2.703125, 3.953125, 2.53125]"
False,8873,0,41681,3,"[3.171875, 3.84375, 3.5625, 2.59375]"
False,8874,1,41682,3,"[2.9375, 3.125, 3.484375, 2.015625]"
False,8875,3,41692,2,"[2.953125, 3.140625, 2.546875, 2.5625]"
True,8876,0,41698,0,"[2.203125, 2.421875, 2.5, 2.671875]"
False,8877,1,41700,2,"[3.765625, 2.84375, 1.859375, 3.15625]"
False,8878,3,41701,1,"[4.09375, 2.46875, 2.984375, 2.9375]"
False,8879,2,41713,1,"[3.359375, 3.28125, 3.921875, 3.84375]"
False,8880,0,41715,2,"[2.5625, 3.1875, 2.359375, 2.75]"
False,8881,0,41722,1,"[2.875, 2.1875, 3.96875, 3.546875]"
True,8882,1,41727,1,"[3.59375, 2.5, 4.28125, 3.546875]"
True,8883,1,41734,1,"[3.234375, 2.453125, 3.15625, 3.359375]"
False,8884,2,41747,0,"[2.421875, 3.203125, 2.703125, 3.0625]"
True,8885,3,41748,3,"[3.71875, 2.984375, 2.875, 2.78125]"
True,8886,1,41755,1,"[3.015625, 2.3125, 2.453125, 2.984375]"
True,8887,3,41760,3,"[2.796875, 3.109375, 2.75, 2.03125]"
False,8888,2,41761,3,"[3.078125, 2.953125, 3.234375, 2.09375]"
True,8889,2,41772,2,"[2.921875, 3.15625, 2.3125, 4.25]"
False,8890,0,41779,2,"[2.859375, 3.015625, 2.234375, 2.8125]"
False,8891,0,41790,2,"[2.984375, 3.28125, 2.6875, 3.515625]"
True,8892,3,41797,3,"[3.34375, 2.984375, 3.0, 2.140625]"
False,8893,3,41810,1,"[3.3125, 1.9609375, 3.578125, 3.109375]"
False,8894,2,41811,1,"[2.3125, 2.03125, 3.0, 3.484375]"
True,8895,0,41825,0,"[2.90625, 3.59375, 3.109375, 4.09375]"
False,8896,3,41827,1,"[2.53125, 2.125, 2.1875, 4.25]"
False,8897,2,41828,3,"[3.140625, 2.84375, 3.265625, 2.578125]"
False,8898,1,41830,3,"[3.015625, 3.171875, 2.734375, 2.625]"
False,8899,3,41831,1,"[2.8125, 2.046875, 2.453125, 2.796875]"
False,8900,3,41833,2,"[3.21875, 3.296875, 2.671875, 2.6875]"
False,8901,0,41844,3,"[2.953125, 3.21875, 3.0625, 2.5]"
False,8902,2,41849,1,"[3.25, 2.359375, 4.125, 2.890625]"
True,8903,1,41874,1,"[4.125, 2.796875, 3.28125, 3.84375]"
False,8904,2,41893,1,"[3.46875, 2.890625, 3.421875, 3.953125]"
False,8905,1,41902,3,"[2.828125, 2.90625, 2.609375, 2.53125]"
False,8906,2,41908,3,"[4.09375, 3.140625, 3.09375, 3.078125]"
True,8907,2,41919,2,"[2.578125, 3.140625, 2.5625, 2.78125]"
True,8908,2,41920,2,"[3.5, 3.640625, 3.234375, 3.546875]"
False,8909,2,41950,1,"[2.734375, 2.4375, 2.484375, 3.015625]"
False,8910,1,41952,2,"[3.375, 2.84375, 2.4375, 3.015625]"
False,8911,0,41955,2,"[2.390625, 3.015625, 2.25, 2.796875]"
False,8912,1,41969,0,"[2.40625, 3.390625, 2.59375, 2.65625]"
False,8913,1,41970,3,"[2.546875, 3.140625, 3.328125, 2.4375]"
False,8914,2,41972,1,"[4.09375, 2.453125, 3.171875, 3.265625]"
False,8915,0,41980,2,"[2.71875, 3.703125, 2.65625, 3.125]"
False,8916,0,41981,1,"[3.671875, 3.03125, 3.265625, 3.46875]"
False,8917,3,41999,1,"[2.5, 2.234375, 2.703125, 2.84375]"
False,8918,0,42005,1,"[2.09375, 1.984375, 2.421875, 2.640625]"
False,8919,2,42030,1,"[2.984375, 2.3125, 2.84375, 2.796875]"
True,8920,2,42034,2,"[3.28125, 2.734375, 1.625, 3.375]"
False,8921,1,42045,3,"[2.359375, 2.46875, 3.0625, 2.1875]"
False,8922,1,42047,0,"[1.9921875, 2.578125, 2.671875, 2.5]"
True,8923,1,42048,1,"[3.890625, 2.34375, 2.9375, 3.328125]"
True,8924,0,42072,0,"[2.734375, 3.296875, 3.84375, 3.34375]"
False,8925,0,42073,2,"[3.375, 2.90625, 2.875, 2.96875]"
False,8926,1,42079,3,"[2.9375, 2.703125, 2.5625, 2.234375]"
True,8927,1,42092,1,"[3.015625, 2.796875, 2.96875, 3.6875]"
False,8928,2,42099,0,"[1.578125, 3.671875, 2.984375, 2.359375]"
False,8929,0,42133,1,"[3.5625, 2.875, 3.578125, 4.71875]"
False,8930,1,42136,3,"[3.390625, 3.09375, 3.171875, 2.1875]"
True,8931,2,42149,2,"[3.625, 2.875, 2.71875, 3.5]"
False,8932,2,42165,0,"[1.8984375, 2.46875, 3.1875, 2.90625]"
True,8933,0,42169,0,"[2.609375, 3.546875, 3.078125, 3.046875]"
False,8934,2,42175,0,"[2.65625, 3.015625, 3.203125, 2.75]"
True,8935,1,42181,1,"[3.59375, 2.25, 2.6875, 2.59375]"
False,8936,3,42182,1,"[2.578125, 2.359375, 3.296875, 2.5]"
True,8937,2,42188,2,"[3.96875, 3.359375, 2.8125, 3.921875]"
True,8938,2,42189,2,"[3.0625, 2.859375, 2.359375, 3.078125]"
False,8939,2,42200,0,"[2.203125, 3.15625, 3.078125, 3.546875]"
False,8940,2,42205,0,"[2.921875, 3.3125, 3.375, 3.8125]"
False,8941,1,42207,2,"[3.34375, 3.578125, 3.109375, 3.390625]"
False,8942,1,42211,2,"[2.890625, 3.265625, 1.7421875, 3.15625]"
False,8943,0,42216,2,"[3.015625, 3.265625, 2.609375, 3.0625]"
False,8944,0,42224,2,"[3.328125, 3.046875, 2.640625, 3.046875]"
True,8945,2,42226,2,"[2.71875, 2.875, 2.609375, 2.65625]"
True,8946,1,42247,1,"[4.59375, 2.75, 2.984375, 3.265625]"
False,8947,0,42251,1,"[3.6875, 2.609375, 3.8125, 3.03125]"
True,8948,3,42262,3,"[2.65625, 4.21875, 3.203125, 2.046875]"
False,8949,3,42263,0,"[3.109375, 3.5625, 3.734375, 3.34375]"
False,8950,3,42270,0,"[1.59375, 2.9375, 2.875, 2.890625]"
False,8951,2,42271,0,"[2.890625, 3.90625, 3.390625, 3.25]"
False,8952,1,42280,2,"[2.796875, 2.515625, 2.28125, 3.0625]"
False,8953,3,42286,0,"[2.140625, 2.90625, 2.265625, 2.140625]"
True,8954,0,42288,0,"[2.59375, 2.984375, 3.21875, 2.71875]"
False,8955,2,42293,0,"[2.703125, 3.96875, 3.015625, 3.359375]"
False,8956,3,42297,2,"[3.75, 2.59375, 2.390625, 2.828125]"
False,8957,0,42304,1,"[3.5625, 2.71875, 3.65625, 3.0]"
False,8958,1,42306,3,"[2.609375, 2.578125, 2.734375, 2.015625]"
False,8959,1,42307,0,"[2.640625, 2.890625, 3.515625, 4.21875]"
True,8960,2,42318,2,"[3.578125, 3.828125, 2.078125, 3.171875]"
True,8961,2,42319,2,"[3.875, 3.734375, 2.796875, 3.671875]"
False,8962,0,42324,2,"[3.5625, 3.25, 3.109375, 3.515625]"
False,8963,0,42325,2,"[2.546875, 2.453125, 2.1875, 2.6875]"
True,8964,0,42326,0,"[2.34375, 3.671875, 2.390625, 3.171875]"
False,8965,0,42336,3,"[2.515625, 3.65625, 2.6875, 2.46875]"
False,8966,1,42339,2,"[2.9375, 2.515625, 2.421875, 3.0625]"
False,8967,0,42342,2,"[4.0625, 4.1875, 3.34375, 3.5625]"
True,8968,1,42344,1,"[3.203125, 3.1875, 3.234375, 3.453125]"
False,8969,3,42358,1,"[3.875, 2.140625, 2.609375, 3.203125]"
False,8970,1,42364,0,"[2.375, 3.671875, 2.515625, 2.640625]"
False,8971,1,42365,0,"[2.1875, 2.671875, 3.0625, 3.0]"
True,8972,0,42370,0,"[2.84375, 3.484375, 3.96875, 4.09375]"
False,8973,1,42372,2,"[4.09375, 4.03125, 3.484375, 4.125]"
False,8974,3,42378,1,"[2.96875, 2.90625, 2.9375, 3.53125]"
False,8975,0,42379,3,"[3.5625, 3.34375, 3.328125, 3.0625]"
False,8976,3,42392,1,"[3.3125, 3.0625, 3.109375, 3.078125]"
False,8977,1,42397,0,"[2.734375, 3.140625, 2.84375, 3.296875]"
False,8978,2,42401,0,"[2.671875, 3.421875, 3.703125, 3.046875]"
False,8979,2,42405,3,"[3.203125, 3.203125, 2.6875, 2.328125]"
False,8980,0,42413,1,"[3.59375, 2.5, 3.15625, 2.6875]"
False,8981,2,42425,0,"[2.421875, 3.09375, 2.859375, 2.890625]"
True,8982,1,42442,1,"[3.53125, 2.71875, 3.6875, 4.40625]"
False,8983,3,42446,2,"[2.515625, 2.703125, 2.359375, 2.640625]"
False,8984,2,42447,3,"[2.4375, 2.828125, 2.796875, 2.296875]"
False,8985,0,42451,2,"[3.59375, 2.5625, 2.34375, 3.109375]"
True,8986,0,42455,0,"[2.625, 2.9375, 2.828125, 3.4375]"
True,8987,0,42461,0,"[2.25, 2.765625, 3.421875, 2.515625]"
False,8988,2,42468,0,"[3.28125, 3.328125, 3.5625, 3.703125]"
False,8989,0,42476,1,"[3.03125, 2.328125, 3.078125, 2.53125]"
False,8990,3,42486,1,"[1.8359375, 1.75, 2.703125, 2.71875]"
False,8991,0,42488,2,"[3.40625, 2.9375, 2.5, 3.296875]"
True,8992,3,42491,3,"[3.15625, 3.625, 3.453125, 2.5625]"
True,8993,0,42518,0,"[1.8671875, 2.5, 2.515625, 2.90625]"
False,8994,0,42525,2,"[2.234375, 2.25, 2.015625, 2.78125]"
False,8995,0,42532,1,"[1.78125, 1.421875, 2.015625, 2.328125]"
False,8996,1,42540,3,"[4.125, 3.3125, 4.9375, 3.015625]"
False,8997,1,42556,3,"[3.4375, 2.875, 2.9375, 2.609375]"
False,8998,2,42565,1,"[2.6875, 2.46875, 3.125, 2.84375]"
False,8999,3,42579,0,"[2.21875, 3.015625, 2.671875, 2.625]"
True,9000,2,42581,2,"[2.671875, 3.0, 2.421875, 2.84375]"
False,9001,2,42584,0,"[2.171875, 3.09375, 2.78125, 2.515625]"
False,9002,2,42599,3,"[2.90625, 2.875, 2.84375, 2.640625]"
False,9003,0,42600,2,"[2.390625, 2.890625, 2.234375, 2.578125]"
False,9004,0,42607,3,"[2.90625, 4.46875, 2.78125, 2.578125]"
True,9005,3,42611,3,"[2.71875, 3.6875, 2.421875, 2.375]"
False,9006,3,42617,1,"[2.8125, 2.21875, 2.765625, 3.0625]"
False,9007,3,42636,0,"[2.578125, 3.140625, 2.671875, 3.0]"
False,9008,1,42648,2,"[4.40625, 3.1875, 2.6875, 3.765625]"
False,9009,0,42651,3,"[3.234375, 2.765625, 2.921875, 2.15625]"
True,9010,0,42654,0,"[2.390625, 2.484375, 2.890625, 2.734375]"
True,9011,3,42655,3,"[2.765625, 3.21875, 2.71875, 2.484375]"
False,9012,1,42663,3,"[3.28125, 3.5625, 3.171875, 3.0]"
False,9013,1,42668,0,"[3.0625, 4.0, 3.421875, 3.96875]"
False,9014,0,42672,3,"[2.609375, 2.953125, 2.59375, 2.3125]"
True,9015,0,42683,0,"[3.53125, 3.609375, 3.8125, 3.75]"
False,9016,3,42687,1,"[3.046875, 2.71875, 3.0625, 3.546875]"
False,9017,1,42695,2,"[2.890625, 2.359375, 2.28125, 2.6875]"
False,9018,1,42697,3,"[3.015625, 2.953125, 3.296875, 2.109375]"
False,9019,2,42698,1,"[2.703125, 2.40625, 2.609375, 3.375]"
False,9020,1,42712,2,"[2.515625, 2.421875, 1.9921875, 2.3125]"
True,9021,3,42734,3,"[2.703125, 2.8125, 2.578125, 2.140625]"
False,9022,0,42740,1,"[2.734375, 2.171875, 2.875, 3.53125]"
False,9023,1,42741,0,"[2.140625, 2.578125, 3.34375, 2.890625]"
False,9024,0,42749,1,"[2.921875, 2.28125, 3.1875, 2.609375]"
False,9025,2,42754,0,"[2.9375, 3.96875, 3.21875, 3.3125]"
False,9026,3,42756,2,"[2.953125, 2.625, 2.3125, 3.015625]"
False,9027,0,42765,2,"[2.671875, 4.21875, 2.46875, 3.390625]"
False,9028,2,42766,3,"[3.078125, 3.796875, 2.953125, 2.796875]"
False,9029,1,42770,0,"[2.15625, 2.84375, 2.84375, 2.625]"
False,9030,3,42772,2,"[2.8125, 3.375, 2.6875, 3.3125]"
False,9031,2,42777,0,"[2.125, 3.625, 2.78125, 2.625]"
False,9032,1,42802,0,"[2.03125, 2.390625, 2.859375, 3.0625]"
False,9033,3,42805,1,"[2.84375, 2.59375, 2.75, 2.765625]"
False,9034,0,42824,1,"[3.375, 2.015625, 2.59375, 2.390625]"
False,9035,3,42830,1,"[2.34375, 2.125, 2.328125, 3.46875]"
False,9036,2,42852,3,"[3.3125, 3.9375, 3.515625, 2.90625]"
True,9037,2,42853,2,"[3.515625, 2.84375, 2.796875, 3.90625]"
False,9038,1,42869,2,"[4.09375, 3.1875, 2.71875, 2.953125]"
True,9039,3,42870,3,"[3.40625, 3.03125, 3.078125, 2.171875]"
False,9040,0,42873,1,"[3.078125, 2.328125, 2.4375, 3.140625]"
True,9041,2,42899,2,"[3.0, 2.34375, 2.28125, 3.34375]"
True,9042,3,42900,3,"[2.953125, 3.53125, 2.578125, 2.359375]"
True,9043,2,42906,2,"[3.46875, 3.21875, 3.1875, 3.609375]"
False,9044,1,42911,3,"[3.8125, 4.25, 4.5, 2.5625]"
False,9045,2,42916,3,"[1.796875, 2.4375, 1.71875, 1.2578125]"
False,9046,1,42923,3,"[3.828125, 3.078125, 2.546875, 2.3125]"
True,9047,3,42929,3,"[3.03125, 3.65625, 2.96875, 2.953125]"
False,9048,2,42936,0,"[2.421875, 2.765625, 3.0, 2.640625]"
True,9049,3,42938,3,"[3.3125, 4.0625, 2.859375, 2.5625]"
True,9050,0,42939,0,"[2.78125, 2.96875, 3.0, 3.25]"
False,9051,2,42942,0,"[2.421875, 3.15625, 3.03125, 3.6875]"
True,9052,3,42945,3,"[3.125, 2.84375, 2.640625, 2.421875]"
True,9053,1,42967,1,"[3.28125, 2.65625, 2.9375, 2.96875]"
False,9054,0,42973,2,"[2.984375, 3.640625, 2.921875, 3.609375]"
True,9055,3,42981,3,"[3.296875, 2.703125, 2.671875, 2.390625]"
False,9056,1,42983,3,"[3.09375, 2.75, 3.5, 2.515625]"
False,9057,0,42988,2,"[2.78125, 3.40625, 2.234375, 3.109375]"
False,9058,3,43010,0,"[2.109375, 2.15625, 2.8125, 2.78125]"
True,9059,2,43012,2,"[3.265625, 3.796875, 2.625, 2.640625]"
True,9060,3,43014,3,"[4.4375, 3.015625, 2.953125, 2.8125]"
False,9061,0,43024,2,"[3.1875, 2.9375, 2.859375, 3.125]"
True,9062,2,43035,2,"[2.75, 2.875, 2.1875, 2.84375]"
False,9063,3,43044,1,"[3.125, 2.375, 2.90625, 2.5]"
True,9064,2,43050,2,"[3.4375, 2.984375, 1.9453125, 2.75]"
False,9065,0,43053,3,"[3.296875, 3.078125, 2.578125, 2.46875]"
False,9066,1,43055,2,"[3.328125, 3.921875, 2.28125, 3.65625]"
False,9067,3,43065,2,"[2.8125, 3.84375, 2.65625, 3.484375]"
False,9068,0,43070,1,"[2.5, 2.015625, 3.09375, 2.34375]"
False,9069,1,43073,2,"[4.15625, 3.15625, 2.84375, 3.234375]"
True,9070,2,43074,2,"[3.296875, 3.40625, 2.421875, 2.828125]"
False,9071,0,43085,1,"[3.484375, 2.4375, 2.5, 2.78125]"
False,9072,3,43095,2,"[2.453125, 2.546875, 1.796875, 2.734375]"
False,9073,1,43096,0,"[2.78125, 4.09375, 3.5625, 4.375]"
False,9074,0,43100,3,"[2.53125, 2.5, 2.453125, 2.21875]"
False,9075,0,43103,2,"[3.203125, 3.21875, 2.734375, 2.796875]"
True,9076,2,43104,2,"[2.84375, 2.953125, 2.296875, 2.6875]"
True,9077,3,43112,3,"[3.03125, 3.265625, 3.09375, 2.71875]"
False,9078,1,43113,0,"[2.40625, 2.828125, 2.8125, 3.140625]"
True,9079,0,43131,0,"[1.8125, 2.84375, 2.484375, 2.21875]"
False,9080,2,43140,3,"[3.375, 3.671875, 3.1875, 2.78125]"
False,9081,2,43165,1,"[2.875, 2.234375, 3.0625, 3.125]"
False,9082,0,43174,1,"[2.203125, 1.6796875, 2.5625, 2.234375]"
False,9083,0,43193,3,"[3.546875, 4.6875, 3.6875, 3.125]"
True,9084,0,43196,0,"[2.375, 2.40625, 3.671875, 2.6875]"
True,9085,3,43204,3,"[3.71875, 3.328125, 3.75, 3.078125]"
False,9086,0,43207,3,"[3.25, 3.0625, 2.953125, 2.703125]"
False,9087,1,43216,3,"[3.5625, 3.609375, 3.109375, 3.0625]"
False,9088,0,43218,1,"[3.265625, 2.671875, 2.765625, 2.890625]"
False,9089,1,43223,0,"[2.703125, 2.765625, 2.890625, 3.234375]"
False,9090,3,43230,1,"[2.609375, 2.5, 3.640625, 2.796875]"
False,9091,3,43246,1,"[3.21875, 2.46875, 2.8125, 2.90625]"
False,9092,1,43250,0,"[3.0, 3.046875, 3.65625, 3.390625]"
False,9093,3,43269,2,"[2.765625, 2.921875, 2.140625, 2.40625]"
False,9094,0,43274,1,"[2.78125, 2.1875, 2.65625, 2.28125]"
False,9095,1,43277,0,"[2.078125, 2.53125, 2.453125, 2.421875]"
False,9096,2,43278,3,"[3.515625, 2.765625, 2.390625, 2.359375]"
False,9097,3,43282,1,"[2.828125, 2.59375, 2.984375, 3.234375]"
True,9098,1,43297,1,"[3.046875, 2.125, 2.359375, 2.53125]"
False,9099,0,43303,2,"[2.0, 2.421875, 1.78125, 2.375]"
False,9100,2,43311,0,"[2.859375, 3.515625, 3.515625, 3.71875]"
False,9101,1,43317,2,"[3.21875, 3.671875, 3.15625, 3.90625]"
True,9102,1,43320,1,"[3.15625, 2.34375, 3.703125, 3.078125]"
False,9103,2,43337,3,"[3.296875, 3.46875, 3.265625, 2.90625]"
True,9104,1,43354,1,"[3.203125, 2.1875, 3.125, 3.75]"
True,9105,2,43358,2,"[2.6875, 3.34375, 2.65625, 3.140625]"
False,9106,0,43369,3,"[2.625, 2.71875, 2.96875, 2.328125]"
True,9107,0,43404,0,"[1.7265625, 2.734375, 3.125, 2.578125]"
False,9108,0,43407,2,"[2.921875, 2.890625, 2.765625, 3.203125]"
True,9109,1,43419,1,"[2.703125, 2.5, 2.59375, 3.828125]"
False,9110,1,43424,0,"[2.296875, 3.46875, 2.546875, 3.484375]"
False,9111,2,43429,0,"[2.90625, 3.5625, 3.796875, 3.6875]"
False,9112,3,43435,2,"[2.546875, 3.0625, 1.734375, 3.28125]"
False,9113,1,43437,0,"[2.9375, 3.484375, 4.125, 3.953125]"
True,9114,3,43443,3,"[2.53125, 2.515625, 2.359375, 1.53125]"
True,9115,0,43448,0,"[2.515625, 2.953125, 3.515625, 3.125]"
False,9116,0,43449,2,"[3.3125, 2.546875, 2.515625, 3.171875]"
True,9117,0,43457,0,"[2.703125, 2.71875, 2.921875, 3.75]"
True,9118,3,43458,3,"[2.65625, 2.53125, 2.90625, 2.046875]"
True,9119,1,43465,1,"[2.6875, 2.28125, 2.921875, 3.125]"
True,9120,1,43467,1,"[2.671875, 2.578125, 3.390625, 3.015625]"
False,9121,3,43469,2,"[3.234375, 3.328125, 2.671875, 2.921875]"
False,9122,0,43485,2,"[3.203125, 3.71875, 2.828125, 4.03125]"
False,9123,2,43488,1,"[3.046875, 2.21875, 2.546875, 2.90625]"
False,9124,0,43491,2,"[2.6875, 3.21875, 2.671875, 2.75]"
True,9125,0,43498,0,"[2.0, 2.515625, 3.203125, 3.796875]"
False,9126,0,43502,3,"[2.578125, 2.921875, 2.53125, 2.21875]"
True,9127,3,43508,3,"[2.78125, 2.96875, 2.765625, 2.453125]"
False,9128,2,43512,3,"[3.140625, 3.921875, 2.625, 2.453125]"
False,9129,2,43517,1,"[2.90625, 2.625, 3.453125, 2.71875]"
False,9130,0,43528,3,"[3.46875, 3.6875, 2.875, 2.59375]"
False,9131,0,43540,2,"[2.796875, 2.609375, 2.21875, 3.09375]"
False,9132,0,43546,1,"[2.8125, 2.640625, 3.0625, 3.0]"
False,9133,2,43551,0,"[2.0625, 2.734375, 2.6875, 2.859375]"
False,9134,2,43556,3,"[3.390625, 4.34375, 4.5, 2.390625]"
True,9135,3,43575,3,"[2.65625, 2.671875, 2.890625, 2.59375]"
False,9136,2,43583,1,"[3.140625, 2.9375, 3.390625, 3.34375]"
True,9137,0,43600,0,"[2.625, 3.046875, 2.953125, 3.78125]"
True,9138,1,43603,1,"[2.6875, 2.421875, 3.234375, 2.859375]"
True,9139,2,43611,2,"[3.796875, 4.09375, 3.234375, 3.359375]"
True,9140,1,43617,1,"[2.578125, 2.015625, 2.546875, 2.53125]"
False,9141,2,43619,3,"[3.390625, 3.671875, 3.4375, 3.171875]"
False,9142,3,43621,2,"[4.3125, 3.90625, 2.5625, 2.8125]"
False,9143,0,43627,3,"[3.09375, 2.78125, 2.921875, 2.5]"
False,9144,3,43630,0,"[1.8359375, 2.34375, 1.8828125, 2.5]"
False,9145,2,43631,1,"[3.1875, 2.859375, 2.90625, 3.484375]"
False,9146,2,43632,0,"[2.484375, 2.6875, 2.609375, 2.59375]"
False,9147,2,43633,3,"[3.109375, 2.40625, 3.203125, 2.234375]"
False,9148,0,43635,2,"[2.9375, 3.203125, 2.5625, 3.171875]"
True,9149,2,43637,2,"[3.15625, 2.828125, 2.203125, 2.765625]"
False,9150,0,43642,1,"[2.453125, 2.40625, 3.453125, 2.828125]"
False,9151,2,43647,0,"[2.125, 2.125, 2.953125, 2.1875]"
False,9152,1,43663,0,"[3.03125, 3.671875, 3.4375, 3.1875]"
False,9153,1,43668,0,"[2.4375, 2.78125, 2.703125, 3.484375]"
True,9154,0,43680,0,"[2.1875, 3.15625, 3.234375, 2.90625]"
True,9155,2,43701,2,"[3.203125, 3.34375, 2.609375, 2.796875]"
True,9156,0,43705,0,"[2.203125, 2.234375, 2.71875, 2.875]"
False,9157,2,43708,1,"[3.15625, 2.765625, 3.375, 3.90625]"
False,9158,1,43713,0,"[2.015625, 3.125, 3.125, 3.015625]"
False,9159,3,43717,0,"[2.828125, 3.046875, 3.296875, 3.65625]"
False,9160,1,43718,2,"[2.921875, 4.15625, 2.421875, 4.03125]"
True,9161,1,43725,1,"[3.40625, 1.5, 3.078125, 2.484375]"
True,9162,0,43728,0,"[2.765625, 3.515625, 3.375, 3.453125]"
True,9163,3,43732,3,"[3.5, 3.0, 3.640625, 2.953125]"
False,9164,2,43737,0,"[2.71875, 3.078125, 2.796875, 3.796875]"
False,9165,3,43750,2,"[2.703125, 2.671875, 2.578125, 2.59375]"
False,9166,1,43752,2,"[3.015625, 2.546875, 2.234375, 2.484375]"
True,9167,3,43753,3,"[2.46875, 2.328125, 2.703125, 1.984375]"
True,9168,2,43763,2,"[3.015625, 3.359375, 2.84375, 3.5625]"
False,9169,2,43764,1,"[3.921875, 2.265625, 2.484375, 2.828125]"
False,9170,0,43776,3,"[2.53125, 2.25, 3.0, 2.046875]"
True,9171,2,43785,2,"[3.546875, 3.0625, 2.296875, 2.53125]"
False,9172,3,43787,2,"[2.625, 2.734375, 2.484375, 2.859375]"
False,9173,0,43792,1,"[3.40625, 2.109375, 3.09375, 2.78125]"
False,9174,2,43802,3,"[4.0, 2.875, 3.5, 2.34375]"
False,9175,0,43808,1,"[2.34375, 2.1875, 2.6875, 3.03125]"
True,9176,1,43811,1,"[2.796875, 2.234375, 2.328125, 2.640625]"
True,9177,0,43836,0,"[2.203125, 3.796875, 2.390625, 2.890625]"
False,9178,0,43842,1,"[2.796875, 2.140625, 2.84375, 2.546875]"
True,9179,0,43844,0,"[3.203125, 3.5625, 4.1875, 3.9375]"
True,9180,2,43845,2,"[2.984375, 3.3125, 2.171875, 2.859375]"
True,9181,0,43849,0,"[1.8984375, 2.515625, 2.703125, 2.40625]"
False,9182,2,43867,3,"[3.171875, 3.5625, 2.8125, 1.9921875]"
True,9183,1,43868,1,"[3.8125, 3.09375, 3.109375, 3.15625]"
True,9184,3,43870,3,"[2.875, 2.5, 3.1875, 2.484375]"
False,9185,0,43889,1,"[4.0625, 2.40625, 2.515625, 2.984375]"
True,9186,3,43899,3,"[4.09375, 3.828125, 3.75, 2.734375]"
False,9187,2,43932,0,"[3.21875, 3.359375, 3.765625, 3.515625]"
True,9188,0,43933,0,"[2.765625, 3.65625, 3.390625, 2.765625]"
False,9189,0,43950,3,"[2.453125, 2.53125, 2.796875, 2.15625]"
False,9190,2,43955,1,"[2.78125, 2.421875, 2.84375, 2.984375]"
False,9191,0,43957,2,"[3.0, 2.765625, 2.359375, 2.671875]"
True,9192,2,43969,2,"[3.3125, 2.84375, 2.625, 3.34375]"
True,9193,0,43974,0,"[2.046875, 2.734375, 2.84375, 2.125]"
True,9194,0,43975,0,"[2.234375, 2.71875, 2.84375, 3.0]"
False,9195,3,43998,0,"[2.640625, 3.359375, 3.046875, 2.953125]"
False,9196,3,44013,0,"[2.578125, 2.96875, 3.71875, 2.625]"
False,9197,1,44021,2,"[2.8125, 2.625, 2.5625, 2.96875]"
False,9198,1,44030,0,"[2.859375, 3.203125, 3.796875, 4.3125]"
False,9199,2,44033,3,"[2.6875, 2.453125, 2.3125, 2.15625]"
False,9200,0,44041,2,"[3.96875, 3.0625, 2.75, 4.09375]"
True,9201,0,44043,0,"[2.40625, 3.109375, 3.4375, 2.515625]"
False,9202,0,44044,2,"[3.625, 3.484375, 2.28125, 3.140625]"
True,9203,1,44046,1,"[3.625, 2.859375, 3.171875, 3.75]"
False,9204,2,44049,3,"[3.0, 2.890625, 3.296875, 2.578125]"
True,9205,0,44055,0,"[2.734375, 2.875, 4.125, 2.9375]"
False,9206,0,44062,2,"[2.9375, 3.1875, 2.703125, 3.0625]"
False,9207,3,44067,0,"[2.734375, 3.546875, 3.390625, 3.515625]"
False,9208,3,44082,1,"[2.5, 2.0625, 3.140625, 4.71875]"
False,9209,1,44090,0,"[2.265625, 3.09375, 4.25, 4.125]"
False,9210,3,44093,1,"[3.96875, 2.78125, 3.25, 2.953125]"
False,9211,3,44095,2,"[4.375, 2.8125, 2.40625, 3.296875]"
False,9212,0,44101,1,"[3.125, 2.4375, 3.109375, 3.03125]"
False,9213,2,44102,1,"[3.421875, 2.71875, 3.0625, 3.375]"
False,9214,2,44115,1,"[3.140625, 2.5625, 3.4375, 3.046875]"
False,9215,3,44118,0,"[2.34375, 2.796875, 2.75, 3.4375]"
False,9216,2,44119,1,"[3.0, 2.578125, 3.234375, 3.859375]"
False,9217,2,44143,1,"[2.84375, 2.046875, 2.6875, 2.390625]"
False,9218,2,44144,1,"[2.875, 2.578125, 3.25, 3.796875]"
True,9219,0,44149,0,"[2.578125, 3.6875, 3.71875, 3.53125]"
False,9220,2,44167,0,"[2.375, 3.25, 3.65625, 3.890625]"
True,9221,2,44174,2,"[2.671875, 2.984375, 1.9140625, 1.9140625]"
True,9222,0,44180,0,"[2.796875, 2.875, 2.9375, 3.421875]"
False,9223,2,44186,0,"[2.390625, 2.8125, 3.21875, 3.328125]"
True,9224,0,44187,0,"[2.5, 3.25, 2.96875, 3.609375]"
False,9225,0,44198,1,"[3.015625, 1.9609375, 3.234375, 3.203125]"
False,9226,0,44208,3,"[4.34375, 4.0, 2.609375, 2.4375]"
False,9227,2,44218,1,"[2.75, 2.6875, 3.203125, 3.5]"
False,9228,3,44225,1,"[3.609375, 2.9375, 3.09375, 4.25]"
False,9229,2,44236,0,"[2.8125, 3.0, 2.828125, 4.34375]"
True,9230,1,44247,1,"[2.875, 2.34375, 3.5, 2.96875]"
True,9231,0,44248,0,"[2.3125, 3.703125, 3.515625, 3.15625]"
True,9232,2,44251,2,"[3.34375, 2.578125, 2.5625, 3.703125]"
True,9233,2,44254,2,"[2.78125, 3.125, 1.75, 2.5625]"
False,9234,3,44265,0,"[2.609375, 2.6875, 2.703125, 2.984375]"
True,9235,3,44271,3,"[4.21875, 3.421875, 2.546875, 2.265625]"
False,9236,2,44278,0,"[2.71875, 4.09375, 3.203125, 3.75]"
False,9237,3,44303,0,"[1.96875, 2.265625, 2.203125, 2.234375]"
False,9238,2,44304,3,"[3.8125, 3.09375, 3.71875, 2.703125]"
True,9239,3,44322,3,"[3.65625, 3.0625, 3.09375, 2.921875]"
False,9240,0,44327,2,"[2.796875, 2.984375, 1.625, 2.625]"
False,9241,3,44345,0,"[2.375, 2.390625, 4.375, 2.6875]"
False,9242,3,44351,2,"[3.390625, 3.796875, 2.46875, 2.640625]"
False,9243,1,44353,2,"[2.8125, 3.015625, 2.78125, 3.84375]"
False,9244,0,44356,2,"[2.828125, 3.234375, 2.609375, 2.875]"
False,9245,3,44371,0,"[2.46875, 3.890625, 2.703125, 2.84375]"
False,9246,1,44384,2,"[3.21875, 2.859375, 2.53125, 2.875]"
True,9247,0,44386,0,"[2.328125, 4.0, 2.859375, 3.4375]"
True,9248,2,44399,2,"[3.796875, 4.1875, 1.8515625, 3.5]"
False,9249,1,44405,3,"[2.328125, 2.546875, 2.484375, 2.09375]"
False,9250,2,44408,1,"[3.390625, 2.9375, 3.1875, 3.15625]"
False,9251,0,44419,1,"[2.890625, 2.53125, 2.640625, 2.859375]"
True,9252,1,44428,1,"[2.65625, 1.765625, 1.921875, 2.59375]"
True,9253,3,44430,3,"[3.578125, 4.15625, 4.46875, 3.453125]"
False,9254,3,44435,2,"[3.28125, 2.8125, 2.171875, 2.953125]"
False,9255,3,44436,0,"[2.6875, 3.265625, 3.546875, 2.734375]"
False,9256,0,44439,1,"[3.25, 3.015625, 3.625, 3.796875]"
False,9257,1,44444,2,"[2.890625, 3.5, 2.609375, 2.609375]"
False,9258,1,44448,2,"[3.046875, 2.90625, 2.5, 2.65625]"
False,9259,1,44463,3,"[2.3125, 2.546875, 2.984375, 2.203125]"
True,9260,0,44482,0,"[2.15625, 3.265625, 3.734375, 3.1875]"
True,9261,0,44489,0,"[2.578125, 2.828125, 3.359375, 3.015625]"
True,9262,2,44490,2,"[3.125, 3.59375, 2.421875, 3.609375]"
True,9263,2,44500,2,"[2.96875, 3.46875, 1.4375, 3.515625]"
False,9264,1,44507,3,"[3.125, 3.21875, 3.265625, 2.578125]"
True,9265,1,44515,1,"[2.59375, 2.15625, 2.890625, 2.734375]"
False,9266,3,44535,1,"[2.96875, 2.828125, 3.359375, 2.859375]"
False,9267,2,44552,0,"[3.0, 3.171875, 3.640625, 3.171875]"
False,9268,2,44557,0,"[3.078125, 3.640625, 3.4375, 3.609375]"
True,9269,1,44565,1,"[2.796875, 2.296875, 2.765625, 2.640625]"
True,9270,0,44573,0,"[2.6875, 3.578125, 3.65625, 2.921875]"
False,9271,1,44588,2,"[2.546875, 3.25, 2.421875, 2.6875]"
False,9272,1,44589,3,"[3.59375, 3.1875, 3.21875, 2.96875]"
False,9273,1,44591,2,"[2.59375, 2.984375, 2.21875, 2.796875]"
False,9274,3,44597,2,"[2.796875, 3.078125, 2.65625, 3.328125]"
False,9275,2,44622,1,"[3.453125, 2.875, 3.0625, 3.046875]"
False,9276,1,44647,2,"[3.0, 2.75, 2.71875, 2.890625]"
False,9277,3,44654,2,"[2.984375, 3.546875, 2.3125, 2.671875]"
False,9278,3,44658,2,"[2.578125, 3.203125, 2.546875, 4.15625]"
False,9279,2,44667,0,"[2.15625, 2.734375, 3.09375, 3.5]"
False,9280,2,44668,1,"[2.796875, 2.546875, 3.40625, 3.4375]"
False,9281,2,44669,1,"[3.328125, 2.890625, 3.234375, 3.71875]"
False,9282,3,44675,1,"[2.84375, 2.390625, 2.40625, 3.09375]"
False,9283,2,44676,3,"[3.46875, 3.25, 3.796875, 2.625]"
False,9284,0,44688,3,"[3.046875, 3.453125, 3.578125, 2.40625]"
False,9285,0,44698,2,"[2.625, 4.34375, 2.28125, 3.40625]"
False,9286,0,44709,2,"[1.9140625, 2.234375, 1.234375, 1.96875]"
False,9287,2,44711,1,"[3.375, 3.078125, 3.5625, 3.390625]"
False,9288,1,44732,0,"[2.78125, 3.109375, 3.078125, 2.84375]"
False,9289,2,44733,1,"[3.828125, 3.21875, 3.390625, 3.640625]"
True,9290,0,44735,0,"[1.8828125, 4.0625, 2.40625, 3.453125]"
False,9291,1,44740,3,"[2.40625, 2.40625, 2.25, 2.21875]"
False,9292,2,44754,0,"[2.578125, 3.84375, 2.984375, 3.1875]"
True,9293,0,44755,0,"[2.28125, 3.59375, 3.46875, 2.390625]"
True,9294,0,44762,0,"[1.8828125, 3.359375, 2.171875, 2.5]"
False,9295,3,44774,2,"[3.109375, 2.703125, 2.609375, 3.703125]"
True,9296,3,44796,3,"[3.0, 3.0625, 4.0625, 2.875]"
True,9297,3,44805,3,"[2.84375, 2.921875, 3.5, 2.078125]"
False,9298,3,44808,2,"[3.578125, 2.546875, 2.328125, 2.84375]"
False,9299,2,44816,0,"[2.828125, 3.515625, 2.90625, 3.203125]"
False,9300,3,44818,1,"[3.75, 2.75, 3.015625, 3.671875]"
False,9301,0,44831,1,"[3.15625, 2.609375, 2.84375, 4.09375]"
True,9302,2,44832,2,"[3.515625, 3.296875, 2.984375, 3.375]"
False,9303,1,44837,2,"[2.921875, 3.078125, 2.609375, 3.171875]"
False,9304,1,44843,0,"[2.59375, 2.640625, 3.6875, 2.6875]"
True,9305,1,44844,1,"[2.671875, 2.65625, 3.1875, 3.15625]"
False,9306,3,44846,2,"[3.46875, 3.03125, 3.0, 3.171875]"
False,9307,1,44857,2,"[3.515625, 3.265625, 2.921875, 3.671875]"
False,9308,3,44862,0,"[2.78125, 3.421875, 3.328125, 3.46875]"
False,9309,2,44864,1,"[3.09375, 2.46875, 2.5, 2.5625]"
True,9310,2,44871,2,"[2.765625, 2.90625, 2.21875, 3.5]"
False,9311,0,44890,1,"[3.296875, 2.625, 2.984375, 2.828125]"
False,9312,3,44894,0,"[2.6875, 3.0625, 2.734375, 3.453125]"
False,9313,3,44914,2,"[3.578125, 3.265625, 3.015625, 3.296875]"
False,9314,1,44919,3,"[3.59375, 3.265625, 3.546875, 3.015625]"
True,9315,1,44927,1,"[4.0625, 2.609375, 3.84375, 3.0625]"
True,9316,0,44931,0,"[3.265625, 4.4375, 3.28125, 4.59375]"
True,9317,2,44932,2,"[3.375, 4.0, 3.265625, 3.390625]"
False,9318,0,44938,1,"[3.03125, 2.625, 3.1875, 3.140625]"
False,9319,1,44943,3,"[4.0625, 3.59375, 3.625, 3.4375]"
True,9320,0,44944,0,"[1.8828125, 2.21875, 3.25, 2.46875]"
False,9321,3,44956,1,"[3.625, 2.75, 2.796875, 3.25]"
False,9322,2,44962,3,"[2.625, 2.828125, 2.671875, 2.125]"
False,9323,0,44966,1,"[3.640625, 2.421875, 2.8125, 2.734375]"
False,9324,2,44982,0,"[2.390625, 3.015625, 2.53125, 2.9375]"
False,9325,2,44985,1,"[3.28125, 2.484375, 3.359375, 3.53125]"
False,9326,3,44987,1,"[3.1875, 2.34375, 2.515625, 2.90625]"
False,9327,1,44988,2,"[3.359375, 3.5625, 2.125, 3.09375]"
False,9328,0,44996,1,"[2.90625, 2.65625, 2.84375, 3.203125]"
False,9329,0,44998,2,"[3.3125, 2.734375, 2.109375, 2.796875]"
False,9330,2,45007,0,"[2.71875, 3.25, 3.90625, 3.484375]"
False,9331,1,45010,0,"[2.625, 2.90625, 2.671875, 2.84375]"
False,9332,3,45021,0,"[2.5625, 2.65625, 3.234375, 3.25]"
False,9333,3,45022,2,"[3.1875, 3.015625, 2.703125, 2.859375]"
False,9334,3,45026,2,"[2.28125, 2.578125, 1.953125, 2.546875]"
False,9335,0,45027,1,"[3.359375, 2.671875, 2.78125, 3.921875]"
False,9336,0,45031,3,"[2.796875, 3.25, 2.765625, 2.5625]"
True,9337,0,45032,0,"[2.03125, 2.765625, 2.21875, 3.046875]"
True,9338,0,45037,0,"[3.109375, 3.609375, 3.75, 3.203125]"
False,9339,2,45043,0,"[1.9140625, 2.046875, 2.890625, 2.703125]"
False,9340,3,45048,0,"[1.9921875, 2.46875, 2.453125, 2.609375]"
False,9341,3,45063,0,"[1.9296875, 2.75, 3.078125, 2.25]"
True,9342,1,45066,1,"[2.6875, 1.921875, 2.46875, 2.359375]"
True,9343,2,45067,2,"[3.546875, 3.609375, 2.765625, 4.46875]"
True,9344,1,45072,1,"[2.96875, 2.71875, 3.1875, 3.46875]"
False,9345,1,45099,3,"[2.734375, 3.09375, 2.828125, 2.125]"
False,9346,0,45100,3,"[2.9375, 3.140625, 2.828125, 2.765625]"
False,9347,3,45105,0,"[3.015625, 3.609375, 3.484375, 3.828125]"
False,9348,0,45107,2,"[2.84375, 3.3125, 2.5625, 3.578125]"
True,9349,3,45113,3,"[3.140625, 2.46875, 2.875, 2.140625]"
True,9350,0,45129,0,"[1.5, 1.9296875, 2.625, 2.546875]"
False,9351,1,45149,0,"[3.203125, 3.5, 3.640625, 3.640625]"
False,9352,2,45153,3,"[2.71875, 2.703125, 3.171875, 2.625]"
False,9353,1,45158,0,"[3.140625, 3.828125, 3.859375, 3.3125]"
False,9354,0,45167,1,"[2.671875, 2.59375, 2.6875, 3.328125]"
True,9355,3,45174,3,"[2.890625, 3.46875, 3.25, 2.03125]"
False,9356,1,45178,0,"[2.609375, 3.171875, 3.34375, 2.734375]"
False,9357,2,45185,3,"[3.34375, 2.796875, 2.890625, 2.609375]"
True,9358,0,45191,0,"[2.453125, 2.953125, 3.25, 3.40625]"
False,9359,0,45203,1,"[2.453125, 2.125, 3.390625, 3.078125]"
False,9360,1,45204,3,"[3.3125, 2.734375, 2.59375, 2.125]"
False,9361,1,45216,3,"[3.40625, 4.1875, 2.59375, 2.375]"
False,9362,1,45232,0,"[2.515625, 3.015625, 2.609375, 2.578125]"
True,9363,3,45237,3,"[3.796875, 3.0625, 2.78125, 2.234375]"
False,9364,2,45241,0,"[2.15625, 2.4375, 2.734375, 2.84375]"
False,9365,3,45247,0,"[3.140625, 3.1875, 3.296875, 3.59375]"
False,9366,2,45249,1,"[3.328125, 2.828125, 3.28125, 3.421875]"
False,9367,1,45259,3,"[2.59375, 2.5, 2.65625, 2.078125]"
False,9368,2,45267,0,"[2.703125, 2.828125, 2.875, 2.90625]"
False,9369,0,45277,3,"[3.578125, 3.140625, 3.171875, 2.875]"
False,9370,0,45336,2,"[3.390625, 2.953125, 2.859375, 3.3125]"
False,9371,1,45359,2,"[2.671875, 3.0, 2.328125, 3.125]"
False,9372,1,45366,0,"[3.015625, 3.1875, 3.890625, 3.015625]"
False,9373,1,45383,0,"[2.671875, 2.984375, 3.15625, 3.484375]"
False,9374,3,45396,1,"[3.84375, 2.6875, 3.328125, 3.03125]"
False,9375,0,45400,3,"[3.125, 3.578125, 2.84375, 2.703125]"
False,9376,0,45409,1,"[3.546875, 3.125, 4.25, 4.1875]"
False,9377,1,45414,0,"[2.65625, 3.125, 3.0625, 2.9375]"
False,9378,1,45417,3,"[2.859375, 4.15625, 2.375, 2.21875]"
False,9379,2,45421,1,"[2.921875, 2.359375, 2.65625, 3.078125]"
False,9380,1,45437,0,"[2.140625, 2.453125, 2.984375, 3.28125]"
False,9381,3,45453,2,"[3.5625, 2.78125, 2.25, 2.9375]"
False,9382,2,45455,3,"[3.0625, 2.921875, 2.921875, 2.140625]"
False,9383,3,45456,2,"[3.546875, 3.34375, 2.78125, 3.03125]"
False,9384,0,45459,1,"[2.703125, 2.59375, 2.734375, 2.875]"
True,9385,1,45461,1,"[2.53125, 2.484375, 3.296875, 2.609375]"
True,9386,2,45463,2,"[3.296875, 3.015625, 2.515625, 2.5625]"
True,9387,2,45467,2,"[3.09375, 2.34375, 1.7734375, 2.96875]"
False,9388,1,45468,0,"[2.8125, 3.046875, 3.515625, 2.875]"
False,9389,2,45469,0,"[3.125, 3.828125, 3.3125, 3.1875]"
False,9390,1,45473,0,"[2.53125, 2.96875, 2.890625, 3.125]"
False,9391,1,45489,0,"[1.9375, 2.578125, 2.875, 2.671875]"
True,9392,3,45491,3,"[2.59375, 4.40625, 3.421875, 2.515625]"
False,9393,1,45498,2,"[3.1875, 2.90625, 2.703125, 3.359375]"
False,9394,1,45501,3,"[2.34375, 2.15625, 2.859375, 2.078125]"
False,9395,1,45507,3,"[3.359375, 3.3125, 2.71875, 2.515625]"
True,9396,1,45518,1,"[3.125, 2.453125, 2.90625, 3.0]"
False,9397,0,45526,2,"[2.96875, 3.09375, 2.796875, 2.796875]"
False,9398,3,45529,1,"[4.3125, 2.484375, 3.609375, 3.125]"
False,9399,0,45530,3,"[2.28125, 3.046875, 2.734375, 2.1875]"
False,9400,1,45535,2,"[3.328125, 3.9375, 3.25, 3.390625]"
False,9401,3,45548,2,"[3.484375, 3.75, 2.359375, 3.390625]"
False,9402,2,45566,0,"[2.359375, 2.65625, 2.734375, 3.15625]"
True,9403,1,45575,1,"[3.125, 2.234375, 3.34375, 2.734375]"
True,9404,2,45591,2,"[2.9375, 2.734375, 2.421875, 2.828125]"
False,9405,3,45596,2,"[3.203125, 3.921875, 3.15625, 3.625]"
False,9406,1,45597,2,"[3.5625, 3.53125, 3.296875, 3.765625]"
False,9407,2,45609,3,"[2.515625, 2.71875, 3.1875, 2.125]"
True,9408,2,45610,2,"[3.375, 2.765625, 2.046875, 2.625]"
False,9409,3,45611,2,"[2.984375, 2.9375, 2.78125, 3.21875]"
False,9410,0,45616,1,"[2.90625, 2.265625, 2.890625, 3.1875]"
False,9411,2,45617,0,"[2.90625, 3.3125, 3.859375, 3.328125]"
False,9412,3,45622,2,"[2.78125, 3.453125, 1.8359375, 3.765625]"
False,9413,3,45623,2,"[4.125, 2.375, 1.7578125, 4.0]"
True,9414,2,45630,2,"[4.84375, 4.0625, 3.015625, 3.265625]"
True,9415,2,45634,2,"[3.4375, 3.1875, 2.78125, 2.953125]"
False,9416,0,45637,3,"[3.390625, 3.171875, 3.8125, 2.75]"
False,9417,2,45640,3,"[3.328125, 3.484375, 3.0625, 2.703125]"
True,9418,1,45642,1,"[2.71875, 1.8359375, 3.21875, 2.875]"
False,9419,0,45655,1,"[2.59375, 2.203125, 2.21875, 3.71875]"
False,9420,3,45657,1,"[3.25, 2.40625, 2.859375, 3.03125]"
True,9421,3,45677,3,"[3.0625, 3.171875, 3.15625, 2.75]"
False,9422,0,45678,1,"[2.53125, 1.71875, 1.765625, 1.859375]"
True,9423,2,45721,2,"[2.96875, 3.03125, 2.453125, 2.703125]"
False,9424,1,45765,3,"[3.484375, 2.84375, 3.4375, 2.8125]"
False,9425,0,45766,2,"[2.578125, 2.609375, 2.328125, 2.921875]"
False,9426,2,45768,0,"[2.71875, 4.25, 2.796875, 2.890625]"
False,9427,2,45783,3,"[2.234375, 2.640625, 2.71875, 1.8359375]"
False,9428,0,45784,2,"[3.671875, 3.703125, 2.84375, 3.046875]"
False,9429,3,45793,0,"[3.15625, 3.828125, 3.375, 3.28125]"
False,9430,0,45800,3,"[3.015625, 2.984375, 3.453125, 2.8125]"
False,9431,0,45805,1,"[2.703125, 2.53125, 3.421875, 3.84375]"
False,9432,1,45809,0,"[2.671875, 3.6875, 4.375, 3.421875]"
False,9433,2,45813,1,"[3.09375, 2.6875, 3.875, 3.265625]"
False,9434,3,45814,2,"[3.09375, 4.125, 2.765625, 2.90625]"
False,9435,1,45817,0,"[2.125, 2.328125, 2.3125, 2.234375]"
True,9436,1,45827,1,"[2.4375, 1.796875, 3.328125, 2.671875]"
False,9437,1,45842,0,"[1.7734375, 2.078125, 2.78125, 2.6875]"
False,9438,0,45850,1,"[2.578125, 2.015625, 2.421875, 2.40625]"
False,9439,0,45863,1,"[2.953125, 2.78125, 3.015625, 3.09375]"
False,9440,0,45876,2,"[2.8125, 2.671875, 2.53125, 2.53125]"
False,9441,0,45886,3,"[3.0625, 3.640625, 2.75, 2.265625]"
False,9442,3,45888,1,"[3.546875, 2.578125, 3.125, 3.265625]"
False,9443,3,45890,2,"[3.328125, 3.515625, 2.4375, 3.234375]"
False,9444,0,45895,1,"[3.171875, 1.9765625, 2.4375, 2.984375]"
True,9445,1,45897,1,"[2.875, 1.875, 2.640625, 2.875]"
True,9446,3,45909,3,"[3.015625, 3.203125, 2.921875, 2.90625]"
False,9447,0,45910,3,"[2.96875, 3.78125, 3.453125, 2.84375]"
True,9448,1,45911,1,"[3.859375, 2.296875, 2.46875, 2.296875]"
False,9449,3,45912,2,"[3.25, 3.015625, 2.796875, 3.0625]"
True,9450,3,45913,3,"[3.890625, 3.4375, 2.828125, 2.484375]"
False,9451,0,45922,1,"[3.703125, 2.5625, 3.890625, 2.84375]"
True,9452,2,45945,2,"[3.125, 3.203125, 2.34375, 4.1875]"
False,9453,0,45951,1,"[3.0, 2.328125, 3.09375, 2.609375]"
False,9454,0,45952,1,"[3.234375, 2.34375, 2.921875, 2.453125]"
False,9455,3,45955,1,"[3.59375, 3.484375, 4.03125, 4.28125]"
False,9456,1,45965,3,"[3.328125, 2.46875, 3.5625, 2.453125]"
False,9457,0,45972,1,"[2.984375, 2.84375, 3.28125, 3.1875]"
True,9458,3,45976,3,"[3.40625, 3.453125, 2.921875, 2.84375]"
False,9459,1,45979,3,"[4.25, 3.046875, 2.625, 1.8515625]"
False,9460,0,45987,3,"[2.84375, 2.96875, 2.765625, 2.4375]"
True,9461,3,45995,3,"[3.328125, 2.703125, 3.234375, 2.6875]"
False,9462,1,46009,2,"[2.953125, 3.59375, 2.8125, 2.84375]"
True,9463,1,46011,1,"[3.71875, 3.515625, 3.75, 3.65625]"
True,9464,2,46012,2,"[3.71875, 3.109375, 3.0, 3.6875]"
False,9465,3,46015,1,"[2.9375, 2.75, 2.921875, 3.28125]"
True,9466,0,46019,0,"[3.21875, 3.71875, 4.21875, 3.53125]"
False,9467,3,46027,2,"[4.0625, 3.578125, 3.265625, 4.25]"
False,9468,0,46036,2,"[2.640625, 3.125, 2.453125, 3.53125]"
False,9469,3,46038,1,"[2.046875, 1.8203125, 2.4375, 2.25]"
False,9470,1,46043,2,"[3.125, 3.828125, 2.4375, 2.859375]"
True,9471,1,46045,1,"[3.734375, 2.625, 4.53125, 3.015625]"
False,9472,2,46050,3,"[3.5, 2.609375, 2.578125, 2.546875]"
False,9473,0,46054,3,"[3.796875, 3.890625, 4.125, 3.046875]"
False,9474,0,46057,3,"[2.34375, 2.59375, 2.34375, 1.609375]"
False,9475,1,46071,0,"[3.125, 3.6875, 3.625, 3.234375]"
True,9476,1,46078,1,"[3.03125, 2.453125, 3.875, 3.078125]"
False,9477,1,46080,2,"[2.640625, 2.984375, 2.59375, 2.71875]"
False,9478,0,46081,1,"[3.484375, 2.578125, 2.59375, 3.15625]"
False,9479,0,46083,2,"[2.75, 2.703125, 2.390625, 2.4375]"
False,9480,0,46089,2,"[2.984375, 2.8125, 2.734375, 2.890625]"
False,9481,2,46093,1,"[2.6875, 2.328125, 3.203125, 2.75]"
False,9482,1,46099,3,"[2.96875, 3.125, 2.609375, 1.9140625]"
False,9483,2,46104,0,"[2.375, 2.84375, 2.375, 3.515625]"
False,9484,1,46106,2,"[3.0625, 2.859375, 2.640625, 2.84375]"
True,9485,0,46108,0,"[2.984375, 3.171875, 3.15625, 3.328125]"
False,9486,2,46128,3,"[3.46875, 3.921875, 2.921875, 2.90625]"
False,9487,2,46135,1,"[2.703125, 2.65625, 2.859375, 2.953125]"
False,9488,1,46138,3,"[2.390625, 2.296875, 2.296875, 2.0625]"
True,9489,0,46147,0,"[2.515625, 3.234375, 2.75, 2.71875]"
False,9490,1,46150,3,"[2.671875, 2.890625, 2.703125, 2.390625]"
False,9491,0,46161,1,"[2.828125, 1.890625, 3.015625, 3.15625]"
False,9492,2,46170,3,"[3.65625, 2.9375, 2.984375, 2.40625]"
False,9493,0,46171,2,"[3.6875, 3.109375, 2.71875, 3.078125]"
False,9494,1,46185,0,"[2.265625, 2.859375, 2.765625, 3.015625]"
False,9495,0,46204,3,"[3.328125, 2.6875, 2.359375, 2.265625]"
False,9496,3,46207,1,"[3.703125, 2.890625, 2.921875, 3.015625]"
False,9497,2,46211,1,"[3.203125, 2.71875, 3.1875, 3.640625]"
False,9498,2,46225,3,"[2.9375, 3.3125, 3.171875, 2.46875]"
True,9499,0,46259,0,"[1.6640625, 1.703125, 2.375, 3.203125]"
False,9500,1,46261,2,"[3.078125, 3.125, 2.703125, 3.03125]"
True,9501,0,46268,0,"[2.578125, 3.8125, 3.140625, 3.578125]"
False,9502,0,46282,1,"[3.140625, 2.34375, 2.453125, 3.140625]"
False,9503,3,46289,2,"[2.46875, 2.828125, 1.875, 2.671875]"
False,9504,2,46293,1,"[4.25, 2.484375, 3.734375, 3.484375]"
False,9505,0,46297,1,"[3.109375, 2.671875, 3.484375, 3.65625]"
True,9506,2,46300,2,"[3.109375, 3.765625, 2.890625, 3.015625]"
False,9507,3,46306,0,"[2.59375, 3.3125, 2.71875, 2.796875]"
False,9508,1,46312,0,"[2.046875, 2.609375, 2.765625, 2.703125]"
True,9509,3,46313,3,"[3.234375, 3.421875, 2.90625, 2.546875]"
False,9510,0,46320,3,"[4.03125, 2.921875, 2.484375, 2.4375]"
False,9511,2,46330,0,"[2.15625, 3.640625, 2.84375, 3.40625]"
False,9512,0,46344,2,"[3.421875, 3.03125, 2.671875, 2.765625]"
True,9513,2,46349,2,"[2.78125, 3.53125, 2.171875, 2.765625]"
True,9514,2,46357,2,"[2.8125, 2.4375, 2.328125, 3.25]"
False,9515,0,46359,1,"[3.453125, 3.078125, 3.234375, 3.203125]"
False,9516,3,46365,2,"[2.953125, 3.015625, 2.6875, 2.71875]"
False,9517,2,46372,3,"[3.3125, 3.15625, 3.1875, 3.078125]"
True,9518,0,46375,0,"[2.53125, 2.5625, 2.953125, 3.28125]"
True,9519,0,46396,0,"[2.21875, 3.046875, 3.0625, 2.65625]"
False,9520,3,46405,0,"[2.234375, 2.84375, 2.65625, 2.859375]"
False,9521,2,46412,0,"[2.640625, 3.515625, 3.15625, 2.84375]"
True,9522,2,46413,2,"[2.796875, 3.359375, 2.59375, 2.890625]"
False,9523,1,46443,3,"[2.65625, 3.046875, 2.734375, 2.46875]"
False,9524,1,46444,3,"[2.671875, 3.21875, 2.484375, 2.46875]"
False,9525,2,46455,3,"[3.28125, 3.046875, 2.96875, 2.953125]"
True,9526,0,46459,0,"[2.828125, 3.390625, 3.234375, 4.09375]"
False,9527,2,46463,1,"[3.265625, 2.6875, 2.921875, 3.59375]"
False,9528,2,46464,1,"[2.703125, 2.453125, 3.328125, 3.8125]"
False,9529,1,46469,2,"[2.703125, 2.71875, 2.375, 2.828125]"
True,9530,1,46471,1,"[3.796875, 2.734375, 3.5625, 3.0625]"
True,9531,1,46472,1,"[3.46875, 2.5625, 3.765625, 3.203125]"
False,9532,3,46478,1,"[3.0, 2.71875, 3.09375, 2.78125]"
True,9533,1,46481,1,"[3.09375, 2.578125, 2.875, 3.4375]"
False,9534,0,46482,2,"[2.890625, 3.28125, 2.875, 3.515625]"
False,9535,3,46490,0,"[2.3125, 2.96875, 2.875, 2.46875]"
False,9536,3,46491,1,"[3.921875, 1.9140625, 2.203125, 2.5]"
True,9537,3,46500,3,"[3.90625, 3.75, 3.578125, 3.109375]"
False,9538,1,46504,2,"[3.515625, 2.75, 2.390625, 4.5625]"
False,9539,2,46509,3,"[3.109375, 2.921875, 3.46875, 2.625]"
False,9540,0,46516,1,"[4.21875, 2.765625, 3.1875, 3.40625]"
False,9541,3,46520,1,"[3.09375, 2.875, 3.203125, 3.546875]"
False,9542,1,46521,3,"[3.109375, 3.3125, 3.5, 3.03125]"
True,9543,1,46522,1,"[3.53125, 2.65625, 2.65625, 3.140625]"
False,9544,0,46524,1,"[2.9375, 1.9296875, 2.828125, 3.65625]"
True,9545,3,46533,3,"[3.6875, 3.203125, 3.171875, 2.5]"
True,9546,1,46551,1,"[3.65625, 3.328125, 4.03125, 3.578125]"
False,9547,2,46556,0,"[2.890625, 3.34375, 3.953125, 3.609375]"
False,9548,3,46568,0,"[2.09375, 3.59375, 2.953125, 2.109375]"
True,9549,1,46569,1,"[3.078125, 2.515625, 3.1875, 3.734375]"
True,9550,1,46573,1,"[3.125, 2.9375, 3.015625, 3.46875]"
False,9551,0,46579,2,"[2.546875, 2.171875, 2.125, 2.140625]"
True,9552,3,46596,3,"[3.28125, 2.96875, 2.890625, 2.875]"
False,9553,0,46603,1,"[3.796875, 2.640625, 3.078125, 3.625]"
False,9554,3,46612,0,"[2.609375, 3.140625, 3.0, 3.84375]"
False,9555,3,46636,0,"[2.515625, 2.796875, 2.8125, 2.578125]"
False,9556,0,46641,1,"[3.15625, 2.875, 3.140625, 3.34375]"
False,9557,2,46645,0,"[1.9453125, 3.296875, 2.390625, 2.15625]"
False,9558,1,46647,3,"[2.921875, 2.890625, 3.25, 2.875]"
False,9559,0,46649,1,"[2.71875, 2.296875, 2.640625, 3.046875]"
False,9560,0,46655,2,"[3.84375, 3.96875, 3.03125, 3.953125]"
True,9561,3,46674,3,"[3.125, 3.203125, 3.546875, 2.921875]"
False,9562,0,46686,1,"[3.8125, 2.328125, 3.046875, 3.3125]"
True,9563,0,46689,0,"[2.53125, 2.703125, 2.546875, 2.640625]"
False,9564,2,46693,0,"[2.484375, 3.03125, 3.796875, 3.15625]"
True,9565,0,46711,0,"[2.453125, 3.0625, 3.359375, 2.75]"
False,9566,0,46734,1,"[2.96875, 2.75, 2.84375, 2.875]"
False,9567,1,46735,0,"[2.578125, 3.3125, 3.09375, 2.875]"
True,9568,2,46745,2,"[3.0625, 2.671875, 2.65625, 2.71875]"
True,9569,2,46755,2,"[3.078125, 3.359375, 2.5625, 2.59375]"
True,9570,3,46774,3,"[2.65625, 2.90625, 3.59375, 2.34375]"
False,9571,2,46781,0,"[3.09375, 3.703125, 3.515625, 3.1875]"
False,9572,2,46788,3,"[2.390625, 3.609375, 3.140625, 1.5703125]"
False,9573,2,46790,0,"[2.953125, 3.765625, 3.265625, 3.546875]"
False,9574,0,46795,3,"[3.203125, 3.609375, 3.5625, 2.546875]"
True,9575,0,46820,0,"[2.71875, 3.15625, 3.046875, 3.25]"
False,9576,1,46822,0,"[1.7734375, 3.390625, 2.03125, 3.171875]"
False,9577,0,46837,3,"[3.359375, 2.84375, 2.71875, 2.28125]"
False,9578,2,46839,0,"[2.90625, 3.0, 3.03125, 3.09375]"
True,9579,1,46844,1,"[3.453125, 2.921875, 2.984375, 3.171875]"
False,9580,1,46847,3,"[3.46875, 3.25, 3.25, 3.1875]"
True,9581,2,46856,2,"[3.046875, 2.796875, 2.671875, 3.234375]"
False,9582,0,46860,3,"[2.9375, 2.8125, 3.34375, 2.46875]"
False,9583,0,46862,1,"[3.8125, 2.515625, 3.390625, 4.34375]"
True,9584,0,46865,0,"[2.828125, 2.9375, 3.546875, 3.765625]"
True,9585,2,46868,2,"[3.671875, 3.078125, 2.484375, 2.65625]"
True,9586,0,46882,0,"[2.53125, 2.796875, 3.765625, 2.78125]"
False,9587,1,46887,0,"[2.421875, 2.859375, 2.9375, 2.734375]"
False,9588,3,46897,1,"[2.921875, 2.25, 3.109375, 2.671875]"
False,9589,2,46898,3,"[3.453125, 2.671875, 2.890625, 2.4375]"
False,9590,3,46901,0,"[2.5625, 3.3125, 3.4375, 3.375]"
False,9591,0,46906,1,"[2.65625, 2.4375, 3.03125, 3.0625]"
True,9592,3,46908,3,"[3.484375, 3.484375, 3.03125, 2.9375]"
True,9593,0,46911,0,"[2.90625, 3.09375, 3.546875, 3.046875]"
True,9594,2,46917,2,"[3.921875, 3.28125, 2.28125, 3.375]"
True,9595,1,46920,1,"[3.453125, 3.0, 3.421875, 3.15625]"
False,9596,3,46921,1,"[2.78125, 2.5625, 2.875, 3.625]"
False,9597,1,46923,0,"[2.75, 3.578125, 3.125, 3.125]"
False,9598,3,46926,1,"[3.4375, 3.0625, 3.265625, 3.34375]"
False,9599,1,46930,3,"[3.015625, 2.734375, 2.890625, 2.15625]"
False,9600,0,46931,1,"[3.359375, 3.109375, 3.671875, 3.28125]"
True,9601,0,46935,0,"[2.109375, 2.90625, 2.71875, 2.75]"
False,9602,3,46936,0,"[2.59375, 4.15625, 3.703125, 2.703125]"
False,9603,3,46937,1,"[3.390625, 2.8125, 3.234375, 3.046875]"
False,9604,3,46958,0,"[2.0, 2.109375, 3.03125, 2.109375]"
True,9605,1,46981,1,"[3.234375, 2.390625, 2.875, 3.28125]"
False,9606,1,46983,2,"[3.15625, 3.390625, 2.59375, 3.5625]"
False,9607,1,46995,0,"[2.578125, 3.171875, 2.578125, 2.84375]"
False,9608,0,46998,1,"[3.109375, 2.375, 3.21875, 3.46875]"
False,9609,2,47032,3,"[3.125, 3.828125, 3.140625, 2.5]"
True,9610,1,47047,1,"[2.40625, 2.0, 2.90625, 2.578125]"
False,9611,0,47053,2,"[2.84375, 3.84375, 2.546875, 3.75]"
False,9612,3,47055,0,"[2.296875, 2.890625, 2.921875, 2.765625]"
True,9613,1,47059,1,"[3.140625, 2.265625, 2.640625, 2.671875]"
False,9614,3,47060,0,"[2.71875, 2.953125, 3.53125, 2.984375]"
False,9615,2,47085,3,"[2.671875, 3.484375, 3.0, 2.5625]"
False,9616,3,47107,1,"[3.203125, 3.0625, 3.75, 3.6875]"
False,9617,1,47129,3,"[4.375, 3.515625, 3.390625, 2.671875]"
False,9618,0,47133,1,"[2.1875, 2.140625, 2.59375, 3.546875]"
False,9619,1,47144,0,"[2.21875, 2.296875, 4.03125, 3.15625]"
True,9620,0,47146,0,"[2.828125, 2.890625, 2.984375, 3.375]"
False,9621,1,47165,2,"[3.09375, 3.078125, 2.84375, 2.953125]"
False,9622,1,47177,3,"[3.234375, 3.234375, 3.296875, 2.453125]"
False,9623,3,47193,0,"[1.9140625, 2.09375, 3.1875, 2.59375]"
False,9624,1,47195,0,"[2.71875, 3.359375, 2.8125, 3.140625]"
True,9625,3,47210,3,"[3.734375, 3.671875, 3.109375, 2.625]"
False,9626,0,47214,1,"[3.15625, 2.453125, 2.890625, 2.640625]"
False,9627,1,47215,3,"[2.90625, 2.578125, 3.0625, 2.296875]"
True,9628,2,47222,2,"[3.109375, 2.734375, 2.21875, 3.1875]"
False,9629,2,47229,1,"[2.75, 1.9609375, 3.59375, 2.390625]"
False,9630,2,47240,0,"[0.6171875, 3.015625, 2.953125, 3.140625]"
False,9631,2,47241,3,"[3.53125, 3.125, 2.9375, 2.59375]"
True,9632,3,47269,3,"[2.75, 3.5, 3.921875, 2.46875]"
False,9633,0,47277,1,"[2.8125, 2.34375, 3.1875, 2.859375]"
False,9634,0,47282,3,"[3.015625, 3.0625, 3.125, 2.515625]"
False,9635,1,47285,0,"[2.09375, 3.125, 2.8125, 2.1875]"
False,9636,2,47289,0,"[2.15625, 3.28125, 2.609375, 2.703125]"
False,9637,3,47291,1,"[2.390625, 2.03125, 2.234375, 2.671875]"
True,9638,2,47302,2,"[2.53125, 2.609375, 2.5, 2.828125]"
True,9639,3,47304,3,"[3.75, 2.421875, 2.78125, 2.3125]"
True,9640,0,47313,0,"[2.859375, 3.328125, 3.03125, 3.171875]"
False,9641,3,47317,2,"[2.34375, 2.703125, 2.21875, 3.046875]"
False,9642,3,47323,2,"[2.796875, 2.515625, 2.484375, 3.140625]"
False,9643,1,47332,3,"[3.4375, 2.34375, 3.515625, 2.3125]"
False,9644,1,47341,0,"[2.53125, 3.109375, 2.625, 3.421875]"
True,9645,2,47353,2,"[3.09375, 2.796875, 2.421875, 3.03125]"
False,9646,2,47384,3,"[3.515625, 2.65625, 3.859375, 1.96875]"
False,9647,0,47386,2,"[3.5, 3.203125, 3.109375, 3.625]"
True,9648,1,47387,1,"[2.734375, 2.265625, 2.34375, 3.09375]"
True,9649,1,47398,1,"[3.34375, 2.5625, 3.34375, 3.265625]"
False,9650,1,47422,3,"[2.9375, 2.890625, 2.640625, 2.046875]"
False,9651,1,47436,0,"[2.765625, 2.953125, 3.34375, 2.859375]"
False,9652,3,47440,2,"[2.640625, 3.890625, 2.453125, 3.109375]"
False,9653,1,47441,2,"[3.203125, 2.546875, 1.90625, 2.609375]"
True,9654,3,47444,3,"[3.8125, 3.640625, 2.953125, 2.90625]"
True,9655,1,47448,1,"[2.953125, 2.4375, 2.921875, 2.5]"
False,9656,0,47452,1,"[3.21875, 2.8125, 3.140625, 3.25]"
False,9657,3,47454,2,"[3.484375, 3.28125, 3.234375, 3.359375]"
True,9658,2,47469,2,"[3.09375, 2.703125, 2.515625, 3.671875]"
True,9659,1,47497,1,"[3.890625, 2.671875, 2.921875, 2.96875]"
True,9660,3,47508,3,"[2.890625, 3.21875, 3.390625, 2.6875]"
False,9661,0,47512,3,"[2.921875, 3.453125, 2.984375, 2.6875]"
False,9662,2,47517,0,"[2.609375, 2.640625, 2.859375, 2.703125]"
False,9663,0,47542,2,"[3.09375, 3.25, 2.78125, 3.09375]"
False,9664,1,47548,0,"[2.578125, 3.25, 3.171875, 3.28125]"
True,9665,1,47551,1,"[3.75, 2.921875, 3.203125, 3.9375]"
False,9666,2,47556,3,"[2.9375, 2.734375, 2.546875, 2.390625]"
True,9667,2,47559,2,"[3.015625, 3.046875, 1.9453125, 2.046875]"
False,9668,0,47574,1,"[3.5625, 2.046875, 2.609375, 4.0625]"
False,9669,1,47588,3,"[2.734375, 3.515625, 2.390625, 2.046875]"
True,9670,1,47595,1,"[3.21875, 2.71875, 3.453125, 2.9375]"
True,9671,0,47603,0,"[2.296875, 2.84375, 3.03125, 3.359375]"
False,9672,2,47629,3,"[2.984375, 2.953125, 2.515625, 2.296875]"
False,9673,1,47645,3,"[3.140625, 3.6875, 3.046875, 3.0]"
True,9674,3,47659,3,"[3.046875, 2.6875, 4.0, 2.578125]"
True,9675,2,47683,2,"[3.28125, 3.359375, 3.1875, 3.1875]"
True,9676,3,47685,3,"[3.25, 3.546875, 2.515625, 2.3125]"
False,9677,0,47697,2,"[3.140625, 4.46875, 2.3125, 3.515625]"
False,9678,1,47698,0,"[1.6640625, 2.34375, 2.765625, 2.703125]"
False,9679,1,47705,3,"[3.15625, 3.828125, 2.796875, 2.484375]"
False,9680,0,47709,1,"[3.09375, 2.390625, 2.5, 2.421875]"
False,9681,3,47712,2,"[3.0, 2.828125, 2.25, 2.828125]"
False,9682,2,47715,0,"[2.140625, 2.71875, 2.4375, 3.015625]"
False,9683,0,47720,3,"[2.828125, 2.75, 3.796875, 2.203125]"
False,9684,3,47733,1,"[3.484375, 2.34375, 2.84375, 3.71875]"
False,9685,1,47741,3,"[3.578125, 3.3125, 2.828125, 2.671875]"
False,9686,2,47744,3,"[2.875, 3.078125, 3.140625, 2.34375]"
True,9687,0,47766,0,"[2.59375, 2.703125, 2.734375, 3.625]"
False,9688,3,47767,2,"[2.609375, 2.90625, 2.421875, 3.265625]"
False,9689,1,47783,3,"[3.21875, 3.3125, 3.375, 2.1875]"
False,9690,1,47797,2,"[5.53125, 3.734375, 3.21875, 3.59375]"
True,9691,2,47807,2,"[3.625, 2.703125, 2.671875, 3.640625]"
False,9692,2,47817,3,"[2.1875, 2.28125, 2.71875, 1.7734375]"
False,9693,3,47830,2,"[3.421875, 3.984375, 2.765625, 3.375]"
False,9694,3,47836,0,"[2.140625, 3.03125, 2.890625, 3.03125]"
False,9695,0,47838,1,"[3.03125, 2.765625, 2.9375, 2.828125]"
False,9696,2,47839,0,"[2.125, 2.71875, 2.875, 2.5625]"
False,9697,1,47843,2,"[2.34375, 2.765625, 2.25, 2.765625]"
False,9698,0,47851,3,"[2.53125, 3.578125, 2.859375, 2.4375]"
False,9699,2,47859,1,"[2.765625, 2.734375, 4.09375, 3.625]"
True,9700,2,47861,2,"[3.390625, 2.890625, 2.1875, 3.84375]"
True,9701,3,47868,3,"[2.75, 2.828125, 2.796875, 2.578125]"
False,9702,3,47869,1,"[2.71875, 2.59375, 3.109375, 3.0]"
False,9703,1,47876,2,"[3.140625, 2.984375, 2.75, 2.8125]"
False,9704,0,47884,2,"[2.734375, 3.265625, 2.453125, 2.984375]"
False,9705,0,47889,3,"[2.890625, 2.40625, 2.484375, 2.140625]"
False,9706,2,47890,3,"[3.390625, 3.625, 3.140625, 2.25]"
True,9707,2,47918,2,"[2.859375, 3.6875, 2.390625, 3.265625]"
True,9708,1,47929,1,"[3.09375, 2.71875, 3.375, 2.890625]"
False,9709,0,47944,2,"[4.03125, 3.03125, 2.65625, 3.53125]"
False,9710,3,47950,2,"[2.9375, 3.15625, 2.84375, 3.46875]"
False,9711,2,47962,3,"[3.09375, 3.0625, 3.578125, 2.59375]"
True,9712,2,47965,2,"[2.828125, 2.515625, 2.359375, 2.765625]"
True,9713,2,47982,2,"[2.9375, 1.9453125, 1.578125, 2.78125]"
False,9714,0,47984,3,"[3.328125, 2.9375, 2.96875, 2.546875]"
True,9715,2,47998,2,"[2.96875, 2.890625, 2.40625, 2.546875]"
False,9716,1,48008,2,"[2.796875, 3.265625, 2.453125, 3.265625]"
False,9717,2,48028,0,"[2.765625, 3.296875, 3.234375, 2.9375]"
False,9718,1,48031,0,"[2.28125, 2.765625, 3.171875, 2.765625]"
False,9719,2,48034,1,"[2.515625, 2.234375, 2.359375, 3.0]"
True,9720,3,48043,3,"[3.0, 2.890625, 2.78125, 1.96875]"
False,9721,0,48045,3,"[2.84375, 2.734375, 2.859375, 2.609375]"
False,9722,1,48047,3,"[2.578125, 3.796875, 3.09375, 2.40625]"
True,9723,1,48050,1,"[3.453125, 3.03125, 3.671875, 3.640625]"
False,9724,2,48051,3,"[3.03125, 3.71875, 2.5, 2.484375]"
False,9725,3,48055,2,"[3.078125, 3.140625, 2.59375, 3.390625]"
False,9726,0,48060,2,"[2.71875, 2.890625, 2.5625, 2.609375]"
False,9727,1,48063,2,"[3.90625, 4.1875, 3.546875, 4.875]"
False,9728,2,48082,3,"[3.78125, 3.640625, 3.484375, 3.46875]"
False,9729,2,48110,0,"[2.78125, 3.359375, 2.984375, 3.046875]"
False,9730,3,48111,2,"[3.171875, 2.59375, 2.5, 2.734375]"
False,9731,3,48113,1,"[3.640625, 2.5, 2.671875, 4.0625]"
False,9732,1,48117,3,"[4.40625, 3.53125, 3.546875, 3.125]"
True,9733,1,48135,1,"[2.9375, 2.40625, 2.890625, 3.09375]"
False,9734,0,48139,3,"[3.65625, 2.796875, 3.546875, 2.4375]"
False,9735,3,48141,0,"[2.203125, 3.796875, 2.578125, 2.6875]"
True,9736,0,48144,0,"[2.703125, 3.828125, 2.890625, 3.28125]"
True,9737,2,48146,2,"[4.0625, 3.21875, 2.5, 3.640625]"
False,9738,3,48162,2,"[3.015625, 3.015625, 2.890625, 3.828125]"
False,9739,1,48165,3,"[2.578125, 2.65625, 2.71875, 2.453125]"
False,9740,1,48175,0,"[1.9765625, 2.65625, 2.1875, 3.34375]"
False,9741,3,48184,1,"[4.0, 2.71875, 3.359375, 3.15625]"
True,9742,2,48186,2,"[2.578125, 2.6875, 1.640625, 2.84375]"
False,9743,0,48188,2,"[3.484375, 2.53125, 2.265625, 2.34375]"
False,9744,3,48190,1,"[2.1875, 1.921875, 3.453125, 2.609375]"
False,9745,0,48217,2,"[3.046875, 2.578125, 2.546875, 3.28125]"
False,9746,3,48227,0,"[2.53125, 2.859375, 3.953125, 2.84375]"
False,9747,1,48229,0,"[1.8828125, 2.4375, 1.9453125, 1.953125]"
True,9748,2,48277,2,"[2.765625, 2.21875, 2.203125, 2.6875]"
False,9749,2,48281,1,"[3.515625, 3.0, 3.453125, 4.1875]"
False,9750,2,48327,0,"[2.5, 2.6875, 2.859375, 2.9375]"
True,9751,0,48334,0,"[2.625, 3.5, 3.171875, 2.75]"
True,9752,0,48344,0,"[3.046875, 3.359375, 3.21875, 3.046875]"
False,9753,2,48346,3,"[2.859375, 2.5625, 2.859375, 2.25]"
False,9754,0,48351,2,"[2.796875, 2.734375, 2.53125, 3.625]"
False,9755,0,48367,1,"[2.828125, 2.703125, 2.890625, 3.578125]"
False,9756,2,48370,1,"[3.5, 3.140625, 3.78125, 4.09375]"
False,9757,1,48372,2,"[2.96875, 3.265625, 2.953125, 3.109375]"
True,9758,1,48390,1,"[2.265625, 2.046875, 2.671875, 3.21875]"
False,9759,1,48396,2,"[3.796875, 3.453125, 3.015625, 3.859375]"
True,9760,2,48397,2,"[2.65625, 2.6875, 2.484375, 3.71875]"
False,9761,1,48405,3,"[3.03125, 2.953125, 3.21875, 2.484375]"
False,9762,1,48418,2,"[3.71875, 3.09375, 2.28125, 2.5625]"
False,9763,3,48423,2,"[2.796875, 3.359375, 2.21875, 3.703125]"
False,9764,0,48436,3,"[3.75, 3.59375, 3.09375, 2.890625]"
False,9765,2,48437,0,"[2.703125, 3.75, 3.015625, 3.328125]"
False,9766,2,48438,0,"[2.21875, 2.671875, 3.078125, 3.5]"
True,9767,0,48439,0,"[2.71875, 3.3125, 4.71875, 4.125]"
True,9768,1,48441,1,"[2.53125, 2.46875, 2.90625, 2.71875]"
True,9769,2,48450,2,"[3.15625, 3.0, 2.515625, 4.0]"
False,9770,2,48472,3,"[3.625, 2.671875, 3.9375, 2.265625]"
False,9771,2,48484,3,"[2.890625, 3.21875, 3.96875, 2.34375]"
True,9772,3,48498,3,"[3.015625, 3.1875, 3.0625, 2.953125]"
False,9773,1,48502,2,"[3.078125, 3.109375, 2.796875, 3.21875]"
False,9774,2,48516,1,"[3.359375, 2.796875, 3.1875, 3.453125]"
False,9775,1,48520,2,"[2.453125, 2.390625, 1.890625, 2.453125]"
False,9776,2,48544,1,"[3.1875, 3.0625, 3.328125, 3.578125]"
False,9777,3,48545,0,"[2.828125, 4.0, 3.265625, 3.1875]"
False,9778,3,48559,2,"[2.609375, 3.0625, 2.03125, 3.15625]"
False,9779,0,48570,2,"[2.84375, 2.6875, 2.15625, 2.84375]"
False,9780,1,48572,2,"[3.109375, 2.34375, 2.0625, 2.515625]"
False,9781,2,48580,3,"[3.640625, 3.546875, 2.625, 2.5625]"
False,9782,2,48588,0,"[2.15625, 3.09375, 2.71875, 3.546875]"
False,9783,1,48592,0,"[2.46875, 3.640625, 3.875, 2.9375]"
True,9784,3,48609,3,"[2.875, 2.484375, 2.96875, 2.28125]"
False,9785,3,48612,0,"[2.84375, 3.46875, 3.203125, 3.328125]"
False,9786,3,48613,0,"[3.09375, 3.09375, 3.484375, 3.140625]"
False,9787,2,48623,1,"[2.5, 2.234375, 3.484375, 2.828125]"
False,9788,2,48624,1,"[2.65625, 2.21875, 2.609375, 2.453125]"
False,9789,2,48627,1,"[3.0, 2.640625, 3.015625, 3.109375]"
False,9790,3,48639,0,"[3.0625, 3.421875, 3.484375, 3.171875]"
True,9791,1,48640,1,"[2.828125, 2.234375, 2.890625, 2.875]"
False,9792,0,48645,1,"[3.265625, 2.53125, 2.921875, 3.0625]"
False,9793,1,48650,3,"[4.21875, 3.578125, 3.75, 3.328125]"
False,9794,0,48651,3,"[2.578125, 3.171875, 3.09375, 2.546875]"
False,9795,3,48657,2,"[3.765625, 4.09375, 2.421875, 2.71875]"
False,9796,2,48659,0,"[2.59375, 2.640625, 2.9375, 3.75]"
False,9797,2,48662,0,"[2.75, 3.859375, 3.109375, 2.953125]"
False,9798,1,48671,3,"[3.140625, 3.078125, 3.453125, 2.171875]"
False,9799,3,48686,2,"[2.890625, 3.40625, 2.328125, 2.90625]"
False,9800,1,48689,2,"[3.328125, 3.171875, 2.1875, 2.4375]"
True,9801,1,48697,1,"[3.65625, 2.671875, 2.828125, 3.953125]"
False,9802,3,48712,2,"[4.5, 3.125, 2.84375, 3.4375]"
True,9803,1,48724,1,"[2.734375, 2.609375, 2.796875, 2.796875]"
False,9804,2,48751,0,"[2.3125, 2.71875, 2.59375, 3.09375]"
False,9805,1,48759,2,"[3.546875, 2.640625, 1.953125, 4.0]"
True,9806,2,48773,2,"[2.328125, 2.53125, 2.1875, 3.34375]"
False,9807,0,48783,3,"[3.203125, 3.78125, 2.890625, 2.46875]"
False,9808,2,48784,3,"[3.03125, 2.96875, 3.078125, 2.90625]"
False,9809,0,48793,1,"[3.671875, 1.5390625, 2.40625, 3.34375]"
False,9810,1,48795,3,"[3.640625, 2.234375, 3.0625, 2.21875]"
True,9811,3,48797,3,"[3.0625, 2.734375, 2.640625, 2.4375]"
True,9812,2,48801,2,"[3.46875, 3.75, 2.40625, 2.53125]"
False,9813,2,48813,3,"[2.484375, 3.21875, 2.265625, 2.140625]"
True,9814,2,48836,2,"[2.734375, 2.6875, 2.546875, 3.109375]"
False,9815,2,48847,0,"[3.71875, 3.890625, 3.75, 3.90625]"
False,9816,0,48849,2,"[2.484375, 2.90625, 2.15625, 2.828125]"
True,9817,0,48854,0,"[2.796875, 3.375, 3.421875, 3.703125]"
False,9818,2,48860,1,"[3.703125, 2.640625, 2.859375, 3.78125]"
False,9819,2,48885,3,"[3.578125, 3.421875, 3.734375, 3.328125]"
False,9820,3,48886,2,"[3.390625, 3.703125, 2.734375, 3.421875]"
True,9821,1,48888,1,"[3.03125, 2.140625, 2.8125, 2.828125]"
True,9822,0,48898,0,"[2.546875, 3.078125, 2.84375, 3.203125]"
False,9823,1,48899,0,"[2.96875, 3.390625, 3.015625, 3.875]"
False,9824,0,48908,1,"[3.75, 2.9375, 3.984375, 3.203125]"
False,9825,2,48924,0,"[2.65625, 2.734375, 3.0625, 3.0625]"
True,9826,1,48928,1,"[3.859375, 3.078125, 3.34375, 3.34375]"
False,9827,0,48932,2,"[3.65625, 3.359375, 2.921875, 3.46875]"
False,9828,2,48936,0,"[2.875, 3.171875, 3.453125, 3.921875]"
False,9829,1,48937,2,"[2.625, 2.671875, 2.375, 2.515625]"
True,9830,1,48942,1,"[3.0625, 2.546875, 2.84375, 4.21875]"
False,9831,3,48945,1,"[2.984375, 2.546875, 2.84375, 3.859375]"
True,9832,0,48946,0,"[2.109375, 3.0625, 3.28125, 2.953125]"
False,9833,2,48956,3,"[3.3125, 3.609375, 3.15625, 2.609375]"
False,9834,1,48961,3,"[2.828125, 4.15625, 3.21875, 2.734375]"
False,9835,0,48962,1,"[3.59375, 2.84375, 3.015625, 2.953125]"
False,9836,3,48981,1,"[3.703125, 3.109375, 3.546875, 3.390625]"
False,9837,0,48982,2,"[2.765625, 2.34375, 2.28125, 2.84375]"
False,9838,3,48990,0,"[3.140625, 3.515625, 3.953125, 4.65625]"
False,9839,3,49011,1,"[2.859375, 2.65625, 3.75, 2.921875]"
True,9840,0,49028,0,"[2.953125, 3.71875, 3.390625, 3.1875]"
True,9841,1,49032,1,"[3.390625, 2.75, 2.953125, 3.28125]"
True,9842,2,49042,2,"[3.0625, 2.46875, 2.296875, 2.84375]"
False,9843,3,49043,1,"[2.546875, 2.484375, 3.359375, 2.5625]"
False,9844,3,49045,2,"[2.875, 2.8125, 2.421875, 3.171875]"
True,9845,1,49050,1,"[2.9375, 2.515625, 3.3125, 4.21875]"
False,9846,3,49052,0,"[2.171875, 2.671875, 2.328125, 3.015625]"
False,9847,0,49055,1,"[3.015625, 2.390625, 2.609375, 3.234375]"
False,9848,2,49056,0,"[2.890625, 3.703125, 3.046875, 3.3125]"
False,9849,3,49060,1,"[2.90625, 2.515625, 2.578125, 2.671875]"
False,9850,0,49063,2,"[3.21875, 3.171875, 2.703125, 3.578125]"
True,9851,2,49068,2,"[3.03125, 3.125, 3.0, 3.203125]"
True,9852,3,49073,3,"[3.515625, 3.3125, 3.40625, 2.78125]"
False,9853,0,49074,3,"[2.75, 2.578125, 3.546875, 2.515625]"
False,9854,2,49083,0,"[2.796875, 3.40625, 3.515625, 3.484375]"
True,9855,2,49090,2,"[2.984375, 3.0625, 2.9375, 3.421875]"
True,9856,2,49114,2,"[3.0625, 3.140625, 2.703125, 2.921875]"
False,9857,2,49122,3,"[2.953125, 3.328125, 2.96875, 2.5]"
False,9858,0,49124,3,"[3.546875, 3.546875, 3.34375, 2.90625]"
False,9859,2,49133,3,"[3.015625, 3.3125, 3.359375, 2.734375]"
True,9860,2,49139,2,"[3.09375, 2.984375, 2.796875, 3.40625]"
False,9861,1,49140,3,"[3.109375, 2.984375, 2.75, 2.640625]"
False,9862,0,49146,3,"[2.921875, 2.90625, 3.265625, 2.859375]"
False,9863,1,49158,0,"[2.109375, 2.75, 3.921875, 2.4375]"
False,9864,1,49185,2,"[3.90625, 3.875, 2.390625, 3.78125]"
True,9865,1,49197,1,"[2.921875, 2.078125, 2.1875, 3.375]"
True,9866,1,49207,1,"[3.78125, 2.390625, 2.71875, 3.71875]"
False,9867,3,49217,2,"[3.296875, 3.375, 3.046875, 4.15625]"
False,9868,0,49219,1,"[3.078125, 2.6875, 3.09375, 2.953125]"
True,9869,0,49222,0,"[2.859375, 2.96875, 3.1875, 2.859375]"
True,9870,2,49247,2,"[4.1875, 4.03125, 2.484375, 5.0625]"
True,9871,3,49250,3,"[3.0625, 3.203125, 3.5625, 3.015625]"
False,9872,2,49262,1,"[2.578125, 2.5625, 2.578125, 4.0]"
False,9873,2,49269,1,"[3.3125, 3.078125, 3.8125, 3.109375]"
False,9874,3,49271,1,"[3.21875, 2.6875, 2.96875, 3.46875]"
True,9875,3,49278,3,"[3.59375, 2.859375, 3.125, 2.421875]"
False,9876,2,49281,3,"[3.265625, 3.59375, 3.65625, 2.875]"
True,9877,3,49282,3,"[4.21875, 3.59375, 4.46875, 2.53125]"
False,9878,2,49284,1,"[2.109375, 1.96875, 3.234375, 2.0]"
False,9879,1,49285,2,"[3.5625, 3.40625, 2.109375, 2.703125]"
True,9880,0,49291,0,"[2.671875, 2.765625, 2.96875, 3.796875]"
False,9881,1,49295,3,"[2.671875, 2.96875, 3.0, 2.609375]"
False,9882,2,49296,0,"[2.09375, 2.8125, 2.984375, 2.21875]"
True,9883,1,49315,1,"[2.71875, 2.3125, 3.15625, 2.984375]"
False,9884,1,49324,3,"[3.328125, 2.953125, 3.953125, 2.25]"
True,9885,2,49336,2,"[3.46875, 3.390625, 2.890625, 3.3125]"
False,9886,1,49361,0,"[1.921875, 2.359375, 2.4375, 3.015625]"
False,9887,2,49373,3,"[2.640625, 2.03125, 3.25, 1.671875]"
False,9888,2,49402,1,"[2.734375, 1.7578125, 2.421875, 2.015625]"
False,9889,2,49407,0,"[2.703125, 3.3125, 3.125, 3.171875]"
False,9890,2,49412,3,"[2.8125, 2.5625, 2.84375, 2.4375]"
True,9891,0,49427,0,"[2.484375, 2.5, 3.265625, 3.375]"
True,9892,1,49429,1,"[3.375, 2.375, 2.90625, 3.421875]"
False,9893,3,49464,0,"[1.6796875, 3.0625, 2.5, 2.953125]"
True,9894,0,49479,0,"[2.203125, 2.34375, 2.578125, 3.296875]"
False,9895,2,49488,1,"[3.078125, 2.765625, 3.03125, 2.828125]"
False,9896,2,49492,1,"[3.3125, 2.453125, 2.984375, 3.640625]"
False,9897,0,49499,1,"[2.703125, 2.6875, 2.828125, 3.21875]"
False,9898,2,49505,3,"[3.234375, 3.484375, 3.40625, 2.53125]"
False,9899,1,49507,2,"[2.78125, 2.34375, 2.015625, 2.671875]"
False,9900,1,49508,3,"[3.0625, 2.484375, 4.125, 2.09375]"
False,9901,3,49514,2,"[3.328125, 3.078125, 2.84375, 3.1875]"
False,9902,3,49544,1,"[3.109375, 2.90625, 2.9375, 3.765625]"
True,9903,0,49553,0,"[3.4375, 3.53125, 3.484375, 3.484375]"
False,9904,2,49558,0,"[2.25, 3.515625, 2.9375, 2.453125]"
True,9905,1,49562,1,"[2.84375, 2.328125, 3.765625, 2.46875]"
True,9906,3,49563,3,"[2.828125, 4.71875, 3.265625, 1.9375]"
False,9907,0,49564,1,"[3.515625, 3.203125, 3.3125, 3.609375]"
False,9908,0,49569,1,"[3.0625, 2.765625, 3.09375, 3.4375]"
False,9909,1,49578,0,"[2.25, 2.921875, 2.796875, 2.53125]"
True,9910,2,49586,2,"[3.0, 2.9375, 2.90625, 3.1875]"
True,9911,3,49594,3,"[3.84375, 2.953125, 2.984375, 2.109375]"
False,9912,3,49597,1,"[3.015625, 2.515625, 2.90625, 3.65625]"
False,9913,0,49612,3,"[3.765625, 3.3125, 3.0, 2.953125]"
True,9914,0,49624,0,"[2.640625, 3.140625, 2.71875, 3.84375]"
False,9915,3,49626,0,"[3.5625, 4.25, 3.78125, 4.1875]"
True,9916,2,49639,2,"[3.890625, 2.984375, 2.1875, 2.625]"
False,9917,3,49643,2,"[3.09375, 2.734375, 2.171875, 2.3125]"
False,9918,2,49648,0,"[2.46875, 3.421875, 2.5, 2.5625]"
True,9919,0,49658,0,"[2.53125, 2.921875, 3.234375, 3.03125]"
False,9920,2,49660,0,"[3.21875, 3.296875, 3.3125, 3.5625]"
False,9921,1,49662,3,"[2.796875, 2.734375, 3.015625, 2.5625]"
False,9922,1,49663,0,"[2.484375, 3.328125, 3.3125, 3.109375]"
False,9923,0,49666,3,"[3.09375, 3.328125, 3.375, 2.71875]"
False,9924,3,49685,2,"[3.90625, 2.859375, 2.1875, 2.96875]"
False,9925,3,49698,1,"[3.078125, 2.734375, 3.15625, 3.46875]"
False,9926,0,49700,3,"[3.296875, 3.140625, 3.046875, 2.796875]"
False,9927,1,49703,0,"[2.703125, 2.875, 3.609375, 2.890625]"
False,9928,1,49710,3,"[3.4375, 2.9375, 3.15625, 2.765625]"
False,9929,0,49712,1,"[3.578125, 2.875, 3.609375, 2.890625]"
False,9930,2,49729,3,"[2.59375, 2.65625, 2.90625, 2.15625]"
False,9931,3,49749,0,"[2.84375, 3.625, 4.28125, 2.96875]"
True,9932,1,49758,1,"[3.203125, 3.03125, 3.15625, 3.078125]"
False,9933,0,49806,1,"[3.09375, 2.546875, 2.828125, 3.046875]"
True,9934,0,49811,0,"[3.0, 3.09375, 3.078125, 3.515625]"
True,9935,3,49812,3,"[3.1875, 3.28125, 2.3125, 2.0625]"
False,9936,0,49817,3,"[2.890625, 3.203125, 3.84375, 2.484375]"
False,9937,0,49823,1,"[3.296875, 3.203125, 3.28125, 3.515625]"
False,9938,0,49832,2,"[3.765625, 2.640625, 1.953125, 2.765625]"
False,9939,1,49834,3,"[2.640625, 3.0, 3.1875, 2.515625]"
False,9940,1,49856,2,"[3.03125, 2.0625, 1.96875, 3.25]"
False,9941,3,49858,1,"[3.015625, 2.609375, 2.859375, 2.703125]"
True,9942,1,49859,1,"[3.921875, 2.65625, 3.0625, 3.203125]"
True,9943,0,49860,0,"[2.53125, 2.90625, 2.984375, 3.078125]"
False,9944,2,49865,1,"[2.984375, 2.53125, 3.40625, 3.34375]"
False,9945,3,49871,2,"[3.234375, 3.71875, 2.078125, 2.703125]"
False,9946,1,49876,3,"[3.40625, 2.9375, 3.625, 2.6875]"
False,9947,1,49897,2,"[3.671875, 2.671875, 2.640625, 3.15625]"
False,9948,2,49903,1,"[3.96875, 3.53125, 4.09375, 3.984375]"
True,9949,1,49911,1,"[3.15625, 2.09375, 2.921875, 2.59375]"
False,9950,0,49917,3,"[2.953125, 2.734375, 2.78125, 2.3125]"
False,9951,3,49920,1,"[3.484375, 2.515625, 2.65625, 2.59375]"
False,9952,0,49949,3,"[2.421875, 2.9375, 2.8125, 2.40625]"
True,9953,2,49952,2,"[3.78125, 2.734375, 2.390625, 2.515625]"
False,9954,3,49953,2,"[3.09375, 2.484375, 2.359375, 3.046875]"
False,9955,1,49969,0,"[2.453125, 2.6875, 2.921875, 2.625]"
False,9956,3,49978,2,"[2.453125, 3.40625, 2.40625, 2.546875]"
False,9957,3,49981,1,"[3.28125, 2.828125, 3.21875, 3.09375]"
False,9958,2,50015,0,"[2.84375, 3.875, 3.390625, 2.984375]"
True,9959,0,50034,0,"[2.734375, 4.28125, 3.21875, 3.5]"
True,9960,0,50039,0,"[2.890625, 4.75, 3.671875, 3.75]"
False,9961,3,50050,1,"[2.859375, 2.578125, 3.09375, 2.984375]"
False,9962,2,50068,3,"[2.75, 2.65625, 2.421875, 2.03125]"
True,9963,0,50074,0,"[3.15625, 3.703125, 3.234375, 3.15625]"
False,9964,0,50079,1,"[3.625, 2.34375, 2.921875, 3.78125]"
False,9965,1,50083,0,"[2.78125, 3.265625, 4.71875, 3.25]"
False,9966,2,50092,1,"[3.03125, 2.015625, 3.421875, 2.53125]"
True,9967,1,50102,1,"[3.15625, 2.28125, 3.921875, 4.0]"
False,9968,0,50104,1,"[3.140625, 2.421875, 2.84375, 2.765625]"
False,9969,1,50111,2,"[3.390625, 2.59375, 2.3125, 2.328125]"
False,9970,0,50114,1,"[2.734375, 2.71875, 3.15625, 2.84375]"
False,9971,3,50140,0,"[2.96875, 3.453125, 3.015625, 3.0625]"
True,9972,2,50141,2,"[2.9375, 3.40625, 2.671875, 2.96875]"
False,9973,2,50149,0,"[2.71875, 3.0, 3.515625, 2.75]"
True,9974,2,50150,2,"[4.15625, 3.390625, 1.984375, 3.0625]"
True,9975,0,50156,0,"[2.421875, 2.609375, 3.1875, 2.5625]"
False,9976,1,50178,0,"[2.15625, 2.796875, 2.4375, 3.171875]"
False,9977,0,50179,2,"[3.046875, 3.78125, 2.3125, 3.28125]"
False,9978,2,50192,3,"[3.28125, 3.234375, 3.15625, 2.96875]"
True,9979,0,50193,0,"[2.90625, 3.0625, 3.640625, 3.203125]"
True,9980,0,50195,0,"[2.375, 4.0, 2.875, 4.0]"
True,9981,2,50198,2,"[3.09375, 2.71875, 2.390625, 2.875]"
False,9982,1,50200,2,"[2.90625, 2.1875, 2.078125, 3.046875]"
False,9983,2,50207,1,"[2.78125, 2.640625, 2.90625, 3.828125]"
True,9984,1,50209,1,"[2.46875, 2.359375, 2.59375, 2.65625]"
False,9985,1,50229,3,"[2.65625, 2.828125, 2.8125, 1.765625]"
False,9986,0,50230,1,"[3.484375, 3.0, 4.1875, 4.0625]"
False,9987,0,50235,1,"[3.15625, 2.859375, 3.25, 2.890625]"
True,9988,0,50238,0,"[2.734375, 3.46875, 3.09375, 2.90625]"
False,9989,0,50240,3,"[3.46875, 3.75, 3.5625, 3.375]"
True,9990,2,50244,2,"[6.0625, 4.8125, 3.21875, 5.6875]"
False,9991,2,50253,0,"[2.46875, 3.65625, 2.625, 2.6875]"
False,9992,1,50272,3,"[3.078125, 3.21875, 2.859375, 2.609375]"
True,9993,0,50285,0,"[1.625, 3.203125, 2.859375, 3.25]"
True,9994,3,50310,3,"[2.40625, 3.46875, 2.515625, 2.34375]"
False,9995,3,50313,0,"[2.34375, 2.4375, 2.953125, 2.453125]"
False,9996,0,50315,3,"[3.25, 4.0, 3.15625, 2.359375]"
False,9997,1,50320,0,"[2.21875, 2.796875, 2.40625, 3.25]"
True,9998,3,50328,3,"[3.6875, 3.140625, 3.03125, 2.09375]"
True,9999,2,50329,2,"[3.46875, 2.671875, 2.28125, 2.703125]"
True,10000,1,50351,1,"[3.109375, 1.6640625, 2.484375, 2.65625]"
False,10001,1,50368,2,"[2.859375, 2.875, 2.21875, 2.328125]"
False,10002,0,50375,2,"[3.3125, 4.15625, 3.25, 3.484375]"
True,10003,0,50379,0,"[3.0625, 3.609375, 3.109375, 3.640625]"
False,10004,3,50383,2,"[2.984375, 3.203125, 2.484375, 3.125]"
False,10005,0,50386,3,"[2.625, 2.953125, 3.25, 2.15625]"
False,10006,3,50390,0,"[2.53125, 2.71875, 3.53125, 2.671875]"
True,10007,1,50423,1,"[3.25, 1.8984375, 3.453125, 3.09375]"
True,10008,2,50427,2,"[2.671875, 2.796875, 1.6484375, 2.34375]"
False,10009,3,50428,1,"[2.921875, 2.53125, 3.03125, 3.203125]"
True,10010,0,50438,0,"[2.390625, 3.15625, 3.359375, 2.625]"
False,10011,3,50445,2,"[3.96875, 3.09375, 2.390625, 2.6875]"
False,10012,1,50461,0,"[2.3125, 2.328125, 2.671875, 3.109375]"
False,10013,3,50463,0,"[2.375, 3.015625, 2.78125, 3.265625]"
False,10014,1,50475,2,"[3.234375, 3.703125, 3.0625, 4.3125]"
True,10015,1,50476,1,"[3.734375, 3.453125, 3.5625, 4.125]"
False,10016,0,50477,2,"[3.390625, 3.28125, 3.140625, 3.359375]"
False,10017,1,50478,2,"[2.859375, 2.96875, 2.25, 2.921875]"
False,10018,2,50481,0,"[2.265625, 2.34375, 2.265625, 2.328125]"
False,10019,2,50485,0,"[3.09375, 3.109375, 3.671875, 4.21875]"
False,10020,2,50512,0,"[2.5625, 2.609375, 3.375, 3.046875]"
True,10021,2,50515,2,"[3.28125, 3.328125, 2.484375, 3.59375]"
False,10022,2,50517,3,"[3.1875, 3.75, 3.453125, 3.0]"
False,10023,3,50518,0,"[2.265625, 3.0, 3.140625, 2.796875]"
False,10024,3,50522,0,"[3.109375, 3.515625, 3.765625, 3.296875]"
True,10025,0,50536,0,"[2.25, 2.6875, 2.34375, 2.59375]"
False,10026,3,50544,2,"[3.328125, 3.515625, 2.96875, 4.1875]"
False,10027,2,50547,3,"[2.703125, 2.6875, 3.8125, 2.671875]"
True,10028,0,50548,0,"[2.28125, 3.296875, 3.359375, 2.578125]"
False,10029,1,50557,0,"[2.546875, 3.078125, 3.34375, 2.828125]"
False,10030,2,50566,0,"[2.25, 3.046875, 2.828125, 2.640625]"
False,10031,0,50568,1,"[3.921875, 2.703125, 3.28125, 3.40625]"
False,10032,0,50569,3,"[3.34375, 3.5625, 3.328125, 2.125]"
False,10033,0,50576,2,"[3.453125, 3.484375, 2.984375, 3.734375]"
True,10034,2,50580,2,"[2.84375, 3.265625, 2.484375, 2.546875]"
True,10035,3,50597,3,"[3.640625, 3.125, 3.015625, 2.828125]"
False,10036,1,50601,0,"[2.59375, 3.578125, 3.125, 3.265625]"
False,10037,1,50634,0,"[2.484375, 3.15625, 2.703125, 3.34375]"
False,10038,3,50640,2,"[3.765625, 3.875, 2.453125, 2.828125]"
False,10039,3,50646,0,"[2.4375, 3.859375, 3.734375, 3.296875]"
False,10040,2,50653,0,"[2.5, 3.296875, 3.65625, 3.59375]"
True,10041,2,50657,2,"[2.6875, 3.203125, 2.578125, 3.234375]"
