correct,id,label,original_id,prediction,scores
False,0,3,24,0,"[10.75, 10.75, 10.8125, 10.75]"
True,1,3,92,3,"[11.0, 11.1875, 11.25, 10.8125]"
True,2,2,106,2,"[11.0625, 10.875, 10.8125, 11.0]"
False,3,2,114,1,"[11.0, 10.875, 11.125, 11.0]"
False,4,1,116,3,"[11.125, 11.0625, 11.0625, 11.0]"
True,5,1,117,1,"[11.125, 11.0625, 11.0625, 11.25]"
False,6,2,149,3,"[11.0625, 11.125, 11.25, 10.9375]"
True,7,0,170,0,"[10.9375, 10.9375, 11.0625, 11.125]"
False,8,1,180,0,"[10.9375, 11.0, 10.9375, 11.0625]"
False,9,1,182,0,"[10.875, 11.0625, 11.125, 10.9375]"
False,10,3,185,0,"[11.0, 11.1875, 11.3125, 11.0625]"
False,11,3,186,0,"[10.875, 11.0, 11.1875, 10.9375]"
False,12,2,187,0,"[11.0625, 11.3125, 11.1875, 11.0625]"
False,13,2,188,0,"[10.9375, 11.0, 11.125, 11.3125]"
False,14,0,192,2,"[11.25, 11.0625, 10.9375, 11.0]"
False,15,3,200,1,"[11.0625, 10.9375, 10.9375, 11.25]"
False,16,2,225,3,"[11.0625, 11.25, 11.125, 11.0]"
True,17,0,245,0,"[10.8125, 10.9375, 11.0625, 11.0625]"
False,18,1,246,2,"[11.0625, 10.75, 10.5625, 11.125]"
True,19,1,247,1,"[11.125, 10.8125, 10.8125, 10.9375]"
False,20,1,282,0,"[10.9375, 11.0, 10.9375, 10.9375]"
False,21,0,354,3,"[11.3125, 11.125, 11.375, 11.0]"
False,22,3,378,2,"[10.8125, 10.8125, 10.625, 10.8125]"
False,23,3,380,0,"[11.0625, 11.0625, 11.125, 11.125]"
False,24,0,385,2,"[11.25, 11.0625, 10.625, 10.9375]"
False,25,3,386,1,"[11.0625, 10.75, 11.0, 11.0625]"
False,26,0,393,2,"[11.25, 11.1875, 10.9375, 11.1875]"
False,27,3,398,2,"[10.9375, 11.375, 10.875, 11.1875]"
False,28,1,399,3,"[11.125, 11.0, 11.0, 10.875]"
False,29,3,400,0,"[10.9375, 11.125, 11.0, 11.0625]"
False,30,1,402,0,"[10.8125, 11.0, 11.125, 11.0625]"
False,31,0,478,2,"[11.125, 11.5, 11.0625, 11.4375]"
False,32,1,479,0,"[11.0, 11.1875, 11.0, 11.0]"
False,33,2,491,3,"[10.9375, 10.9375, 11.0625, 10.8125]"
False,34,0,492,1,"[11.3125, 10.875, 11.0, 11.25]"
True,35,0,493,0,"[10.9375, 11.25, 11.0625, 11.0625]"
False,36,3,503,0,"[10.9375, 11.0, 11.125, 10.9375]"
False,37,2,527,3,"[11.0, 10.9375, 10.9375, 10.8125]"
False,38,2,529,1,"[11.0625, 10.875, 11.0, 11.125]"
False,39,1,560,0,"[11.0, 11.125, 11.0, 11.0625]"
True,40,2,586,2,"[10.8125, 11.1875, 10.75, 11.0]"
True,41,2,604,2,"[11.0625, 11.0625, 10.8125, 11.1875]"
False,42,3,605,0,"[10.75, 11.4375, 11.125, 11.0625]"
False,43,2,606,1,"[10.875, 10.8125, 11.0, 10.9375]"
True,44,0,615,0,"[10.9375, 10.9375, 10.9375, 11.0625]"
False,45,0,616,2,"[10.9375, 11.0625, 10.8125, 11.25]"
False,46,0,618,2,"[11.3125, 11.375, 10.9375, 11.0625]"
False,47,0,619,3,"[10.9375, 10.875, 11.0, 10.5625]"
False,48,3,689,0,"[10.875, 11.0625, 10.9375, 10.875]"
False,49,2,708,0,"[10.75, 10.9375, 10.8125, 10.875]"
False,50,2,712,3,"[11.0625, 10.9375, 11.0625, 10.875]"
False,51,2,748,0,"[10.875, 11.0, 10.9375, 10.9375]"
False,52,2,801,0,"[10.9375, 11.0, 11.375, 11.0625]"
True,53,3,818,3,"[11.1875, 10.9375, 10.9375, 10.625]"
False,54,1,819,0,"[10.8125, 10.8125, 11.0625, 11.3125]"
False,55,1,854,2,"[10.9375, 10.875, 10.5625, 10.9375]"
False,56,2,855,0,"[10.6875, 11.3125, 11.0625, 10.8125]"
False,57,1,858,0,"[10.8125, 11.125, 10.875, 11.0]"
False,58,0,859,1,"[11.0625, 10.9375, 10.9375, 10.9375]"
True,59,1,875,1,"[11.0625, 10.875, 10.9375, 10.9375]"
False,60,1,876,0,"[10.875, 11.125, 10.9375, 11.0625]"
True,61,1,883,1,"[11.0625, 10.875, 11.0625, 11.3125]"
True,62,2,884,2,"[11.4375, 11.25, 10.75, 11.0625]"
False,63,1,886,0,"[11.0, 11.1875, 11.125, 11.0625]"
True,64,3,887,3,"[10.9375, 11.1875, 11.0, 10.75]"
False,65,2,888,0,"[11.0, 11.0625, 11.0625, 11.1875]"
True,66,0,923,0,"[11.0, 11.1875, 11.125, 11.125]"
False,67,1,924,3,"[11.125, 11.1875, 10.9375, 10.8125]"
True,68,0,942,0,"[10.875, 11.125, 11.0625, 10.9375]"
False,69,0,950,3,"[10.9375, 11.0, 11.3125, 10.875]"
False,70,2,951,1,"[11.3125, 11.0, 11.0625, 11.125]"
False,71,2,989,0,"[10.8125, 11.375, 11.1875, 10.875]"
True,72,3,992,3,"[11.1875, 11.0, 11.1875, 10.875]"
False,73,1,1005,2,"[11.0625, 11.0625, 10.8125, 11.1875]"
False,74,3,1012,0,"[11.125, 11.25, 11.1875, 11.125]"
False,75,2,1045,1,"[10.9375, 10.8125, 11.0, 10.9375]"
False,76,3,1046,1,"[11.125, 11.0, 11.25, 11.0625]"
False,77,2,1047,0,"[10.875, 10.9375, 11.125, 11.0625]"
True,78,2,1050,2,"[10.875, 10.875, 10.6875, 10.875]"
False,79,0,1052,2,"[11.25, 10.9375, 10.6875, 11.3125]"
False,80,3,1053,2,"[11.125, 11.125, 11.0, 11.125]"
False,81,3,1065,2,"[10.9375, 11.125, 10.875, 11.0625]"
True,82,0,1066,0,"[10.875, 10.875, 10.9375, 11.0]"
False,83,1,1067,3,"[10.9375, 10.875, 11.0, 10.8125]"
False,84,0,1084,1,"[11.1875, 10.875, 11.0, 11.1875]"
False,85,1,1085,0,"[11.0, 11.0625, 11.1875, 11.1875]"
True,86,1,1087,1,"[11.0, 10.875, 10.9375, 11.125]"
False,87,0,1112,3,"[11.1875, 11.0, 11.0, 10.6875]"
False,88,2,1115,1,"[11.0625, 10.9375, 11.1875, 11.0625]"
False,89,2,1117,3,"[11.0, 11.1875, 11.0, 10.8125]"
False,90,1,1119,3,"[11.125, 11.1875, 11.125, 11.0]"
False,91,3,1140,1,"[11.25, 10.8125, 10.875, 11.125]"
False,92,1,1189,0,"[10.875, 11.125, 10.875, 11.125]"
False,93,0,1199,2,"[11.0, 11.25, 10.8125, 10.9375]"
False,94,1,1200,0,"[11.0, 11.1875, 11.125, 11.0625]"
True,95,2,1201,2,"[11.25, 11.0625, 11.0, 11.125]"
True,96,0,1203,0,"[10.875, 10.875, 10.9375, 11.125]"
False,97,3,1204,1,"[11.0, 10.875, 11.0, 10.9375]"
False,98,1,1248,0,"[11.0, 11.0625, 11.0625, 11.1875]"
False,99,3,1277,1,"[11.1875, 10.9375, 11.375, 11.125]"
True,100,0,1283,0,"[10.6875, 11.0, 10.8125, 11.0625]"
False,101,2,1301,1,"[11.25, 11.0, 11.0625, 11.1875]"
False,102,3,1321,0,"[11.0, 11.125, 11.25, 11.0625]"
True,103,2,1322,2,"[11.25, 11.0625, 10.9375, 11.0625]"
False,104,1,1486,3,"[11.0, 11.0625, 11.25, 10.8125]"
False,105,2,1493,0,"[10.9375, 11.0, 11.125, 11.125]"
False,106,2,1494,1,"[11.0625, 10.75, 11.1875, 10.9375]"
True,107,0,1515,0,"[10.875, 10.875, 11.0625, 11.1875]"
False,108,2,1516,1,"[11.0625, 10.9375, 11.0, 11.1875]"
False,109,3,1517,2,"[11.0, 11.0625, 10.875, 10.9375]"
True,110,2,1519,2,"[11.125, 10.75, 10.6875, 11.0625]"
False,111,0,1549,2,"[11.0625, 11.125, 11.0, 11.0]"
False,112,0,1607,1,"[11.25, 10.9375, 11.0, 11.125]"
False,113,3,1608,2,"[11.4375, 11.0, 10.8125, 11.0]"
True,114,0,1621,0,"[10.875, 10.9375, 11.0, 11.125]"
False,115,0,1622,2,"[11.1875, 11.1875, 10.9375, 11.25]"
False,116,1,1626,0,"[10.75, 11.125, 11.0625, 11.25]"
False,117,3,1628,0,"[10.875, 11.0625, 11.125, 11.0]"
True,118,2,1663,2,"[11.0, 11.125, 10.9375, 11.0625]"
False,119,2,1701,3,"[11.25, 11.0, 11.125, 10.875]"
True,120,2,1708,2,"[11.0, 10.9375, 10.8125, 10.875]"
False,121,3,1752,1,"[11.1875, 11.0625, 11.125, 11.0625]"
True,122,1,1755,1,"[10.9375, 10.625, 10.875, 10.875]"
False,123,0,1756,1,"[11.0, 10.875, 11.0, 10.875]"
False,124,2,1757,0,"[10.875, 11.0625, 11.0, 11.1875]"
True,125,2,1758,2,"[11.3125, 11.125, 11.0625, 11.125]"
False,126,3,1818,1,"[11.0, 10.9375, 11.0625, 11.1875]"
True,127,0,1819,0,"[10.9375, 11.375, 11.25, 10.9375]"
False,128,2,1821,0,"[10.5625, 11.0625, 11.0, 11.25]"
False,129,1,1827,3,"[10.875, 11.125, 11.0625, 10.75]"
True,130,1,1846,1,"[10.9375, 10.8125, 10.9375, 10.8125]"
False,131,0,1855,1,"[11.0, 10.9375, 11.0, 11.0625]"
False,132,0,1858,1,"[11.0625, 10.9375, 11.0, 11.0]"
True,133,1,1860,1,"[11.25, 10.875, 11.0625, 10.9375]"
False,134,2,1872,0,"[10.8125, 11.0625, 11.0625, 11.125]"
False,135,1,1874,2,"[10.9375, 11.0, 10.875, 10.9375]"
False,136,2,1875,3,"[11.25, 11.0625, 11.125, 11.0]"
False,137,0,1876,3,"[11.0, 10.875, 10.6875, 10.625]"
True,138,0,1931,0,"[10.9375, 11.0625, 11.0, 10.9375]"
False,139,0,1932,1,"[10.9375, 10.75, 10.75, 10.9375]"
False,140,1,1962,0,"[10.8125, 10.9375, 11.0, 11.0]"
True,141,3,1963,3,"[11.0, 11.125, 11.25, 10.875]"
True,142,2,1998,2,"[10.9375, 11.0, 10.75, 11.0]"
False,143,3,2030,0,"[11.0625, 11.1875, 11.125, 11.1875]"
False,144,2,2047,1,"[11.3125, 10.9375, 11.0625, 11.125]"
False,145,3,2048,0,"[10.9375, 11.0, 11.0, 11.0]"
False,146,3,2059,0,"[10.75, 10.875, 11.0, 10.75]"
True,147,2,2060,2,"[11.0, 11.0625, 10.75, 10.8125]"
True,148,1,2061,1,"[10.875, 10.6875, 11.0, 10.875]"
False,149,1,2154,2,"[11.0625, 11.125, 11.0, 11.0]"
False,150,1,2155,0,"[11.0, 11.3125, 11.25, 11.0625]"
False,151,3,2165,1,"[10.9375, 10.75, 11.125, 11.0625]"
False,152,3,2166,1,"[11.0, 10.875, 11.1875, 11.0625]"
False,153,0,2215,3,"[11.5, 11.1875, 11.125, 10.5625]"
True,154,2,2216,2,"[11.0625, 11.0, 10.8125, 11.0]"
False,155,0,2217,1,"[10.9375, 10.75, 11.0, 11.0]"
False,156,1,2218,0,"[10.875, 11.0, 11.125, 11.0625]"
False,157,3,2219,1,"[11.0625, 10.8125, 11.0625, 11.1875]"
False,158,2,2241,0,"[10.9375, 10.9375, 11.25, 11.3125]"
False,159,2,2242,1,"[11.125, 10.875, 11.1875, 11.0]"
False,160,2,2263,3,"[10.875, 11.0625, 11.0625, 10.625]"
False,161,2,2275,1,"[11.125, 10.6875, 11.3125, 11.0625]"
False,162,1,2278,0,"[10.875, 11.0625, 11.0, 11.1875]"
False,163,1,2281,0,"[10.6875, 10.875, 11.0, 11.0]"
False,164,2,2282,3,"[11.0625, 11.125, 11.0, 10.875]"
False,165,0,2284,1,"[11.25, 10.8125, 11.125, 11.1875]"
False,166,3,2301,2,"[11.3125, 10.9375, 10.8125, 10.875]"
False,167,1,2306,3,"[11.0, 11.125, 10.9375, 10.8125]"
False,168,2,2307,0,"[10.875, 10.875, 10.9375, 11.0625]"
False,169,2,2324,0,"[10.9375, 11.0, 11.0, 10.9375]"
False,170,0,2361,3,"[11.0, 11.0, 11.0625, 10.9375]"
False,171,0,2363,1,"[10.9375, 10.8125, 11.125, 10.9375]"
True,172,1,2364,1,"[10.9375, 10.75, 11.0625, 11.0]"
False,173,2,2390,0,"[10.9375, 10.9375, 11.0625, 11.25]"
False,174,1,2433,2,"[11.0, 11.25, 10.875, 10.9375]"
False,175,0,2434,1,"[11.3125, 11.0625, 11.125, 11.3125]"
False,176,3,2477,2,"[11.0, 10.875, 10.75, 11.0]"
True,177,3,2478,3,"[11.0625, 10.9375, 11.0625, 10.875]"
False,178,0,2487,2,"[10.9375, 10.9375, 10.75, 11.0625]"
True,179,2,2497,2,"[11.125, 11.0625, 11.0, 11.1875]"
False,180,2,2499,0,"[11.125, 11.125, 11.125, 11.5]"
False,181,0,2513,1,"[11.1875, 11.125, 11.125, 11.1875]"
True,182,0,2514,0,"[11.0, 11.0625, 11.0, 11.0625]"
False,183,1,2518,0,"[11.0, 11.125, 11.125, 11.0]"
False,184,0,2522,2,"[11.3125, 11.0, 10.875, 11.0625]"
True,185,2,2533,2,"[11.0, 11.25, 10.9375, 11.25]"
False,186,0,2552,1,"[10.9375, 10.875, 11.25, 10.875]"
False,187,3,2553,1,"[10.9375, 10.75, 11.0, 11.1875]"
False,188,3,2558,1,"[11.125, 10.9375, 11.125, 11.125]"
True,189,0,2581,0,"[10.75, 10.875, 11.25, 11.0625]"
False,190,0,2582,2,"[11.0625, 11.25, 10.9375, 11.3125]"
False,191,0,2583,3,"[11.0625, 11.0, 11.1875, 10.875]"
False,192,2,2611,3,"[10.75, 11.0, 10.9375, 10.6875]"
True,193,1,2623,1,"[11.0, 10.5625, 10.875, 10.875]"
False,194,2,2624,0,"[11.0, 11.0, 11.25, 11.125]"
True,195,1,2625,1,"[11.25, 10.9375, 11.0625, 11.1875]"
True,196,3,2626,3,"[11.25, 11.3125, 11.375, 11.0625]"
False,197,0,2627,1,"[10.875, 10.6875, 10.9375, 10.9375]"
False,198,0,2637,2,"[11.1875, 11.1875, 10.9375, 10.9375]"
True,199,0,2638,0,"[11.0, 11.1875, 11.0625, 11.3125]"
False,200,1,2646,3,"[10.9375, 11.0, 11.1875, 10.8125]"
True,201,1,2647,1,"[11.0625, 10.75, 11.1875, 11.0]"
True,202,1,2651,1,"[11.0625, 10.9375, 10.9375, 11.0625]"
False,203,2,2666,0,"[10.8125, 11.0625, 11.25, 11.4375]"
False,204,2,2667,1,"[11.0625, 10.9375, 11.0625, 11.1875]"
True,205,3,2678,3,"[11.3125, 10.9375, 11.125, 10.75]"
True,206,0,2680,0,"[10.8125, 11.0, 11.0, 11.125]"
False,207,2,2683,1,"[11.0625, 10.8125, 11.0625, 11.0]"
False,208,2,2685,1,"[11.1875, 11.0, 11.125, 11.0]"
False,209,0,2716,1,"[10.9375, 10.75, 10.875, 10.9375]"
True,210,2,2717,2,"[11.25, 11.1875, 11.0, 11.0625]"
True,211,2,2722,2,"[10.8125, 11.0625, 10.6875, 11.0]"
True,212,0,2724,0,"[10.75, 11.0625, 10.875, 10.75]"
True,213,3,2734,3,"[10.875, 11.0625, 11.0625, 10.6875]"
True,214,2,2735,2,"[11.0625, 11.125, 10.75, 10.875]"
True,215,3,2752,3,"[11.25, 11.1875, 11.0625, 11.0]"
True,216,1,2757,1,"[11.125, 11.0625, 11.1875, 11.0625]"
False,217,2,2758,1,"[11.1875, 11.0625, 11.375, 11.0625]"
False,218,1,2760,0,"[10.9375, 11.125, 11.0625, 11.25]"
False,219,0,2763,2,"[11.125, 11.125, 11.0, 11.0625]"
True,220,0,2764,0,"[10.8125, 11.0, 11.0625, 10.875]"
False,221,3,2765,2,"[11.125, 11.25, 11.0625, 11.3125]"
False,222,0,2766,1,"[11.1875, 10.9375, 11.0625, 11.25]"
False,223,1,2770,3,"[10.9375, 10.9375, 10.9375, 10.75]"
False,224,0,2795,3,"[11.0625, 11.0, 11.1875, 10.9375]"
False,225,2,2797,1,"[11.1875, 11.0625, 11.25, 11.0625]"
True,226,2,2815,2,"[11.125, 11.1875, 10.8125, 10.9375]"
False,227,2,2892,3,"[11.125, 11.1875, 11.25, 11.0625]"
False,228,3,2893,0,"[10.875, 11.125, 11.0, 11.0]"
False,229,0,2894,2,"[11.0625, 11.0625, 10.9375, 11.0625]"
True,230,1,2921,1,"[11.0625, 10.875, 10.875, 11.25]"
True,231,1,2922,1,"[11.0, 10.8125, 11.0, 10.9375]"
False,232,0,2923,3,"[11.0, 10.9375, 11.0625, 10.8125]"
False,233,0,2953,1,"[10.875, 10.8125, 10.8125, 11.0]"
False,234,1,2954,0,"[10.9375, 11.0, 11.25, 11.25]"
True,235,0,2955,0,"[10.875, 11.0, 11.0625, 11.0625]"
True,236,0,2968,0,"[10.9375, 10.9375, 10.9375, 11.0]"
False,237,2,2969,1,"[11.125, 10.875, 10.875, 11.0]"
False,238,1,2970,2,"[11.0625, 10.9375, 10.6875, 10.8125]"
False,239,3,3049,0,"[10.875, 11.0, 11.25, 11.0625]"
False,240,3,3079,1,"[11.1875, 10.9375, 11.0, 11.0]"
True,241,1,3129,1,"[10.875, 10.8125, 10.9375, 11.0]"
False,242,3,3130,2,"[11.0625, 10.9375, 10.8125, 11.3125]"
True,243,3,3131,3,"[11.0, 10.875, 10.875, 10.8125]"
True,244,0,3146,0,"[10.8125, 10.8125, 10.9375, 11.3125]"
True,245,2,3147,2,"[10.8125, 11.25, 10.75, 11.0625]"
False,246,1,3158,2,"[11.125, 11.125, 11.0, 11.0]"
False,247,0,3173,2,"[11.375, 11.1875, 10.9375, 11.25]"
False,248,2,3174,1,"[11.1875, 10.8125, 11.0625, 11.0625]"
False,249,3,3193,0,"[10.8125, 10.8125, 11.125, 11.125]"
False,250,2,3289,0,"[10.8125, 11.0, 11.25, 10.8125]"
False,251,2,3295,1,"[11.0625, 10.8125, 11.125, 11.125]"
True,252,1,3317,1,"[11.25, 10.9375, 11.125, 11.125]"
False,253,2,3373,0,"[10.6875, 11.125, 10.6875, 11.25]"
False,254,3,3391,2,"[11.125, 11.0625, 10.875, 11.0]"
False,255,2,3528,0,"[10.75, 11.0, 10.875, 11.25]"
False,256,3,3534,2,"[11.125, 11.0625, 11.0, 11.0]"
False,257,0,3547,1,"[11.0625, 10.9375, 11.0625, 10.9375]"
False,258,1,3577,3,"[11.1875, 11.0625, 11.3125, 11.0]"
False,259,2,3623,3,"[11.25, 11.0625, 11.125, 10.9375]"
False,260,0,3630,1,"[11.0625, 11.0, 11.125, 11.0625]"
True,261,0,3631,0,"[11.0, 11.1875, 11.0, 11.25]"
True,262,2,3632,2,"[10.9375, 10.875, 10.6875, 11.0]"
False,263,0,3659,3,"[11.0, 11.1875, 10.875, 10.8125]"
False,264,1,3660,3,"[11.4375, 11.0, 11.0625, 10.75]"
False,265,1,3662,0,"[10.8125, 10.9375, 11.0625, 10.875]"
False,266,2,3670,0,"[11.0, 11.125, 11.0, 11.0]"
True,267,0,3680,0,"[10.5, 11.0, 10.875, 10.8125]"
False,268,3,3743,2,"[11.0, 11.0, 10.6875, 11.3125]"
False,269,3,3744,1,"[11.1875, 11.0, 11.25, 11.125]"
True,270,2,3802,2,"[11.125, 11.1875, 10.8125, 11.125]"
True,271,0,3808,0,"[11.0, 11.1875, 11.125, 11.125]"
True,272,3,3857,3,"[11.0, 11.0, 10.9375, 10.875]"
False,273,1,3869,2,"[11.0625, 11.125, 10.375, 10.9375]"
True,274,1,3886,1,"[10.8125, 10.75, 11.125, 11.0]"
False,275,1,3890,3,"[11.1875, 11.0625, 11.125, 10.9375]"
False,276,0,3892,1,"[11.0625, 10.5625, 10.8125, 11.25]"
False,277,0,3894,3,"[11.0625, 11.0625, 11.0625, 10.9375]"
False,278,0,3934,1,"[11.0625, 10.9375, 10.9375, 11.1875]"
False,279,0,3957,3,"[10.9375, 10.875, 11.25, 10.8125]"
False,280,3,3959,2,"[10.875, 10.9375, 10.8125, 11.0]"
False,281,1,3974,2,"[11.125, 11.0, 10.75, 10.875]"
False,282,0,3976,3,"[11.0625, 11.0625, 11.0625, 10.875]"
False,283,1,3978,2,"[10.75, 10.9375, 10.625, 11.0625]"
False,284,1,3991,3,"[11.0, 10.875, 11.0625, 10.6875]"
False,285,3,4008,1,"[11.0, 10.875, 10.9375, 11.0]"
False,286,1,4009,3,"[11.125, 11.25, 11.125, 11.0]"
False,287,0,4010,2,"[11.125, 11.0, 10.6875, 11.25]"
True,288,3,4011,3,"[11.0, 10.9375, 11.0, 10.8125]"
False,289,3,4061,0,"[10.9375, 11.0, 11.25, 11.0]"
False,290,0,4088,3,"[11.0, 11.125, 11.1875, 10.75]"
False,291,2,4089,0,"[10.875, 11.1875, 11.1875, 11.0625]"
False,292,1,4090,2,"[11.1875, 11.0, 10.9375, 11.1875]"
False,293,2,4091,3,"[11.125, 11.125, 11.0625, 11.0]"
False,294,1,4121,0,"[10.875, 11.0, 11.3125, 10.875]"
False,295,2,4122,3,"[11.0, 10.9375, 11.1875, 10.6875]"
False,296,1,4123,0,"[11.0, 11.0, 11.1875, 11.125]"
False,297,1,4126,0,"[10.75, 10.9375, 11.25, 11.0625]"
False,298,2,4133,0,"[11.0625, 11.0625, 11.125, 11.1875]"
True,299,0,4141,0,"[10.5, 10.8125, 10.9375, 10.8125]"
False,300,2,4156,1,"[11.0, 10.6875, 10.9375, 11.0]"
True,301,3,4157,3,"[10.9375, 10.9375, 10.9375, 10.875]"
False,302,1,4159,2,"[10.9375, 10.9375, 10.875, 11.0625]"
False,303,3,4160,2,"[11.0, 11.1875, 10.9375, 11.125]"
False,304,2,4250,0,"[11.0, 11.0, 11.125, 11.125]"
False,305,1,4252,2,"[10.9375, 10.875, 10.75, 11.0]"
False,306,1,4254,2,"[11.1875, 11.1875, 10.75, 11.25]"
False,307,3,4263,1,"[10.9375, 10.75, 10.8125, 10.875]"
True,308,0,4264,0,"[10.6875, 11.1875, 11.125, 11.375]"
False,309,3,4269,0,"[10.9375, 11.125, 11.0625, 11.25]"
False,310,0,4341,3,"[11.1875, 11.125, 11.125, 11.0625]"
False,311,1,4342,2,"[11.0625, 11.0625, 10.9375, 11.0]"
True,312,0,4351,0,"[10.6875, 11.0625, 10.8125, 11.0]"
False,313,3,4377,1,"[11.0625, 10.8125, 11.0625, 10.9375]"
False,314,0,4378,2,"[11.0, 11.0, 10.9375, 11.0625]"
True,315,1,4428,1,"[11.1875, 11.0625, 11.0625, 11.1875]"
False,316,3,4430,1,"[11.0625, 10.8125, 11.125, 11.125]"
True,317,1,4431,1,"[11.0, 10.875, 11.0, 10.9375]"
False,318,1,4432,2,"[11.125, 11.0625, 11.0, 11.0625]"
True,319,2,4447,2,"[11.375, 11.125, 11.0625, 11.0625]"
False,320,3,4448,1,"[11.375, 10.9375, 11.0625, 11.0]"
False,321,1,4477,3,"[11.0625, 11.25, 10.9375, 10.875]"
False,322,0,4481,1,"[11.0625, 10.8125, 11.0, 10.9375]"
False,323,0,4482,1,"[11.125, 10.875, 10.9375, 11.125]"
False,324,0,4485,2,"[10.9375, 11.0, 10.875, 11.0]"
False,325,1,4486,0,"[10.8125, 11.1875, 10.875, 10.9375]"
False,326,2,4487,0,"[10.8125, 10.8125, 11.25, 11.0]"
True,327,1,4517,1,"[11.125, 10.8125, 11.0, 11.0625]"
False,328,0,4531,1,"[11.1875, 11.0, 11.125, 11.0625]"
False,329,0,4534,2,"[11.0625, 10.9375, 10.875, 11.0]"
False,330,1,4579,0,"[10.875, 11.125, 11.125, 11.125]"
False,331,2,4616,1,"[10.9375, 10.75, 10.9375, 11.0]"
True,332,2,4643,2,"[10.875, 11.125, 10.8125, 11.0]"
False,333,3,4646,0,"[11.25, 11.375, 11.25, 11.5]"
False,334,3,4649,1,"[11.0625, 10.75, 11.0625, 11.25]"
True,335,3,4658,3,"[11.125, 10.9375, 10.875, 10.8125]"
True,336,0,4659,0,"[10.875, 10.875, 11.1875, 11.0]"
True,337,0,4660,0,"[10.75, 11.25, 10.875, 10.9375]"
False,338,2,4661,0,"[10.6875, 10.875, 10.9375, 10.9375]"
False,339,0,4662,2,"[11.0, 10.9375, 10.8125, 11.0]"
False,340,2,4663,1,"[11.125, 10.6875, 10.9375, 11.0]"
False,341,0,4664,3,"[11.125, 11.0625, 11.125, 10.9375]"
False,342,3,4744,2,"[10.9375, 11.0625, 10.875, 10.875]"
False,343,3,4819,2,"[11.0, 10.75, 10.6875, 10.75]"
False,344,3,4848,2,"[11.125, 11.0, 10.8125, 11.125]"
False,345,3,4881,2,"[11.0625, 11.125, 10.875, 11.0]"
False,346,0,4891,1,"[11.1875, 10.875, 10.9375, 10.9375]"
False,347,1,4948,0,"[10.6875, 11.375, 11.0, 11.125]"
False,348,3,4977,1,"[11.25, 10.75, 10.8125, 11.0625]"
True,349,0,4980,0,"[11.0, 11.3125, 11.1875, 11.0]"
False,350,3,4990,2,"[10.9375, 11.1875, 10.875, 11.0]"
True,351,3,4992,3,"[11.0, 11.0625, 10.9375, 10.875]"
False,352,1,4998,0,"[10.9375, 11.125, 11.125, 11.1875]"
False,353,2,5014,1,"[11.0, 10.875, 11.125, 11.125]"
False,354,3,5018,0,"[10.9375, 10.9375, 11.0625, 11.125]"
False,355,1,5019,3,"[11.125, 10.9375, 10.9375, 10.75]"
False,356,3,5020,1,"[11.0, 10.9375, 11.0, 11.25]"
False,357,2,5041,1,"[11.0625, 10.9375, 11.0625, 11.0625]"
False,358,0,5050,1,"[11.1875, 11.0, 11.0, 11.0]"
False,359,3,5059,2,"[10.875, 10.9375, 10.625, 11.0625]"
False,360,3,5060,1,"[11.125, 10.75, 10.875, 11.1875]"
False,361,2,5071,0,"[10.9375, 11.0625, 11.0, 11.0625]"
False,362,3,5072,2,"[11.0, 11.0625, 10.8125, 11.25]"
False,363,1,5096,0,"[10.875, 11.1875, 10.9375, 11.375]"
False,364,1,5105,0,"[10.875, 11.0, 11.0, 11.0]"
False,365,1,5119,2,"[10.875, 10.875, 10.6875, 11.1875]"
False,366,3,5120,0,"[11.0, 11.0, 11.0, 11.0625]"
False,367,3,5145,1,"[11.125, 11.0625, 11.1875, 11.125]"
True,368,3,5150,3,"[11.0, 11.0, 11.0, 10.875]"
False,369,0,5180,2,"[11.0, 11.0625, 10.875, 10.9375]"
False,370,2,5181,3,"[11.25, 11.25, 11.0, 10.875]"
True,371,0,5182,0,"[11.0, 11.1875, 11.3125, 11.0]"
False,372,0,5222,3,"[11.3125, 11.0625, 11.0, 10.625]"
False,373,3,5230,0,"[10.9375, 11.1875, 11.125, 11.25]"
False,374,3,5231,0,"[10.875, 11.125, 11.1875, 11.0625]"
False,375,3,5232,0,"[10.9375, 11.0625, 11.0625, 11.0]"
False,376,2,5240,3,"[11.0, 11.1875, 10.8125, 10.6875]"
False,377,3,5241,0,"[10.8125, 11.25, 10.9375, 11.375]"
False,378,3,5288,0,"[11.0, 11.125, 11.0625, 11.0625]"
True,379,1,5289,1,"[10.875, 10.8125, 11.125, 11.0]"
True,380,1,5291,1,"[11.0, 10.875, 10.9375, 10.875]"
False,381,3,5292,0,"[10.3125, 10.8125, 11.0, 11.125]"
False,382,1,5293,3,"[11.0, 10.875, 11.0, 10.75]"
False,383,0,5295,1,"[10.9375, 10.8125, 11.0625, 11.1875]"
False,384,3,5322,1,"[10.9375, 10.6875, 11.125, 11.0625]"
True,385,0,5384,0,"[10.8125, 11.0625, 10.9375, 10.875]"
False,386,3,5403,0,"[10.8125, 11.125, 11.0625, 11.0]"
True,387,1,5404,1,"[11.0, 10.8125, 11.0625, 10.9375]"
False,388,0,5405,1,"[11.0625, 10.875, 11.125, 10.9375]"
False,389,3,5413,1,"[11.0625, 11.0, 11.1875, 11.0625]"
True,390,1,5460,1,"[11.125, 11.0, 11.0, 11.0625]"
True,391,3,5461,3,"[11.0, 10.9375, 11.0, 10.5]"
False,392,1,5471,0,"[10.9375, 11.1875, 11.125, 11.0]"
False,393,3,5493,2,"[11.1875, 10.875, 10.8125, 10.8125]"
True,394,0,5494,0,"[10.9375, 11.3125, 11.3125, 11.125]"
False,395,0,5495,3,"[11.1875, 11.0625, 11.125, 11.0]"
False,396,3,5504,2,"[11.0625, 11.0625, 10.8125, 10.9375]"
False,397,0,5505,2,"[11.0625, 11.0625, 10.8125, 11.0625]"
True,398,0,5506,0,"[10.9375, 10.9375, 11.125, 10.9375]"
True,399,2,5507,2,"[11.0625, 10.9375, 10.8125, 11.0625]"
False,400,3,5529,1,"[11.0625, 11.0, 11.1875, 11.0]"
True,401,3,5543,3,"[11.0, 11.0, 11.25, 10.8125]"
False,402,2,5544,1,"[11.25, 10.875, 11.1875, 10.9375]"
True,403,1,5657,1,"[11.0625, 10.875, 11.0625, 11.125]"
False,404,3,5658,1,"[11.0, 10.875, 11.0, 11.125]"
False,405,2,5717,0,"[10.75, 11.0625, 10.875, 11.125]"
False,406,0,5813,2,"[11.1875, 11.0, 10.9375, 11.125]"
False,407,0,5814,3,"[11.25, 11.1875, 11.125, 11.0625]"
True,408,0,5816,0,"[10.8125, 10.875, 11.0, 10.875]"
False,409,0,5823,2,"[10.8125, 10.875, 10.75, 10.9375]"
True,410,0,5826,0,"[10.9375, 11.0625, 11.125, 10.9375]"
False,411,2,5831,3,"[11.1875, 11.0, 11.25, 10.9375]"
False,412,1,5880,0,"[10.6875, 10.875, 10.75, 11.0625]"
False,413,2,5881,3,"[11.25, 11.0, 10.9375, 10.8125]"
False,414,3,5901,0,"[11.0, 11.1875, 11.1875, 11.0625]"
False,415,0,5922,2,"[11.0625, 11.0625, 10.8125, 10.9375]"
False,416,1,5997,3,"[11.0, 11.0, 11.0625, 10.9375]"
False,417,1,6005,3,"[10.8125, 11.375, 10.875, 10.75]"
False,418,3,6016,0,"[10.8125, 11.0, 10.9375, 11.125]"
False,419,3,6018,1,"[11.25, 11.0, 11.0, 11.1875]"
False,420,1,6028,2,"[11.0625, 11.1875, 11.0, 11.125]"
True,421,1,6034,1,"[11.0, 10.75, 10.875, 10.9375]"
False,422,2,6036,0,"[10.875, 11.4375, 11.0625, 11.0625]"
False,423,2,6099,3,"[11.1875, 11.1875, 11.1875, 11.125]"
False,424,0,6139,2,"[11.0625, 11.0, 10.9375, 11.0625]"
False,425,2,6145,0,"[10.9375, 11.25, 11.0, 11.0]"
False,426,2,6159,1,"[11.0, 10.875, 11.1875, 11.3125]"
False,427,1,6180,0,"[10.8125, 10.9375, 10.8125, 11.0]"
False,428,1,6181,2,"[10.875, 10.9375, 10.6875, 10.9375]"
False,429,3,6182,0,"[10.875, 11.0625, 11.0, 11.0625]"
False,430,3,6183,2,"[11.125, 11.0, 10.875, 10.9375]"
False,431,1,6184,2,"[11.0625, 11.0625, 10.9375, 10.9375]"
True,432,2,6185,2,"[11.125, 11.25, 11.0625, 11.125]"
False,433,1,6189,3,"[10.9375, 11.25, 11.1875, 10.5625]"
False,434,2,6190,3,"[10.875, 11.125, 11.1875, 10.6875]"
True,435,1,6212,1,"[11.1875, 10.9375, 11.0, 10.9375]"
False,436,3,6220,2,"[11.0625, 11.25, 10.875, 11.125]"
False,437,2,6223,1,"[11.25, 10.8125, 11.0625, 11.125]"
False,438,3,6228,2,"[11.0, 10.875, 10.75, 11.0]"
False,439,1,6230,2,"[11.25, 11.125, 11.0625, 11.25]"
False,440,1,6232,3,"[11.0, 11.125, 11.125, 10.875]"
True,441,3,6233,3,"[11.125, 11.1875, 11.125, 11.0]"
False,442,2,6241,3,"[11.25, 10.9375, 11.25, 10.875]"
True,443,1,6298,1,"[11.0625, 10.75, 11.125, 11.3125]"
True,444,1,6302,1,"[10.9375, 10.5625, 10.75, 10.6875]"
False,445,1,6324,0,"[10.8125, 11.0, 11.0625, 10.8125]"
False,446,1,6374,0,"[11.0625, 11.1875, 11.0625, 11.0625]"
True,447,2,6406,2,"[10.9375, 11.0, 10.6875, 11.0625]"
True,448,0,6407,0,"[10.6875, 10.8125, 10.75, 11.125]"
True,449,0,6436,0,"[11.0, 11.25, 11.0625, 11.0]"
False,450,2,6449,0,"[10.5625, 11.0, 10.75, 10.875]"
True,451,2,6451,2,"[11.25, 11.125, 10.8125, 11.1875]"
False,452,0,6462,3,"[10.875, 10.875, 10.8125, 10.5625]"
True,453,1,6464,1,"[11.3125, 11.0, 11.0625, 11.375]"
False,454,2,6500,0,"[11.0, 11.25, 11.1875, 11.125]"
False,455,2,6501,1,"[10.9375, 10.875, 10.875, 11.0]"
False,456,1,6510,2,"[11.25, 11.25, 11.0, 11.0]"
False,457,3,6514,2,"[11.0625, 10.9375, 10.875, 11.125]"
False,458,3,6515,0,"[10.875, 10.9375, 10.9375, 11.0]"
False,459,1,6522,2,"[10.9375, 11.0, 10.8125, 11.0]"
False,460,3,6543,0,"[10.8125, 10.8125, 11.125, 11.125]"
True,461,2,6566,2,"[11.1875, 11.1875, 11.0625, 11.125]"
False,462,0,6567,2,"[11.125, 11.0625, 10.875, 11.0625]"
True,463,0,6584,0,"[11.0625, 11.25, 11.0625, 11.125]"
True,464,0,6587,0,"[10.6875, 10.875, 11.0, 10.75]"
True,465,3,6591,3,"[10.875, 11.0, 11.375, 10.8125]"
False,466,0,6592,3,"[10.75, 10.875, 10.875, 10.6875]"
False,467,0,6611,1,"[11.125, 10.875, 10.9375, 11.0625]"
False,468,1,6613,0,"[11.0625, 11.1875, 11.25, 11.0625]"
False,469,0,6615,2,"[11.125, 11.375, 10.9375, 11.125]"
False,470,3,6617,0,"[10.9375, 11.0625, 11.1875, 10.9375]"
False,471,2,6627,3,"[11.0, 10.875, 11.0, 10.6875]"
False,472,1,6628,0,"[10.6875, 10.8125, 11.1875, 10.75]"
False,473,2,6633,3,"[11.25, 11.1875, 10.9375, 10.8125]"
True,474,2,6673,2,"[11.1875, 10.9375, 10.6875, 11.125]"
False,475,2,6682,1,"[11.0625, 10.9375, 11.1875, 10.9375]"
True,476,0,6697,0,"[11.0625, 11.1875, 11.3125, 11.0625]"
True,477,1,6706,1,"[10.9375, 10.6875, 10.8125, 10.6875]"
False,478,3,6707,2,"[11.0, 11.125, 10.9375, 11.125]"
True,479,0,6708,0,"[10.875, 11.125, 11.0625, 11.125]"
False,480,3,6709,2,"[11.1875, 11.4375, 10.8125, 11.1875]"
False,481,0,6724,2,"[11.1875, 11.25, 10.6875, 10.9375]"
False,482,2,6725,1,"[11.125, 10.9375, 11.1875, 11.0]"
False,483,0,6742,3,"[11.125, 10.9375, 11.0625, 10.875]"
False,484,1,6782,0,"[10.9375, 11.25, 10.9375, 11.0625]"
True,485,2,6828,2,"[11.125, 11.0, 10.6875, 11.0]"
False,486,0,6829,1,"[11.0625, 11.0, 11.1875, 11.0625]"
False,487,2,6840,1,"[11.1875, 11.0, 11.4375, 11.0]"
False,488,3,6841,2,"[11.25, 11.3125, 11.125, 11.125]"
True,489,1,6857,1,"[11.0, 10.9375, 11.125, 11.0625]"
True,490,2,6863,2,"[11.3125, 11.1875, 11.0, 11.0625]"
False,491,3,6864,0,"[10.875, 10.9375, 11.1875, 10.9375]"
False,492,0,6887,2,"[11.125, 11.0625, 11.0, 11.0]"
True,493,0,6902,0,"[10.9375, 11.0625, 11.0, 11.125]"
True,494,1,6904,1,"[11.0, 10.75, 10.9375, 10.875]"
False,495,3,6947,2,"[11.0625, 11.0625, 11.0, 11.125]"
True,496,0,6955,0,"[10.9375, 11.0, 11.0, 11.0]"
False,497,1,6956,2,"[11.375, 11.0625, 11.0, 11.0]"
True,498,3,7012,3,"[11.0, 10.9375, 11.0, 10.75]"
False,499,0,7013,1,"[11.5, 10.875, 11.0625, 10.875]"
False,500,1,7028,2,"[11.0625, 11.3125, 11.0, 11.1875]"
True,501,1,7029,1,"[11.1875, 11.125, 11.1875, 11.1875]"
False,502,3,7044,1,"[11.125, 11.0, 11.3125, 11.0]"
False,503,2,7045,3,"[11.3125, 11.0, 11.0, 10.9375]"
True,504,1,7060,1,"[11.375, 11.0625, 11.0625, 11.375]"
True,505,3,7102,3,"[10.8125, 11.0, 11.0, 10.5]"
False,506,1,7107,0,"[10.875, 11.125, 11.0625, 11.0625]"
False,507,2,7108,0,"[11.0, 11.0, 11.0625, 11.0625]"
False,508,1,7109,2,"[11.0625, 11.125, 10.875, 10.9375]"
False,509,0,7129,2,"[11.125, 11.1875, 10.875, 10.875]"
False,510,0,7187,2,"[11.125, 11.0, 10.9375, 11.0]"
False,511,0,7188,3,"[10.9375, 11.0625, 10.9375, 10.875]"
False,512,0,7204,1,"[10.875, 10.8125, 11.0, 11.3125]"
False,513,2,7208,3,"[11.1875, 11.125, 11.4375, 10.875]"
False,514,1,7253,2,"[10.9375, 10.875, 10.75, 10.75]"
False,515,2,7309,0,"[10.9375, 10.9375, 11.125, 11.0]"
False,516,0,7310,3,"[10.9375, 10.9375, 10.875, 10.8125]"
False,517,3,7335,0,"[10.8125, 11.125, 10.8125, 11.1875]"
False,518,3,7336,2,"[11.25, 11.0625, 10.9375, 10.9375]"
False,519,0,7412,2,"[11.3125, 11.0, 10.9375, 11.0625]"
False,520,3,7413,2,"[11.1875, 11.125, 11.0625, 11.0625]"
False,521,2,7424,0,"[10.9375, 11.0, 11.125, 11.0625]"
False,522,3,7425,2,"[11.0, 11.25, 10.875, 11.0]"
True,523,3,7430,3,"[11.125, 10.875, 11.0, 10.75]"
False,524,3,7431,1,"[11.0, 10.9375, 11.0, 11.3125]"
True,525,1,7432,1,"[11.0625, 11.0, 11.0, 11.125]"
False,526,0,7433,3,"[10.875, 10.875, 10.8125, 10.6875]"
False,527,2,7445,1,"[11.1875, 10.875, 11.0625, 11.0]"
True,528,3,7452,3,"[11.0, 11.25, 10.9375, 10.8125]"
True,529,0,7453,0,"[10.75, 10.8125, 11.3125, 11.125]"
True,530,2,7456,2,"[11.3125, 11.0, 10.5, 11.1875]"
False,531,1,7457,0,"[10.9375, 11.1875, 11.0625, 10.9375]"
False,532,0,7469,1,"[11.0625, 10.9375, 11.0625, 11.0625]"
False,533,2,7470,1,"[10.9375, 10.875, 10.9375, 10.875]"
True,534,1,7477,1,"[11.125, 10.625, 11.0625, 10.875]"
False,535,2,7478,3,"[10.8125, 10.75, 11.0, 10.5]"
True,536,0,7479,0,"[10.75, 10.9375, 11.0625, 11.0625]"
False,537,3,7480,1,"[11.0625, 10.8125, 11.0, 11.0]"
False,538,1,7481,0,"[10.75, 10.9375, 10.9375, 11.0]"
False,539,3,7507,1,"[11.125, 11.0, 11.0625, 11.1875]"
True,540,2,7508,2,"[11.125, 11.3125, 10.875, 11.0625]"
False,541,1,7515,2,"[11.1875, 11.25, 11.0, 11.0]"
False,542,2,7522,1,"[11.0625, 10.9375, 10.9375, 11.25]"
False,543,0,7536,1,"[11.375, 10.9375, 10.9375, 11.1875]"
False,544,3,7546,1,"[10.875, 10.5625, 11.0, 10.875]"
True,545,0,7595,0,"[11.0625, 11.0625, 11.25, 11.1875]"
True,546,2,7611,2,"[11.0, 11.25, 10.6875, 11.0625]"
True,547,1,7627,1,"[11.1875, 11.0625, 11.0625, 11.375]"
False,548,0,7646,3,"[11.125, 11.0625, 11.125, 10.875]"
False,549,3,7648,0,"[11.0, 11.0, 11.125, 11.0]"
False,550,0,7649,3,"[10.9375, 11.125, 11.0, 10.5625]"
False,551,2,7650,1,"[11.0625, 10.9375, 11.0625, 11.0]"
False,552,2,7651,0,"[10.8125, 11.0, 10.9375, 11.125]"
False,553,2,7652,0,"[10.875, 11.1875, 11.0, 11.125]"
True,554,2,7653,2,"[11.125, 11.0625, 10.5625, 11.1875]"
False,555,3,7724,1,"[11.125, 10.625, 11.125, 10.75]"
False,556,0,7733,1,"[11.0625, 10.875, 10.9375, 10.9375]"
False,557,2,7784,0,"[10.875, 10.875, 11.125, 10.9375]"
False,558,0,7785,3,"[11.125, 11.125, 11.0625, 11.0]"
False,559,3,7813,2,"[11.1875, 11.125, 11.0, 11.125]"
False,560,0,7816,3,"[10.9375, 11.3125, 11.3125, 10.8125]"
True,561,3,7820,3,"[11.1875, 11.25, 11.0625, 11.0]"
False,562,2,7826,0,"[10.9375, 11.25, 11.125, 11.1875]"
False,563,3,7870,2,"[11.0625, 11.3125, 10.9375, 11.1875]"
True,564,0,7871,0,"[10.9375, 11.125, 11.0625, 11.25]"
False,565,1,7891,0,"[10.625, 11.0, 11.0625, 11.0]"
True,566,0,7893,0,"[10.75, 10.75, 10.75, 10.875]"
False,567,3,7894,1,"[10.8125, 10.75, 10.9375, 10.9375]"
False,568,0,7895,2,"[10.9375, 10.8125, 10.75, 11.0]"
True,569,1,7896,1,"[11.0, 10.8125, 10.8125, 11.1875]"
False,570,2,7922,0,"[10.875, 10.9375, 10.9375, 11.0625]"
True,571,3,7924,3,"[11.1875, 11.0625, 11.25, 11.0]"
False,572,1,7996,0,"[11.0, 11.1875, 11.125, 11.1875]"
True,573,2,7997,2,"[11.0625, 11.0625, 10.6875, 10.9375]"
False,574,0,8139,1,"[10.9375, 10.875, 10.9375, 11.0]"
False,575,3,8151,1,"[11.0625, 10.9375, 11.25, 11.3125]"
False,576,0,8155,1,"[11.0, 10.9375, 10.9375, 11.0]"
False,577,0,8166,1,"[11.0625, 10.9375, 11.0625, 10.9375]"
False,578,3,8167,2,"[11.375, 11.0, 10.75, 11.0625]"
True,579,1,8171,1,"[11.125, 11.0625, 11.3125, 11.0625]"
True,580,2,8230,2,"[10.9375, 10.875, 10.4375, 10.8125]"
False,581,3,8231,0,"[11.0625, 11.0625, 11.125, 11.1875]"
False,582,3,8232,0,"[10.8125, 10.875, 11.0625, 11.3125]"
False,583,0,8234,2,"[11.0625, 11.4375, 10.5625, 11.0]"
True,584,0,8236,0,"[10.9375, 10.9375, 11.0625, 11.0]"
False,585,2,8238,0,"[10.9375, 11.0, 11.3125, 11.3125]"
False,586,2,8239,0,"[10.8125, 11.0, 10.9375, 11.125]"
True,587,2,8280,2,"[10.875, 11.0625, 10.8125, 10.9375]"
False,588,2,8281,3,"[11.25, 11.0, 11.125, 10.875]"
False,589,0,8298,2,"[11.0625, 10.9375, 10.75, 11.25]"
False,590,3,8300,1,"[11.125, 10.8125, 10.9375, 11.125]"
False,591,1,8301,0,"[10.5625, 11.25, 10.875, 11.0625]"
False,592,3,8326,2,"[10.9375, 11.0, 10.75, 10.9375]"
False,593,2,8347,1,"[11.125, 10.9375, 11.0625, 11.0]"
False,594,3,8350,2,"[10.8125, 11.25, 10.625, 11.125]"
False,595,2,8351,0,"[10.875, 10.875, 10.9375, 10.9375]"
False,596,0,8363,1,"[11.0625, 10.875, 11.125, 11.0]"
False,597,1,8366,0,"[10.9375, 10.9375, 11.0625, 11.0]"
True,598,1,8367,1,"[11.0, 10.875, 10.875, 10.9375]"
False,599,3,8435,1,"[11.0, 10.875, 10.9375, 10.9375]"
True,600,3,8471,3,"[10.9375, 11.125, 10.9375, 10.875]"
False,601,2,8486,0,"[11.0, 11.125, 11.1875, 11.1875]"
True,602,2,8515,2,"[11.25, 11.25, 10.9375, 11.125]"
False,603,3,8516,1,"[10.9375, 10.6875, 10.8125, 10.8125]"
False,604,1,8519,3,"[11.0, 11.0625, 10.9375, 10.875]"
False,605,3,8520,0,"[10.9375, 10.9375, 11.0, 10.9375]"
False,606,2,8525,3,"[11.0625, 10.9375, 10.8125, 10.6875]"
False,607,0,8527,1,"[10.875, 10.8125, 10.875, 10.875]"
True,608,0,8541,0,"[10.75, 11.25, 11.125, 11.0625]"
True,609,0,8551,0,"[10.9375, 11.125, 11.0, 11.0625]"
False,610,2,8553,1,"[11.125, 10.9375, 11.0625, 11.3125]"
False,611,1,8555,3,"[10.9375, 11.125, 11.0625, 10.875]"
False,612,2,8557,1,"[11.3125, 10.875, 11.4375, 11.125]"
True,613,3,8565,3,"[11.0625, 11.0625, 11.1875, 10.75]"
False,614,3,8569,2,"[11.0625, 11.1875, 11.0, 11.0]"
False,615,0,8571,3,"[10.9375, 11.125, 11.0, 10.875]"
False,616,3,8572,1,"[11.125, 10.625, 10.875, 11.0625]"
False,617,0,8573,3,"[11.0, 11.0625, 11.25, 10.875]"
False,618,3,8649,0,"[10.6875, 11.0, 11.5, 10.9375]"
False,619,1,8650,2,"[11.125, 10.875, 10.8125, 11.0625]"
False,620,2,8733,1,"[11.5, 10.9375, 11.0625, 11.0]"
False,621,0,8742,1,"[11.125, 11.0, 11.0, 11.25]"
True,622,0,8758,0,"[10.8125, 11.0625, 10.9375, 11.0625]"
False,623,0,8759,1,"[11.0, 10.8125, 11.1875, 10.8125]"
False,624,0,8798,3,"[10.8125, 11.0, 11.0625, 10.625]"
False,625,0,8799,3,"[11.1875, 10.875, 11.125, 10.75]"
True,626,0,8815,0,"[10.9375, 11.5, 11.375, 11.0]"
False,627,0,8816,2,"[11.0, 10.8125, 10.75, 11.125]"
True,628,2,8817,2,"[11.0625, 10.9375, 10.875, 11.0625]"
False,629,3,8818,2,"[11.125, 11.0625, 10.9375, 10.9375]"
True,630,2,8821,2,"[11.0, 11.0625, 10.75, 10.8125]"
False,631,0,8822,1,"[10.875, 10.8125, 11.25, 11.3125]"
False,632,0,8825,1,"[11.375, 10.875, 10.9375, 10.875]"
False,633,2,8841,0,"[10.9375, 11.4375, 10.9375, 11.0]"
False,634,1,8843,3,"[10.6875, 11.125, 10.8125, 10.625]"
False,635,1,8844,2,"[11.25, 11.0625, 10.8125, 11.4375]"
False,636,0,8863,2,"[10.9375, 11.0, 10.875, 10.875]"
True,637,1,8864,1,"[11.25, 10.875, 11.0, 10.875]"
False,638,3,8871,0,"[10.75, 11.0, 10.9375, 11.0625]"
True,639,0,8872,0,"[10.75, 11.25, 10.9375, 11.1875]"
True,640,0,8901,0,"[10.75, 11.0, 11.125, 10.9375]"
False,641,0,8904,3,"[10.875, 10.9375, 11.1875, 10.75]"
False,642,3,8906,0,"[10.8125, 10.8125, 11.125, 11.1875]"
False,643,0,8909,2,"[11.0625, 11.1875, 11.0, 11.0625]"
False,644,3,8926,0,"[10.875, 11.0, 11.0625, 11.1875]"
True,645,0,8940,0,"[10.9375, 11.0, 11.0, 10.9375]"
False,646,1,8941,0,"[10.9375, 11.1875, 11.0625, 11.0625]"
False,647,1,8942,3,"[10.9375, 11.0, 11.0, 10.8125]"
False,648,2,8955,1,"[11.25, 11.0, 11.1875, 11.0625]"
False,649,0,8973,3,"[11.0625, 11.1875, 11.125, 10.8125]"
False,650,3,8975,0,"[10.8125, 11.0, 10.9375, 10.9375]"
False,651,1,8976,0,"[10.9375, 11.0625, 11.125, 11.25]"
True,652,2,8979,2,"[11.0, 11.1875, 10.875, 10.9375]"
True,653,0,8998,0,"[11.0, 11.0, 11.0625, 11.25]"
True,654,0,9052,0,"[10.8125, 11.0, 10.875, 10.875]"
False,655,3,9053,0,"[10.875, 11.0625, 11.125, 11.125]"
True,656,1,9054,1,"[10.9375, 10.875, 10.875, 11.0]"
True,657,2,9057,2,"[11.0625, 11.0, 10.75, 10.8125]"
True,658,0,9059,0,"[10.8125, 11.1875, 11.0, 11.0]"
False,659,3,9061,1,"[11.25, 11.0625, 11.375, 11.125]"
False,660,0,9075,3,"[11.0625, 11.0625, 11.4375, 11.0]"
True,661,2,9076,2,"[11.1875, 11.0625, 11.0, 11.0625]"
False,662,2,9094,3,"[10.9375, 11.0625, 11.125, 10.6875]"
False,663,0,9111,3,"[11.0625, 11.0, 11.0625, 10.9375]"
False,664,2,9173,0,"[10.75, 11.0625, 11.125, 11.125]"
True,665,0,9207,0,"[10.9375, 10.9375, 11.0, 11.125]"
False,666,2,9208,0,"[11.0, 11.0625, 11.1875, 11.125]"
False,667,0,9320,3,"[11.0, 11.0, 11.1875, 10.9375]"
False,668,2,9321,3,"[11.125, 11.0625, 11.125, 10.75]"
True,669,0,9373,0,"[10.9375, 11.1875, 11.0, 11.0625]"
False,670,2,9389,1,"[11.0625, 11.0, 11.0, 11.25]"
False,671,3,9390,0,"[11.1875, 11.1875, 11.3125, 11.25]"
True,672,0,9393,0,"[11.0, 11.125, 11.125, 11.0625]"
False,673,0,9434,3,"[11.125, 10.9375, 11.0, 10.8125]"
False,674,1,9559,0,"[11.0, 11.1875, 11.0625, 11.0625]"
True,675,3,9560,3,"[11.1875, 11.25, 11.1875, 11.125]"
False,676,0,9561,1,"[11.125, 11.0625, 11.0625, 11.0625]"
False,677,0,9639,1,"[10.875, 10.8125, 11.0, 10.9375]"
False,678,3,9640,1,"[11.375, 10.6875, 10.9375, 11.0625]"
False,679,3,9677,0,"[10.8125, 11.0, 11.0625, 11.0625]"
False,680,0,9678,2,"[10.9375, 11.0625, 10.8125, 11.1875]"
True,681,3,9679,3,"[11.25, 11.0, 11.0625, 10.9375]"
True,682,0,9680,0,"[10.9375, 11.125, 10.9375, 11.0625]"
False,683,0,9691,3,"[11.125, 11.125, 11.0625, 11.0]"
False,684,3,9692,1,"[11.1875, 10.9375, 11.25, 11.0625]"
True,685,0,9693,0,"[10.9375, 11.375, 11.125, 11.25]"
False,686,3,9737,0,"[10.875, 11.1875, 11.25, 10.875]"
False,687,2,9738,0,"[10.875, 11.125, 11.0, 10.9375]"
False,688,2,9778,1,"[11.0, 10.875, 11.25, 10.9375]"
False,689,3,9779,0,"[10.625, 11.125, 10.75, 11.25]"
False,690,2,9780,1,"[11.0, 10.875, 10.9375, 11.0625]"
True,691,3,9783,3,"[11.0625, 11.25, 11.4375, 10.875]"
False,692,0,9800,3,"[11.1875, 10.9375, 11.0625, 10.875]"
False,693,2,9832,3,"[11.0625, 10.8125, 11.0, 10.75]"
False,694,3,9837,0,"[10.75, 11.1875, 11.0, 11.25]"
False,695,1,9840,0,"[10.875, 11.125, 11.0, 10.875]"
True,696,1,9842,1,"[11.0625, 10.9375, 10.9375, 11.0]"
False,697,1,9843,0,"[11.0625, 11.0625, 11.0625, 11.0625]"
True,698,2,9854,2,"[11.3125, 10.9375, 10.625, 10.8125]"
True,699,3,9855,3,"[11.0625, 11.3125, 10.8125, 10.6875]"
False,700,1,9864,3,"[11.0, 11.0625, 11.0, 10.875]"
False,701,3,9865,1,"[11.0, 10.875, 10.875, 10.875]"
False,702,1,9866,3,"[10.8125, 10.8125, 11.125, 10.6875]"
False,703,3,9867,0,"[11.0625, 11.125, 11.25, 11.375]"
True,704,0,9868,0,"[11.0, 11.0625, 11.0625, 11.0625]"
False,705,0,9886,1,"[11.125, 11.0625, 11.0625, 11.125]"
False,706,1,9887,3,"[11.1875, 11.1875, 11.3125, 11.0]"
False,707,1,9895,0,"[10.8125, 11.0625, 11.125, 11.0625]"
False,708,3,9900,2,"[11.0625, 11.25, 11.0, 11.0]"
False,709,3,9914,2,"[11.25, 11.3125, 11.0, 11.3125]"
False,710,3,9921,2,"[10.875, 11.25, 10.8125, 11.125]"
False,711,3,9922,1,"[10.8125, 10.75, 11.25, 11.0]"
True,712,3,9972,3,"[11.125, 11.25, 11.3125, 10.75]"
False,713,0,9973,1,"[11.25, 10.875, 10.875, 11.0625]"
False,714,0,9985,2,"[11.1875, 11.0625, 10.875, 10.875]"
False,715,2,10021,3,"[11.0625, 11.0, 10.875, 10.8125]"
False,716,1,10022,2,"[11.0, 11.0625, 10.875, 10.9375]"
False,717,3,10083,1,"[11.0, 10.875, 11.0, 10.9375]"
False,718,3,10139,0,"[10.8125, 11.3125, 11.125, 11.1875]"
False,719,2,10141,0,"[10.8125, 11.0625, 11.0, 10.875]"
False,720,1,10150,3,"[11.0625, 11.0, 11.0625, 10.9375]"
False,721,0,10152,3,"[11.1875, 11.125, 11.25, 11.0625]"
False,722,3,10153,2,"[11.125, 10.875, 10.75, 11.1875]"
True,723,1,10173,1,"[11.0, 10.9375, 11.125, 11.0]"
True,724,3,10175,3,"[11.0625, 11.0, 11.375, 10.875]"
False,725,0,10218,1,"[11.0625, 10.9375, 11.0625, 11.1875]"
False,726,1,10220,0,"[10.75, 11.3125, 11.0, 11.1875]"
False,727,3,10221,0,"[10.875, 11.125, 10.9375, 11.125]"
False,728,2,10222,0,"[10.6875, 11.0, 10.8125, 11.0625]"
False,729,3,10223,0,"[10.6875, 11.0625, 10.9375, 11.125]"
False,730,3,10224,0,"[10.9375, 11.125, 11.1875, 11.25]"
False,731,0,10242,1,"[11.0625, 10.875, 10.9375, 10.9375]"
False,732,2,10243,3,"[11.25, 11.0625, 11.1875, 10.6875]"
False,733,1,10245,3,"[11.0625, 11.0625, 11.0625, 10.9375]"
False,734,3,10246,1,"[11.0625, 10.625, 10.875, 11.125]"
False,735,2,10314,3,"[11.0625, 10.8125, 11.1875, 10.75]"
False,736,2,10315,0,"[10.75, 11.0, 11.25, 11.125]"
False,737,0,10319,2,"[11.125, 11.125, 10.5, 11.0]"
False,738,0,10320,2,"[11.0, 11.125, 10.75, 10.75]"
False,739,1,10321,0,"[11.0625, 11.125, 11.0625, 11.1875]"
True,740,0,10338,0,"[10.9375, 11.125, 10.9375, 11.0625]"
False,741,2,10416,0,"[11.0, 11.1875, 11.125, 11.0625]"
False,742,3,10442,1,"[11.0625, 10.875, 11.0625, 11.0625]"
True,743,1,10443,1,"[11.0625, 10.875, 11.0, 10.875]"
False,744,2,10453,0,"[11.0, 11.125, 11.0, 11.0625]"
False,745,3,10535,2,"[10.9375, 11.0625, 10.875, 10.9375]"
False,746,3,10537,1,"[11.0625, 11.0, 11.0625, 11.0625]"
False,747,2,10552,0,"[11.0, 11.0625, 11.0625, 11.0]"
False,748,0,10553,2,"[11.0, 11.125, 10.75, 10.875]"
True,749,2,10559,2,"[11.1875, 11.1875, 10.9375, 11.0]"
False,750,2,10587,1,"[11.1875, 11.0625, 11.25, 11.25]"
False,751,1,10605,0,"[10.6875, 10.9375, 10.875, 11.0]"
True,752,3,10606,3,"[11.0625, 11.0625, 11.0625, 10.9375]"
True,753,1,10607,1,"[11.0, 10.8125, 11.0625, 11.25]"
False,754,3,10635,2,"[11.0, 11.25, 10.875, 10.875]"
False,755,2,10637,0,"[10.875, 11.0625, 11.125, 11.0]"
False,756,3,10638,1,"[11.25, 11.0, 11.1875, 11.0625]"
False,757,1,10639,0,"[10.6875, 11.375, 11.3125, 11.1875]"
False,758,3,10649,2,"[11.0, 11.25, 10.9375, 11.1875]"
False,759,1,10650,2,"[11.0625, 11.0625, 10.875, 11.0625]"
False,760,1,10659,2,"[11.0, 11.1875, 10.9375, 11.0]"
False,761,2,10666,3,"[11.1875, 11.375, 11.0625, 11.0]"
True,762,0,10667,0,"[10.8125, 10.8125, 10.9375, 11.0]"
False,763,3,10668,2,"[11.0625, 11.4375, 10.9375, 10.9375]"
False,764,3,10669,2,"[11.125, 11.125, 11.0, 11.0]"
False,765,1,10670,2,"[11.1875, 11.1875, 10.9375, 11.0625]"
False,766,1,10671,0,"[10.9375, 11.0, 11.0, 11.125]"
False,767,1,10673,0,"[10.8125, 10.8125, 11.25, 10.9375]"
True,768,3,10691,3,"[11.25, 10.9375, 11.0625, 10.75]"
False,769,2,10698,1,"[11.1875, 11.0625, 11.0625, 11.125]"
False,770,1,10699,0,"[10.9375, 11.25, 11.125, 11.125]"
True,771,0,10732,0,"[11.0, 11.125, 11.125, 11.0625]"
False,772,3,10733,0,"[10.875, 11.0625, 11.1875, 11.1875]"
False,773,2,10738,1,"[11.0, 10.8125, 11.125, 11.3125]"
True,774,0,10739,0,"[10.875, 11.3125, 10.9375, 11.25]"
True,775,2,10740,2,"[10.9375, 11.0, 10.75, 10.9375]"
False,776,0,10741,3,"[11.25, 11.25, 11.0625, 10.9375]"
False,777,1,10742,3,"[10.9375, 11.0625, 11.0625, 10.8125]"
False,778,1,10748,2,"[11.125, 11.0, 10.875, 10.9375]"
False,779,1,10749,2,"[11.125, 11.1875, 10.875, 11.4375]"
False,780,0,10750,2,"[11.0625, 11.3125, 10.75, 10.875]"
True,781,0,10761,0,"[10.8125, 10.9375, 11.0625, 10.875]"
False,782,3,10763,0,"[11.0, 11.1875, 11.0, 11.0625]"
False,783,3,10823,0,"[10.75, 10.8125, 11.0, 11.0]"
False,784,0,10824,3,"[11.0625, 11.0, 10.875, 10.8125]"
False,785,2,10825,0,"[10.9375, 11.25, 11.0, 11.4375]"
False,786,0,10826,2,"[11.25, 11.3125, 11.0625, 11.125]"
False,787,3,10827,2,"[10.9375, 10.9375, 10.75, 10.875]"
False,788,1,10865,0,"[10.8125, 10.875, 11.0, 11.125]"
False,789,2,10866,3,"[11.0625, 11.25, 11.125, 11.0]"
True,790,0,10868,0,"[10.875, 11.125, 11.1875, 11.3125]"
False,791,2,10890,3,"[11.0625, 11.125, 11.0625, 10.9375]"
False,792,2,10894,1,"[11.0625, 10.8125, 11.1875, 10.9375]"
False,793,3,10945,2,"[11.0625, 11.0625, 10.75, 11.0]"
False,794,1,10974,0,"[10.9375, 11.0625, 11.0, 11.4375]"
False,795,0,10996,3,"[11.1875, 11.4375, 11.3125, 11.0]"
False,796,1,11021,3,"[11.1875, 11.0625, 11.0, 10.9375]"
False,797,0,11025,1,"[11.0625, 10.9375, 11.0, 11.0625]"
False,798,2,11043,1,"[11.1875, 11.0, 11.1875, 11.3125]"
False,799,2,11051,1,"[11.25, 10.75, 10.875, 11.1875]"
True,800,0,11070,0,"[10.875, 11.0625, 11.125, 10.9375]"
False,801,3,11071,1,"[10.75, 10.625, 10.75, 10.9375]"
False,802,3,11072,2,"[11.125, 11.1875, 10.8125, 11.1875]"
False,803,3,11073,0,"[10.875, 11.25, 11.0, 11.0]"
False,804,2,11123,0,"[11.0, 11.0, 11.0625, 11.0625]"
False,805,0,11165,1,"[11.0625, 11.0, 11.0625, 11.125]"
False,806,2,11177,0,"[11.0, 11.125, 11.1875, 11.0]"
False,807,2,11180,3,"[11.0625, 11.5625, 10.9375, 10.75]"
True,808,0,11181,0,"[10.875, 10.9375, 10.9375, 11.0625]"
False,809,2,11188,1,"[11.0625, 10.75, 11.25, 11.3125]"
False,810,2,11189,3,"[11.125, 11.0625, 11.1875, 10.9375]"
True,811,3,11198,3,"[11.1875, 11.0, 11.1875, 10.9375]"
False,812,3,11199,0,"[10.9375, 11.0625, 10.9375, 11.125]"
False,813,1,11200,0,"[11.0, 11.25, 11.0625, 11.125]"
False,814,2,11265,1,"[10.875, 10.75, 11.0625, 10.875]"
False,815,3,11267,0,"[10.75, 10.875, 11.125, 11.0]"
False,816,2,11287,0,"[10.9375, 11.1875, 11.0625, 11.0625]"
False,817,0,11290,2,"[11.0, 10.875, 10.8125, 11.0625]"
False,818,3,11292,1,"[11.125, 10.8125, 10.9375, 11.1875]"
False,819,3,11312,1,"[11.125, 11.0625, 11.0625, 11.1875]"
False,820,1,11313,3,"[11.0625, 10.9375, 11.0, 10.8125]"
True,821,1,11342,1,"[10.9375, 10.8125, 10.875, 10.8125]"
False,822,0,11343,3,"[11.1875, 11.125, 11.0, 10.9375]"
False,823,0,11346,3,"[11.0625, 11.0625, 11.1875, 10.75]"
False,824,2,11348,3,"[11.0625, 11.25, 11.0, 10.8125]"
False,825,3,11368,2,"[11.1875, 11.25, 10.9375, 10.9375]"
True,826,3,11385,3,"[11.0, 10.875, 10.9375, 10.8125]"
False,827,3,11386,1,"[11.0625, 10.5625, 10.9375, 11.0]"
True,828,2,11405,2,"[11.0625, 11.125, 10.8125, 11.125]"
False,829,0,11411,1,"[11.0, 10.75, 11.0, 11.1875]"
False,830,1,11421,3,"[11.125, 11.1875, 11.1875, 10.875]"
False,831,0,11422,3,"[10.9375, 11.1875, 11.25, 10.875]"
False,832,2,11428,1,"[11.125, 10.8125, 10.9375, 11.125]"
False,833,2,11435,3,"[10.875, 10.9375, 11.5, 10.5]"
False,834,0,11437,3,"[11.25, 11.0625, 11.25, 10.9375]"
False,835,1,11438,2,"[10.875, 11.0, 10.75, 11.0625]"
False,836,2,11504,3,"[10.9375, 11.0625, 11.0625, 10.75]"
False,837,3,11506,0,"[10.6875, 11.125, 10.9375, 10.9375]"
True,838,2,11507,2,"[11.0, 11.25, 10.9375, 10.9375]"
False,839,2,11533,0,"[10.9375, 11.0625, 11.1875, 11.1875]"
False,840,3,11545,0,"[10.875, 10.875, 10.9375, 11.25]"
False,841,3,11549,2,"[11.0, 11.0625, 10.9375, 10.9375]"
True,842,1,11580,1,"[11.125, 10.875, 10.875, 10.9375]"
True,843,3,11581,3,"[11.125, 11.1875, 11.0, 10.9375]"
True,844,1,11624,1,"[11.0, 10.8125, 11.125, 11.0]"
False,845,3,11626,2,"[11.0625, 11.25, 11.0, 11.125]"
True,846,3,11634,3,"[11.125, 11.0625, 11.0625, 10.875]"
False,847,3,11652,0,"[10.75, 11.125, 11.25, 11.0625]"
False,848,3,11734,2,"[11.0, 11.1875, 10.75, 11.125]"
False,849,3,11766,1,"[11.1875, 11.0625, 11.0625, 11.125]"
False,850,2,11783,0,"[10.875, 11.1875, 10.9375, 11.0625]"
False,851,1,11784,3,"[11.0, 11.0, 10.9375, 10.875]"
False,852,3,11822,0,"[10.875, 11.1875, 10.9375, 11.0]"
False,853,1,11858,3,"[11.0625, 11.1875, 11.125, 10.8125]"
False,854,1,11859,0,"[10.875, 11.25, 11.0, 11.125]"
False,855,2,11860,1,"[11.0, 10.9375, 11.0625, 11.0]"
False,856,1,11861,3,"[10.875, 11.0, 10.875, 10.8125]"
True,857,3,11862,3,"[11.1875, 11.125, 10.9375, 10.875]"
False,858,2,11877,1,"[11.25, 10.9375, 11.25, 11.0]"
False,859,0,11904,1,"[10.9375, 10.8125, 11.0625, 11.125]"
False,860,2,11905,1,"[10.875, 10.8125, 10.875, 11.0625]"
False,861,2,11918,3,"[11.125, 11.25, 11.125, 10.875]"
True,862,0,11920,0,"[10.9375, 11.25, 11.0, 11.0]"
True,863,0,11921,0,"[10.9375, 11.25, 11.125, 10.9375]"
False,864,1,11931,3,"[10.9375, 10.875, 10.9375, 10.6875]"
True,865,1,11932,1,"[11.0, 10.875, 10.9375, 10.875]"
False,866,1,11933,2,"[11.0625, 11.1875, 11.0, 11.125]"
True,867,1,11948,1,"[11.0, 10.9375, 11.125, 11.0625]"
False,868,3,11949,2,"[11.125, 11.125, 10.75, 10.875]"
False,869,2,11950,0,"[10.9375, 11.1875, 11.125, 11.0625]"
False,870,2,12020,0,"[11.0, 11.25, 11.1875, 11.4375]"
False,871,0,12024,3,"[11.25, 11.0625, 10.9375, 10.875]"
False,872,2,12028,3,"[11.0, 11.0625, 11.125, 10.9375]"
False,873,1,12034,0,"[10.9375, 10.9375, 11.0625, 11.125]"
True,874,1,12080,1,"[11.0, 10.9375, 11.0625, 11.125]"
False,875,0,12081,2,"[11.0, 11.0625, 10.9375, 10.9375]"
True,876,0,12084,0,"[10.8125, 10.8125, 11.0, 11.0]"
False,877,3,12110,2,"[11.3125, 11.25, 11.125, 11.25]"
False,878,2,12125,1,"[10.875, 10.6875, 11.1875, 11.0625]"
False,879,2,12131,0,"[11.0, 11.0, 11.0, 11.0625]"
False,880,2,12146,0,"[11.0, 11.0, 11.0, 11.0]"
False,881,3,12199,0,"[10.875, 10.9375, 10.9375, 10.9375]"
False,882,3,12215,2,"[10.9375, 11.0625, 10.75, 10.8125]"
False,883,3,12216,1,"[11.0, 10.9375, 10.9375, 10.9375]"
False,884,2,12222,0,"[10.8125, 10.875, 10.9375, 11.0]"
False,885,2,12223,0,"[10.6875, 10.9375, 10.75, 10.9375]"
True,886,3,12269,3,"[11.125, 11.0, 11.125, 10.8125]"
False,887,2,12293,0,"[10.75, 11.0, 10.875, 10.75]"
False,888,1,12295,0,"[10.8125, 11.125, 10.8125, 11.4375]"
False,889,0,12296,1,"[11.25, 10.5625, 11.1875, 10.6875]"
True,890,0,12297,0,"[11.0, 11.125, 11.0625, 11.25]"
False,891,1,12298,0,"[10.8125, 11.0, 11.4375, 11.0]"
False,892,0,12303,3,"[11.0625, 11.1875, 11.125, 10.8125]"
False,893,0,12406,2,"[10.9375, 10.875, 10.75, 10.875]"
False,894,1,12408,2,"[11.0625, 10.875, 10.625, 10.9375]"
False,895,2,12441,1,"[11.0, 10.875, 11.0, 10.875]"
True,896,0,12442,0,"[10.8125, 10.8125, 10.9375, 10.9375]"
False,897,2,12443,3,"[11.1875, 11.0, 11.0, 10.875]"
True,898,3,12457,3,"[11.0625, 10.9375, 11.0, 10.875]"
False,899,1,12482,2,"[11.125, 11.1875, 10.8125, 11.125]"
True,900,1,12496,1,"[10.9375, 10.75, 11.3125, 11.1875]"
False,901,3,12497,2,"[11.25, 11.25, 10.8125, 11.4375]"
True,902,0,12510,0,"[10.9375, 11.1875, 10.9375, 11.0]"
False,903,1,12512,2,"[11.0, 11.1875, 10.875, 11.0]"
False,904,1,12513,3,"[11.125, 11.0625, 10.8125, 10.6875]"
False,905,0,12534,2,"[10.875, 10.9375, 10.8125, 11.0625]"
False,906,0,12583,3,"[10.9375, 10.75, 11.1875, 10.6875]"
True,907,2,12585,2,"[11.0625, 11.0625, 10.75, 10.9375]"
False,908,1,12587,2,"[11.1875, 11.0625, 10.9375, 11.0625]"
True,909,0,12589,0,"[10.625, 11.25, 11.0625, 11.0625]"
True,910,3,12596,3,"[11.1875, 11.3125, 11.5, 10.9375]"
True,911,3,12597,3,"[11.0, 11.0625, 11.0, 10.8125]"
True,912,2,12598,2,"[11.0625, 11.0, 10.875, 11.1875]"
False,913,0,12624,1,"[10.9375, 10.8125, 10.8125, 11.125]"
True,914,2,12712,2,"[11.0625, 10.9375, 10.8125, 11.0625]"
False,915,0,12741,2,"[11.125, 11.3125, 10.9375, 10.9375]"
False,916,1,12751,0,"[10.9375, 11.1875, 11.125, 10.9375]"
True,917,2,12793,2,"[11.0625, 10.9375, 10.8125, 11.0]"
True,918,3,12824,3,"[11.0625, 11.0625, 10.9375, 10.8125]"
False,919,3,12836,0,"[11.0625, 11.125, 11.0625, 11.0625]"
True,920,2,12837,2,"[11.0, 10.8125, 10.75, 11.0]"
False,921,2,12838,0,"[10.9375, 11.25, 11.0, 11.0625]"
False,922,2,12860,3,"[11.1875, 10.9375, 10.9375, 10.8125]"
False,923,1,12861,2,"[11.0625, 11.0625, 10.9375, 11.125]"
False,924,0,12865,2,"[11.0625, 11.3125, 10.9375, 11.25]"
False,925,3,12878,0,"[10.8125, 11.0625, 11.125, 11.125]"
False,926,2,12967,1,"[11.0625, 10.9375, 11.0625, 11.0625]"
False,927,2,12970,3,"[11.3125, 11.0, 11.125, 10.9375]"
False,928,2,12994,3,"[11.125, 11.0625, 11.1875, 10.9375]"
False,929,3,13018,2,"[11.125, 11.125, 10.6875, 10.9375]"
False,930,2,13032,3,"[11.0625, 11.0625, 11.1875, 10.9375]"
False,931,3,13087,2,"[11.0625, 11.0, 10.9375, 11.1875]"
False,932,1,13092,3,"[10.9375, 11.3125, 11.1875, 10.875]"
False,933,2,13122,3,"[11.0, 11.125, 11.0, 10.875]"
False,934,1,13160,2,"[11.0, 11.0, 10.875, 11.125]"
True,935,0,13255,0,"[10.8125, 10.875, 10.8125, 10.875]"
False,936,2,13263,3,"[11.0, 11.25, 11.0625, 10.75]"
False,937,0,13277,2,"[10.8125, 11.0, 10.75, 11.1875]"
False,938,1,13279,3,"[10.9375, 10.9375, 10.9375, 10.875]"
False,939,2,13281,1,"[11.25, 10.875, 10.875, 10.875]"
True,940,0,13282,0,"[11.0, 11.125, 11.5, 11.125]"
True,941,0,13290,0,"[11.0625, 11.125, 11.1875, 11.0625]"
False,942,2,13297,3,"[10.8125, 10.8125, 10.875, 10.75]"
False,943,1,13358,2,"[11.0625, 11.125, 10.75, 10.9375]"
True,944,3,13408,3,"[10.6875, 10.75, 10.75, 10.5]"
True,945,1,13428,1,"[11.25, 10.875, 10.875, 11.25]"
False,946,0,13435,3,"[10.875, 11.125, 10.75, 10.6875]"
False,947,2,13436,1,"[11.0625, 11.0, 11.125, 11.1875]"
False,948,1,13460,3,"[10.8125, 10.875, 10.9375, 10.6875]"
False,949,1,13461,0,"[11.0, 11.1875, 11.0, 11.0]"
True,950,0,13485,0,"[10.8125, 11.0625, 11.1875, 11.0625]"
False,951,0,13508,3,"[11.0, 10.9375, 10.875, 10.75]"
False,952,2,13509,3,"[11.0625, 11.0, 10.9375, 10.8125]"
False,953,0,13511,1,"[10.9375, 10.8125, 11.0625, 10.875]"
False,954,0,13524,1,"[10.9375, 10.75, 11.0625, 11.0625]"
False,955,0,13538,1,"[10.875, 10.8125, 11.125, 11.1875]"
False,956,0,13560,2,"[11.125, 11.125, 11.0, 11.375]"
True,957,0,13610,0,"[10.625, 11.125, 11.1875, 11.1875]"
False,958,2,13611,1,"[10.8125, 10.75, 10.8125, 11.125]"
False,959,1,13636,2,"[11.0625, 11.0, 10.875, 11.0625]"
False,960,0,13653,2,"[11.0, 11.0, 10.9375, 11.0]"
False,961,3,13698,2,"[11.0, 10.9375, 10.8125, 10.8125]"
False,962,3,13700,2,"[11.0, 10.875, 10.8125, 10.8125]"
False,963,3,13712,2,"[11.1875, 11.25, 11.0625, 11.0625]"
False,964,3,13775,0,"[10.6875, 11.0, 11.1875, 11.125]"
True,965,2,13776,2,"[11.0625, 11.0, 10.8125, 11.1875]"
False,966,1,13803,3,"[11.1875, 11.0625, 11.1875, 10.9375]"
True,967,3,13873,3,"[11.3125, 11.0625, 11.4375, 10.9375]"
True,968,1,13874,1,"[11.0, 10.6875, 10.875, 11.25]"
True,969,1,13877,1,"[10.9375, 10.875, 11.125, 11.0]"
False,970,1,13911,0,"[10.875, 10.9375, 11.1875, 11.0]"
True,971,2,13921,2,"[10.875, 11.0, 10.75, 10.9375]"
False,972,2,13948,3,"[11.1875, 11.25, 10.9375, 10.8125]"
False,973,0,13949,2,"[11.1875, 11.0625, 10.8125, 11.125]"
False,974,2,13998,3,"[11.1875, 11.0, 11.25, 10.875]"
False,975,3,13999,2,"[11.3125, 11.0625, 10.875, 11.125]"
False,976,3,14075,0,"[11.0, 11.0625, 11.3125, 11.0]"
False,977,0,14076,1,"[11.375, 10.9375, 11.125, 11.25]"
True,978,2,14078,2,"[11.1875, 11.0625, 11.0, 11.0625]"
False,979,0,14092,2,"[11.0, 11.0, 10.9375, 11.0625]"
False,980,1,14093,3,"[11.125, 11.25, 11.0, 10.9375]"
False,981,1,14141,3,"[11.0, 11.0, 11.0, 10.9375]"
False,982,0,14156,2,"[11.3125, 11.1875, 10.9375, 11.1875]"
False,983,1,14157,2,"[11.25, 11.1875, 10.8125, 11.0625]"
False,984,3,14248,0,"[10.8125, 10.875, 11.0625, 11.125]"
False,985,3,14250,1,"[11.0625, 10.9375, 11.125, 10.9375]"
False,986,3,14251,0,"[10.8125, 11.0, 11.0625, 10.9375]"
True,987,1,14252,1,"[11.0, 10.9375, 11.1875, 11.0625]"
False,988,2,14253,1,"[11.0625, 11.0, 11.3125, 11.0625]"
False,989,1,14285,0,"[11.125, 11.25, 11.3125, 11.25]"
False,990,3,14305,2,"[11.1875, 11.125, 10.9375, 11.0625]"
False,991,2,14306,1,"[11.125, 10.6875, 10.8125, 11.0625]"
False,992,3,14307,0,"[10.9375, 11.0625, 11.0, 11.0]"
False,993,3,14317,1,"[10.8125, 10.6875, 11.0625, 11.125]"
False,994,1,14385,2,"[11.3125, 10.875, 10.8125, 11.25]"
True,995,1,14387,1,"[11.125, 10.5625, 10.6875, 10.9375]"
False,996,1,14388,3,"[11.0, 11.125, 10.6875, 10.5]"
False,997,1,14389,0,"[11.0, 11.0625, 11.125, 11.0625]"
False,998,1,14390,3,"[11.125, 11.125, 10.8125, 10.75]"
False,999,2,14401,0,"[10.9375, 11.125, 10.9375, 11.0625]"
False,1000,1,14423,3,"[10.875, 11.125, 11.0, 10.8125]"
False,1001,3,14424,0,"[11.0, 11.4375, 11.375, 11.1875]"
False,1002,2,14429,1,"[11.0, 10.875, 10.9375, 11.125]"
False,1003,2,14433,0,"[10.875, 11.4375, 10.875, 11.1875]"
True,1004,2,14442,2,"[11.0, 10.875, 10.75, 10.9375]"
False,1005,1,14445,0,"[10.8125, 11.0625, 11.0, 10.9375]"
True,1006,1,14446,1,"[11.0625, 10.875, 11.0625, 11.0]"
False,1007,1,14451,2,"[11.0, 10.875, 10.6875, 10.9375]"
False,1008,2,14452,0,"[10.6875, 11.375, 11.0625, 11.0]"
False,1009,3,14519,0,"[11.125, 11.3125, 11.375, 11.1875]"
True,1010,1,14551,1,"[11.0625, 10.8125, 10.875, 10.9375]"
False,1011,3,14553,2,"[11.0625, 11.0625, 10.8125, 11.125]"
True,1012,0,14561,0,"[10.625, 11.0, 11.1875, 11.1875]"
True,1013,3,14562,3,"[11.0625, 11.0625, 11.0625, 10.875]"
False,1014,2,14580,3,"[10.9375, 11.0625, 11.0, 10.875]"
False,1015,3,14583,2,"[11.1875, 11.0, 10.9375, 11.125]"
True,1016,0,14586,0,"[10.75, 10.875, 11.25, 11.0625]"
True,1017,0,14587,0,"[11.0625, 11.125, 11.125, 11.0625]"
False,1018,3,14588,0,"[11.0625, 11.1875, 11.1875, 11.0625]"
False,1019,3,14590,2,"[11.125, 11.375, 11.0, 11.0625]"
False,1020,1,14629,0,"[10.75, 11.1875, 10.8125, 11.125]"
False,1021,0,14694,3,"[11.0, 11.3125, 11.0625, 10.8125]"
False,1022,1,14702,2,"[11.0, 11.0, 10.9375, 11.0]"
True,1023,2,14709,2,"[11.1875, 11.1875, 10.6875, 10.8125]"
False,1024,2,14752,0,"[10.8125, 10.875, 11.25, 11.0]"
True,1025,3,14773,3,"[11.125, 11.0, 11.5, 10.875]"
False,1026,0,14801,1,"[11.375, 10.9375, 11.125, 11.1875]"
False,1027,1,14802,2,"[11.4375, 11.125, 10.75, 10.875]"
True,1028,3,14803,3,"[11.0625, 11.125, 11.125, 10.875]"
False,1029,3,14843,1,"[11.125, 10.625, 10.8125, 10.875]"
False,1030,2,14845,1,"[10.9375, 10.6875, 10.875, 11.25]"
True,1031,2,14856,2,"[11.0625, 11.125, 10.6875, 10.9375]"
True,1032,3,14857,3,"[10.9375, 10.9375, 10.875, 10.8125]"
False,1033,2,14876,3,"[10.875, 11.0, 10.9375, 10.8125]"
False,1034,1,14877,0,"[10.875, 11.0, 10.9375, 11.125]"
False,1035,2,14925,1,"[11.125, 10.8125, 10.8125, 11.375]"
False,1036,0,14926,2,"[11.125, 10.9375, 10.875, 11.125]"
True,1037,0,14948,0,"[11.0625, 11.25, 11.125, 11.1875]"
False,1038,2,14956,0,"[10.875, 11.1875, 11.3125, 11.125]"
True,1039,0,15003,0,"[10.75, 11.0, 11.0625, 10.75]"
False,1040,0,15004,1,"[11.0625, 10.9375, 10.9375, 11.125]"
False,1041,2,15007,1,"[11.0625, 10.9375, 10.9375, 11.125]"
False,1042,0,15017,2,"[11.0, 11.0625, 10.9375, 11.3125]"
False,1043,0,15025,1,"[11.0625, 10.9375, 10.9375, 11.0]"
False,1044,0,15034,2,"[11.25, 10.8125, 10.75, 10.875]"
True,1045,0,15043,0,"[10.875, 11.125, 11.125, 11.0625]"
False,1046,0,15044,2,"[10.9375, 10.9375, 10.8125, 11.0]"
True,1047,0,15054,0,"[11.125, 11.25, 11.1875, 11.125]"
False,1048,3,15059,2,"[11.0625, 11.0, 10.875, 11.25]"
False,1049,0,15060,1,"[11.1875, 10.875, 11.125, 10.9375]"
False,1050,0,15063,3,"[11.3125, 11.25, 11.375, 10.8125]"
False,1051,2,15064,0,"[10.8125, 11.1875, 11.0625, 11.25]"
True,1052,2,15065,2,"[11.0625, 11.375, 10.875, 11.3125]"
False,1053,0,15107,1,"[11.0625, 10.6875, 11.0625, 10.75]"
True,1054,1,15109,1,"[11.25, 11.0625, 11.0625, 11.1875]"
False,1055,3,15113,0,"[10.875, 11.1875, 11.125, 10.9375]"
False,1056,1,15114,0,"[10.75, 11.0625, 11.0, 11.0625]"
False,1057,0,15115,1,"[11.25, 10.9375, 11.125, 10.9375]"
True,1058,0,15117,0,"[11.0, 11.0, 11.1875, 11.125]"
False,1059,0,15125,2,"[11.25, 10.9375, 10.875, 10.875]"
False,1060,1,15159,0,"[10.8125, 10.9375, 11.0, 11.25]"
False,1061,2,15163,3,"[11.0625, 11.0625, 11.0625, 10.9375]"
False,1062,2,15200,1,"[11.125, 10.8125, 11.0625, 11.1875]"
True,1063,2,15201,2,"[11.0625, 11.375, 10.6875, 10.9375]"
False,1064,1,15202,2,"[11.0625, 11.0625, 11.0, 11.125]"
False,1065,3,15209,2,"[11.0625, 11.1875, 10.6875, 10.75]"
False,1066,1,15210,2,"[11.125, 10.8125, 10.75, 10.875]"
True,1067,0,15277,0,"[10.9375, 11.125, 11.0625, 11.0]"
False,1068,2,15278,1,"[11.0, 10.875, 11.25, 10.9375]"
True,1069,2,15311,2,"[11.0625, 11.3125, 10.8125, 11.25]"
False,1070,3,15312,1,"[10.9375, 10.75, 10.8125, 10.75]"
False,1071,3,15374,0,"[10.9375, 11.1875, 11.25, 10.9375]"
False,1072,3,15393,2,"[10.875, 11.125, 10.75, 11.25]"
False,1073,1,15410,0,"[10.8125, 10.875, 10.9375, 10.9375]"
False,1074,0,15411,3,"[11.0, 11.125, 11.0625, 10.9375]"
False,1075,1,15441,3,"[11.25, 11.1875, 11.0625, 10.8125]"
False,1076,3,15445,1,"[11.1875, 11.0625, 11.125, 11.0625]"
False,1077,2,15447,0,"[10.9375, 11.0, 11.1875, 11.0]"
False,1078,3,15476,0,"[10.75, 10.875, 11.3125, 11.25]"
False,1079,2,15557,3,"[10.9375, 11.0625, 10.9375, 10.875]"
True,1080,0,15582,0,"[10.875, 10.9375, 11.1875, 10.875]"
False,1081,1,15583,0,"[11.0625, 11.125, 11.0625, 11.0625]"
False,1082,1,15640,3,"[10.9375, 10.9375, 11.0, 10.8125]"
False,1083,3,15641,0,"[10.9375, 11.1875, 11.1875, 11.0625]"
False,1084,2,15697,0,"[10.9375, 11.0, 11.0625, 11.0625]"
False,1085,0,15714,2,"[10.875, 11.1875, 10.8125, 11.25]"
True,1086,2,15715,2,"[11.5, 10.9375, 10.8125, 11.1875]"
False,1087,0,15716,3,"[11.0625, 11.125, 11.0, 10.8125]"
False,1088,3,15717,2,"[11.25, 11.125, 10.75, 11.125]"
False,1089,0,15727,2,"[11.25, 11.1875, 11.0, 11.3125]"
False,1090,3,15728,0,"[10.9375, 11.125, 11.1875, 11.125]"
False,1091,3,15750,1,"[11.125, 11.0, 11.0625, 11.1875]"
False,1092,2,15751,0,"[11.125, 11.125, 11.1875, 11.125]"
False,1093,0,15768,2,"[11.1875, 11.125, 11.0625, 11.0625]"
False,1094,2,15769,0,"[10.6875, 11.125, 11.3125, 11.0]"
False,1095,3,15772,1,"[11.25, 11.0, 11.0625, 11.25]"
False,1096,0,15773,2,"[11.0625, 11.0625, 10.9375, 10.9375]"
False,1097,2,15781,3,"[11.25, 11.125, 11.375, 11.0625]"
True,1098,1,15789,1,"[11.0, 10.6875, 11.0625, 10.8125]"
True,1099,1,15815,1,"[11.125, 10.875, 10.875, 10.9375]"
False,1100,1,15817,3,"[11.25, 11.0625, 11.0625, 10.9375]"
False,1101,2,15825,1,"[11.1875, 10.6875, 11.0625, 11.0]"
False,1102,3,15826,2,"[11.125, 11.1875, 10.6875, 11.1875]"
False,1103,0,15827,1,"[10.9375, 10.75, 11.1875, 11.0625]"
False,1104,3,15828,0,"[10.6875, 11.0625, 10.9375, 11.1875]"
False,1105,0,15836,1,"[11.0625, 10.9375, 11.0625, 10.9375]"
True,1106,0,15837,0,"[11.125, 11.25, 11.3125, 11.1875]"
False,1107,1,15868,3,"[11.3125, 11.0, 11.25, 10.9375]"
True,1108,1,15880,1,"[10.9375, 10.875, 11.25, 10.9375]"
False,1109,2,15881,1,"[11.0625, 11.0, 11.25, 11.0]"
False,1110,3,15923,0,"[10.8125, 11.125, 11.1875, 11.0625]"
False,1111,0,15924,2,"[10.875, 11.0, 10.8125, 11.0]"
False,1112,1,15925,3,"[10.9375, 11.0625, 11.0, 10.875]"
False,1113,3,15927,0,"[10.875, 10.875, 11.1875, 11.0]"
True,1114,2,15930,2,"[11.25, 11.125, 10.8125, 10.875]"
False,1115,2,16007,0,"[11.0625, 11.0625, 11.125, 11.0625]"
True,1116,1,16008,1,"[11.1875, 11.0, 11.0, 11.3125]"
False,1117,1,16009,3,"[11.3125, 11.0625, 10.9375, 10.8125]"
True,1118,1,16014,1,"[10.9375, 10.75, 10.875, 10.8125]"
False,1119,2,16015,3,"[10.9375, 11.0, 11.0, 10.875]"
True,1120,2,16016,2,"[10.6875, 10.9375, 10.625, 10.9375]"
False,1121,0,16017,1,"[11.0625, 11.0, 11.0, 11.125]"
True,1122,2,16033,2,"[10.9375, 11.0, 10.8125, 10.9375]"
False,1123,3,16051,0,"[11.0, 11.0625, 11.125, 11.4375]"
False,1124,1,16078,2,"[11.0625, 11.4375, 11.0, 11.0]"
False,1125,3,16087,0,"[10.8125, 11.1875, 11.0625, 11.0]"
False,1126,0,16120,2,"[11.0625, 11.0625, 11.0, 11.125]"
False,1127,3,16121,0,"[10.9375, 11.0, 11.1875, 11.125]"
True,1128,1,16167,1,"[11.0, 10.9375, 11.0625, 10.9375]"
False,1129,3,16168,2,"[10.9375, 11.25, 10.8125, 10.9375]"
False,1130,2,16169,0,"[10.9375, 11.25, 10.9375, 10.9375]"
False,1131,1,16170,3,"[11.25, 11.0625, 11.0, 10.9375]"
False,1132,0,16173,2,"[11.125, 11.0, 10.9375, 11.0]"
False,1133,1,16174,0,"[10.75, 11.0, 11.0625, 11.375]"
False,1134,1,16203,0,"[10.8125, 11.0, 10.8125, 11.0]"
False,1135,3,16204,2,"[11.1875, 11.125, 11.0625, 11.375]"
False,1136,2,16208,0,"[10.8125, 11.0625, 11.125, 11.3125]"
False,1137,2,16265,3,"[10.875, 11.0625, 11.0, 10.8125]"
False,1138,1,16266,2,"[11.125, 11.3125, 10.9375, 10.9375]"
False,1139,3,16267,0,"[11.0, 11.1875, 11.0625, 11.0625]"
True,1140,0,16269,0,"[10.875, 11.125, 11.1875, 11.25]"
False,1141,1,16288,2,"[11.1875, 11.0, 10.9375, 11.1875]"
False,1142,3,16289,1,"[11.0, 10.8125, 11.0, 11.0625]"
False,1143,3,16294,1,"[11.0, 10.875, 11.375, 10.875]"
False,1144,0,16317,3,"[11.1875, 11.0625, 11.375, 11.0]"
False,1145,1,16318,0,"[10.75, 10.9375, 10.875, 11.0]"
True,1146,1,16319,1,"[11.0625, 11.0, 11.0625, 11.0]"
False,1147,2,16320,1,"[11.0625, 10.9375, 11.3125, 11.25]"
True,1148,1,16331,1,"[11.0, 10.875, 10.875, 11.0]"
True,1149,1,16338,1,"[11.0625, 10.9375, 11.0, 10.9375]"
False,1150,1,16345,2,"[11.0625, 11.1875, 10.875, 11.1875]"
False,1151,2,16346,3,"[11.3125, 11.125, 11.0, 10.875]"
False,1152,3,16352,1,"[11.0625, 10.8125, 10.9375, 10.9375]"
False,1153,2,16402,0,"[10.8125, 11.0, 11.0, 11.0]"
False,1154,0,16403,3,"[11.0625, 10.8125, 10.8125, 10.6875]"
False,1155,2,16435,0,"[10.8125, 11.0, 10.875, 10.8125]"
False,1156,0,16457,2,"[11.4375, 11.1875, 11.0625, 11.125]"
False,1157,2,16471,3,"[11.0625, 10.9375, 11.0625, 10.875]"
False,1158,2,16472,0,"[10.9375, 11.0625, 11.125, 11.0625]"
True,1159,1,16485,1,"[10.9375, 10.875, 11.0625, 11.0]"
False,1160,3,16501,2,"[11.0625, 11.1875, 10.875, 11.1875]"
False,1161,0,16502,1,"[11.5, 11.0625, 11.1875, 11.125]"
False,1162,2,16506,1,"[11.0625, 10.8125, 11.1875, 11.0]"
True,1163,0,16529,0,"[10.9375, 11.0625, 10.9375, 11.0625]"
True,1164,1,16530,1,"[11.125, 11.0625, 11.0625, 11.125]"
False,1165,0,16531,3,"[10.875, 10.875, 10.8125, 10.75]"
False,1166,3,16534,1,"[11.125, 10.9375, 10.9375, 11.0625]"
False,1167,2,16535,1,"[11.125, 10.5625, 11.25, 11.375]"
False,1168,1,16570,3,"[11.0625, 11.0, 10.8125, 10.75]"
False,1169,3,16571,1,"[11.0625, 10.9375, 11.3125, 11.125]"
False,1170,2,16575,1,"[11.1875, 11.0625, 11.25, 11.125]"
False,1171,0,16620,1,"[11.0, 10.8125, 11.0, 10.8125]"
False,1172,3,16621,1,"[11.125, 11.0625, 11.0625, 11.1875]"
False,1173,2,16716,0,"[11.0, 11.1875, 11.1875, 11.1875]"
True,1174,1,16717,1,"[11.0625, 11.0, 11.0625, 11.0625]"
False,1175,3,16718,0,"[10.9375, 11.1875, 11.1875, 11.125]"
False,1176,3,16769,1,"[11.0625, 10.9375, 11.0, 11.0625]"
False,1177,0,16770,3,"[11.125, 11.0625, 11.0625, 10.75]"
False,1178,2,16771,0,"[10.9375, 10.9375, 11.0, 11.0625]"
False,1179,1,16784,3,"[10.9375, 10.9375, 11.0625, 10.75]"
False,1180,1,16785,3,"[11.125, 10.9375, 10.9375, 10.8125]"
False,1181,0,16838,3,"[11.25, 11.1875, 11.1875, 11.0625]"
False,1182,3,16839,2,"[11.25, 11.1875, 10.9375, 11.0625]"
False,1183,2,16915,1,"[10.9375, 10.875, 11.0625, 11.125]"
False,1184,2,16916,1,"[11.125, 10.9375, 11.0625, 11.0]"
False,1185,0,16923,1,"[11.25, 10.8125, 10.9375, 11.0625]"
False,1186,2,16931,1,"[11.1875, 10.8125, 11.0, 10.9375]"
False,1187,2,16955,1,"[11.0, 10.875, 11.1875, 10.9375]"
False,1188,0,16975,1,"[11.125, 10.875, 11.1875, 11.25]"
True,1189,2,16977,2,"[11.0, 10.8125, 10.75, 10.75]"
False,1190,3,16978,1,"[11.1875, 10.875, 11.0, 11.25]"
False,1191,1,16979,0,"[10.6875, 10.6875, 11.1875, 10.875]"
False,1192,1,16980,2,"[11.1875, 11.3125, 11.0625, 11.25]"
False,1193,3,16994,1,"[11.1875, 10.8125, 11.0, 10.9375]"
False,1194,3,16995,1,"[11.25, 10.8125, 11.125, 11.0625]"
False,1195,3,17028,0,"[10.75, 11.125, 11.0625, 11.0625]"
False,1196,0,17042,1,"[11.375, 10.875, 11.3125, 11.0625]"
False,1197,0,17043,1,"[11.125, 11.0, 11.1875, 11.25]"
False,1198,0,17232,3,"[11.1875, 11.0625, 11.125, 10.9375]"
False,1199,1,17233,2,"[11.0, 11.125, 10.875, 10.875]"
False,1200,0,17234,3,"[11.125, 11.0, 11.125, 10.875]"
False,1201,2,17259,3,"[11.25, 11.3125, 11.5, 10.625]"
False,1202,1,17273,2,"[11.1875, 11.125, 10.9375, 11.1875]"
False,1203,2,17274,1,"[11.0, 10.4375, 11.0625, 10.875]"
False,1204,2,17275,3,"[11.0, 11.1875, 10.9375, 10.875]"
False,1205,3,17310,0,"[10.75, 11.3125, 10.9375, 10.9375]"
False,1206,1,17351,2,"[11.0625, 11.0625, 11.0, 11.3125]"
False,1207,3,17421,0,"[10.9375, 11.125, 11.0625, 11.125]"
False,1208,1,17489,2,"[11.375, 11.3125, 11.0625, 11.0625]"
False,1209,2,17505,1,"[11.0, 10.875, 11.125, 11.0625]"
False,1210,1,17506,0,"[11.0625, 11.125, 11.125, 11.1875]"
False,1211,0,17507,1,"[10.9375, 10.8125, 11.1875, 11.0]"
False,1212,1,17560,2,"[11.5, 10.8125, 10.625, 11.125]"
False,1213,2,17571,0,"[10.9375, 10.9375, 11.125, 11.0625]"
True,1214,0,17646,0,"[11.0, 11.25, 11.0, 11.0]"
True,1215,0,17727,0,"[10.875, 11.1875, 11.0, 11.1875]"
False,1216,0,17728,2,"[10.875, 11.1875, 10.8125, 11.0]"
True,1217,2,17739,2,"[11.0625, 11.125, 10.875, 11.0625]"
False,1218,1,17740,3,"[11.0625, 11.125, 11.0625, 11.0]"
False,1219,2,17749,0,"[11.0, 11.0625, 11.1875, 11.125]"
False,1220,3,17750,0,"[10.9375, 11.0625, 11.125, 11.0625]"
False,1221,1,17751,0,"[10.875, 11.0, 11.0625, 11.0]"
True,1222,3,17762,3,"[11.125, 11.125, 10.9375, 10.875]"
False,1223,3,17795,1,"[10.9375, 10.875, 11.125, 11.0]"
True,1224,1,17830,1,"[11.125, 10.75, 11.0625, 11.25]"
False,1225,0,17905,3,"[11.0, 11.0, 11.125, 10.9375]"
False,1226,0,17941,1,"[11.0625, 10.9375, 11.0, 11.1875]"
False,1227,2,18045,1,"[11.0, 10.875, 11.0625, 11.3125]"
True,1228,3,18046,3,"[11.125, 11.1875, 11.25, 11.0625]"
True,1229,1,18098,1,"[11.0, 10.8125, 10.8125, 10.9375]"
True,1230,2,18099,2,"[10.9375, 11.375, 10.8125, 10.8125]"
False,1231,2,18100,3,"[10.9375, 11.0625, 11.125, 10.8125]"
False,1232,3,18102,2,"[11.0625, 10.9375, 10.75, 11.3125]"
False,1233,2,18121,0,"[10.9375, 11.3125, 11.125, 11.125]"
False,1234,0,18133,2,"[11.0625, 11.25, 11.0, 11.125]"
True,1235,0,18148,0,"[10.9375, 11.125, 10.9375, 11.125]"
False,1236,3,18149,2,"[11.125, 11.125, 10.9375, 11.0]"
False,1237,2,18150,1,"[11.0625, 10.8125, 11.0625, 11.125]"
False,1238,0,18163,3,"[10.875, 11.0, 11.125, 10.625]"
False,1239,1,18164,0,"[10.9375, 11.3125, 11.125, 11.0]"
False,1240,3,18165,1,"[11.1875, 10.9375, 11.125, 11.0]"
False,1241,3,18166,1,"[11.0, 10.9375, 10.9375, 11.0625]"
False,1242,1,18173,3,"[11.0625, 11.0, 11.375, 10.875]"
True,1243,3,18174,3,"[11.0, 11.125, 11.1875, 10.875]"
False,1244,3,18185,1,"[11.25, 10.9375, 10.9375, 10.9375]"
False,1245,0,18186,3,"[11.0, 11.0, 10.9375, 10.875]"
False,1246,0,18187,1,"[11.0625, 10.75, 11.0625, 11.125]"
False,1247,1,18188,0,"[10.875, 11.125, 11.0625, 11.1875]"
True,1248,0,18197,0,"[11.125, 11.125, 11.1875, 11.125]"
True,1249,3,18208,3,"[11.0, 11.125, 11.0625, 10.8125]"
False,1250,1,18269,0,"[11.0625, 11.3125, 11.0625, 11.25]"
False,1251,0,18320,2,"[11.0625, 11.0625, 10.9375, 11.0625]"
False,1252,0,18328,3,"[11.0625, 10.9375, 10.75, 10.6875]"
True,1253,2,18430,2,"[11.125, 11.0, 10.875, 11.0]"
False,1254,2,18431,3,"[11.0, 11.1875, 11.0, 10.6875]"
False,1255,0,18432,2,"[10.9375, 10.9375, 10.8125, 11.0]"
False,1256,1,18444,0,"[10.625, 11.0, 10.9375, 10.75]"
True,1257,0,18445,0,"[11.0, 11.375, 11.125, 11.125]"
False,1258,1,18446,3,"[11.1875, 10.875, 11.1875, 10.8125]"
False,1259,2,18460,1,"[11.0625, 10.875, 10.875, 11.125]"
False,1260,0,18461,1,"[11.25, 10.875, 10.9375, 11.1875]"
True,1261,1,18462,1,"[11.0625, 10.9375, 11.125, 11.3125]"
False,1262,0,18499,2,"[11.0, 11.0625, 10.9375, 11.375]"
False,1263,0,18506,2,"[11.1875, 10.9375, 10.875, 10.875]"
True,1264,2,18528,2,"[11.625, 11.125, 11.0, 11.0625]"
True,1265,3,18529,3,"[11.125, 11.1875, 11.0625, 10.6875]"
False,1266,1,18530,0,"[10.875, 11.1875, 11.0, 11.0625]"
False,1267,2,18532,1,"[11.125, 10.9375, 11.1875, 11.0625]"
False,1268,0,18533,3,"[11.3125, 11.125, 11.25, 11.0625]"
False,1269,3,18541,0,"[10.9375, 11.0625, 11.1875, 10.9375]"
False,1270,1,18604,3,"[10.9375, 11.1875, 11.0, 10.875]"
False,1271,0,18605,3,"[11.1875, 11.1875, 11.1875, 10.9375]"
False,1272,3,18617,0,"[11.0, 11.125, 11.0, 11.25]"
False,1273,2,18642,0,"[10.9375, 11.125, 10.9375, 10.9375]"
False,1274,3,18652,1,"[11.1875, 10.625, 10.9375, 10.875]"
False,1275,1,18653,0,"[10.9375, 11.125, 11.0625, 11.0]"
True,1276,3,18654,3,"[11.0, 11.0, 11.0625, 10.875]"
True,1277,0,18655,0,"[10.9375, 11.125, 11.4375, 11.0625]"
False,1278,1,18657,3,"[11.125, 11.0, 11.0625, 10.8125]"
False,1279,2,18723,3,"[10.875, 11.125, 11.0, 10.6875]"
False,1280,1,18725,3,"[11.0, 11.0625, 11.0625, 10.6875]"
False,1281,3,18726,0,"[11.0, 11.0, 11.1875, 11.3125]"
False,1282,2,18727,0,"[10.8125, 11.25, 10.8125, 11.125]"
True,1283,3,18729,3,"[10.9375, 11.125, 11.0, 10.8125]"
True,1284,1,18730,1,"[11.0625, 10.875, 11.0625, 11.3125]"
False,1285,1,18732,0,"[11.0625, 11.0625, 11.0625, 11.375]"
False,1286,1,18751,0,"[10.9375, 10.9375, 11.0625, 11.0]"
True,1287,2,18757,2,"[11.25, 11.25, 11.0625, 11.125]"
False,1288,3,18758,2,"[11.0625, 11.0625, 11.0, 11.0625]"
False,1289,2,18769,0,"[10.9375, 10.9375, 11.0, 11.25]"
False,1290,0,18771,1,"[11.5, 10.8125, 10.875, 10.875]"
False,1291,1,18794,0,"[10.9375, 11.0, 11.1875, 11.0625]"
False,1292,2,18810,1,"[11.25, 10.9375, 10.9375, 11.125]"
True,1293,1,18814,1,"[11.0, 10.875, 11.0, 10.9375]"
False,1294,3,18816,2,"[11.0, 11.0625, 10.875, 11.4375]"
False,1295,2,18821,0,"[10.875, 10.875, 11.125, 11.0625]"
True,1296,0,18822,0,"[10.875, 11.25, 11.125, 11.0]"
False,1297,2,18832,0,"[10.9375, 11.25, 10.9375, 11.0625]"
False,1298,3,18836,0,"[10.875, 11.0625, 11.125, 10.9375]"
False,1299,0,18869,1,"[11.0625, 10.8125, 11.25, 10.9375]"
False,1300,3,18882,1,"[11.0625, 10.875, 11.0625, 11.125]"
False,1301,3,18883,0,"[11.0, 11.125, 11.0, 11.0]"
False,1302,2,18903,3,"[10.9375, 10.9375, 11.0, 10.875]"
False,1303,1,18922,0,"[10.9375, 10.9375, 11.125, 11.125]"
False,1304,1,18945,2,"[11.3125, 11.25, 11.1875, 11.3125]"
False,1305,3,18958,2,"[11.0, 11.25, 10.75, 11.0625]"
True,1306,1,18959,1,"[11.25, 10.875, 10.9375, 11.125]"
True,1307,2,18973,2,"[11.25, 11.0, 10.875, 11.0]"
True,1308,3,18988,3,"[11.0, 11.0625, 11.125, 10.9375]"
False,1309,0,18991,1,"[10.9375, 10.875, 11.0, 10.9375]"
False,1310,2,18992,3,"[10.875, 10.8125, 11.1875, 10.75]"
False,1311,2,19020,3,"[11.125, 10.9375, 10.9375, 10.875]"
False,1312,2,19021,1,"[11.0, 10.625, 10.9375, 10.8125]"
False,1313,2,19022,0,"[10.8125, 10.875, 11.0, 10.8125]"
False,1314,3,19026,0,"[10.75, 11.0, 11.0625, 11.125]"
False,1315,2,19049,0,"[10.3125, 10.5, 10.9375, 10.875]"
False,1316,3,19063,1,"[11.25, 10.875, 11.1875, 11.125]"
False,1317,2,19064,0,"[11.0625, 11.125, 11.1875, 11.5]"
False,1318,2,19072,0,"[11.0, 11.0, 11.125, 11.125]"
False,1319,0,19076,2,"[11.1875, 11.375, 10.9375, 11.1875]"
False,1320,3,19077,1,"[11.0, 10.875, 11.1875, 11.125]"
False,1321,1,19084,2,"[11.0625, 11.0625, 10.9375, 11.0625]"
False,1322,0,19085,1,"[10.9375, 10.8125, 11.125, 11.0]"
False,1323,0,19112,1,"[11.3125, 10.8125, 11.1875, 11.25]"
False,1324,2,19148,1,"[11.0625, 11.0, 11.0625, 11.0625]"
False,1325,0,19149,3,"[11.0625, 11.0625, 11.125, 10.9375]"
False,1326,1,19215,2,"[11.1875, 11.125, 11.0, 11.1875]"
False,1327,2,19223,1,"[11.0, 10.9375, 11.0, 11.0625]"
False,1328,1,19224,3,"[11.0625, 11.0625, 11.0, 10.9375]"
False,1329,0,19267,3,"[11.0625, 11.1875, 11.0, 10.6875]"
False,1330,1,19274,0,"[11.125, 11.125, 11.1875, 11.375]"
False,1331,1,19326,3,"[11.1875, 11.3125, 11.25, 11.0625]"
False,1332,1,19327,0,"[11.0, 11.0, 11.25, 11.25]"
False,1333,0,19329,3,"[10.8125, 11.0, 10.6875, 10.625]"
True,1334,0,19372,0,"[10.875, 11.0, 11.0625, 11.0625]"
False,1335,1,19373,2,"[11.0625, 11.375, 11.0, 11.0]"
True,1336,0,19411,0,"[10.75, 11.0, 11.0, 11.0]"
False,1337,3,19418,2,"[11.25, 11.0625, 10.75, 10.8125]"
False,1338,1,19468,2,"[10.9375, 11.125, 10.8125, 11.0625]"
True,1339,2,19470,2,"[11.0625, 11.0625, 10.9375, 11.1875]"
False,1340,1,19479,0,"[10.625, 11.0, 10.9375, 10.8125]"
False,1341,0,19480,2,"[11.125, 11.0625, 11.0, 11.125]"
False,1342,1,19482,0,"[10.6875, 11.3125, 10.9375, 11.1875]"
False,1343,3,19511,0,"[10.75, 10.9375, 11.0625, 11.0]"
False,1344,3,19512,0,"[10.9375, 11.125, 10.9375, 10.9375]"
False,1345,1,19526,2,"[11.0, 11.0625, 10.9375, 11.3125]"
True,1346,0,19533,0,"[10.75, 11.125, 11.1875, 11.0625]"
False,1347,1,19545,0,"[10.9375, 11.25, 11.0625, 10.9375]"
False,1348,1,19565,2,"[11.0625, 11.125, 11.0, 11.25]"
True,1349,2,19606,2,"[11.0625, 10.875, 10.75, 10.875]"
False,1350,1,19639,2,"[11.25, 11.375, 11.0, 11.25]"
False,1351,1,19689,0,"[10.9375, 11.0, 10.9375, 11.125]"
True,1352,1,19690,1,"[11.125, 10.375, 11.0, 10.9375]"
False,1353,3,19771,0,"[10.9375, 11.1875, 11.0625, 10.9375]"
False,1354,2,19773,0,"[10.9375, 11.0, 11.0, 11.3125]"
False,1355,0,19781,1,"[11.125, 11.0625, 11.0625, 11.25]"
True,1356,1,19782,1,"[10.9375, 10.8125, 11.3125, 10.9375]"
False,1357,3,19783,0,"[10.75, 11.25, 10.9375, 11.125]"
False,1358,3,19800,1,"[11.0, 10.875, 11.0625, 11.0]"
True,1359,1,19829,1,"[10.9375, 10.75, 10.875, 11.0]"
False,1360,2,19837,3,"[11.25, 11.0625, 11.25, 10.8125]"
False,1361,3,19879,0,"[10.8125, 10.9375, 11.0, 11.125]"
False,1362,1,19881,2,"[11.125, 11.1875, 11.0625, 11.125]"
False,1363,0,19989,2,"[11.0625, 11.0625, 10.9375, 11.0]"
False,1364,2,20009,0,"[10.75, 11.0625, 11.0625, 10.9375]"
False,1365,0,20010,3,"[10.875, 11.0, 10.875, 10.8125]"
False,1366,3,20022,0,"[10.9375, 11.0, 11.1875, 11.1875]"
False,1367,3,20091,0,"[10.75, 10.875, 11.125, 11.25]"
True,1368,0,20104,0,"[10.875, 11.0, 10.875, 11.3125]"
False,1369,3,20115,1,"[11.0, 10.875, 10.9375, 11.125]"
False,1370,1,20182,2,"[11.125, 10.9375, 10.75, 10.875]"
False,1371,0,20183,1,"[11.125, 11.0625, 11.125, 11.25]"
False,1372,2,20190,3,"[11.125, 11.0, 11.0, 10.9375]"
True,1373,1,20233,1,"[10.9375, 10.75, 11.375, 11.3125]"
False,1374,3,20235,2,"[11.0, 11.0, 10.9375, 11.25]"
True,1375,2,20300,2,"[11.0, 11.25, 10.875, 11.0]"
True,1376,2,20334,2,"[11.0625, 10.9375, 10.8125, 11.0]"
False,1377,1,20427,0,"[10.8125, 11.125, 11.0625, 10.9375]"
False,1378,0,20428,3,"[11.0625, 11.1875, 11.125, 10.875]"
False,1379,0,20429,2,"[11.25, 11.0625, 10.875, 10.875]"
False,1380,2,20431,1,"[11.125, 10.9375, 11.0625, 10.9375]"
False,1381,3,20432,1,"[11.0625, 10.9375, 11.0, 11.1875]"
False,1382,2,20433,3,"[11.25, 11.0625, 11.1875, 11.0]"
False,1383,2,20438,0,"[11.0, 11.0625, 11.0625, 11.0625]"
False,1384,2,20439,1,"[10.9375, 10.8125, 11.1875, 11.125]"
False,1385,1,20462,2,"[10.875, 11.0625, 10.8125, 11.125]"
False,1386,3,20546,2,"[11.1875, 11.0625, 11.0, 11.125]"
False,1387,3,20575,1,"[10.8125, 10.75, 11.0, 10.9375]"
False,1388,1,20576,2,"[11.25, 11.0625, 10.625, 11.0]"
True,1389,1,20577,1,"[11.125, 10.9375, 11.0, 11.3125]"
True,1390,0,20597,0,"[10.9375, 10.9375, 11.0, 11.25]"
False,1391,0,20598,1,"[11.0625, 10.875, 10.875, 10.9375]"
False,1392,0,20599,3,"[11.0625, 11.125, 11.1875, 10.875]"
False,1393,1,20621,0,"[10.75, 11.25, 10.75, 11.125]"
False,1394,0,20622,1,"[11.1875, 11.0, 11.3125, 11.0625]"
True,1395,3,20623,3,"[11.125, 11.125, 11.3125, 11.0]"
True,1396,2,20730,2,"[11.0, 11.1875, 10.8125, 10.875]"
False,1397,3,20732,0,"[10.875, 11.5625, 11.125, 10.875]"
False,1398,1,20776,0,"[10.6875, 11.0, 11.0, 11.125]"
False,1399,0,20814,1,"[11.1875, 10.8125, 11.0625, 11.125]"
False,1400,0,20815,2,"[11.3125, 11.125, 11.0, 11.0]"
False,1401,2,20826,0,"[10.8125, 11.1875, 11.125, 11.1875]"
True,1402,2,20828,2,"[11.0625, 11.125, 10.8125, 11.1875]"
False,1403,2,20829,3,"[11.0, 11.0, 11.0625, 10.875]"
False,1404,3,20830,0,"[10.8125, 10.8125, 11.25, 10.8125]"
False,1405,2,20842,0,"[10.9375, 10.9375, 11.1875, 10.9375]"
False,1406,1,20868,0,"[10.8125, 10.875, 10.8125, 10.8125]"
True,1407,0,20869,0,"[11.0, 11.0, 11.0625, 11.125]"
False,1408,2,20870,1,"[11.125, 11.0, 11.3125, 11.0]"
True,1409,0,20873,0,"[10.75, 11.0625, 10.875, 11.4375]"
True,1410,3,20892,3,"[11.0625, 11.125, 11.125, 10.875]"
True,1411,0,20899,0,"[10.75, 10.9375, 10.875, 10.8125]"
True,1412,1,20924,1,"[10.375, 10.3125, 11.0, 10.6875]"
False,1413,3,20925,1,"[10.875, 10.75, 11.25, 10.8125]"
False,1414,2,20926,0,"[11.1875, 11.1875, 11.4375, 11.3125]"
False,1415,2,20927,0,"[10.9375, 10.9375, 11.0, 10.9375]"
False,1416,2,20944,1,"[11.0, 10.9375, 11.125, 10.9375]"
False,1417,2,20964,0,"[10.6875, 11.0, 10.8125, 11.0]"
False,1418,2,20987,0,"[10.75, 11.0625, 11.375, 11.125]"
True,1419,2,21027,2,"[11.1875, 11.0625, 11.0, 11.1875]"
False,1420,2,21040,0,"[10.9375, 11.1875, 11.1875, 11.0625]"
True,1421,0,21043,0,"[10.8125, 11.1875, 11.0625, 11.0625]"
False,1422,3,21052,1,"[11.0625, 11.0, 11.0, 11.1875]"
True,1423,2,21143,2,"[10.9375, 11.0, 10.75, 11.0625]"
False,1424,0,21145,2,"[10.75, 11.125, 10.5625, 11.125]"
False,1425,1,21169,0,"[10.9375, 11.125, 11.125, 11.3125]"
False,1426,2,21172,0,"[10.9375, 11.375, 11.0, 11.0625]"
False,1427,1,21173,0,"[10.8125, 11.0625, 11.0625, 11.125]"
True,1428,0,21185,0,"[10.625, 10.6875, 11.1875, 10.75]"
False,1429,0,21231,3,"[10.9375, 11.0, 11.25, 10.8125]"
True,1430,1,21233,1,"[11.125, 11.0, 11.0, 11.125]"
False,1431,2,21234,0,"[11.0, 11.0, 11.125, 11.0625]"
False,1432,3,21235,1,"[11.0625, 10.8125, 10.9375, 11.0]"
False,1433,0,21236,1,"[11.0625, 10.8125, 11.0625, 10.9375]"
False,1434,3,21240,0,"[10.5625, 10.9375, 11.0625, 11.125]"
False,1435,1,21241,0,"[10.6875, 11.0, 11.25, 10.9375]"
True,1436,1,21284,1,"[11.0625, 11.0, 11.0625, 11.125]"
False,1437,3,21285,1,"[11.0, 10.9375, 11.0, 11.0625]"
True,1438,1,21286,1,"[11.0625, 11.0, 11.0, 11.0625]"
False,1439,1,21287,2,"[11.0625, 10.9375, 10.875, 11.0625]"
False,1440,3,21290,1,"[11.0625, 10.875, 11.1875, 11.1875]"
True,1441,1,21356,1,"[10.875, 10.75, 10.9375, 11.0]"
True,1442,0,21363,0,"[11.0, 11.3125, 11.125, 11.0]"
False,1443,1,21388,0,"[11.0, 11.3125, 11.0, 11.0]"
True,1444,0,21389,0,"[10.9375, 11.0, 11.0625, 11.0625]"
False,1445,1,21408,2,"[11.1875, 11.125, 11.0, 11.0]"
False,1446,3,21409,0,"[10.875, 11.0625, 11.25, 10.9375]"
False,1447,1,21416,3,"[11.0, 11.0, 11.0625, 10.75]"
True,1448,2,21437,2,"[10.8125, 11.25, 10.75, 11.0]"
False,1449,2,21468,3,"[11.125, 11.0, 11.0, 10.875]"
False,1450,0,21496,3,"[11.0625, 11.0625, 11.0625, 10.875]"
False,1451,0,21526,1,"[11.0625, 10.875, 11.125, 11.0]"
True,1452,3,21558,3,"[11.25, 11.3125, 11.1875, 10.9375]"
False,1453,3,21578,1,"[11.0, 10.75, 11.0, 11.0625]"
True,1454,1,21622,1,"[10.9375, 10.875, 10.9375, 10.875]"
False,1455,3,21653,1,"[11.125, 10.75, 10.875, 11.1875]"
False,1456,2,21706,0,"[11.0, 11.0, 11.0625, 11.1875]"
True,1457,3,21710,3,"[11.25, 11.125, 11.0625, 10.75]"
False,1458,1,21711,0,"[10.75, 11.0, 10.8125, 11.1875]"
False,1459,3,21734,0,"[10.6875, 11.0625, 11.125, 11.125]"
False,1460,2,21735,3,"[11.3125, 11.125, 11.125, 10.8125]"
False,1461,3,21736,2,"[11.0, 11.1875, 10.75, 11.375]"
False,1462,2,21742,0,"[10.875, 11.0625, 10.875, 11.1875]"
True,1463,2,21743,2,"[11.25, 11.25, 10.875, 11.0]"
False,1464,1,21744,2,"[11.0, 11.0625, 10.9375, 11.0]"
False,1465,2,21794,3,"[11.0, 11.0625, 11.125, 10.6875]"
False,1466,1,21795,0,"[10.6875, 10.875, 11.0, 10.8125]"
False,1467,2,21827,1,"[11.0625, 10.625, 11.0, 11.125]"
False,1468,1,21828,0,"[10.875, 11.1875, 11.1875, 10.9375]"
True,1469,1,21850,1,"[11.0, 10.6875, 10.8125, 11.125]"
False,1470,2,21851,1,"[10.9375, 10.75, 11.0, 10.9375]"
False,1471,3,21853,1,"[11.0625, 11.0, 11.0, 11.0625]"
True,1472,0,21854,0,"[10.8125, 10.9375, 10.9375, 11.0]"
True,1473,1,21898,1,"[11.125, 10.875, 11.1875, 11.3125]"
False,1474,1,21959,3,"[11.0625, 10.9375, 11.0, 10.8125]"
False,1475,2,21960,1,"[10.875, 10.5, 10.875, 11.125]"
True,1476,3,22020,3,"[11.0, 11.0625, 11.0, 10.875]"
True,1477,2,22021,2,"[11.125, 11.4375, 10.875, 10.9375]"
False,1478,1,22022,2,"[11.3125, 10.9375, 10.875, 10.875]"
False,1479,3,22050,0,"[11.0, 11.3125, 11.3125, 11.25]"
False,1480,3,22155,2,"[11.1875, 10.9375, 10.875, 11.0625]"
False,1481,0,22156,1,"[11.0625, 10.8125, 11.0, 11.0]"
False,1482,0,22167,3,"[11.0625, 11.0625, 11.125, 10.875]"
False,1483,0,22206,1,"[10.75, 10.625, 10.75, 10.875]"
True,1484,3,22207,3,"[11.125, 11.125, 11.25, 10.9375]"
False,1485,0,22230,2,"[11.25, 11.375, 10.875, 10.875]"
True,1486,0,22232,0,"[10.8125, 10.875, 10.875, 11.3125]"
False,1487,0,22269,2,"[10.875, 11.0, 10.8125, 11.0625]"
True,1488,3,22270,3,"[10.8125, 10.9375, 11.1875, 10.75]"
True,1489,3,22308,3,"[11.125, 11.125, 11.125, 11.0625]"
False,1490,3,22310,0,"[10.8125, 10.9375, 10.9375, 10.8125]"
True,1491,3,22311,3,"[10.9375, 11.1875, 10.8125, 10.75]"
True,1492,3,22371,3,"[10.8125, 10.875, 10.875, 10.75]"
False,1493,3,22401,2,"[11.1875, 10.875, 10.8125, 11.125]"
False,1494,3,22453,1,"[11.0, 10.875, 11.0625, 10.875]"
False,1495,0,22475,2,"[11.25, 11.25, 11.1875, 11.1875]"
False,1496,0,22488,3,"[11.0, 10.8125, 10.9375, 10.6875]"
False,1497,0,22491,1,"[11.0625, 10.9375, 11.0, 11.125]"
False,1498,2,22510,0,"[11.0, 11.0, 11.0625, 11.0625]"
False,1499,0,22511,3,"[10.9375, 10.8125, 10.875, 10.5625]"
False,1500,0,22512,3,"[10.9375, 11.0, 10.9375, 10.8125]"
False,1501,3,22524,0,"[10.875, 11.125, 10.9375, 11.0625]"
True,1502,3,22525,3,"[10.8125, 11.1875, 11.125, 10.625]"
False,1503,0,22593,2,"[11.25, 11.1875, 10.9375, 11.0]"
False,1504,0,22594,2,"[11.1875, 11.25, 10.875, 11.1875]"
False,1505,3,22602,1,"[11.0625, 10.625, 10.6875, 11.4375]"
False,1506,2,22607,1,"[11.5, 11.3125, 11.6875, 11.3125]"
False,1507,2,22608,1,"[11.0, 10.875, 11.0, 11.0]"
False,1508,0,22616,2,"[11.0625, 11.1875, 10.8125, 10.9375]"
False,1509,2,22617,0,"[11.0, 11.0, 11.0, 11.0]"
False,1510,3,22618,1,"[11.3125, 10.8125, 11.0625, 11.0625]"
False,1511,0,22623,3,"[11.1875, 11.0625, 11.0, 10.9375]"
True,1512,1,22626,1,"[11.0625, 10.875, 11.0625, 11.125]"
False,1513,1,22627,3,"[11.25, 11.0625, 11.1875, 10.9375]"
False,1514,0,22649,2,"[11.375, 10.9375, 10.875, 11.1875]"
False,1515,0,22664,1,"[11.0, 10.875, 10.9375, 10.875]"
True,1516,0,22671,0,"[10.8125, 11.125, 10.9375, 11.0]"
False,1517,2,22672,1,"[11.0, 10.9375, 10.9375, 10.9375]"
False,1518,0,22673,1,"[11.0625, 10.9375, 11.0, 11.0625]"
False,1519,2,22675,1,"[11.125, 10.8125, 10.875, 11.5]"
False,1520,3,22686,2,"[11.0625, 10.9375, 10.5625, 10.6875]"
True,1521,1,22687,1,"[11.1875, 10.875, 11.0625, 11.0]"
False,1522,1,22706,2,"[10.9375, 11.1875, 10.8125, 10.8125]"
False,1523,2,22712,0,"[11.0, 11.125, 11.5625, 11.375]"
False,1524,0,22763,1,"[11.0625, 10.875, 10.9375, 11.0625]"
True,1525,1,22764,1,"[11.375, 10.8125, 10.9375, 11.0625]"
False,1526,0,22767,3,"[11.0, 11.0, 11.0, 10.75]"
False,1527,2,22811,1,"[11.0625, 10.75, 11.0, 10.875]"
False,1528,0,22816,1,"[11.1875, 10.9375, 11.25, 10.9375]"
False,1529,2,22817,3,"[11.25, 11.25, 11.0625, 11.0]"
False,1530,3,22854,1,"[10.875, 10.6875, 10.9375, 10.9375]"
False,1531,0,22877,2,"[10.9375, 11.0625, 10.75, 11.0625]"
True,1532,1,22879,1,"[11.0, 10.8125, 11.25, 11.25]"
False,1533,1,22882,2,"[11.0625, 11.0625, 10.8125, 10.875]"
False,1534,2,22883,3,"[11.0625, 11.3125, 10.875, 10.625]"
False,1535,3,22911,1,"[11.0, 10.875, 11.0625, 11.0625]"
False,1536,0,22912,2,"[11.0625, 11.125, 10.75, 11.0]"
False,1537,0,22913,3,"[11.125, 11.125, 11.125, 10.9375]"
False,1538,3,22914,1,"[10.9375, 10.875, 11.0625, 11.0]"
False,1539,3,22970,0,"[10.875, 10.875, 10.9375, 11.0]"
True,1540,0,22971,0,"[10.875, 11.1875, 11.25, 10.9375]"
True,1541,1,22974,1,"[11.25, 10.8125, 10.8125, 10.9375]"
False,1542,2,22979,0,"[10.875, 11.0, 11.3125, 11.1875]"
False,1543,2,22980,3,"[11.1875, 11.0625, 11.0, 10.8125]"
False,1544,3,22997,0,"[11.0, 11.25, 11.125, 11.0625]"
False,1545,3,23105,2,"[11.125, 10.8125, 10.75, 10.875]"
False,1546,0,23130,1,"[11.1875, 10.875, 11.0, 11.125]"
True,1547,1,23255,1,"[11.1875, 10.875, 11.25, 10.875]"
False,1548,0,23310,3,"[10.9375, 10.8125, 10.8125, 10.75]"
False,1549,0,23332,3,"[11.125, 11.3125, 11.1875, 11.0625]"
True,1550,1,23359,1,"[11.125, 10.8125, 11.125, 11.0625]"
False,1551,1,23360,3,"[10.875, 11.0, 11.0, 10.8125]"
False,1552,1,23388,0,"[10.75, 11.0, 10.875, 11.0]"
False,1553,0,23408,3,"[11.0, 10.9375, 10.9375, 10.875]"
False,1554,1,23409,0,"[10.875, 11.1875, 11.0625, 11.0625]"
False,1555,2,23466,1,"[11.0, 10.875, 10.875, 11.0625]"
True,1556,2,23484,2,"[11.1875, 11.3125, 11.0, 11.375]"
True,1557,2,23513,2,"[11.1875, 11.125, 10.8125, 11.125]"
False,1558,1,23514,3,"[11.125, 11.3125, 11.0, 10.625]"
False,1559,3,23536,1,"[11.125, 10.75, 11.25, 11.0]"
False,1560,0,23584,1,"[10.9375, 10.8125, 11.0625, 11.0625]"
False,1561,1,23585,0,"[11.125, 11.125, 11.125, 11.25]"
False,1562,2,23586,1,"[11.0625, 10.9375, 11.0, 11.0]"
True,1563,1,23587,1,"[11.3125, 10.8125, 11.125, 10.9375]"
False,1564,0,23620,3,"[11.125, 10.9375, 11.0, 10.875]"
False,1565,2,23623,1,"[10.9375, 10.6875, 10.9375, 10.8125]"
True,1566,3,23624,3,"[11.125, 11.0625, 11.25, 11.0]"
True,1567,2,23627,2,"[11.125, 11.1875, 10.9375, 10.9375]"
False,1568,3,23670,1,"[10.75, 10.6875, 10.875, 11.1875]"
True,1569,2,23671,2,"[11.0, 10.9375, 10.625, 11.0]"
False,1570,1,23672,3,"[10.9375, 11.1875, 10.9375, 10.75]"
False,1571,2,23695,0,"[10.5, 10.9375, 10.875, 10.875]"
False,1572,3,23696,1,"[11.25, 11.0625, 11.0625, 11.1875]"
True,1573,2,23700,2,"[11.375, 11.125, 11.0, 11.0625]"
False,1574,0,23734,2,"[11.0, 10.9375, 10.625, 10.875]"
True,1575,2,23823,2,"[10.9375, 11.125, 10.8125, 11.1875]"
False,1576,2,23834,1,"[11.0625, 10.9375, 10.9375, 11.0]"
True,1577,1,23836,1,"[11.25, 10.9375, 11.125, 11.0625]"
False,1578,2,23837,0,"[11.0, 11.1875, 11.25, 11.375]"
True,1579,0,23838,0,"[10.75, 11.125, 10.9375, 11.0625]"
False,1580,2,23839,0,"[10.8125, 10.9375, 11.125, 11.125]"
False,1581,3,23844,0,"[10.875, 10.9375, 10.875, 10.9375]"
False,1582,2,23845,0,"[10.75, 10.8125, 10.9375, 10.9375]"
False,1583,1,23855,2,"[11.0, 10.875, 10.8125, 11.0625]"
True,1584,3,23880,3,"[11.1875, 11.0, 11.25, 10.875]"
True,1585,0,23897,0,"[10.9375, 10.9375, 10.9375, 10.9375]"
False,1586,1,23898,2,"[11.0625, 11.1875, 10.9375, 11.0625]"
True,1587,3,23899,3,"[11.0625, 11.0625, 11.125, 10.9375]"
False,1588,2,23927,0,"[11.0, 11.1875, 11.0, 11.0]"
False,1589,1,23977,3,"[11.25, 11.25, 11.1875, 11.0625]"
True,1590,0,24047,0,"[10.8125, 11.0625, 10.9375, 10.875]"
False,1591,3,24048,0,"[10.9375, 11.0625, 11.0625, 11.0]"
False,1592,2,24085,0,"[10.8125, 10.875, 10.875, 11.25]"
False,1593,3,24112,0,"[11.0, 11.0625, 11.0, 11.125]"
False,1594,0,24118,1,"[10.875, 10.75, 11.0, 11.0]"
False,1595,3,24162,0,"[10.8125, 11.0, 11.0, 11.1875]"
False,1596,1,24163,0,"[10.9375, 11.125, 10.9375, 11.125]"
True,1597,0,24223,0,"[10.8125, 11.375, 10.9375, 11.0]"
True,1598,1,24224,1,"[11.0625, 11.0, 11.125, 11.125]"
False,1599,2,24228,3,"[11.1875, 11.0, 11.0625, 10.8125]"
True,1600,1,24233,1,"[11.25, 11.0625, 11.0625, 11.125]"
False,1601,2,24242,0,"[10.625, 10.75, 10.6875, 10.875]"
False,1602,1,24244,3,"[10.875, 11.0, 11.0, 10.5625]"
False,1603,2,24264,3,"[11.125, 11.0625, 11.0, 10.9375]"
False,1604,2,24265,3,"[11.1875, 11.0, 11.0625, 10.75]"
True,1605,3,24337,3,"[11.125, 11.0625, 11.375, 11.0]"
False,1606,3,24338,1,"[11.0625, 10.9375, 11.125, 10.9375]"
False,1607,2,24339,0,"[10.9375, 11.0625, 11.0625, 11.0625]"
False,1608,0,24340,3,"[11.1875, 11.0, 11.0, 10.9375]"
False,1609,2,24341,3,"[11.25, 11.0, 11.0, 10.75]"
False,1610,2,24353,0,"[10.75, 11.0625, 11.125, 10.8125]"
False,1611,2,24354,1,"[11.375, 11.125, 11.125, 11.1875]"
False,1612,2,24469,3,"[11.1875, 11.0625, 11.1875, 10.9375]"
False,1613,2,24471,3,"[11.0, 11.1875, 11.1875, 10.8125]"
False,1614,0,24492,1,"[10.9375, 10.8125, 11.0625, 10.875]"
False,1615,3,24493,0,"[10.9375, 11.0625, 11.0625, 11.0]"
False,1616,3,24501,2,"[10.9375, 11.0, 10.8125, 10.9375]"
False,1617,2,24511,3,"[11.125, 11.0625, 11.125, 11.0]"
False,1618,2,24532,1,"[10.75, 10.625, 11.125, 11.0]"
False,1619,3,24533,0,"[10.8125, 10.875, 11.3125, 10.9375]"
False,1620,0,24534,2,"[10.9375, 11.0625, 10.875, 11.1875]"
True,1621,0,24602,0,"[11.0, 11.0625, 11.375, 11.1875]"
False,1622,2,24631,0,"[11.0, 11.0625, 11.0625, 11.0625]"
True,1623,0,24661,0,"[10.625, 10.875, 10.6875, 10.875]"
False,1624,0,24662,1,"[10.875, 10.75, 11.0, 11.125]"
True,1625,1,24664,1,"[11.0, 10.9375, 11.25, 11.0]"
False,1626,0,24746,3,"[11.3125, 11.0, 11.0625, 10.9375]"
False,1627,3,24747,2,"[11.125, 11.125, 11.0625, 11.0625]"
False,1628,2,24780,3,"[11.25, 10.9375, 11.125, 10.875]"
False,1629,0,24782,1,"[11.0625, 10.875, 11.0, 11.0625]"
False,1630,2,24823,3,"[11.0, 10.9375, 11.0, 10.75]"
False,1631,2,24838,0,"[10.8125, 11.0625, 11.125, 11.0]"
False,1632,0,24879,1,"[11.1875, 10.625, 11.0625, 11.375]"
True,1633,0,24891,0,"[10.9375, 11.125, 10.9375, 11.0625]"
False,1634,1,24906,3,"[10.8125, 11.0, 11.0, 10.625]"
False,1635,2,24911,1,"[11.0, 10.8125, 10.9375, 10.875]"
True,1636,3,24912,3,"[11.0, 11.125, 11.0625, 10.8125]"
False,1637,1,24913,2,"[10.9375, 10.9375, 10.875, 11.0625]"
False,1638,3,24933,1,"[11.0, 10.875, 11.125, 10.875]"
False,1639,2,24935,1,"[10.9375, 10.875, 11.0, 11.1875]"
True,1640,0,24940,0,"[10.875, 10.875, 11.0625, 10.875]"
False,1641,0,24958,3,"[10.9375, 11.0, 10.9375, 10.8125]"
False,1642,0,24980,2,"[11.3125, 11.0, 10.875, 11.125]"
False,1643,0,24981,1,"[10.875, 10.8125, 10.875, 11.1875]"
False,1644,0,25010,2,"[11.25, 11.125, 10.8125, 10.9375]"
False,1645,3,25072,1,"[11.0, 10.75, 10.8125, 11.0]"
False,1646,2,25073,1,"[11.25, 10.875, 11.375, 10.875]"
False,1647,0,25172,1,"[11.0, 10.5, 10.6875, 11.1875]"
False,1648,2,25209,1,"[10.9375, 10.75, 10.875, 11.0625]"
True,1649,0,25238,0,"[10.9375, 11.125, 11.0, 10.9375]"
True,1650,0,25241,0,"[10.8125, 10.9375, 11.3125, 11.0]"
False,1651,3,25242,2,"[11.0, 11.0625, 10.9375, 11.0]"
True,1652,2,25262,2,"[11.0625, 11.1875, 10.6875, 10.9375]"
False,1653,2,25268,1,"[11.0625, 11.0, 11.0625, 11.0]"
False,1654,2,25281,0,"[10.8125, 10.9375, 11.125, 11.0]"
False,1655,2,25307,0,"[11.0, 11.0, 11.0, 11.125]"
True,1656,1,25329,1,"[11.0625, 10.9375, 11.0, 10.9375]"
False,1657,1,25330,0,"[10.9375, 11.0, 11.125, 11.0625]"
False,1658,2,25360,0,"[10.625, 11.0, 10.9375, 10.8125]"
False,1659,1,25362,3,"[11.0625, 11.0, 11.0625, 10.875]"
False,1660,3,25431,1,"[11.0625, 10.875, 11.0, 11.0625]"
False,1661,3,25432,2,"[11.125, 11.1875, 11.0, 11.25]"
False,1662,2,25441,1,"[11.125, 11.0625, 11.0625, 11.0625]"
True,1663,0,25471,0,"[10.75, 11.25, 11.0, 11.125]"
False,1664,2,25486,1,"[10.9375, 10.875, 11.0625, 11.0]"
False,1665,1,25497,0,"[11.0625, 11.375, 11.25, 11.125]"
False,1666,3,25498,2,"[11.0625, 11.0625, 11.0, 11.125]"
False,1667,3,25500,0,"[11.125, 11.25, 11.3125, 11.25]"
False,1668,0,25558,1,"[11.0625, 10.875, 10.875, 11.3125]"
False,1669,3,25559,0,"[11.0625, 11.125, 11.1875, 11.125]"
True,1670,0,25630,0,"[10.75, 11.25, 11.125, 10.875]"
False,1671,0,25639,2,"[11.0625, 11.0, 10.6875, 10.6875]"
False,1672,2,25640,1,"[11.25, 10.875, 10.875, 11.1875]"
False,1673,1,25641,0,"[11.25, 11.25, 11.4375, 11.375]"
False,1674,2,25643,1,"[11.125, 10.9375, 11.5625, 11.0625]"
False,1675,3,25653,1,"[11.0, 10.875, 11.0, 10.9375]"
True,1676,1,25655,1,"[11.125, 11.0625, 11.0625, 11.0625]"
True,1677,1,25668,1,"[11.125, 10.9375, 11.375, 11.0625]"
False,1678,0,25669,1,"[11.4375, 11.0, 11.0625, 11.0]"
False,1679,3,25693,0,"[10.8125, 11.25, 10.875, 11.1875]"
False,1680,1,25717,0,"[10.9375, 10.9375, 10.9375, 11.1875]"
False,1681,2,25740,0,"[10.8125, 10.8125, 11.0, 11.0625]"
True,1682,3,25741,3,"[11.0, 10.9375, 11.1875, 10.5]"
False,1683,0,25815,1,"[11.0, 10.75, 11.125, 11.25]"
True,1684,0,25840,0,"[10.875, 11.3125, 10.875, 11.0625]"
True,1685,0,25911,0,"[10.8125, 10.9375, 11.25, 10.875]"
False,1686,0,25917,1,"[11.0625, 11.0, 11.4375, 11.25]"
False,1687,3,25956,0,"[11.0625, 11.1875, 11.125, 11.125]"
False,1688,3,26012,2,"[11.0625, 11.0625, 10.9375, 10.9375]"
False,1689,2,26033,1,"[11.3125, 10.9375, 10.9375, 10.9375]"
False,1690,0,26043,1,"[11.0625, 10.8125, 11.25, 11.0625]"
False,1691,0,26072,2,"[11.0, 11.3125, 10.75, 11.1875]"
False,1692,1,26073,2,"[11.125, 11.125, 10.8125, 11.0]"
True,1693,3,26074,3,"[11.0625, 11.375, 11.125, 11.0]"
False,1694,0,26079,1,"[11.0, 10.9375, 10.9375, 11.125]"
False,1695,0,26136,3,"[11.125, 11.125, 11.3125, 10.9375]"
False,1696,2,26190,1,"[10.9375, 10.8125, 10.9375, 11.0]"
False,1697,2,26191,0,"[10.8125, 10.875, 10.875, 10.9375]"
False,1698,2,26201,0,"[11.0625, 11.25, 11.0625, 11.1875]"
False,1699,2,26207,1,"[11.0625, 11.0, 11.0625, 11.125]"
False,1700,2,26216,3,"[11.125, 11.0625, 11.25, 10.875]"
False,1701,0,26249,1,"[11.0625, 10.75, 10.9375, 11.0]"
False,1702,3,26250,1,"[11.1875, 10.9375, 11.125, 11.125]"
True,1703,3,26251,3,"[10.9375, 11.0625, 11.0, 10.875]"
True,1704,2,26252,2,"[11.125, 11.25, 11.0625, 11.125]"
False,1705,0,26271,2,"[10.875, 10.875, 10.8125, 10.9375]"
False,1706,1,26317,2,"[11.125, 11.0625, 10.875, 10.9375]"
False,1707,2,26318,0,"[10.8125, 11.3125, 11.1875, 10.9375]"
False,1708,3,26329,1,"[11.0625, 10.875, 10.9375, 11.125]"
True,1709,0,26369,0,"[10.875, 11.25, 11.125, 11.0]"
False,1710,2,26371,3,"[11.1875, 11.25, 11.0625, 10.9375]"
True,1711,3,26372,3,"[11.125, 11.0625, 11.0, 10.875]"
True,1712,1,26421,1,"[11.0625, 10.875, 10.9375, 11.3125]"
False,1713,1,26438,0,"[10.75, 11.1875, 10.875, 11.1875]"
False,1714,2,26439,1,"[11.5, 10.875, 11.125, 11.125]"
False,1715,0,26462,1,"[11.1875, 10.8125, 11.25, 11.125]"
False,1716,2,26488,0,"[10.6875, 11.125, 11.25, 11.1875]"
False,1717,3,26494,2,"[11.0625, 11.1875, 11.0, 11.1875]"
False,1718,2,26515,0,"[10.75, 11.1875, 10.875, 11.3125]"
False,1719,2,26516,1,"[11.0, 10.6875, 11.0, 10.875]"
True,1720,0,26517,0,"[10.75, 11.3125, 11.0625, 10.875]"
False,1721,1,26522,0,"[10.75, 10.75, 11.0625, 11.0625]"
True,1722,2,26569,2,"[10.6875, 10.875, 10.625, 10.9375]"
False,1723,0,26579,3,"[10.9375, 11.0, 10.9375, 10.8125]"
True,1724,0,26589,0,"[10.6875, 11.25, 11.1875, 11.0625]"
False,1725,1,26604,0,"[10.9375, 11.0, 10.9375, 10.9375]"
True,1726,2,26651,2,"[11.0, 11.0, 10.9375, 11.0625]"
False,1727,3,26652,0,"[11.0, 11.1875, 11.1875, 11.1875]"
True,1728,2,26653,2,"[11.0, 11.125, 10.875, 11.0625]"
True,1729,2,26659,2,"[10.875, 11.125, 10.8125, 11.0625]"
True,1730,0,26666,0,"[10.8125, 11.1875, 11.0, 10.8125]"
False,1731,0,26667,1,"[11.1875, 11.125, 11.1875, 11.4375]"
True,1732,0,26680,0,"[10.875, 11.125, 11.125, 11.0625]"
False,1733,1,26681,0,"[10.9375, 11.0625, 11.0, 10.9375]"
False,1734,3,26693,1,"[11.5, 11.0625, 11.0625, 11.125]"
False,1735,0,26695,3,"[10.8125, 10.9375, 11.0625, 10.625]"
False,1736,1,26759,2,"[11.125, 11.125, 11.0, 11.0]"
False,1737,1,26806,2,"[11.25, 11.125, 10.8125, 10.875]"
False,1738,2,26807,0,"[10.6875, 11.0, 11.1875, 11.1875]"
False,1739,1,26808,0,"[10.6875, 10.9375, 10.8125, 10.75]"
False,1740,1,26865,0,"[10.6875, 11.0625, 10.9375, 10.75]"
False,1741,0,26872,3,"[11.125, 11.0625, 11.0, 10.875]"
False,1742,0,26882,3,"[11.0625, 11.25, 11.1875, 10.9375]"
False,1743,3,26888,0,"[10.875, 11.0, 10.9375, 11.0625]"
False,1744,0,26889,1,"[11.125, 10.8125, 10.9375, 10.9375]"
False,1745,2,26992,0,"[10.875, 11.0625, 11.0625, 11.0]"
False,1746,1,26993,2,"[11.0, 11.1875, 10.9375, 11.0625]"
True,1747,0,27000,0,"[10.6875, 10.875, 10.9375, 11.3125]"
True,1748,2,27001,2,"[11.1875, 11.125, 10.9375, 11.0625]"
False,1749,0,27002,3,"[10.9375, 10.875, 10.6875, 10.5625]"
False,1750,0,27012,2,"[10.9375, 11.25, 10.8125, 11.1875]"
False,1751,2,27024,1,"[11.0625, 11.0, 11.0625, 11.125]"
True,1752,0,27049,0,"[10.9375, 10.9375, 11.3125, 11.1875]"
False,1753,2,27050,0,"[10.9375, 11.0, 11.375, 11.0]"
False,1754,3,27104,0,"[10.9375, 11.0, 11.0625, 10.9375]"
False,1755,3,27130,0,"[10.75, 10.9375, 11.125, 11.1875]"
False,1756,0,27172,1,"[10.8125, 10.5625, 10.9375, 11.0625]"
True,1757,1,27175,1,"[11.0625, 10.8125, 11.0, 11.0]"
False,1758,2,27211,0,"[11.0, 11.0625, 11.0625, 11.0]"
False,1759,3,27212,2,"[11.0, 11.25, 10.9375, 11.0625]"
False,1760,1,27220,3,"[10.9375, 11.1875, 11.125, 10.875]"
False,1761,2,27221,0,"[10.9375, 11.0625, 11.0, 11.0625]"
False,1762,3,27224,1,"[11.25, 10.9375, 11.25, 10.9375]"
False,1763,1,27262,2,"[11.125, 11.0625, 10.875, 10.875]"
False,1764,3,27280,2,"[11.125, 11.0, 10.9375, 11.0]"
True,1765,3,27283,3,"[11.1875, 10.9375, 10.9375, 10.75]"
False,1766,2,27287,1,"[11.0625, 10.6875, 10.875, 11.0]"
False,1767,0,27332,1,"[11.125, 11.0625, 11.0625, 11.1875]"
False,1768,3,27333,0,"[10.9375, 11.0, 11.0, 11.0625]"
False,1769,1,27334,3,"[11.0625, 11.0625, 11.0625, 11.0]"
True,1770,0,27342,0,"[10.6875, 11.0, 10.9375, 10.9375]"
False,1771,0,27352,3,"[11.125, 11.1875, 11.125, 11.0625]"
True,1772,2,27354,2,"[11.0, 10.9375, 10.875, 11.0]"
False,1773,3,27355,0,"[11.0, 11.0, 11.0625, 11.0]"
False,1774,3,27369,0,"[10.875, 11.125, 11.0, 11.0625]"
False,1775,1,27372,2,"[11.1875, 11.0625, 10.9375, 11.0]"
True,1776,2,27373,2,"[11.125, 10.9375, 10.8125, 11.1875]"
True,1777,0,27408,0,"[10.8125, 11.0625, 10.875, 11.0]"
False,1778,1,27410,3,"[10.875, 10.9375, 11.375, 10.8125]"
False,1779,2,27444,3,"[11.0625, 11.0625, 11.0625, 10.875]"
False,1780,1,27470,0,"[10.75, 11.1875, 11.0625, 11.0]"
False,1781,1,27489,0,"[10.8125, 10.9375, 11.25, 10.8125]"
False,1782,3,27513,2,"[11.0625, 11.125, 10.9375, 10.9375]"
False,1783,1,27514,2,"[11.0625, 11.375, 10.9375, 11.3125]"
False,1784,1,27517,2,"[11.25, 11.0625, 10.875, 11.0]"
False,1785,0,27518,2,"[11.0, 11.125, 10.6875, 11.0625]"
False,1786,3,27519,0,"[10.8125, 10.9375, 11.0, 11.0]"
False,1787,2,27520,0,"[10.875, 10.875, 10.875, 11.1875]"
False,1788,0,27521,1,"[11.1875, 10.9375, 11.0625, 10.9375]"
False,1789,3,27522,0,"[10.875, 11.0, 11.0625, 11.1875]"
False,1790,1,27524,3,"[10.9375, 11.0625, 11.0625, 10.6875]"
True,1791,2,27525,2,"[11.0, 11.0, 10.875, 10.9375]"
True,1792,1,27540,1,"[11.1875, 10.6875, 11.125, 11.125]"
False,1793,3,27541,0,"[10.9375, 11.1875, 11.1875, 11.0]"
True,1794,0,27558,0,"[10.8125, 11.125, 11.375, 10.875]"
False,1795,0,27559,1,"[10.9375, 10.75, 10.9375, 11.0625]"
False,1796,2,27593,1,"[11.25, 11.0, 11.25, 11.125]"
False,1797,2,27594,1,"[11.5625, 11.125, 11.5, 11.3125]"
False,1798,2,27634,0,"[10.875, 11.0, 11.125, 11.0625]"
False,1799,3,27637,0,"[11.0, 11.0, 11.0, 11.0]"
True,1800,3,27654,3,"[11.0625, 11.0625, 11.0, 10.9375]"
False,1801,1,27660,3,"[10.9375, 11.125, 11.25, 10.6875]"
True,1802,0,27661,0,"[10.9375, 11.1875, 11.0, 10.9375]"
False,1803,0,27664,3,"[11.125, 10.875, 11.0625, 10.8125]"
False,1804,3,27665,2,"[11.1875, 11.3125, 10.9375, 11.0625]"
False,1805,2,27670,1,"[11.25, 11.0, 11.125, 11.125]"
True,1806,3,27671,3,"[10.9375, 11.25, 11.1875, 10.8125]"
False,1807,2,27679,1,"[10.9375, 10.875, 11.0, 11.0]"
False,1808,1,27687,0,"[10.9375, 11.0625, 11.375, 11.125]"
False,1809,1,27780,2,"[10.875, 10.9375, 10.8125, 11.0]"
False,1810,0,27796,3,"[11.1875, 11.3125, 11.375, 11.125]"
False,1811,3,27807,2,"[11.1875, 11.125, 11.0, 11.1875]"
True,1812,0,27808,0,"[10.8125, 11.0, 11.1875, 11.3125]"
False,1813,1,27822,0,"[10.875, 11.3125, 10.875, 11.0625]"
True,1814,0,27834,0,"[10.875, 10.9375, 10.9375, 11.1875]"
True,1815,3,27835,3,"[11.25, 11.3125, 11.0625, 10.8125]"
False,1816,0,27897,1,"[11.1875, 10.875, 11.0, 11.0625]"
False,1817,2,27957,1,"[10.75, 10.375, 11.125, 11.25]"
False,1818,0,27958,2,"[11.125, 11.0625, 10.9375, 11.0]"
True,1819,1,27969,1,"[11.3125, 11.125, 11.1875, 11.4375]"
True,1820,2,27970,2,"[11.5, 11.1875, 11.0, 11.375]"
False,1821,1,27982,2,"[11.1875, 11.0625, 11.0, 11.0625]"
False,1822,1,27993,2,"[10.9375, 10.9375, 10.75, 11.0]"
False,1823,2,27994,3,"[11.0625, 11.1875, 11.25, 11.0]"
False,1824,0,28016,1,"[11.125, 10.875, 11.0, 11.0]"
True,1825,1,28040,1,"[11.0, 10.875, 11.1875, 11.0625]"
False,1826,0,28054,2,"[11.25, 10.9375, 10.875, 11.125]"
False,1827,3,28055,2,"[11.0625, 11.3125, 10.8125, 11.25]"
False,1828,0,28064,2,"[10.9375, 10.625, 10.5625, 10.75]"
True,1829,0,28136,0,"[11.125, 11.1875, 11.25, 11.1875]"
False,1830,0,28165,3,"[11.0, 11.125, 11.0, 10.875]"
False,1831,3,28168,2,"[11.0625, 10.8125, 10.75, 10.875]"
True,1832,1,28253,1,"[11.1875, 10.75, 10.8125, 10.75]"
False,1833,1,28370,2,"[11.3125, 11.125, 10.875, 10.9375]"
False,1834,3,28390,0,"[10.9375, 11.0625, 11.1875, 10.9375]"
False,1835,0,28392,2,"[10.9375, 10.9375, 10.75, 10.9375]"
False,1836,2,28393,3,"[10.8125, 10.8125, 10.9375, 10.6875]"
False,1837,1,28394,3,"[11.0625, 11.25, 11.1875, 11.0]"
False,1838,1,28395,3,"[11.25, 11.0625, 11.1875, 10.9375]"
False,1839,2,28408,1,"[11.0625, 10.9375, 11.25, 11.25]"
False,1840,2,28409,0,"[11.0, 11.0, 11.125, 11.5625]"
False,1841,2,28434,0,"[10.9375, 10.9375, 11.0625, 10.9375]"
False,1842,2,28465,0,"[10.75, 11.0625, 11.125, 10.875]"
False,1843,3,28481,1,"[10.9375, 10.625, 11.0, 10.9375]"
True,1844,3,28482,3,"[10.9375, 11.0625, 11.0, 10.8125]"
True,1845,1,28531,1,"[11.0625, 10.9375, 11.0625, 11.0]"
False,1846,2,28542,0,"[10.9375, 11.375, 10.9375, 11.1875]"
False,1847,3,28565,0,"[11.0, 11.125, 11.3125, 11.1875]"
False,1848,2,28574,3,"[11.0, 10.9375, 10.875, 10.8125]"
False,1849,2,28576,3,"[11.125, 11.125, 11.0625, 10.9375]"
True,1850,2,28612,2,"[11.0625, 11.0625, 10.875, 11.0]"
False,1851,1,28613,2,"[10.875, 10.8125, 10.625, 11.3125]"
False,1852,3,28614,0,"[10.875, 10.875, 10.875, 11.0625]"
False,1853,3,28625,2,"[10.9375, 10.9375, 10.875, 10.9375]"
True,1854,2,28626,2,"[11.375, 11.0625, 11.0, 11.3125]"
False,1855,1,28671,3,"[11.1875, 11.3125, 11.3125, 11.125]"
False,1856,2,28672,0,"[10.875, 11.375, 11.1875, 11.0]"
False,1857,3,28723,0,"[10.9375, 11.0625, 11.1875, 10.9375]"
False,1858,3,28724,2,"[10.9375, 11.0, 10.8125, 10.8125]"
False,1859,0,28725,1,"[11.0625, 10.8125, 11.0625, 11.1875]"
False,1860,0,28728,1,"[11.0625, 10.6875, 10.875, 11.0]"
False,1861,2,28785,3,"[11.3125, 11.4375, 11.0, 10.8125]"
True,1862,2,28789,2,"[11.0625, 11.0, 10.9375, 11.0]"
False,1863,1,28791,0,"[10.9375, 10.9375, 10.9375, 11.0]"
False,1864,2,28802,3,"[11.0625, 10.875, 10.875, 10.75]"
False,1865,1,28803,0,"[10.9375, 11.25, 11.0625, 11.0]"
True,1866,2,28804,2,"[11.125, 11.3125, 11.0, 11.125]"
True,1867,0,28835,0,"[11.0, 11.0625, 11.0, 11.0625]"
True,1868,3,28836,3,"[11.0, 10.9375, 10.9375, 10.875]"
False,1869,0,28852,1,"[11.0625, 10.875, 11.3125, 11.125]"
False,1870,2,28860,0,"[10.9375, 11.0625, 11.0625, 11.0625]"
False,1871,0,28861,3,"[10.9375, 11.0, 11.0, 10.875]"
True,1872,2,28887,2,"[10.75, 11.0, 10.5625, 10.9375]"
True,1873,1,28898,1,"[10.9375, 10.875, 11.3125, 11.0]"
False,1874,3,28965,0,"[10.9375, 11.0, 11.1875, 11.0625]"
True,1875,2,28971,2,"[11.1875, 11.1875, 11.0625, 11.25]"
False,1876,0,28986,3,"[11.3125, 11.25, 11.1875, 10.875]"
False,1877,0,29051,2,"[11.0625, 11.0625, 10.9375, 11.4375]"
False,1878,1,29058,3,"[10.9375, 11.0625, 11.125, 10.875]"
False,1879,1,29060,0,"[10.75, 11.0625, 11.0, 11.125]"
True,1880,2,29065,2,"[11.125, 11.1875, 11.0625, 11.375]"
False,1881,2,29078,3,"[11.125, 11.0625, 11.0625, 10.9375]"
False,1882,3,29085,0,"[10.9375, 11.125, 11.1875, 11.3125]"
True,1883,0,29086,0,"[10.8125, 11.25, 11.0625, 10.9375]"
False,1884,0,29096,3,"[11.3125, 11.125, 11.0, 10.9375]"
False,1885,3,29144,1,"[11.0, 10.875, 11.0625, 11.125]"
True,1886,2,29154,2,"[11.0, 11.1875, 10.9375, 11.1875]"
False,1887,2,29187,0,"[10.8125, 11.1875, 11.3125, 11.1875]"
True,1888,1,29196,1,"[11.25, 10.8125, 10.8125, 10.9375]"
False,1889,1,29199,3,"[11.0, 11.0, 11.0625, 10.9375]"
True,1890,1,29272,1,"[10.9375, 10.75, 11.0625, 11.0]"
False,1891,3,29280,1,"[11.0, 10.75, 10.875, 11.3125]"
False,1892,3,29281,1,"[11.1875, 10.75, 11.0, 10.9375]"
False,1893,3,29309,0,"[10.9375, 11.0625, 11.125, 11.125]"
False,1894,2,29384,1,"[10.875, 10.75, 11.25, 11.375]"
True,1895,0,29413,0,"[10.8125, 11.1875, 10.9375, 11.25]"
False,1896,1,29414,2,"[10.9375, 11.0, 10.8125, 11.125]"
True,1897,3,29415,3,"[10.9375, 11.1875, 10.9375, 10.625]"
False,1898,3,29455,2,"[11.0625, 11.0625, 11.0, 11.125]"
True,1899,1,29456,1,"[11.125, 11.0, 11.0625, 11.125]"
False,1900,2,29457,3,"[11.0, 11.0625, 10.9375, 10.875]"
True,1901,3,29525,3,"[11.0, 11.25, 10.9375, 10.75]"
False,1902,1,29526,0,"[10.625, 10.875, 10.875, 11.125]"
False,1903,3,29527,0,"[10.75, 10.9375, 10.75, 11.1875]"
False,1904,2,29548,1,"[10.9375, 10.875, 11.0625, 10.875]"
False,1905,1,29549,0,"[10.9375, 11.125, 10.9375, 10.9375]"
True,1906,0,29550,0,"[11.0625, 11.3125, 11.3125, 11.1875]"
False,1907,2,29551,0,"[10.875, 10.9375, 11.1875, 11.1875]"
False,1908,1,29590,3,"[11.125, 11.3125, 11.0, 10.6875]"
False,1909,2,29591,1,"[11.3125, 11.0, 11.1875, 11.0625]"
False,1910,1,29593,3,"[11.3125, 11.0, 11.125, 10.9375]"
False,1911,0,29614,1,"[11.25, 10.9375, 11.125, 11.0625]"
False,1912,1,29624,0,"[11.0, 11.125, 11.3125, 11.1875]"
True,1913,0,29625,0,"[11.0, 11.25, 11.0, 11.1875]"
True,1914,3,29688,3,"[11.125, 10.9375, 11.3125, 10.875]"
False,1915,2,29689,1,"[11.3125, 11.0, 11.0, 11.0625]"
False,1916,1,29711,0,"[10.875, 10.875, 10.9375, 11.1875]"
False,1917,3,29715,0,"[10.75, 11.3125, 10.875, 11.5]"
True,1918,3,29718,3,"[11.0625, 11.0625, 11.0, 10.875]"
True,1919,0,29719,0,"[10.875, 11.0625, 11.0625, 11.0625]"
False,1920,2,29720,3,"[11.0, 11.0625, 11.125, 10.9375]"
False,1921,3,29721,2,"[11.0, 11.0, 10.9375, 11.1875]"
False,1922,3,29776,1,"[11.125, 10.9375, 11.125, 11.0]"
True,1923,1,29798,1,"[11.1875, 10.9375, 11.0625, 11.0]"
True,1924,1,29810,1,"[10.9375, 10.625, 10.8125, 11.0625]"
False,1925,0,29812,3,"[11.3125, 11.125, 10.875, 10.8125]"
True,1926,2,29813,2,"[11.25, 11.125, 11.0, 11.125]"
True,1927,1,29814,1,"[11.0625, 10.9375, 11.125, 11.0]"
False,1928,0,29816,1,"[10.875, 10.6875, 11.0, 11.0625]"
False,1929,3,29818,0,"[10.9375, 11.0625, 11.1875, 10.9375]"
False,1930,2,29819,1,"[10.9375, 10.875, 11.0625, 11.0625]"
False,1931,3,29850,0,"[10.8125, 11.0, 10.9375, 11.0]"
False,1932,3,29851,0,"[10.875, 10.9375, 11.0, 11.0625]"
False,1933,2,29860,0,"[10.875, 11.0, 10.9375, 10.875]"
False,1934,1,29861,0,"[10.9375, 11.0625, 11.0, 10.9375]"
False,1935,0,29958,2,"[11.125, 11.1875, 11.0, 11.0]"
False,1936,3,29961,1,"[11.0625, 10.9375, 11.1875, 11.125]"
False,1937,1,29982,2,"[11.0, 11.125, 10.9375, 11.0625]"
False,1938,1,29983,0,"[11.0625, 11.125, 11.0625, 11.375]"
False,1939,1,29986,0,"[10.875, 10.875, 11.0, 11.125]"
True,1940,3,29987,3,"[11.125, 11.25, 11.125, 11.0625]"
False,1941,1,30002,3,"[11.0625, 11.0, 10.9375, 10.875]"
False,1942,2,30012,0,"[10.8125, 10.875, 11.0, 10.8125]"
False,1943,3,30013,1,"[11.0, 10.9375, 11.0, 11.0]"
False,1944,0,30021,1,"[11.25, 10.625, 10.8125, 11.0625]"
False,1945,3,30054,0,"[10.9375, 11.0, 11.0625, 11.0625]"
False,1946,3,30055,2,"[11.1875, 11.375, 10.9375, 10.9375]"
False,1947,3,30056,1,"[11.25, 10.8125, 10.875, 10.875]"
True,1948,2,30057,2,"[11.375, 11.3125, 11.0625, 11.1875]"
True,1949,0,30068,0,"[10.6875, 10.9375, 11.125, 10.8125]"
False,1950,2,30069,0,"[11.0, 11.0, 11.125, 11.0625]"
False,1951,2,30071,1,"[11.0, 10.5, 11.0625, 11.1875]"
False,1952,0,30072,1,"[11.25, 11.0625, 11.125, 11.5]"
False,1953,2,30105,0,"[10.875, 11.0, 10.875, 10.9375]"
False,1954,1,30110,2,"[11.0, 11.0, 10.9375, 11.1875]"
False,1955,3,30130,1,"[11.0, 10.875, 10.875, 10.9375]"
True,1956,2,30131,2,"[11.0625, 11.125, 10.875, 11.0625]"
True,1957,1,30141,1,"[11.1875, 11.125, 11.125, 11.4375]"
False,1958,3,30147,0,"[11.0, 11.125, 11.0, 11.3125]"
False,1959,1,30165,2,"[11.0, 11.0, 10.625, 10.875]"
True,1960,2,30181,2,"[11.125, 11.0625, 11.0, 11.0]"
False,1961,0,30182,3,"[11.4375, 10.9375, 11.0625, 10.8125]"
True,1962,0,30183,0,"[11.0625, 11.125, 11.125, 11.0625]"
False,1963,0,30202,1,"[11.0625, 10.875, 11.0, 11.0]"
False,1964,3,30203,1,"[11.0, 10.875, 11.1875, 11.0]"
False,1965,3,30204,2,"[10.875, 11.0, 10.75, 10.875]"
False,1966,3,30205,1,"[11.375, 10.875, 10.9375, 11.375]"
False,1967,2,30256,1,"[11.0625, 10.875, 10.9375, 11.125]"
False,1968,0,30314,1,"[10.875, 10.625, 11.0625, 10.8125]"
False,1969,3,30315,1,"[11.0625, 10.6875, 11.0625, 11.1875]"
False,1970,1,30321,2,"[11.125, 11.125, 10.875, 11.0625]"
False,1971,2,30322,0,"[11.0, 11.0, 11.0, 11.0]"
False,1972,2,30343,3,"[10.875, 11.125, 10.9375, 10.75]"
False,1973,3,30344,1,"[11.0625, 11.0, 11.125, 11.125]"
False,1974,1,30358,2,"[11.0, 11.125, 10.875, 11.125]"
False,1975,0,30362,1,"[11.125, 10.75, 10.75, 10.9375]"
False,1976,1,30416,2,"[11.0625, 11.3125, 11.0, 11.0625]"
False,1977,0,30472,2,"[11.125, 11.0625, 10.875, 10.9375]"
True,1978,3,30473,3,"[11.3125, 11.0625, 11.4375, 10.875]"
False,1979,3,30495,0,"[10.875, 11.125, 10.9375, 11.1875]"
True,1980,0,30496,0,"[10.8125, 10.9375, 11.0625, 11.125]"
False,1981,2,30597,0,"[10.8125, 11.0, 11.0625, 10.875]"
False,1982,3,30601,2,"[10.9375, 11.25, 10.75, 11.1875]"
False,1983,1,30615,2,"[11.0625, 11.0, 10.9375, 10.9375]"
False,1984,1,30616,2,"[11.0625, 11.0625, 10.75, 11.1875]"
False,1985,0,30621,1,"[11.0625, 10.9375, 11.0625, 11.1875]"
False,1986,0,30623,3,"[11.1875, 11.0, 11.0625, 10.9375]"
False,1987,0,30635,3,"[11.125, 11.125, 11.1875, 10.875]"
False,1988,1,30637,2,"[11.0625, 10.9375, 10.75, 11.0]"
False,1989,0,30638,3,"[11.3125, 11.125, 11.25, 11.0]"
True,1990,2,30660,2,"[11.0, 11.0625, 10.75, 10.875]"
True,1991,1,30674,1,"[11.125, 10.9375, 11.0625, 11.0625]"
False,1992,1,30690,2,"[10.9375, 11.25, 10.8125, 10.9375]"
False,1993,3,30692,1,"[11.0625, 10.9375, 11.0, 11.25]"
False,1994,0,30694,2,"[11.125, 11.25, 10.9375, 11.1875]"
True,1995,0,30695,0,"[11.0, 11.0625, 11.0, 11.0625]"
False,1996,1,30747,3,"[11.0, 10.875, 11.3125, 10.8125]"
False,1997,0,30751,2,"[11.0, 11.0625, 10.75, 11.125]"
False,1998,0,30757,2,"[11.3125, 11.125, 11.0, 11.125]"
True,1999,2,30790,2,"[11.25, 11.3125, 11.125, 11.125]"
False,2000,3,30835,2,"[11.0625, 11.0, 10.875, 11.0]"
False,2001,3,30858,0,"[10.875, 11.0, 10.875, 10.9375]"
False,2002,0,30882,3,"[10.875, 11.0625, 11.0, 10.6875]"
True,2003,3,30883,3,"[11.0625, 10.8125, 10.9375, 10.75]"
False,2004,0,30884,3,"[10.9375, 11.125, 11.0, 10.8125]"
True,2005,0,30901,0,"[10.875, 11.0, 10.875, 11.1875]"
False,2006,3,30909,0,"[11.0625, 11.0625, 11.3125, 11.0625]"
False,2007,0,30927,1,"[10.875, 10.75, 11.0, 11.125]"
True,2008,1,30945,1,"[11.0, 10.9375, 11.125, 11.125]"
False,2009,1,30947,2,"[11.25, 11.1875, 11.0625, 11.0625]"
False,2010,0,30965,2,"[11.125, 11.0625, 11.0, 11.0625]"
False,2011,3,30967,2,"[10.9375, 11.1875, 10.75, 10.9375]"
False,2012,3,30969,2,"[11.1875, 11.0, 10.9375, 11.0625]"
False,2013,2,30970,0,"[11.0, 11.0625, 11.0625, 11.0625]"
True,2014,0,31044,0,"[10.875, 10.875, 11.0, 10.9375]"
False,2015,3,31057,1,"[11.1875, 10.875, 10.9375, 11.0]"
False,2016,1,31058,2,"[11.5625, 11.375, 11.0, 11.5625]"
False,2017,3,31070,2,"[11.4375, 11.1875, 11.0625, 11.25]"
False,2018,2,31119,3,"[11.1875, 11.1875, 11.0625, 11.0]"
True,2019,2,31149,2,"[10.625, 11.125, 10.5, 11.0]"
False,2020,1,31150,2,"[11.0625, 11.0625, 10.8125, 11.0625]"
False,2021,2,31151,0,"[10.4375, 10.75, 11.0625, 10.9375]"
False,2022,0,31152,1,"[10.875, 10.8125, 10.9375, 10.8125]"
True,2023,0,31153,0,"[10.6875, 10.9375, 11.1875, 11.125]"
True,2024,2,31154,2,"[11.0, 11.0, 10.9375, 11.0]"
False,2025,3,31155,2,"[11.0, 11.0, 10.9375, 11.125]"
True,2026,0,31168,0,"[11.0625, 11.0625, 11.1875, 11.0625]"
True,2027,0,31198,0,"[11.0, 11.125, 11.0, 11.0]"
True,2028,2,31252,2,"[10.9375, 10.875, 10.8125, 10.8125]"
False,2029,2,31253,1,"[10.9375, 10.875, 11.0, 10.9375]"
False,2030,2,31264,3,"[11.0, 10.875, 11.0, 10.5625]"
True,2031,1,31267,1,"[11.125, 11.0625, 11.1875, 11.125]"
False,2032,2,31285,0,"[10.6875, 11.0, 10.9375, 10.75]"
True,2033,2,31286,2,"[11.0, 11.3125, 10.75, 11.125]"
True,2034,3,31303,3,"[11.0, 10.9375, 11.0, 10.875]"
False,2035,2,31305,0,"[10.75, 10.9375, 11.0, 11.125]"
False,2036,3,31315,0,"[10.8125, 11.125, 11.125, 11.0625]"
True,2037,2,31322,2,"[11.125, 11.125, 10.6875, 11.0625]"
False,2038,0,31323,2,"[11.0625, 11.1875, 11.0, 11.25]"
False,2039,1,31335,0,"[10.8125, 10.875, 10.8125, 10.875]"
False,2040,2,31337,0,"[10.75, 10.8125, 10.9375, 11.0625]"
False,2041,1,31338,0,"[10.75, 11.125, 11.0, 10.875]"
False,2042,1,31372,0,"[10.8125, 11.1875, 10.875, 11.0625]"
True,2043,2,31373,2,"[11.0625, 11.25, 10.75, 11.0]"
True,2044,3,31374,3,"[11.25, 11.1875, 11.375, 10.9375]"
False,2045,3,31375,2,"[11.0625, 11.3125, 10.9375, 11.3125]"
False,2046,3,31425,1,"[11.0, 10.9375, 11.25, 11.0625]"
False,2047,1,31455,2,"[11.25, 11.0, 10.8125, 10.9375]"
False,2048,0,31458,3,"[11.125, 11.0625, 11.25, 10.9375]"
False,2049,2,31459,0,"[10.875, 10.9375, 10.9375, 11.0]"
False,2050,1,31460,2,"[10.9375, 10.875, 10.6875, 10.75]"
False,2051,1,31479,3,"[11.1875, 10.9375, 11.0, 10.875]"
True,2052,1,31543,1,"[11.125, 10.9375, 11.125, 11.3125]"
False,2053,2,31636,3,"[10.9375, 11.1875, 11.0, 10.8125]"
False,2054,2,31651,3,"[10.9375, 11.3125, 11.125, 10.875]"
True,2055,1,31652,1,"[11.125, 10.8125, 11.125, 11.125]"
False,2056,3,31653,0,"[10.875, 11.0625, 11.125, 11.1875]"
False,2057,1,31654,0,"[10.9375, 11.1875, 11.4375, 11.0]"
True,2058,3,31706,3,"[11.375, 11.0625, 11.0625, 11.0]"
True,2059,3,31733,3,"[10.9375, 10.875, 11.125, 10.8125]"
False,2060,3,31741,1,"[11.0625, 10.8125, 10.9375, 11.4375]"
True,2061,1,31809,1,"[11.25, 10.875, 10.9375, 11.0]"
False,2062,1,31854,2,"[11.3125, 11.25, 10.875, 11.0625]"
True,2063,0,31858,0,"[11.0, 11.0625, 11.0, 11.0]"
False,2064,0,31859,1,"[11.0, 10.9375, 11.0, 11.0625]"
False,2065,3,31883,0,"[10.875, 10.9375, 11.125, 11.125]"
False,2066,3,31884,0,"[10.9375, 11.0, 10.9375, 11.0625]"
True,2067,2,31885,2,"[11.0, 11.0, 10.8125, 11.125]"
False,2068,0,31911,1,"[11.0625, 10.9375, 10.9375, 11.0625]"
True,2069,0,31913,0,"[10.9375, 11.0625, 10.9375, 11.0625]"
False,2070,2,31916,1,"[11.1875, 10.875, 11.125, 11.125]"
True,2071,3,31917,3,"[11.125, 11.375, 11.25, 10.875]"
False,2072,3,31918,0,"[10.875, 11.1875, 11.1875, 11.0]"
False,2073,3,31920,2,"[11.3125, 11.0, 10.875, 11.0625]"
True,2074,2,31964,2,"[10.8125, 11.0, 10.75, 11.0]"
False,2075,1,31965,2,"[11.1875, 11.0625, 10.75, 11.1875]"
False,2076,2,31973,1,"[11.3125, 11.0, 11.125, 11.0625]"
False,2077,1,31989,0,"[11.0, 11.0625, 11.25, 11.0]"
False,2078,2,31993,3,"[11.125, 11.125, 11.0625, 11.0]"
False,2079,0,32007,1,"[10.9375, 10.875, 11.0, 10.9375]"
False,2080,0,32025,1,"[11.0625, 10.75, 11.3125, 10.8125]"
False,2081,1,32044,2,"[11.3125, 11.25, 11.0, 11.1875]"
True,2082,1,32047,1,"[11.125, 10.8125, 11.0625, 11.0625]"
True,2083,2,32051,2,"[11.125, 11.125, 10.9375, 11.125]"
False,2084,0,32099,1,"[10.9375, 10.8125, 11.0, 11.0625]"
False,2085,3,32110,1,"[11.0625, 10.8125, 10.875, 11.1875]"
False,2086,2,32182,0,"[11.0625, 11.1875, 11.125, 11.125]"
False,2087,3,32243,2,"[11.1875, 11.25, 11.125, 11.125]"
False,2088,1,32247,2,"[11.0625, 11.3125, 10.9375, 11.0]"
False,2089,1,32250,3,"[11.0625, 11.0625, 11.0625, 10.9375]"
True,2090,3,32269,3,"[10.9375, 10.875, 10.875, 10.75]"
False,2091,1,32299,2,"[10.9375, 10.8125, 10.5625, 11.1875]"
True,2092,3,32300,3,"[11.0625, 10.75, 11.0625, 10.6875]"
False,2093,3,32302,0,"[10.9375, 11.0, 11.25, 11.1875]"
False,2094,1,32304,0,"[11.0, 11.5625, 11.125, 11.0]"
False,2095,2,32305,0,"[10.8125, 11.25, 11.1875, 11.1875]"
False,2096,3,32318,2,"[11.125, 11.0625, 11.0, 11.0]"
False,2097,3,32319,1,"[11.0625, 10.9375, 11.0, 11.1875]"
False,2098,3,32357,1,"[11.0625, 10.75, 10.9375, 11.0]"
True,2099,0,32406,0,"[10.8125, 11.1875, 11.125, 11.0625]"
True,2100,0,32407,0,"[10.9375, 11.0, 11.375, 10.9375]"
True,2101,3,32412,3,"[10.9375, 11.0625, 11.1875, 10.875]"
True,2102,2,32413,2,"[11.3125, 11.0625, 10.75, 10.9375]"
False,2103,3,32415,1,"[11.0, 10.875, 11.375, 11.0]"
False,2104,0,32416,3,"[10.875, 11.125, 11.25, 10.8125]"
True,2105,2,32417,2,"[11.0, 11.125, 10.9375, 11.0625]"
False,2106,3,32418,1,"[11.0, 10.875, 10.875, 11.125]"
False,2107,3,32419,1,"[11.1875, 10.8125, 11.125, 11.0625]"
True,2108,0,32420,0,"[10.9375, 11.4375, 11.1875, 11.0]"
False,2109,0,32441,3,"[11.0625, 11.0625, 11.125, 11.0]"
False,2110,1,32471,0,"[10.9375, 11.0, 11.1875, 10.9375]"
True,2111,0,32473,0,"[11.0625, 11.0625, 11.1875, 11.0625]"
False,2112,1,32474,3,"[11.0625, 11.125, 11.1875, 10.875]"
False,2113,2,32512,1,"[11.0, 10.625, 11.0625, 10.9375]"
False,2114,3,32518,2,"[11.125, 10.875, 10.8125, 10.8125]"
False,2115,1,32526,2,"[10.9375, 11.3125, 10.6875, 10.75]"
False,2116,1,32527,0,"[10.875, 11.1875, 11.1875, 10.9375]"
False,2117,3,32528,2,"[11.3125, 11.125, 10.9375, 11.125]"
False,2118,2,32529,3,"[11.1875, 11.125, 11.125, 11.0625]"
False,2119,2,32540,0,"[11.1875, 11.1875, 11.25, 11.3125]"
False,2120,1,32541,2,"[11.375, 11.0625, 10.9375, 11.0]"
False,2121,2,32550,3,"[11.0625, 11.0, 11.0, 10.9375]"
True,2122,3,32559,3,"[10.875, 11.25, 10.875, 10.75]"
False,2123,0,32560,2,"[11.4375, 11.0, 10.875, 10.9375]"
False,2124,2,32587,0,"[11.0, 11.0, 11.0625, 11.125]"
False,2125,3,32588,1,"[11.0625, 11.0, 11.0, 11.1875]"
False,2126,2,32614,1,"[11.3125, 11.125, 11.1875, 11.1875]"
True,2127,1,32616,1,"[10.875, 10.75, 10.875, 11.125]"
False,2128,3,32617,0,"[10.8125, 10.875, 11.125, 10.875]"
False,2129,1,32620,3,"[11.125, 11.625, 11.25, 10.875]"
True,2130,2,32641,2,"[11.3125, 11.125, 10.8125, 11.125]"
False,2131,2,32642,1,"[11.0625, 10.75, 10.9375, 11.0]"
False,2132,1,32643,0,"[10.9375, 11.3125, 11.0625, 11.1875]"
False,2133,3,32654,1,"[11.0, 10.75, 10.875, 10.875]"
True,2134,1,32671,1,"[11.125, 10.875, 11.0625, 11.375]"
False,2135,2,32672,1,"[10.9375, 10.875, 11.0, 11.125]"
True,2136,0,32673,0,"[10.75, 10.9375, 10.875, 10.75]"
False,2137,2,32674,3,"[11.0, 11.0, 10.9375, 10.75]"
False,2138,2,32701,3,"[10.9375, 10.9375, 11.0, 10.6875]"
False,2139,3,32710,0,"[10.875, 11.0, 10.9375, 11.0]"
True,2140,2,32711,2,"[11.125, 11.125, 11.0, 11.125]"
False,2141,2,32727,0,"[10.875, 11.125, 10.875, 11.0]"
False,2142,1,32728,3,"[11.0625, 11.125, 11.0625, 10.875]"
True,2143,3,32729,3,"[11.1875, 11.0625, 11.25, 10.8125]"
True,2144,1,32730,1,"[10.9375, 10.8125, 11.125, 10.9375]"
False,2145,1,32821,0,"[11.0625, 11.25, 11.125, 11.125]"
False,2146,2,32904,1,"[11.25, 11.0625, 11.3125, 11.125]"
False,2147,0,32908,1,"[11.0625, 10.9375, 11.0, 11.1875]"
False,2148,0,32909,1,"[11.0, 10.9375, 11.125, 11.125]"
False,2149,3,32916,0,"[11.0, 11.125, 11.25, 11.125]"
False,2150,2,32950,0,"[10.9375, 11.1875, 11.0625, 11.3125]"
False,2151,1,32951,3,"[11.0, 10.9375, 11.0625, 10.875]"
False,2152,0,32955,1,"[11.0, 10.75, 10.875, 10.875]"
False,2153,3,32957,2,"[11.3125, 10.9375, 10.875, 10.9375]"
False,2154,2,32968,0,"[10.875, 11.1875, 11.0625, 11.3125]"
False,2155,3,32970,0,"[11.0, 11.125, 11.0, 11.0]"
False,2156,3,32971,2,"[11.25, 11.1875, 10.6875, 11.0625]"
False,2157,3,32982,0,"[11.0, 11.1875, 11.0625, 11.125]"
False,2158,0,33018,2,"[11.0, 10.9375, 10.75, 10.9375]"
False,2159,2,33042,1,"[11.0625, 11.0, 11.0625, 11.125]"
False,2160,0,33068,3,"[11.0, 11.0, 11.125, 10.5625]"
False,2161,2,33070,1,"[10.875, 10.8125, 10.9375, 11.25]"
True,2162,0,33071,0,"[10.9375, 11.0, 10.9375, 11.3125]"
True,2163,1,33073,1,"[11.0625, 10.875, 11.0, 11.0625]"
False,2164,3,33109,1,"[10.9375, 10.875, 11.0, 10.9375]"
False,2165,2,33110,0,"[10.9375, 11.0625, 11.0625, 11.0625]"
False,2166,1,33114,2,"[11.125, 11.1875, 10.875, 11.0]"
True,2167,3,33116,3,"[11.0, 10.9375, 11.0625, 10.875]"
True,2168,0,33117,0,"[10.9375, 11.0, 11.0, 11.0625]"
False,2169,3,33118,2,"[11.0625, 11.1875, 11.0, 11.0]"
True,2170,1,33120,1,"[11.0625, 10.8125, 11.125, 11.0]"
False,2171,2,33121,3,"[10.875, 10.8125, 10.9375, 10.6875]"
False,2172,2,33123,3,"[11.0, 10.9375, 10.9375, 10.8125]"
False,2173,0,33157,3,"[10.9375, 11.125, 11.1875, 10.75]"
False,2174,3,33158,2,"[11.1875, 11.125, 11.0, 11.0625]"
False,2175,1,33159,0,"[11.0625, 11.25, 11.0625, 11.3125]"
False,2176,1,33160,3,"[11.0, 11.1875, 11.0, 10.875]"
False,2177,0,33165,3,"[11.1875, 11.125, 11.0625, 11.0]"
False,2178,0,33167,1,"[11.0, 10.9375, 11.0625, 11.0625]"
False,2179,0,33171,1,"[11.0625, 10.5, 10.75, 11.125]"
True,2180,1,33184,1,"[10.875, 10.6875, 11.1875, 10.6875]"
True,2181,3,33215,3,"[10.9375, 11.125, 11.0625, 10.875]"
True,2182,0,33216,0,"[10.875, 11.0625, 11.0625, 10.9375]"
True,2183,2,33219,2,"[11.25, 11.3125, 11.0625, 11.25]"
False,2184,3,33226,2,"[11.0, 11.125, 10.9375, 11.4375]"
True,2185,0,33260,0,"[10.875, 11.0, 10.875, 11.0]"
True,2186,0,33261,0,"[10.875, 11.1875, 11.1875, 11.0]"
True,2187,0,33262,0,"[10.9375, 11.0625, 11.0625, 10.9375]"
False,2188,0,33294,1,"[11.1875, 10.8125, 10.9375, 10.875]"
False,2189,3,33340,2,"[10.8125, 11.125, 10.6875, 11.0625]"
False,2190,1,33374,0,"[10.875, 11.0625, 10.875, 11.0]"
False,2191,1,33395,0,"[10.625, 11.1875, 10.8125, 11.25]"
True,2192,1,33396,1,"[11.0625, 10.75, 11.125, 11.0625]"
True,2193,1,33397,1,"[10.75, 10.6875, 11.0625, 10.9375]"
False,2194,3,33432,2,"[11.0, 10.8125, 10.75, 10.875]"
True,2195,0,33435,0,"[11.0, 11.125, 11.625, 11.125]"
False,2196,1,33437,3,"[11.1875, 11.0625, 11.25, 10.8125]"
True,2197,0,33439,0,"[10.75, 11.125, 10.9375, 11.25]"
True,2198,0,33440,0,"[10.8125, 10.9375, 11.3125, 10.9375]"
True,2199,0,33441,0,"[10.9375, 11.3125, 11.375, 11.125]"
False,2200,2,33442,3,"[11.0625, 10.875, 11.125, 10.8125]"
False,2201,0,33443,2,"[11.1875, 11.4375, 11.125, 11.1875]"
False,2202,2,33444,0,"[10.75, 11.0625, 11.125, 11.0625]"
False,2203,0,33448,1,"[11.4375, 10.8125, 11.0, 10.8125]"
False,2204,2,33503,0,"[10.875, 11.25, 11.1875, 11.25]"
False,2205,2,33548,3,"[11.125, 10.9375, 10.9375, 10.8125]"
False,2206,2,33561,0,"[10.875, 11.1875, 11.0, 11.125]"
False,2207,1,33563,2,"[10.875, 10.8125, 10.75, 10.9375]"
False,2208,0,33571,2,"[10.9375, 11.3125, 10.8125, 10.9375]"
False,2209,1,33600,0,"[10.9375, 11.0, 11.0, 10.9375]"
False,2210,0,33614,3,"[10.9375, 10.9375, 11.0625, 10.875]"
False,2211,1,33617,0,"[11.0, 11.0, 11.0, 11.0625]"
False,2212,2,33619,3,"[11.0, 11.125, 11.0, 10.9375]"
True,2213,1,33663,1,"[10.9375, 10.4375, 10.875, 10.6875]"
False,2214,0,33715,2,"[11.125, 11.25, 11.0, 11.0625]"
False,2215,2,33725,1,"[11.1875, 10.9375, 11.0, 11.0]"
False,2216,2,33726,0,"[10.9375, 11.0, 11.1875, 11.0]"
False,2217,3,33728,0,"[10.9375, 10.9375, 11.125, 11.0]"
False,2218,0,33751,3,"[10.875, 10.9375, 10.9375, 10.75]"
False,2219,1,33764,3,"[11.3125, 11.0625, 11.4375, 11.0]"
True,2220,3,33830,3,"[11.125, 11.25, 11.3125, 11.0625]"
True,2221,0,33863,0,"[10.9375, 10.9375, 11.0, 11.25]"
True,2222,1,33874,1,"[11.0, 10.8125, 11.125, 11.0625]"
False,2223,3,33875,0,"[11.0, 11.1875, 11.125, 11.125]"
False,2224,0,33878,2,"[11.125, 11.125, 11.0625, 11.125]"
False,2225,0,33879,3,"[11.4375, 11.4375, 11.0625, 10.875]"
False,2226,2,33880,1,"[11.125, 11.0625, 11.1875, 11.125]"
False,2227,1,33903,0,"[11.0, 11.0625, 11.0625, 11.0]"
False,2228,3,34029,2,"[11.0, 10.8125, 10.6875, 11.0]"
False,2229,3,34032,0,"[10.9375, 11.0625, 11.25, 10.9375]"
False,2230,2,34033,0,"[10.875, 11.25, 11.25, 10.875]"
False,2231,2,34034,1,"[11.5, 10.75, 11.0625, 11.3125]"
True,2232,3,34074,3,"[10.9375, 11.125, 10.9375, 10.875]"
False,2233,2,34075,0,"[10.9375, 11.0, 11.0, 10.9375]"
True,2234,1,34076,1,"[11.1875, 11.0, 11.125, 11.125]"
False,2235,1,34077,3,"[11.0625, 11.0, 11.0625, 10.8125]"
False,2236,2,34140,1,"[10.9375, 10.75, 10.8125, 11.0]"
True,2237,2,34161,2,"[11.0, 11.3125, 10.75, 11.0625]"
False,2238,1,34163,3,"[11.3125, 11.25, 11.1875, 10.6875]"
False,2239,0,34167,1,"[11.0, 10.875, 10.9375, 10.875]"
False,2240,2,34168,0,"[10.8125, 11.25, 11.125, 11.125]"
True,2241,0,34169,0,"[11.0, 11.375, 11.125, 11.0]"
False,2242,2,34178,0,"[10.9375, 10.9375, 11.25, 11.0]"
False,2243,2,34195,0,"[10.9375, 11.0625, 11.1875, 11.125]"
False,2244,1,34218,0,"[10.9375, 11.1875, 11.0625, 11.125]"
False,2245,1,34360,0,"[10.875, 11.0, 10.9375, 11.0625]"
False,2246,2,34366,0,"[10.9375, 11.1875, 11.0625, 11.125]"
False,2247,2,34417,0,"[11.0, 11.125, 11.0, 11.0]"
True,2248,2,34418,2,"[11.0625, 10.9375, 10.875, 10.9375]"
False,2249,1,34419,0,"[10.9375, 10.9375, 10.9375, 11.0]"
True,2250,2,34420,2,"[11.0, 11.0, 10.75, 11.125]"
False,2251,2,34421,3,"[11.0, 11.0625, 11.0625, 10.8125]"
False,2252,0,34422,1,"[10.9375, 10.75, 11.0, 11.0]"
False,2253,1,34475,3,"[10.875, 11.0, 11.125, 10.8125]"
False,2254,3,34476,1,"[11.25, 11.0, 11.0625, 11.125]"
False,2255,1,34494,3,"[11.0, 11.125, 11.0625, 10.8125]"
False,2256,3,34505,0,"[11.0, 11.0625, 11.0625, 11.0]"
False,2257,3,34507,2,"[10.875, 11.0, 10.5, 10.875]"
False,2258,3,34557,0,"[10.9375, 11.1875, 11.125, 10.9375]"
False,2259,2,34558,0,"[10.75, 10.9375, 11.125, 11.125]"
True,2260,2,34560,2,"[10.875, 11.375, 10.5625, 11.0625]"
False,2261,0,34561,1,"[11.0, 10.8125, 11.125, 11.0625]"
False,2262,1,34562,2,"[11.1875, 11.4375, 10.9375, 11.0625]"
True,2263,3,34669,3,"[11.0, 10.875, 10.9375, 10.625]"
False,2264,1,34670,0,"[10.8125, 10.8125, 10.8125, 11.0]"
True,2265,3,34677,3,"[11.125, 11.0625, 11.125, 10.875]"
False,2266,3,34720,0,"[10.75, 11.0, 11.0, 11.25]"
False,2267,3,34783,1,"[11.125, 10.75, 10.75, 11.125]"
False,2268,0,34834,2,"[11.0, 10.9375, 10.875, 11.125]"
True,2269,0,34871,0,"[10.6875, 10.8125, 11.0, 10.6875]"
False,2270,1,34873,0,"[11.0, 11.0625, 11.125, 11.0]"
True,2271,0,34961,0,"[10.75, 11.1875, 11.0625, 11.125]"
False,2272,1,34962,2,"[11.25, 11.125, 11.0, 11.125]"
False,2273,0,35083,3,"[11.0625, 11.0, 11.125, 10.6875]"
True,2274,3,35088,3,"[10.9375, 10.9375, 11.125, 10.875]"
False,2275,1,35089,0,"[10.9375, 11.25, 11.125, 11.0625]"
False,2276,1,35095,0,"[10.875, 11.0, 11.1875, 10.9375]"
False,2277,0,35127,3,"[11.25, 11.1875, 10.875, 10.8125]"
False,2278,0,35128,3,"[11.0625, 11.1875, 11.25, 10.8125]"
True,2279,2,35131,2,"[11.125, 10.9375, 10.75, 11.0625]"
False,2280,3,35132,0,"[10.8125, 11.1875, 10.8125, 11.125]"
False,2281,2,35138,3,"[11.0625, 11.25, 11.25, 10.9375]"
True,2282,3,35139,3,"[11.0625, 11.25, 11.0, 10.875]"
False,2283,3,35147,0,"[11.0625, 11.0625, 11.25, 11.1875]"
False,2284,2,35167,0,"[11.0, 11.5, 11.125, 11.1875]"
True,2285,2,35240,2,"[11.375, 11.125, 11.0, 11.0625]"
False,2286,2,35259,3,"[11.375, 11.1875, 11.125, 10.6875]"
False,2287,1,35260,3,"[11.125, 11.125, 11.0625, 11.0]"
True,2288,2,35338,2,"[11.0, 11.0, 10.75, 10.8125]"
False,2289,3,35340,2,"[11.25, 11.4375, 11.0, 11.0]"
False,2290,2,35342,3,"[10.875, 10.9375, 10.875, 10.75]"
True,2291,2,35357,2,"[10.9375, 11.0625, 10.875, 11.1875]"
False,2292,1,35362,0,"[10.5625, 10.75, 11.0, 10.6875]"
False,2293,0,35364,2,"[11.1875, 10.9375, 10.75, 11.0625]"
False,2294,3,35403,2,"[11.1875, 10.875, 10.75, 11.0625]"
True,2295,1,35416,1,"[11.125, 10.9375, 11.1875, 11.25]"
True,2296,1,35417,1,"[10.9375, 10.8125, 11.125, 11.0]"
False,2297,3,35418,0,"[10.8125, 11.25, 10.9375, 10.875]"
False,2298,2,35427,3,"[11.0625, 11.25, 10.9375, 10.875]"
False,2299,0,35445,2,"[11.0, 11.0, 10.75, 10.9375]"
False,2300,2,35471,3,"[11.0625, 10.9375, 11.1875, 10.6875]"
False,2301,2,35516,3,"[11.0, 10.75, 10.9375, 10.625]"
False,2302,0,35537,2,"[11.0625, 11.0, 10.9375, 11.1875]"
False,2303,3,35564,1,"[11.0625, 10.8125, 11.0, 10.9375]"
False,2304,1,35565,3,"[11.3125, 11.1875, 11.0, 10.8125]"
False,2305,0,35607,2,"[11.125, 11.1875, 11.0, 11.0]"
False,2306,3,35608,2,"[11.25, 11.0, 10.875, 11.4375]"
False,2307,3,35612,0,"[10.9375, 11.0, 10.9375, 11.0]"
False,2308,2,35613,0,"[11.0625, 11.1875, 11.125, 11.25]"
True,2309,2,35616,2,"[11.125, 11.0, 10.75, 10.9375]"
False,2310,3,35617,2,"[11.25, 11.0, 10.9375, 11.1875]"
True,2311,3,35643,3,"[11.0625, 11.1875, 11.3125, 10.8125]"
False,2312,3,35644,2,"[11.0625, 11.0625, 11.0, 11.125]"
False,2313,2,35710,3,"[11.0, 10.875, 10.875, 10.8125]"
False,2314,0,35718,2,"[11.0625, 11.125, 10.5625, 10.75]"
False,2315,0,35749,1,"[11.0625, 10.9375, 11.0625, 11.0625]"
False,2316,2,35776,1,"[11.0, 10.8125, 10.875, 11.3125]"
True,2317,1,35815,1,"[10.9375, 10.875, 10.9375, 10.875]"
True,2318,2,35816,2,"[11.0625, 11.1875, 10.875, 10.9375]"
False,2319,1,35890,2,"[11.1875, 10.9375, 10.75, 11.125]"
False,2320,1,35901,0,"[10.875, 11.125, 11.0625, 11.0]"
True,2321,0,35910,0,"[10.9375, 11.0, 11.0625, 11.1875]"
False,2322,1,35911,2,"[11.0625, 11.1875, 11.0, 11.0]"
False,2323,0,35912,1,"[11.0, 10.875, 11.0, 10.875]"
False,2324,3,35913,2,"[11.0625, 11.375, 11.0, 11.125]"
True,2325,2,35963,2,"[11.25, 11.1875, 10.9375, 11.0]"
False,2326,0,35964,1,"[11.1875, 10.6875, 10.8125, 11.0]"
False,2327,3,35971,0,"[11.0, 11.0625, 11.3125, 11.0]"
False,2328,2,35972,1,"[11.0625, 10.875, 10.9375, 11.0]"
False,2329,1,35990,2,"[11.25, 11.125, 11.0625, 11.125]"
True,2330,0,36007,0,"[10.9375, 11.0, 10.9375, 11.0]"
True,2331,3,36014,3,"[10.875, 11.0, 11.0, 10.75]"
False,2332,1,36021,3,"[10.8125, 11.0, 11.0, 10.75]"
False,2333,1,36043,0,"[10.875, 10.9375, 11.0, 10.875]"
False,2334,3,36044,1,"[10.8125, 10.75, 11.0, 10.9375]"
True,2335,0,36045,0,"[10.8125, 10.9375, 11.0625, 10.875]"
True,2336,2,36048,2,"[11.125, 11.125, 11.0625, 11.125]"
True,2337,1,36051,1,"[10.8125, 10.75, 10.75, 10.8125]"
False,2338,2,36052,0,"[10.75, 10.8125, 11.125, 10.875]"
False,2339,3,36095,1,"[10.75, 10.6875, 11.125, 10.9375]"
False,2340,2,36100,0,"[10.9375, 11.4375, 10.9375, 11.125]"
True,2341,0,36114,0,"[10.6875, 11.3125, 11.125, 10.8125]"
True,2342,0,36123,0,"[10.75, 11.0, 10.875, 11.3125]"
False,2343,2,36124,0,"[10.75, 11.0625, 10.8125, 10.875]"
True,2344,0,36125,0,"[11.0, 11.125, 11.125, 11.0625]"
True,2345,2,36126,2,"[11.0, 11.0, 10.8125, 11.0]"
False,2346,2,36193,1,"[11.0, 10.9375, 11.1875, 11.0625]"
False,2347,1,36196,0,"[10.875, 10.9375, 11.0, 11.0]"
True,2348,1,36198,1,"[11.1875, 10.875, 11.0, 11.0]"
True,2349,2,36203,2,"[10.75, 11.0, 10.6875, 11.0]"
False,2350,2,36205,1,"[10.9375, 10.625, 10.9375, 11.0]"
False,2351,2,36228,1,"[11.125, 10.9375, 11.0, 11.0625]"
True,2352,3,36238,3,"[11.0, 11.4375, 11.125, 10.9375]"
False,2353,3,36239,2,"[10.9375, 10.9375, 10.875, 11.0]"
False,2354,0,36240,1,"[11.125, 11.0625, 11.0625, 11.1875]"
False,2355,1,36242,2,"[11.25, 11.125, 10.8125, 10.875]"
False,2356,0,36248,3,"[11.1875, 11.1875, 11.3125, 11.125]"
False,2357,0,36249,2,"[10.875, 10.875, 10.8125, 11.0]"
True,2358,1,36288,1,"[10.8125, 10.6875, 10.8125, 10.875]"
False,2359,1,36314,3,"[10.9375, 11.25, 11.0, 10.875]"
False,2360,2,36357,3,"[11.3125, 11.125, 11.125, 10.875]"
True,2361,0,36431,0,"[11.1875, 11.3125, 11.4375, 11.1875]"
True,2362,0,36433,0,"[10.9375, 11.125, 10.9375, 11.125]"
True,2363,0,36438,0,"[10.8125, 11.0, 10.9375, 11.0]"
True,2364,1,36439,1,"[11.0, 10.875, 11.125, 10.9375]"
False,2365,3,36526,0,"[11.0, 11.0625, 11.0625, 11.1875]"
False,2366,0,36527,1,"[11.0625, 10.75, 10.875, 10.9375]"
True,2367,2,36541,2,"[11.1875, 11.25, 10.625, 11.0]"
False,2368,3,36548,0,"[10.875, 10.9375, 11.0, 10.875]"
False,2369,0,36562,2,"[11.0, 11.125, 10.6875, 10.6875]"
False,2370,2,36563,3,"[11.125, 10.6875, 11.125, 10.5625]"
False,2371,3,36564,0,"[11.125, 11.25, 11.3125, 11.1875]"
False,2372,2,36578,0,"[10.8125, 10.9375, 11.0, 10.875]"
False,2373,0,36579,2,"[11.3125, 11.25, 11.0, 11.125]"
True,2374,2,36590,2,"[10.9375, 11.25, 10.75, 11.0625]"
False,2375,2,36591,0,"[10.8125, 10.9375, 10.8125, 10.875]"
False,2376,2,36592,3,"[11.125, 10.9375, 11.125, 10.875]"
True,2377,0,36615,0,"[11.0625, 11.0625, 11.0625, 11.125]"
False,2378,2,36639,0,"[10.9375, 10.9375, 10.9375, 10.9375]"
True,2379,0,36677,0,"[10.9375, 11.0625, 11.1875, 10.9375]"
False,2380,1,36774,3,"[11.0625, 11.0, 11.0, 10.9375]"
False,2381,2,36775,1,"[11.1875, 11.0625, 11.125, 11.1875]"
False,2382,2,36778,3,"[11.0, 10.875, 11.0, 10.8125]"
True,2383,0,36783,0,"[10.6875, 10.9375, 10.9375, 10.875]"
False,2384,1,36789,3,"[11.0, 11.25, 11.125, 10.8125]"
False,2385,0,36802,2,"[11.0625, 11.0625, 11.0, 11.25]"
False,2386,2,36803,0,"[10.875, 11.25, 11.25, 11.0]"
False,2387,0,36820,1,"[11.0625, 10.75, 10.8125, 11.1875]"
True,2388,1,36821,1,"[11.125, 10.875, 10.875, 11.0]"
False,2389,2,36822,0,"[10.6875, 11.1875, 11.0625, 10.9375]"
False,2390,3,36833,2,"[11.125, 11.125, 11.0, 11.1875]"
False,2391,3,36863,0,"[11.0, 11.0625, 11.125, 11.0]"
False,2392,1,36890,0,"[10.875, 11.0, 11.0, 11.0625]"
False,2393,3,36891,2,"[11.125, 11.25, 10.875, 10.9375]"
False,2394,0,36901,2,"[10.9375, 10.9375, 10.75, 10.9375]"
False,2395,0,36918,2,"[11.125, 11.0, 10.875, 11.125]"
False,2396,3,36919,0,"[11.0, 11.25, 11.0625, 11.3125]"
False,2397,3,36960,0,"[10.875, 11.0625, 11.125, 11.0625]"
False,2398,2,37007,1,"[11.0625, 10.8125, 10.9375, 11.0]"
False,2399,2,37012,3,"[11.0, 11.0, 10.9375, 10.75]"
False,2400,0,37013,2,"[10.9375, 11.125, 10.6875, 11.0]"
False,2401,1,37028,2,"[11.0625, 11.0, 10.625, 11.1875]"
False,2402,2,37052,3,"[11.0, 10.9375, 11.125, 10.6875]"
True,2403,0,37065,0,"[10.75, 11.0, 11.0625, 11.25]"
True,2404,3,37066,3,"[11.125, 11.1875, 11.0625, 11.0]"
False,2405,3,37067,1,"[11.0, 10.9375, 10.9375, 11.0]"
True,2406,1,37068,1,"[10.9375, 10.8125, 10.875, 10.9375]"
False,2407,3,37075,0,"[10.75, 10.8125, 10.9375, 11.3125]"
False,2408,3,37081,0,"[10.875, 10.9375, 10.9375, 10.9375]"
False,2409,3,37101,0,"[11.0625, 11.1875, 11.125, 11.125]"
False,2410,3,37115,0,"[10.6875, 11.0625, 11.0625, 11.0]"
False,2411,0,37120,2,"[11.0625, 10.875, 10.75, 11.0625]"
False,2412,2,37124,3,"[10.9375, 11.125, 11.1875, 10.8125]"
False,2413,2,37129,1,"[11.1875, 11.125, 11.1875, 11.125]"
False,2414,2,37135,0,"[10.875, 11.0625, 10.9375, 11.0625]"
True,2415,1,37150,1,"[11.0, 10.9375, 10.9375, 11.0625]"
False,2416,2,37241,0,"[11.0625, 11.1875, 11.1875, 11.125]"
True,2417,0,37252,0,"[11.0625, 11.25, 11.125, 11.0625]"
False,2418,2,37328,1,"[10.9375, 10.75, 10.8125, 11.3125]"
False,2419,2,37342,1,"[11.25, 10.8125, 11.0625, 11.125]"
False,2420,3,37351,2,"[11.0, 10.9375, 10.75, 11.25]"
True,2421,1,37363,1,"[11.0, 10.75, 10.9375, 11.25]"
True,2422,3,37364,3,"[11.0625, 10.75, 10.875, 10.6875]"
True,2423,3,37365,3,"[11.0, 11.1875, 11.0625, 10.6875]"
False,2424,0,37384,2,"[10.875, 11.0, 10.8125, 10.875]"
False,2425,3,37385,1,"[11.0, 10.9375, 11.1875, 10.9375]"
False,2426,1,37386,3,"[11.0, 11.0625, 10.875, 10.8125]"
True,2427,1,37394,1,"[11.0, 10.9375, 10.9375, 11.0625]"
False,2428,0,37395,1,"[11.0625, 10.9375, 10.9375, 10.9375]"
True,2429,0,37396,0,"[11.0, 11.0, 11.0, 11.375]"
False,2430,3,37397,1,"[11.0, 10.6875, 11.0, 10.875]"
False,2431,3,37398,1,"[11.375, 10.75, 11.3125, 11.125]"
False,2432,1,37444,2,"[11.0625, 11.0625, 10.875, 11.0]"
False,2433,2,37475,1,"[11.3125, 10.9375, 10.9375, 11.0]"
False,2434,2,37508,0,"[10.875, 11.0, 11.3125, 10.875]"
False,2435,2,37509,3,"[11.0625, 11.3125, 11.0625, 10.9375]"
False,2436,2,37527,3,"[11.0, 11.1875, 11.1875, 10.875]"
True,2437,2,37549,2,"[11.0, 11.3125, 10.9375, 11.0625]"
False,2438,0,37564,1,"[11.0, 10.625, 10.8125, 10.875]"
False,2439,2,37571,0,"[10.9375, 11.25, 10.9375, 10.9375]"
False,2440,3,37572,1,"[11.1875, 11.0, 11.125, 11.125]"
True,2441,1,37578,1,"[11.25, 11.0, 11.125, 11.125]"
False,2442,3,37579,2,"[11.0625, 11.125, 11.0, 11.0625]"
False,2443,0,37595,2,"[10.875, 10.9375, 10.8125, 11.0625]"
False,2444,0,37596,3,"[11.0625, 11.4375, 11.0625, 11.0]"
False,2445,2,37606,0,"[10.9375, 11.0, 11.1875, 10.9375]"
False,2446,3,37645,0,"[10.875, 10.9375, 11.0625, 11.0625]"
False,2447,1,37661,0,"[10.9375, 11.0625, 11.0625, 10.9375]"
True,2448,0,37662,0,"[10.875, 10.9375, 11.0625, 11.0625]"
True,2449,1,37665,1,"[11.125, 10.9375, 11.1875, 11.125]"
False,2450,3,37672,0,"[10.875, 11.25, 11.3125, 11.25]"
True,2451,2,37685,2,"[11.125, 11.0, 10.75, 11.0]"
False,2452,3,37695,1,"[10.9375, 10.6875, 11.125, 10.9375]"
False,2453,3,37716,1,"[11.0625, 10.875, 10.9375, 11.3125]"
False,2454,3,37742,2,"[11.125, 11.3125, 11.0, 11.0]"
False,2455,0,37765,1,"[11.125, 10.9375, 11.0, 10.9375]"
False,2456,3,37766,0,"[10.6875, 11.0, 11.0, 10.75]"
False,2457,2,37798,1,"[11.1875, 10.875, 11.0, 11.0]"
False,2458,0,37819,2,"[11.125, 11.25, 10.875, 10.9375]"
False,2459,2,37829,1,"[11.125, 10.9375, 11.0625, 11.0625]"
False,2460,2,37841,0,"[10.875, 10.875, 10.9375, 11.0]"
False,2461,3,37843,2,"[11.0625, 11.0625, 10.75, 11.0]"
False,2462,2,37844,1,"[11.4375, 10.9375, 11.0, 11.5]"
False,2463,0,37872,1,"[11.125, 11.0, 11.0625, 11.0625]"
False,2464,0,37904,3,"[11.25, 11.3125, 11.5625, 11.125]"
False,2465,1,37905,0,"[11.0625, 11.25, 11.25, 11.0625]"
False,2466,3,37910,2,"[11.1875, 11.1875, 10.6875, 11.125]"
False,2467,0,37911,2,"[11.0625, 11.125, 11.0, 11.25]"
False,2468,2,37942,1,"[11.0, 10.875, 10.875, 11.125]"
False,2469,1,37957,2,"[10.9375, 11.125, 10.875, 11.125]"
False,2470,0,37958,3,"[11.25, 11.25, 11.0, 10.5625]"
False,2471,3,37998,1,"[10.875, 10.8125, 11.0625, 10.875]"
False,2472,2,38058,3,"[11.25, 10.9375, 11.5, 10.875]"
True,2473,2,38092,2,"[11.0625, 11.0, 10.875, 11.0]"
False,2474,1,38156,3,"[10.875, 11.0, 11.0, 10.5625]"
False,2475,3,38157,2,"[11.0, 11.3125, 10.8125, 11.25]"
True,2476,1,38184,1,"[10.875, 10.8125, 10.875, 11.0]"
True,2477,0,38185,0,"[10.8125, 11.0, 11.0625, 11.0625]"
True,2478,0,38187,0,"[10.8125, 11.125, 11.125, 10.9375]"
False,2479,2,38188,3,"[11.0, 11.125, 11.5625, 10.9375]"
False,2480,0,38238,2,"[10.9375, 11.0, 10.6875, 11.0]"
False,2481,3,38246,0,"[11.0, 11.25, 11.3125, 11.0625]"
False,2482,2,38267,1,"[11.125, 10.9375, 10.9375, 11.0]"
False,2483,2,38287,1,"[11.125, 10.875, 11.125, 11.1875]"
True,2484,0,38295,0,"[10.5, 11.0625, 11.0625, 11.0]"
True,2485,0,38296,0,"[10.75, 10.9375, 11.0, 10.875]"
False,2486,0,38301,2,"[11.0625, 11.0625, 10.9375, 11.1875]"
False,2487,1,38315,3,"[10.8125, 11.0625, 10.875, 10.625]"
False,2488,2,38319,0,"[10.75, 11.0, 11.0, 11.125]"
False,2489,0,38320,3,"[11.125, 11.125, 11.0625, 10.75]"
False,2490,2,38342,1,"[11.0625, 10.9375, 11.125, 11.125]"
False,2491,1,38343,2,"[11.0, 11.1875, 10.75, 11.1875]"
True,2492,0,38345,0,"[10.75, 10.9375, 11.125, 10.9375]"
False,2493,0,38346,2,"[10.875, 10.9375, 10.75, 11.0]"
False,2494,1,38367,0,"[10.875, 11.375, 11.0, 11.0]"
True,2495,0,38377,0,"[10.9375, 11.0625, 11.125, 10.9375]"
False,2496,1,38383,3,"[11.125, 11.0625, 11.0, 10.9375]"
False,2497,2,38405,3,"[10.8125, 11.0, 10.8125, 10.6875]"
False,2498,2,38406,0,"[10.8125, 11.1875, 11.0625, 10.9375]"
False,2499,1,38410,0,"[11.0, 11.0, 11.0625, 11.25]"
False,2500,0,38411,1,"[11.0, 10.875, 11.0625, 11.3125]"
False,2501,3,38412,0,"[11.0, 11.3125, 11.0, 11.0]"
False,2502,2,38416,0,"[10.75, 10.875, 10.75, 10.9375]"
False,2503,0,38417,2,"[11.0, 11.0, 10.8125, 10.875]"
False,2504,1,38424,3,"[10.75, 11.0625, 11.0, 10.5625]"
False,2505,1,38425,0,"[10.9375, 11.375, 11.0625, 10.9375]"
False,2506,2,38426,3,"[10.9375, 11.3125, 11.25, 10.5625]"
False,2507,0,38450,2,"[11.125, 11.0, 10.6875, 11.0]"
False,2508,0,38451,2,"[10.9375, 11.0625, 10.8125, 11.0625]"
False,2509,1,38474,0,"[11.125, 11.1875, 11.1875, 11.125]"
False,2510,3,38482,1,"[11.125, 10.875, 10.9375, 11.0625]"
False,2511,0,38486,1,"[10.875, 10.625, 11.0, 11.125]"
False,2512,1,38512,0,"[10.875, 11.0, 11.0, 10.875]"
False,2513,0,38516,3,"[11.375, 11.375, 11.1875, 10.875]"
False,2514,2,38520,0,"[10.75, 10.9375, 11.125, 11.0]"
True,2515,2,38566,2,"[11.3125, 10.9375, 10.75, 11.0625]"
False,2516,2,38568,1,"[11.0, 10.6875, 10.9375, 10.6875]"
False,2517,0,38608,3,"[11.125, 11.0625, 11.125, 11.0]"
True,2518,3,38609,3,"[11.0625, 11.0, 10.9375, 10.8125]"
False,2519,0,38631,3,"[11.0, 10.9375, 11.1875, 10.6875]"
False,2520,0,38728,1,"[10.875, 10.8125, 11.1875, 11.0625]"
False,2521,2,38735,3,"[11.0625, 11.125, 11.125, 10.9375]"
False,2522,3,38737,1,"[11.375, 10.625, 10.8125, 10.75]"
False,2523,1,38738,0,"[10.8125, 11.0, 10.9375, 11.0]"
True,2524,1,38823,1,"[11.0625, 10.9375, 11.25, 11.25]"
False,2525,0,38838,2,"[11.0, 11.125, 10.875, 10.9375]"
False,2526,3,38848,0,"[10.875, 11.0, 10.875, 11.0625]"
False,2527,3,38864,0,"[10.875, 10.9375, 11.0, 11.3125]"
False,2528,2,38865,1,"[11.25, 10.8125, 10.875, 11.125]"
False,2529,2,38876,1,"[11.125, 10.875, 11.0, 11.25]"
False,2530,3,38877,0,"[11.0, 11.0625, 11.0625, 11.1875]"
False,2531,0,38888,2,"[11.125, 10.75, 10.625, 11.0]"
False,2532,0,38889,3,"[11.25, 11.3125, 11.25, 11.0625]"
False,2533,2,38890,1,"[11.1875, 10.75, 10.75, 11.0]"
False,2534,3,38892,1,"[11.0, 10.875, 10.9375, 11.0]"
False,2535,1,38907,2,"[10.875, 11.0625, 10.6875, 11.125]"
True,2536,2,38908,2,"[11.0, 11.1875, 10.8125, 10.875]"
False,2537,3,38909,0,"[10.8125, 11.0, 11.0625, 10.875]"
False,2538,0,38949,3,"[11.0625, 11.25, 11.0, 10.9375]"
False,2539,1,38977,3,"[11.1875, 10.8125, 11.125, 10.6875]"
False,2540,1,38996,2,"[10.875, 11.0, 10.8125, 11.0625]"
False,2541,1,38998,2,"[11.0, 11.375, 10.6875, 11.0]"
False,2542,2,39027,1,"[11.0625, 11.0, 11.0625, 11.0625]"
False,2543,1,39028,2,"[10.875, 11.1875, 10.75, 11.25]"
False,2544,0,39029,3,"[11.0, 11.0625, 11.0625, 10.8125]"
False,2545,1,39030,0,"[10.8125, 11.25, 11.0, 10.8125]"
True,2546,1,39083,1,"[11.1875, 10.875, 11.0, 11.0625]"
True,2547,1,39084,1,"[11.0, 10.9375, 11.0, 11.0]"
False,2548,0,39085,2,"[11.0625, 11.0625, 10.9375, 11.375]"
False,2549,3,39090,1,"[11.0, 10.75, 11.125, 11.0]"
False,2550,2,39091,3,"[10.875, 10.8125, 11.0, 10.6875]"
False,2551,3,39102,2,"[10.9375, 11.125, 10.875, 11.0625]"
False,2552,2,39104,0,"[11.0625, 11.3125, 11.0625, 11.0625]"
False,2553,0,39138,3,"[10.875, 10.875, 11.0625, 10.5]"
True,2554,0,39143,0,"[11.0, 11.1875, 11.125, 11.25]"
False,2555,1,39162,2,"[11.25, 11.125, 10.875, 11.0]"
True,2556,1,39165,1,"[11.0625, 10.9375, 11.0, 10.9375]"
False,2557,3,39166,1,"[11.1875, 11.0, 11.125, 11.0625]"
False,2558,1,39183,3,"[11.0625, 10.875, 10.9375, 10.75]"
True,2559,0,39184,0,"[10.9375, 10.9375, 11.1875, 11.0625]"
True,2560,0,39191,0,"[10.875, 10.875, 10.9375, 11.0625]"
False,2561,3,39269,0,"[10.875, 11.0, 10.9375, 11.25]"
False,2562,1,39270,3,"[11.125, 11.1875, 11.125, 10.9375]"
False,2563,2,39314,1,"[11.25, 10.8125, 11.0625, 11.25]"
False,2564,0,39315,1,"[11.25, 10.9375, 11.0625, 11.125]"
True,2565,2,39318,2,"[11.1875, 11.3125, 11.0625, 11.1875]"
False,2566,2,39320,1,"[11.0, 10.8125, 11.0625, 10.9375]"
False,2567,1,39335,3,"[10.9375, 11.5, 11.1875, 10.875]"
False,2568,0,39360,2,"[11.125, 11.25, 11.0625, 11.0625]"
False,2569,1,39361,0,"[10.875, 11.125, 11.25, 10.875]"
False,2570,3,39371,0,"[10.875, 11.1875, 11.0, 11.0]"
True,2571,3,39372,3,"[11.0, 11.1875, 11.0625, 10.9375]"
False,2572,3,39373,2,"[11.0, 11.1875, 10.75, 11.3125]"
False,2573,2,39375,0,"[10.9375, 10.9375, 10.9375, 10.9375]"
False,2574,0,39394,3,"[11.0625, 11.125, 11.25, 11.0]"
False,2575,0,39408,1,"[11.0, 10.9375, 10.9375, 11.0625]"
True,2576,3,39414,3,"[11.125, 11.0, 11.1875, 10.9375]"
True,2577,0,39420,0,"[10.875, 10.875, 10.875, 11.0625]"
True,2578,1,39431,1,"[11.1875, 10.9375, 11.125, 11.125]"
False,2579,2,39435,0,"[10.875, 11.0625, 10.875, 10.9375]"
True,2580,0,39439,0,"[10.9375, 11.0625, 11.125, 11.0]"
False,2581,1,39441,2,"[11.125, 11.1875, 10.9375, 11.0625]"
False,2582,1,39446,3,"[11.125, 10.9375, 11.1875, 10.75]"
False,2583,2,39462,3,"[11.375, 11.0625, 11.125, 10.875]"
False,2584,0,39464,3,"[11.0625, 11.0625, 11.0, 10.875]"
False,2585,1,39566,2,"[11.0, 11.1875, 10.8125, 10.9375]"
False,2586,3,39575,1,"[11.1875, 11.0, 11.1875, 11.125]"
True,2587,1,39576,1,"[11.0625, 11.0, 11.1875, 11.125]"
False,2588,3,39577,2,"[11.125, 11.3125, 11.0, 11.25]"
False,2589,3,39593,0,"[10.875, 11.125, 10.9375, 11.0625]"
False,2590,3,39653,1,"[11.125, 10.875, 11.0, 10.875]"
False,2591,2,39680,0,"[10.5, 10.875, 10.8125, 11.25]"
False,2592,3,39681,1,"[11.0625, 10.8125, 11.125, 11.25]"
False,2593,3,39682,0,"[10.875, 11.0, 10.875, 11.1875]"
False,2594,1,39691,0,"[10.8125, 10.875, 10.9375, 11.1875]"
True,2595,0,39692,0,"[11.0, 11.0625, 11.0625, 11.0625]"
True,2596,2,39693,2,"[10.9375, 10.9375, 10.875, 11.0625]"
False,2597,1,39715,2,"[11.125, 11.0625, 10.9375, 10.9375]"
False,2598,3,39722,1,"[11.125, 11.0, 11.1875, 11.1875]"
True,2599,0,39724,0,"[11.125, 11.1875, 11.3125, 11.3125]"
False,2600,2,39741,1,"[11.375, 11.0, 11.25, 11.125]"
False,2601,1,39768,0,"[10.9375, 11.0, 11.0, 11.1875]"
False,2602,2,39770,3,"[11.125, 11.125, 11.0, 10.875]"
False,2603,3,39798,1,"[11.0625, 10.9375, 11.0625, 10.9375]"
False,2604,2,39800,1,"[11.375, 10.9375, 11.125, 11.125]"
False,2605,0,39856,1,"[10.9375, 10.8125, 10.875, 11.125]"
False,2606,1,39873,3,"[11.0, 10.9375, 10.9375, 10.875]"
False,2607,0,39874,2,"[11.0, 11.0625, 10.875, 10.9375]"
True,2608,0,39875,0,"[10.875, 11.0, 11.125, 11.0]"
False,2609,2,39889,3,"[10.8125, 11.0625, 10.875, 10.6875]"
False,2610,3,39890,2,"[11.125, 11.125, 10.5625, 11.3125]"
False,2611,3,39902,1,"[11.3125, 10.8125, 11.1875, 11.375]"
False,2612,3,39903,1,"[11.3125, 11.0625, 11.25, 11.375]"
False,2613,3,39904,2,"[11.0, 11.1875, 10.875, 11.1875]"
False,2614,3,39910,1,"[10.9375, 10.8125, 10.9375, 11.25]"
False,2615,3,39911,2,"[11.3125, 11.25, 10.8125, 10.9375]"
False,2616,0,39912,3,"[11.25, 10.9375, 11.1875, 10.875]"
False,2617,1,39913,3,"[11.0625, 11.375, 11.0, 10.9375]"
False,2618,1,39930,2,"[10.75, 11.125, 10.6875, 10.75]"
False,2619,1,39941,0,"[10.75, 10.9375, 11.0, 10.8125]"
True,2620,1,39970,1,"[11.0, 10.75, 11.0625, 11.1875]"
False,2621,0,39971,3,"[11.0625, 11.0, 11.0625, 10.75]"
False,2622,3,39972,2,"[10.875, 10.9375, 10.8125, 10.9375]"
False,2623,1,39973,3,"[10.75, 10.6875, 11.0, 10.5]"
False,2624,3,39985,1,"[11.125, 10.9375, 11.125, 11.0]"
False,2625,2,39991,3,"[10.9375, 11.125, 11.0, 10.875]"
False,2626,3,40001,0,"[10.875, 10.9375, 10.9375, 11.0625]"
False,2627,1,40011,3,"[11.0, 10.8125, 11.0, 10.625]"
False,2628,2,40020,1,"[10.9375, 10.875, 11.0, 10.9375]"
True,2629,1,40021,1,"[11.0625, 10.8125, 11.0, 10.9375]"
False,2630,0,40022,3,"[10.9375, 11.0625, 11.125, 10.8125]"
False,2631,2,40046,1,"[11.0, 10.9375, 11.25, 11.0]"
False,2632,1,40048,0,"[11.0, 11.1875, 11.3125, 11.3125]"
True,2633,0,40100,0,"[11.0, 11.25, 11.0, 11.125]"
False,2634,2,40129,3,"[11.0625, 11.125, 11.375, 10.9375]"
False,2635,0,40130,3,"[11.4375, 11.25, 11.125, 11.0625]"
True,2636,2,40182,2,"[11.1875, 11.0625, 11.0, 11.0]"
False,2637,3,40183,1,"[11.125, 11.0, 11.125, 11.0625]"
False,2638,0,40205,3,"[11.1875, 11.25, 11.125, 10.6875]"
False,2639,2,40207,1,"[11.0, 10.75, 11.0, 11.0625]"
True,2640,2,40210,2,"[11.0625, 11.125, 10.8125, 10.875]"
True,2641,0,40211,0,"[11.0, 11.125, 11.0, 11.125]"
False,2642,0,40213,3,"[11.125, 11.1875, 10.9375, 10.5625]"
True,2643,0,40236,0,"[11.0, 11.0625, 11.1875, 11.0]"
False,2644,2,40237,1,"[11.1875, 10.8125, 11.0625, 11.125]"
True,2645,3,40273,3,"[11.1875, 11.0625, 11.0625, 10.875]"
False,2646,3,40274,1,"[10.875, 10.6875, 10.9375, 10.8125]"
False,2647,3,40284,0,"[10.75, 10.9375, 10.75, 11.0]"
True,2648,1,40293,1,"[10.9375, 10.875, 10.9375, 10.9375]"
True,2649,2,40294,2,"[11.3125, 11.25, 11.125, 11.25]"
False,2650,0,40295,3,"[11.1875, 11.0625, 11.0625, 10.8125]"
False,2651,2,40320,0,"[11.0625, 11.125, 11.0625, 11.0625]"
False,2652,1,40384,0,"[10.9375, 11.0, 11.25, 11.0]"
False,2653,3,40393,0,"[10.75, 10.875, 10.9375, 10.8125]"
False,2654,0,40394,2,"[11.0, 11.25, 10.75, 11.0]"
False,2655,3,40410,1,"[11.0625, 10.9375, 11.3125, 11.3125]"
False,2656,3,40436,1,"[11.0625, 10.625, 11.0, 11.1875]"
True,2657,3,40443,3,"[10.875, 11.3125, 11.1875, 10.6875]"
False,2658,1,40451,3,"[11.0, 10.9375, 11.0, 10.875]"
True,2659,2,40458,2,"[11.0, 11.0, 10.875, 11.0]"
True,2660,3,40474,3,"[10.9375, 11.0, 10.875, 10.6875]"
False,2661,1,40475,0,"[10.875, 10.875, 11.125, 11.0625]"
False,2662,1,40476,0,"[10.9375, 11.3125, 11.125, 10.9375]"
False,2663,3,40477,0,"[10.9375, 11.0, 11.0, 11.0]"
False,2664,3,40479,1,"[11.125, 11.0, 11.0, 11.125]"
False,2665,1,40486,0,"[11.125, 11.125, 11.125, 11.5]"
True,2666,0,40488,0,"[10.875, 10.9375, 10.875, 11.125]"
False,2667,0,40490,1,"[11.0, 10.875, 10.875, 11.125]"
False,2668,2,40491,0,"[11.0, 11.125, 11.125, 11.0625]"
False,2669,0,40515,2,"[11.0, 11.0, 10.9375, 11.0625]"
False,2670,3,40519,0,"[10.6875, 11.125, 10.875, 11.0625]"
True,2671,1,40565,1,"[11.0, 10.9375, 11.375, 11.125]"
True,2672,3,40569,3,"[10.9375, 11.125, 10.875, 10.8125]"
False,2673,3,40575,2,"[11.125, 11.0, 10.9375, 11.0]"
True,2674,3,40605,3,"[10.875, 11.125, 11.0, 10.75]"
False,2675,2,40606,3,"[11.125, 11.0625, 11.1875, 10.875]"
False,2676,3,40668,2,"[10.9375, 11.0625, 10.875, 10.9375]"
True,2677,0,40674,0,"[10.9375, 11.125, 11.125, 11.0]"
False,2678,1,40676,3,"[11.25, 11.0625, 11.0625, 11.0]"
False,2679,0,40685,2,"[11.1875, 11.0, 10.875, 11.0]"
False,2680,2,40714,0,"[11.0, 11.0625, 11.1875, 11.0]"
True,2681,2,40715,2,"[11.0, 11.125, 10.9375, 11.0]"
False,2682,1,40717,0,"[10.9375, 11.125, 11.0625, 11.1875]"
True,2683,1,40718,1,"[11.125, 11.0, 11.0, 11.0625]"
False,2684,3,40719,0,"[10.75, 11.0625, 11.125, 11.0625]"
True,2685,2,40760,2,"[10.875, 11.0, 10.6875, 11.25]"
False,2686,1,40787,3,"[10.9375, 11.0625, 11.0, 10.75]"
False,2687,3,40788,0,"[10.9375, 10.9375, 11.0, 11.0]"
False,2688,3,40789,1,"[11.0, 10.9375, 10.9375, 10.9375]"
False,2689,1,40790,3,"[11.0625, 11.125, 10.9375, 10.8125]"
False,2690,2,40791,0,"[10.8125, 10.9375, 10.875, 11.4375]"
False,2691,0,40800,3,"[11.0625, 11.0, 11.0, 10.9375]"
False,2692,1,40868,0,"[10.8125, 10.875, 10.9375, 10.9375]"
True,2693,1,40884,1,"[11.0, 10.9375, 10.9375, 11.125]"
False,2694,0,40891,1,"[11.125, 10.8125, 11.0, 11.25]"
False,2695,1,40892,0,"[10.8125, 11.25, 11.0, 10.8125]"
False,2696,2,40917,1,"[11.125, 10.9375, 11.125, 11.125]"
False,2697,0,40963,1,"[11.25, 10.9375, 11.0625, 10.9375]"
False,2698,2,41063,3,"[11.0625, 11.125, 11.0625, 11.0]"
False,2699,0,41093,2,"[11.0625, 11.1875, 11.0, 11.0]"
False,2700,1,41179,3,"[11.25, 11.125, 11.0625, 11.0]"
False,2701,0,41180,3,"[11.25, 11.0625, 11.375, 10.625]"
False,2702,2,41195,1,"[10.9375, 10.8125, 11.0, 10.9375]"
False,2703,1,41236,0,"[10.875, 10.9375, 10.875, 10.875]"
False,2704,2,41237,0,"[10.9375, 10.9375, 10.9375, 10.9375]"
True,2705,0,41258,0,"[10.875, 10.9375, 11.0625, 10.9375]"
False,2706,2,41260,3,"[10.9375, 10.9375, 10.9375, 10.6875]"
True,2707,0,41261,0,"[10.8125, 11.0, 10.8125, 10.9375]"
False,2708,2,41288,3,"[10.9375, 11.0, 11.0, 10.875]"
False,2709,2,41343,3,"[11.125, 11.0625, 11.25, 10.9375]"
False,2710,2,41361,3,"[11.0, 11.125, 11.0, 10.9375]"
False,2711,2,41362,1,"[10.9375, 10.8125, 10.875, 11.0]"
False,2712,1,41377,2,"[11.3125, 11.0625, 11.0, 11.375]"
False,2713,3,41392,2,"[11.0625, 11.1875, 11.0, 11.125]"
False,2714,2,41436,3,"[11.4375, 11.0, 11.125, 10.9375]"
False,2715,1,41481,3,"[11.3125, 10.9375, 10.875, 10.5625]"
False,2716,1,41482,0,"[11.0625, 11.1875, 11.125, 11.125]"
True,2717,3,41506,3,"[11.0625, 11.0625, 11.0625, 10.9375]"
False,2718,3,41507,0,"[10.9375, 11.1875, 10.9375, 11.0625]"
True,2719,1,41509,1,"[11.3125, 11.0, 11.1875, 11.0625]"
False,2720,2,41644,3,"[11.125, 11.1875, 11.125, 11.0625]"
False,2721,3,41645,1,"[11.0, 10.875, 11.125, 11.125]"
False,2722,2,41661,3,"[10.9375, 10.875, 10.875, 10.8125]"
False,2723,1,41664,0,"[11.0, 11.0, 11.125, 11.0]"
False,2724,1,41666,3,"[11.3125, 11.25, 11.0, 10.875]"
False,2725,1,41685,3,"[11.125, 11.0, 11.0625, 10.9375]"
True,2726,1,41745,1,"[10.875, 10.75, 11.0, 10.8125]"
True,2727,2,41746,2,"[11.0, 11.1875, 10.9375, 11.0]"
True,2728,2,41770,2,"[11.1875, 10.9375, 10.875, 10.9375]"
False,2729,2,41771,0,"[10.875, 11.0, 10.9375, 10.9375]"
True,2730,1,41772,1,"[11.0, 10.8125, 10.8125, 10.8125]"
False,2731,1,41805,2,"[11.0625, 10.9375, 10.8125, 11.0625]"
True,2732,3,41806,3,"[11.0, 11.25, 11.125, 10.9375]"
False,2733,0,41807,3,"[10.9375, 11.25, 11.1875, 10.875]"
False,2734,2,41822,1,"[10.9375, 10.875, 11.0, 11.1875]"
False,2735,2,41823,3,"[11.1875, 11.1875, 11.125, 11.0]"
True,2736,3,41853,3,"[11.0625, 11.0625, 10.875, 10.625]"
True,2737,0,41876,0,"[10.6875, 11.1875, 11.1875, 11.125]"
False,2738,3,41877,1,"[10.75, 10.625, 11.3125, 11.1875]"
False,2739,1,41878,0,"[10.6875, 11.0, 11.0, 11.1875]"
False,2740,3,41886,1,"[11.125, 10.625, 10.9375, 10.6875]"
True,2741,3,41887,3,"[11.5, 10.875, 10.875, 10.6875]"
True,2742,2,41904,2,"[11.1875, 11.0, 10.8125, 11.25]"
False,2743,3,41915,0,"[10.9375, 10.9375, 10.9375, 11.0625]"
False,2744,3,41916,1,"[11.0625, 10.75, 11.0625, 11.3125]"
True,2745,1,41917,1,"[11.0, 10.9375, 11.0, 11.125]"
False,2746,2,41918,0,"[11.0625, 11.25, 11.125, 11.125]"
True,2747,2,41975,2,"[11.0625, 11.0625, 10.875, 10.9375]"
True,2748,3,41982,3,"[10.875, 10.8125, 11.25, 10.75]"
True,2749,1,41984,1,"[11.375, 10.875, 11.125, 10.9375]"
True,2750,2,42023,2,"[10.9375, 10.9375, 10.875, 11.0]"
False,2751,3,42052,0,"[10.6875, 10.875, 10.9375, 10.75]"
False,2752,3,42054,2,"[11.125, 11.125, 10.875, 11.1875]"
True,2753,3,42085,3,"[11.0, 11.125, 11.1875, 10.875]"
True,2754,2,42086,2,"[10.9375, 10.9375, 10.875, 11.0]"
False,2755,3,42087,0,"[10.9375, 11.0, 11.0, 11.125]"
False,2756,3,42094,0,"[11.0, 11.0, 11.0, 11.125]"
False,2757,3,42095,0,"[11.0, 11.125, 11.0, 11.0]"
False,2758,2,42104,3,"[11.1875, 11.125, 11.125, 11.0]"
True,2759,1,42105,1,"[11.25, 10.875, 11.125, 11.0625]"
False,2760,0,42116,1,"[10.9375, 10.75, 11.125, 11.125]"
False,2761,0,42127,2,"[11.125, 10.9375, 10.8125, 11.125]"
False,2762,1,42130,2,"[10.9375, 11.0, 10.75, 11.1875]"
False,2763,3,42132,2,"[11.25, 10.9375, 10.625, 11.0625]"
False,2764,2,42134,1,"[10.9375, 10.875, 11.0, 10.9375]"
True,2765,0,42135,0,"[10.8125, 11.25, 10.875, 11.0]"
False,2766,0,42136,1,"[11.0625, 11.0, 11.0, 11.0625]"
True,2767,1,42142,1,"[11.0625, 10.875, 11.0625, 11.1875]"
False,2768,3,42143,2,"[11.0, 11.125, 10.875, 11.0625]"
True,2769,0,42189,0,"[10.625, 11.0, 11.0, 11.0625]"
False,2770,1,42234,2,"[10.8125, 10.9375, 10.625, 11.0]"
False,2771,1,42235,0,"[10.75, 10.875, 10.75, 10.875]"
False,2772,0,42272,2,"[10.9375, 11.1875, 10.875, 11.125]"
False,2773,3,42275,1,"[11.25, 11.0, 11.0625, 11.25]"
False,2774,1,42276,2,"[11.0625, 11.0625, 11.0, 11.3125]"
False,2775,2,42302,1,"[11.125, 10.875, 11.0, 11.25]"
False,2776,1,42382,2,"[11.125, 11.25, 10.9375, 11.25]"
False,2777,1,42383,2,"[11.0625, 11.0, 10.8125, 10.875]"
False,2778,1,42416,3,"[11.0625, 11.1875, 11.5, 10.9375]"
True,2779,2,42433,2,"[11.1875, 11.0625, 10.9375, 11.0625]"
True,2780,0,42440,0,"[11.0, 11.125, 11.0625, 11.0625]"
True,2781,2,42442,2,"[10.875, 11.1875, 10.625, 11.125]"
False,2782,2,42443,3,"[11.125, 11.125, 11.0625, 11.0]"
False,2783,1,42445,0,"[10.9375, 11.0, 11.125, 11.25]"
False,2784,1,42456,2,"[10.9375, 11.0, 10.8125, 10.875]"
False,2785,2,42457,1,"[11.125, 10.8125, 11.0625, 11.0]"
True,2786,2,42536,2,"[10.9375, 11.0625, 10.8125, 11.0625]"
False,2787,0,42537,1,"[11.0625, 10.875, 11.3125, 10.875]"
False,2788,1,42538,2,"[11.0, 11.1875, 10.75, 10.75]"
False,2789,2,42543,3,"[11.0625, 11.0, 11.0, 10.8125]"
False,2790,3,42546,2,"[11.125, 10.875, 10.8125, 10.9375]"
False,2791,2,42547,0,"[10.875, 11.5, 11.125, 11.125]"
False,2792,0,42627,1,"[11.0625, 10.6875, 11.0625, 10.9375]"
False,2793,2,42669,0,"[11.0625, 11.0625, 11.0625, 11.1875]"
False,2794,1,42712,3,"[11.1875, 10.9375, 11.0, 10.5625]"
False,2795,2,42718,0,"[10.8125, 10.9375, 11.0625, 10.875]"
True,2796,0,42734,0,"[10.6875, 11.0, 10.8125, 11.0]"
True,2797,2,42735,2,"[11.125, 11.0625, 10.8125, 11.3125]"
False,2798,2,42795,0,"[10.875, 11.0625, 10.9375, 10.9375]"
False,2799,1,42817,0,"[10.875, 11.4375, 11.0625, 11.0]"
False,2800,2,42819,1,"[11.1875, 10.75, 10.9375, 11.0]"
True,2801,0,42848,0,"[10.875, 11.0, 10.9375, 11.125]"
False,2802,2,42849,1,"[11.25, 11.0, 11.125, 11.3125]"
True,2803,0,42850,0,"[11.0625, 11.375, 11.1875, 11.25]"
False,2804,1,42856,0,"[11.0, 11.3125, 11.25, 11.0]"
True,2805,2,42875,2,"[11.25, 11.1875, 10.875, 11.0]"
False,2806,3,42876,0,"[11.125, 11.125, 11.125, 11.1875]"
False,2807,2,42877,3,"[11.0, 11.0625, 11.125, 10.9375]"
False,2808,1,42878,3,"[11.25, 11.0, 11.0625, 10.875]"
False,2809,3,42888,2,"[10.9375, 10.9375, 10.875, 11.0]"
False,2810,1,42889,0,"[10.9375, 11.3125, 11.0, 10.9375]"
True,2811,0,42914,0,"[11.125, 11.25, 11.25, 11.3125]"
False,2812,2,42937,0,"[10.9375, 11.0625, 11.25, 11.0625]"
False,2813,0,42982,3,"[11.3125, 11.125, 11.0625, 10.875]"
False,2814,0,43035,3,"[11.0, 11.0, 11.0, 10.875]"
True,2815,2,43036,2,"[11.125, 11.375, 10.9375, 11.25]"
False,2816,2,43047,1,"[11.0, 10.9375, 11.3125, 11.4375]"
True,2817,0,43063,0,"[10.6875, 10.9375, 10.9375, 11.0625]"
False,2818,1,43113,2,"[11.0, 11.1875, 10.9375, 10.9375]"
False,2819,2,43122,0,"[10.8125, 11.3125, 11.25, 11.0625]"
True,2820,1,43123,1,"[11.0, 10.875, 10.9375, 11.125]"
False,2821,2,43125,3,"[11.125, 11.0, 11.0, 10.875]"
False,2822,2,43190,3,"[11.0, 11.0625, 11.125, 10.8125]"
False,2823,3,43250,1,"[11.0625, 10.875, 11.0, 10.9375]"
False,2824,1,43253,2,"[11.125, 11.1875, 10.9375, 11.3125]"
False,2825,1,43254,0,"[11.0, 11.125, 11.0625, 11.0625]"
True,2826,0,43256,0,"[10.8125, 11.25, 11.0, 11.0625]"
False,2827,2,43283,0,"[11.0, 11.1875, 11.1875, 11.25]"
False,2828,2,43370,1,"[11.0625, 10.9375, 11.1875, 11.1875]"
False,2829,0,43371,1,"[11.25, 11.0, 11.4375, 11.0]"
False,2830,2,43382,0,"[10.75, 11.0625, 11.125, 11.125]"
True,2831,2,43459,2,"[11.0, 11.0, 10.875, 11.0625]"
False,2832,2,43460,1,"[10.875, 10.6875, 10.8125, 10.6875]"
False,2833,1,43461,2,"[11.0, 11.0, 10.6875, 11.1875]"
True,2834,2,43477,2,"[11.125, 11.1875, 10.875, 10.875]"
False,2835,1,43507,0,"[10.75, 10.9375, 11.0, 10.9375]"
False,2836,0,43578,2,"[11.0, 11.0, 10.875, 11.1875]"
False,2837,2,43605,1,"[11.1875, 10.9375, 11.125, 11.0625]"
True,2838,1,43612,1,"[10.9375, 10.875, 11.1875, 11.1875]"
False,2839,3,43613,0,"[10.875, 11.0625, 10.875, 11.0625]"
False,2840,1,43614,3,"[11.125, 10.8125, 10.875, 10.6875]"
False,2841,2,43627,0,"[10.9375, 11.0625, 11.0, 10.9375]"
False,2842,1,43656,0,"[10.9375, 10.9375, 11.125, 10.9375]"
True,2843,3,43670,3,"[11.0, 11.0, 11.0, 10.75]"
False,2844,2,43672,0,"[10.8125, 11.125, 10.8125, 11.0]"
False,2845,2,43690,3,"[11.0625, 11.125, 11.375, 10.75]"
False,2846,2,43726,3,"[10.9375, 11.3125, 11.0625, 10.875]"
False,2847,1,43727,0,"[10.875, 11.0, 11.0625, 11.125]"
False,2848,1,43736,3,"[10.9375, 11.0, 11.0625, 10.875]"
False,2849,1,43797,2,"[10.875, 11.0625, 10.8125, 10.9375]"
False,2850,0,43798,2,"[11.125, 11.125, 11.0625, 11.0625]"
True,2851,0,43816,0,"[10.9375, 10.9375, 11.25, 11.1875]"
False,2852,1,43820,2,"[11.0, 11.0625, 10.8125, 11.375]"
False,2853,0,43833,1,"[10.875, 10.5625, 11.125, 10.875]"
False,2854,1,43834,0,"[10.8125, 11.0, 11.125, 11.0]"
False,2855,3,43835,2,"[11.25, 11.125, 10.8125, 10.875]"
True,2856,1,43844,1,"[10.9375, 10.8125, 10.9375, 11.25]"
False,2857,3,43845,2,"[11.1875, 11.125, 10.75, 11.0625]"
False,2858,2,43846,0,"[10.8125, 11.0625, 11.125, 10.9375]"
True,2859,0,43847,0,"[11.0625, 11.25, 11.0625, 11.0625]"
False,2860,3,43856,0,"[11.0, 11.0, 11.0625, 11.1875]"
False,2861,2,43857,0,"[10.75, 10.9375, 11.125, 11.125]"
True,2862,1,43910,1,"[11.125, 10.8125, 11.0625, 11.125]"
True,2863,0,43911,0,"[11.0, 11.25, 11.125, 11.0]"
False,2864,3,43913,0,"[10.6875, 11.25, 11.0625, 11.125]"
False,2865,3,43938,2,"[11.25, 11.1875, 11.0625, 11.125]"
True,2866,1,43946,1,"[11.125, 10.6875, 11.125, 10.75]"
False,2867,1,43947,0,"[10.8125, 10.875, 10.9375, 11.0625]"
False,2868,3,43950,2,"[11.125, 11.0625, 10.9375, 10.9375]"
False,2869,3,44027,2,"[11.0, 11.125, 10.8125, 10.9375]"
True,2870,0,44042,0,"[11.0, 11.0, 11.0625, 11.0625]"
False,2871,0,44043,1,"[11.25, 10.9375, 11.0625, 11.1875]"
True,2872,3,44047,3,"[11.0625, 11.0625, 11.0625, 10.75]"
False,2873,2,44048,3,"[10.9375, 11.1875, 10.9375, 10.8125]"
False,2874,3,44049,0,"[10.875, 10.875, 10.875, 10.9375]"
False,2875,0,44050,2,"[11.0, 11.1875, 10.8125, 10.8125]"
False,2876,3,44051,2,"[10.9375, 10.875, 10.6875, 11.25]"
False,2877,1,44052,2,"[11.3125, 11.0625, 10.875, 11.0625]"
False,2878,2,44071,3,"[11.125, 11.125, 11.1875, 11.0625]"
False,2879,1,44089,2,"[11.0625, 11.0625, 11.0, 11.25]"
False,2880,3,44090,0,"[11.0625, 11.0625, 11.125, 11.3125]"
False,2881,0,44091,3,"[11.125, 11.1875, 11.375, 11.0625]"
True,2882,0,44093,0,"[10.875, 11.0625, 11.0, 11.125]"
False,2883,2,44097,3,"[11.125, 11.0, 11.0, 10.8125]"
False,2884,2,44099,3,"[10.875, 11.1875, 10.9375, 10.75]"
True,2885,2,44101,2,"[11.125, 11.0625, 11.0, 11.25]"
False,2886,3,44103,0,"[10.9375, 11.0, 10.9375, 11.125]"
True,2887,3,44105,3,"[11.0625, 11.125, 11.125, 11.0]"
False,2888,2,44109,1,"[11.1875, 10.9375, 11.0, 11.0625]"
False,2889,3,44114,2,"[10.9375, 10.9375, 10.8125, 11.0]"
False,2890,1,44115,3,"[11.0, 10.9375, 11.1875, 10.6875]"
False,2891,3,44137,0,"[10.6875, 11.1875, 11.125, 11.0625]"
False,2892,1,44295,3,"[11.0, 11.0, 11.375, 10.9375]"
False,2893,2,44296,0,"[10.5, 10.9375, 11.0, 11.1875]"
False,2894,0,44299,3,"[11.125, 11.125, 11.0, 10.9375]"
False,2895,0,44300,1,"[11.125, 10.9375, 11.0, 11.25]"
True,2896,2,44302,2,"[11.25, 11.1875, 11.0, 11.3125]"
False,2897,2,44315,1,"[11.125, 10.75, 10.9375, 11.1875]"
False,2898,1,44343,3,"[11.25, 11.1875, 11.125, 11.0625]"
False,2899,1,44373,2,"[11.0625, 11.0625, 10.875, 11.0]"
False,2900,3,44374,2,"[10.9375, 10.9375, 10.625, 11.125]"
False,2901,1,44404,2,"[11.0625, 11.25, 10.5625, 11.0625]"
False,2902,3,44405,1,"[11.0625, 10.9375, 11.0625, 11.125]"
False,2903,3,44406,2,"[11.1875, 11.375, 11.0, 11.0625]"
True,2904,0,44419,0,"[10.625, 10.875, 11.125, 10.6875]"
True,2905,1,44435,1,"[11.1875, 10.9375, 11.1875, 11.25]"
False,2906,3,44448,1,"[11.125, 10.9375, 11.1875, 10.9375]"
True,2907,1,44485,1,"[10.875, 10.75, 11.0625, 11.25]"
False,2908,3,44523,0,"[10.8125, 11.0, 11.0, 10.8125]"
True,2909,0,44525,0,"[10.6875, 10.9375, 11.0, 10.875]"
False,2910,2,44543,0,"[10.9375, 11.0, 10.9375, 11.0]"
False,2911,3,44544,1,"[11.0, 10.6875, 10.875, 11.0]"
False,2912,2,44559,0,"[10.9375, 10.9375, 11.0625, 11.125]"
False,2913,0,44567,2,"[11.0625, 10.9375, 10.6875, 10.9375]"
False,2914,3,44568,1,"[11.0625, 10.9375, 11.0, 11.0625]"
False,2915,1,44570,0,"[11.0, 11.3125, 11.25, 11.0]"
True,2916,2,44593,2,"[11.375, 11.125, 11.0625, 11.25]"
False,2917,3,44594,0,"[10.9375, 10.9375, 11.1875, 11.0]"
False,2918,2,44595,0,"[10.875, 11.1875, 11.1875, 11.125]"
False,2919,0,44596,1,"[10.9375, 10.8125, 10.875, 10.9375]"
True,2920,0,44597,0,"[10.9375, 11.0, 11.0625, 10.9375]"
False,2921,3,44599,0,"[10.8125, 11.0, 11.1875, 11.1875]"
False,2922,0,44603,3,"[11.0625, 11.0, 11.0, 10.9375]"
False,2923,0,44612,1,"[11.1875, 10.875, 10.9375, 11.0]"
False,2924,0,44684,3,"[10.9375, 11.0625, 11.0625, 10.875]"
True,2925,1,44685,1,"[11.125, 10.9375, 11.0625, 11.125]"
False,2926,3,44715,2,"[11.125, 11.125, 10.625, 10.875]"
False,2927,0,44716,2,"[11.0625, 10.8125, 10.75, 11.125]"
False,2928,3,44746,1,"[10.9375, 10.75, 10.9375, 11.0]"
False,2929,2,44759,3,"[11.0625, 11.3125, 11.0625, 11.0]"
False,2930,1,44835,3,"[10.9375, 11.0, 10.9375, 10.875]"
False,2931,2,44855,3,"[11.0625, 11.125, 11.1875, 11.0]"
False,2932,0,44856,2,"[11.25, 10.9375, 10.875, 10.875]"
False,2933,3,44922,2,"[11.125, 11.1875, 10.8125, 11.125]"
False,2934,0,44926,2,"[11.1875, 11.125, 10.875, 11.0]"
True,2935,1,44927,1,"[11.1875, 10.75, 11.25, 10.875]"
False,2936,0,44928,2,"[11.1875, 10.875, 10.6875, 11.1875]"
False,2937,1,44945,3,"[11.0625, 11.3125, 10.8125, 10.6875]"
False,2938,0,44947,2,"[11.0625, 11.0, 10.875, 11.125]"
False,2939,1,44972,0,"[10.9375, 11.0625, 10.9375, 11.25]"
True,2940,1,45043,1,"[11.1875, 10.875, 11.0625, 11.0625]"
False,2941,1,45047,0,"[10.6875, 11.1875, 10.6875, 11.0625]"
False,2942,0,45086,2,"[11.25, 11.125, 11.0, 11.0625]"
True,2943,1,45089,1,"[10.9375, 10.5, 11.125, 10.8125]"
True,2944,0,45100,0,"[10.8125, 10.875, 11.125, 10.9375]"
False,2945,0,45101,1,"[11.0, 10.8125, 11.125, 11.25]"
False,2946,0,45105,3,"[11.125, 11.25, 11.3125, 10.75]"
False,2947,2,45106,1,"[11.0, 10.9375, 11.0625, 11.0]"
False,2948,2,45122,0,"[11.0625, 11.125, 11.25, 11.0625]"
True,2949,1,45164,1,"[10.9375, 10.8125, 11.1875, 11.1875]"
False,2950,0,45165,1,"[11.1875, 11.0625, 11.3125, 11.0625]"
False,2951,1,45176,0,"[10.6875, 11.0625, 11.0625, 11.0]"
True,2952,1,45177,1,"[11.0625, 10.8125, 11.0, 10.9375]"
False,2953,1,45178,2,"[11.1875, 11.125, 11.0, 11.0625]"
False,2954,2,45179,3,"[10.875, 10.875, 10.875, 10.8125]"
True,2955,2,45196,2,"[11.0, 11.25, 10.8125, 10.9375]"
True,2956,0,45226,0,"[10.875, 10.9375, 11.0625, 10.875]"
False,2957,2,45227,0,"[10.75, 10.875, 11.3125, 10.875]"
True,2958,0,45237,0,"[10.9375, 11.0, 11.125, 11.0625]"
False,2959,0,45238,2,"[10.9375, 11.1875, 10.75, 11.0]"
False,2960,0,45249,1,"[11.0, 10.625, 10.75, 10.9375]"
False,2961,3,45251,2,"[11.0, 11.3125, 10.9375, 11.0625]"
True,2962,2,45313,2,"[11.25, 11.125, 10.9375, 11.25]"
False,2963,1,45316,2,"[10.9375, 10.9375, 10.8125, 11.125]"
False,2964,0,45319,3,"[11.125, 10.9375, 11.0625, 10.8125]"
False,2965,2,45328,3,"[10.875, 11.0, 11.3125, 10.8125]"
True,2966,3,45329,3,"[11.0, 11.0, 11.125, 10.875]"
False,2967,2,45369,3,"[11.125, 11.25, 11.125, 10.875]"
False,2968,3,45412,1,"[11.125, 11.0, 11.3125, 11.0625]"
False,2969,3,45451,1,"[11.0625, 10.9375, 11.0, 11.125]"
True,2970,3,45452,3,"[11.0625, 11.1875, 10.9375, 10.75]"
False,2971,2,45496,0,"[11.0, 11.0625, 11.25, 11.3125]"
False,2972,1,45511,3,"[11.125, 11.1875, 10.9375, 10.8125]"
False,2973,1,45514,0,"[10.8125, 10.9375, 10.875, 10.9375]"
False,2974,3,45515,1,"[11.125, 11.0, 11.0625, 11.125]"
False,2975,2,45522,3,"[11.0625, 10.875, 11.0, 10.8125]"
False,2976,3,45572,1,"[11.0625, 10.875, 11.0, 11.3125]"
False,2977,0,45604,1,"[11.0625, 10.875, 11.125, 11.1875]"
False,2978,1,45618,3,"[10.8125, 11.25, 11.125, 10.75]"
False,2979,3,45619,2,"[11.125, 11.1875, 10.9375, 11.125]"
True,2980,0,45627,0,"[10.8125, 10.9375, 10.8125, 11.25]"
True,2981,1,45629,1,"[11.125, 11.0625, 11.1875, 11.125]"
False,2982,1,45630,2,"[11.3125, 11.5, 11.125, 11.1875]"
True,2983,1,45641,1,"[11.0, 10.8125, 11.1875, 10.9375]"
True,2984,3,45642,3,"[11.0625, 11.0, 11.0625, 10.8125]"
True,2985,0,45662,0,"[10.875, 11.0, 10.9375, 11.125]"
False,2986,3,45663,0,"[11.0, 11.0625, 11.0, 11.0625]"
False,2987,2,45665,3,"[11.0, 10.9375, 11.0, 10.6875]"
False,2988,1,45666,0,"[10.75, 11.0, 10.9375, 10.875]"
False,2989,2,45673,0,"[10.875, 10.875, 11.0, 10.875]"
False,2990,1,45688,3,"[11.125, 11.1875, 11.0625, 10.875]"
False,2991,1,45703,2,"[10.9375, 11.125, 10.875, 11.125]"
False,2992,2,45742,3,"[11.125, 11.0625, 11.125, 10.9375]"
False,2993,2,45796,0,"[10.8125, 11.0, 10.9375, 10.9375]"
False,2994,2,45823,3,"[11.125, 11.0, 10.75, 10.5625]"
False,2995,2,45829,1,"[11.0625, 11.0, 11.25, 11.25]"
False,2996,1,45855,0,"[10.75, 10.75, 10.9375, 10.8125]"
False,2997,3,45856,0,"[10.9375, 10.9375, 11.0, 11.125]"
False,2998,2,45867,0,"[10.9375, 11.0625, 11.25, 11.1875]"
False,2999,0,45869,2,"[11.125, 10.9375, 10.6875, 10.9375]"
True,3000,3,45870,3,"[10.9375, 11.125, 11.0625, 10.75]"
False,3001,1,45986,0,"[10.875, 11.0625, 10.9375, 11.1875]"
False,3002,3,46010,2,"[10.9375, 11.0, 10.875, 10.9375]"
False,3003,3,46011,2,"[10.8125, 10.9375, 10.6875, 10.9375]"
False,3004,0,46012,3,"[11.125, 11.0, 11.3125, 10.9375]"
False,3005,2,46031,0,"[10.9375, 11.0625, 11.125, 11.5]"
False,3006,2,46032,3,"[10.9375, 11.25, 11.0625, 10.875]"
False,3007,0,46046,1,"[11.25, 11.0, 11.0, 11.0625]"
False,3008,2,46079,3,"[11.125, 11.1875, 11.0625, 10.9375]"
False,3009,3,46080,0,"[10.75, 11.3125, 11.3125, 11.4375]"
False,3010,3,46084,2,"[11.0, 10.9375, 10.75, 11.1875]"
True,3011,0,46112,0,"[10.6875, 10.8125, 11.0625, 11.1875]"
False,3012,2,46125,1,"[10.9375, 10.75, 11.1875, 11.0]"
False,3013,3,46126,1,"[10.9375, 10.875, 11.0625, 11.25]"
False,3014,2,46128,1,"[11.125, 10.8125, 11.0625, 11.1875]"
True,3015,1,46130,1,"[11.3125, 10.625, 10.9375, 11.1875]"
False,3016,3,46132,2,"[11.1875, 11.0625, 10.9375, 11.25]"
True,3017,0,46135,0,"[10.8125, 10.9375, 11.25, 11.0]"
False,3018,1,46142,0,"[10.8125, 11.1875, 11.0625, 11.1875]"
False,3019,3,46144,0,"[10.9375, 11.0, 10.9375, 11.0]"
False,3020,2,46145,3,"[11.3125, 11.0625, 10.9375, 10.875]"
False,3021,2,46220,3,"[11.0625, 11.0, 11.0625, 10.9375]"
False,3022,0,46221,2,"[11.25, 11.0625, 10.9375, 10.9375]"
False,3023,3,46260,2,"[10.875, 11.25, 10.8125, 11.25]"
False,3024,3,46261,1,"[11.125, 10.875, 10.875, 11.125]"
False,3025,3,46262,2,"[11.0625, 11.0, 10.9375, 11.375]"
False,3026,0,46310,2,"[11.0625, 11.0, 10.8125, 11.125]"
True,3027,3,46322,3,"[11.1875, 11.125, 11.0625, 11.0]"
False,3028,3,46323,1,"[11.1875, 10.9375, 11.0625, 10.9375]"
True,3029,2,46374,2,"[10.75, 11.1875, 10.625, 10.9375]"
False,3030,2,46390,3,"[11.125, 11.125, 11.0625, 10.9375]"
False,3031,0,46391,2,"[11.0, 11.0625, 10.8125, 11.0625]"
False,3032,0,46393,3,"[11.1875, 10.9375, 10.9375, 10.75]"
False,3033,3,46399,0,"[10.6875, 10.875, 11.375, 11.375]"
False,3034,0,46425,2,"[11.0625, 11.125, 10.75, 11.0]"
True,3035,1,46426,1,"[11.3125, 10.8125, 11.0, 11.0625]"
True,3036,1,46454,1,"[11.1875, 11.0625, 11.375, 11.25]"
False,3037,1,46457,0,"[10.875, 11.0625, 11.3125, 11.0]"
False,3038,2,46470,1,"[11.1875, 10.5625, 11.0625, 11.0]"
True,3039,2,46472,2,"[11.125, 11.0, 10.9375, 11.0625]"
True,3040,3,46479,3,"[11.0625, 11.0625, 11.0625, 11.0]"
False,3041,3,46480,0,"[11.125, 11.25, 11.1875, 11.125]"
False,3042,1,46532,2,"[11.0625, 11.0, 10.8125, 11.0625]"
True,3043,2,46534,2,"[11.125, 11.0, 10.8125, 11.125]"
True,3044,1,46535,1,"[10.9375, 10.8125, 10.875, 10.9375]"
False,3045,0,46553,2,"[11.0, 10.9375, 10.875, 11.125]"
False,3046,1,46554,0,"[10.8125, 11.0625, 11.0625, 11.3125]"
False,3047,3,46708,0,"[11.0, 11.125, 11.1875, 11.0]"
False,3048,1,46709,3,"[11.0, 11.0, 11.125, 10.5625]"
True,3049,1,46822,1,"[11.125, 10.8125, 10.9375, 11.125]"
True,3050,3,46882,3,"[10.9375, 10.875, 11.0, 10.8125]"
False,3051,3,46883,0,"[10.875, 11.125, 11.125, 11.0625]"
False,3052,3,46887,2,"[11.0, 10.9375, 10.875, 11.0]"
False,3053,2,46888,1,"[10.9375, 10.75, 11.125, 11.0625]"
True,3054,2,46889,2,"[10.9375, 11.0625, 10.75, 10.8125]"
False,3055,2,46899,0,"[10.75, 11.125, 11.25, 11.0]"
False,3056,2,46912,1,"[10.8125, 10.75, 10.875, 10.9375]"
False,3057,0,46960,2,"[10.9375, 11.4375, 10.875, 11.125]"
False,3058,1,47007,2,"[11.1875, 10.8125, 10.75, 11.0625]"
True,3059,3,47039,3,"[11.0, 11.0, 11.0, 10.875]"
False,3060,1,47061,2,"[11.125, 11.125, 10.75, 11.125]"
False,3061,2,47072,0,"[10.9375, 11.125, 10.9375, 11.1875]"
False,3062,0,47073,2,"[11.3125, 11.0, 10.8125, 11.0]"
False,3063,0,47074,2,"[11.125, 11.4375, 11.0625, 11.1875]"
False,3064,3,47142,1,"[11.1875, 11.125, 11.125, 11.25]"
False,3065,3,47143,0,"[10.8125, 11.0625, 11.0, 10.9375]"
False,3066,2,47176,3,"[11.25, 11.25, 11.125, 11.0]"
False,3067,2,47178,1,"[11.0625, 11.0, 11.0, 11.0625]"
False,3068,0,47190,1,"[11.125, 11.0, 11.0625, 11.0]"
False,3069,0,47191,2,"[11.0625, 11.0625, 10.9375, 11.0625]"
False,3070,0,47193,1,"[11.0, 10.9375, 11.0, 11.0625]"
False,3071,1,47200,3,"[11.0, 11.0, 11.3125, 10.8125]"
False,3072,3,47201,1,"[11.125, 10.875, 10.9375, 11.0625]"
False,3073,2,47202,1,"[10.9375, 10.625, 11.0, 10.875]"
False,3074,2,47225,1,"[11.0625, 10.8125, 11.0, 10.9375]"
False,3075,1,47248,3,"[11.0625, 11.0625, 10.9375, 10.8125]"
False,3076,3,47249,1,"[11.0625, 10.8125, 11.25, 11.1875]"
False,3077,2,47293,1,"[10.9375, 10.875, 10.875, 11.0625]"
False,3078,3,47294,1,"[11.0, 10.9375, 11.0625, 11.1875]"
True,3079,3,47297,3,"[11.0625, 11.1875, 11.125, 10.9375]"
True,3080,3,47338,3,"[11.5, 11.1875, 10.9375, 10.875]"
False,3081,3,47359,0,"[10.5, 10.9375, 11.25, 11.0625]"
False,3082,0,47368,3,"[11.1875, 11.375, 11.1875, 11.125]"
False,3083,2,47369,0,"[10.9375, 11.125, 10.9375, 11.0]"
False,3084,2,47370,1,"[11.1875, 10.8125, 11.0, 10.875]"
False,3085,1,47429,2,"[11.25, 11.1875, 11.0625, 11.25]"
False,3086,2,47438,3,"[11.0, 11.0625, 11.125, 10.9375]"
False,3087,2,47467,3,"[11.125, 11.3125, 11.0625, 11.0]"
False,3088,3,47512,1,"[11.0625, 10.9375, 11.0625, 11.125]"
False,3089,0,47576,3,"[11.0, 11.25, 11.375, 10.75]"
False,3090,1,47577,2,"[11.0625, 11.1875, 10.9375, 11.0]"
False,3091,0,47593,1,"[11.0, 10.9375, 10.9375, 11.0]"
False,3092,3,47598,0,"[10.75, 10.9375, 11.0, 10.75]"
False,3093,1,47615,3,"[11.125, 11.0, 11.0, 10.9375]"
False,3094,3,47617,1,"[11.1875, 10.9375, 11.1875, 11.125]"
True,3095,1,47644,1,"[11.25, 11.0, 11.0, 11.125]"
False,3096,0,47645,2,"[11.1875, 11.125, 11.0625, 11.125]"
False,3097,1,47650,0,"[10.8125, 11.0625, 10.9375, 11.0]"
True,3098,3,47651,3,"[11.0, 10.875, 11.0625, 10.8125]"
False,3099,1,47675,2,"[10.9375, 10.9375, 10.6875, 10.875]"
False,3100,0,47677,2,"[10.875, 11.1875, 10.6875, 11.0]"
False,3101,1,47704,0,"[10.8125, 11.1875, 10.9375, 10.9375]"
False,3102,3,47781,0,"[10.875, 11.125, 11.0, 11.0]"
False,3103,1,47782,2,"[11.25, 10.9375, 10.875, 11.3125]"
False,3104,2,47811,3,"[10.75, 10.625, 10.875, 10.5625]"
True,3105,1,47812,1,"[11.125, 10.9375, 11.0, 10.9375]"
False,3106,1,47820,3,"[11.125, 11.0, 11.125, 10.9375]"
False,3107,1,47821,0,"[11.0, 11.125, 11.1875, 11.0]"
False,3108,1,47841,3,"[11.0, 11.0, 11.125, 10.9375]"
False,3109,3,47884,1,"[11.25, 10.875, 10.9375, 11.0]"
False,3110,2,47896,1,"[10.9375, 10.8125, 11.125, 11.125]"
False,3111,1,47923,3,"[10.9375, 11.0625, 11.0, 10.875]"
True,3112,0,47951,0,"[11.0625, 11.125, 11.0625, 11.0625]"
True,3113,1,47952,1,"[11.0625, 10.875, 11.0625, 11.0]"
False,3114,2,47953,0,"[10.8125, 11.0, 11.0, 10.9375]"
False,3115,2,47958,1,"[11.0625, 10.9375, 11.0625, 11.0625]"
False,3116,2,47973,1,"[11.125, 11.0, 11.0625, 11.0625]"
False,3117,1,47974,3,"[11.0, 11.0, 11.125, 10.9375]"
False,3118,0,47975,1,"[11.125, 10.75, 10.9375, 11.0]"
False,3119,3,47995,0,"[10.625, 11.0625, 10.9375, 11.0]"
False,3120,1,47998,3,"[11.125, 10.9375, 10.875, 10.8125]"
False,3121,3,48010,0,"[10.875, 11.0, 11.1875, 11.3125]"
False,3122,1,48045,3,"[11.25, 10.875, 11.0625, 10.8125]"
True,3123,1,48046,1,"[11.0, 10.875, 10.9375, 11.125]"
True,3124,0,48102,0,"[11.0625, 11.0625, 11.0625, 11.0625]"
False,3125,3,48122,1,"[10.9375, 10.6875, 11.0625, 11.0]"
False,3126,0,48123,1,"[11.0, 10.9375, 11.125, 11.125]"
True,3127,2,48124,2,"[11.25, 11.25, 10.875, 10.9375]"
False,3128,1,48126,3,"[10.875, 11.375, 11.0, 10.8125]"
True,3129,1,48127,1,"[11.125, 10.75, 11.25, 11.125]"
False,3130,0,48133,3,"[11.125, 11.25, 11.0625, 10.9375]"
True,3131,3,48169,3,"[11.0625, 11.0, 11.0, 10.9375]"
False,3132,0,48172,3,"[11.0, 11.0, 11.0625, 10.75]"
False,3133,3,48176,0,"[10.8125, 11.3125, 10.9375, 11.0625]"
False,3134,1,48177,3,"[11.125, 11.125, 11.0625, 10.8125]"
False,3135,3,48178,1,"[11.0625, 10.9375, 10.9375, 11.0]"
False,3136,2,48193,3,"[11.0625, 11.0, 10.9375, 10.8125]"
False,3137,2,48240,1,"[11.25, 10.9375, 11.0625, 11.0]"
False,3138,0,48241,1,"[11.1875, 10.9375, 11.0625, 11.125]"
False,3139,0,48274,1,"[11.0625, 10.9375, 11.0625, 11.0]"
True,3140,2,48275,2,"[11.25, 11.0, 10.875, 11.25]"
False,3141,0,48310,3,"[11.0625, 11.125, 11.125, 11.0]"
False,3142,3,48354,0,"[10.8125, 11.125, 10.9375, 10.9375]"
False,3143,3,48355,2,"[11.1875, 11.4375, 11.125, 11.1875]"
False,3144,1,48356,2,"[11.125, 11.125, 11.0, 11.125]"
True,3145,3,48360,3,"[10.8125, 11.0625, 10.875, 10.75]"
False,3146,0,48396,1,"[11.0625, 10.9375, 11.0625, 10.9375]"
True,3147,1,48400,1,"[10.9375, 10.6875, 11.0625, 10.8125]"
False,3148,0,48401,1,"[11.125, 10.75, 11.0625, 10.8125]"
False,3149,3,48430,2,"[10.9375, 11.0625, 10.8125, 11.0625]"
False,3150,3,48431,0,"[11.0, 11.25, 11.0625, 11.0]"
False,3151,2,48451,0,"[11.0, 11.0625, 11.0, 11.0625]"
False,3152,0,48459,1,"[11.0625, 10.9375, 10.9375, 11.0]"
False,3153,0,48460,1,"[11.0625, 10.875, 11.125, 11.25]"
False,3154,1,48461,0,"[10.9375, 11.125, 11.0625, 11.0625]"
True,3155,0,48588,0,"[10.9375, 10.9375, 10.9375, 10.9375]"
False,3156,0,48592,2,"[10.9375, 11.25, 10.8125, 11.0]"
False,3157,1,48639,3,"[11.25, 11.1875, 11.0, 10.625]"
True,3158,1,48651,1,"[11.0, 10.9375, 11.0625, 11.1875]"
True,3159,3,48652,3,"[11.25, 11.125, 11.25, 11.0]"
False,3160,2,48653,0,"[11.0, 11.0625, 11.375, 11.375]"
False,3161,1,48713,0,"[10.75, 11.125, 11.0, 10.9375]"
True,3162,3,48714,3,"[11.125, 11.125, 10.9375, 10.875]"
True,3163,3,48724,3,"[11.0625, 10.875, 11.0625, 10.75]"
False,3164,3,48733,0,"[11.125, 11.25, 11.25, 11.25]"
False,3165,1,48765,0,"[10.8125, 11.0625, 11.0625, 11.0625]"
False,3166,0,48784,1,"[11.0625, 10.75, 11.0, 11.0]"
False,3167,1,48878,2,"[10.875, 11.125, 10.4375, 10.8125]"
False,3168,3,48879,0,"[10.9375, 11.0, 10.9375, 11.0]"
False,3169,2,48881,1,"[11.0625, 11.0, 11.4375, 11.25]"
True,3170,1,49019,1,"[11.1875, 10.875, 10.875, 10.9375]"
False,3171,0,49020,3,"[11.0, 11.0, 11.0, 10.875]"
False,3172,2,49044,1,"[11.0625, 10.875, 11.0, 11.0625]"
False,3173,3,49045,0,"[10.875, 11.1875, 11.0625, 11.1875]"
False,3174,2,49064,3,"[11.25, 10.8125, 10.875, 10.75]"
True,3175,0,49065,0,"[10.5625, 10.625, 11.125, 10.8125]"
False,3176,0,49066,2,"[11.25, 11.125, 10.9375, 11.0]"
False,3177,2,49067,0,"[11.125, 11.25, 11.25, 11.1875]"
True,3178,1,49084,1,"[10.9375, 10.75, 10.9375, 11.3125]"
False,3179,1,49085,3,"[11.1875, 11.0625, 11.125, 11.0]"
True,3180,2,49157,2,"[11.5, 11.25, 10.8125, 11.3125]"
False,3181,3,49183,2,"[11.1875, 11.125, 10.875, 11.25]"
False,3182,3,49219,2,"[11.125, 11.0, 10.6875, 10.6875]"
False,3183,1,49227,2,"[11.0, 11.1875, 10.75, 10.9375]"
True,3184,0,49229,0,"[10.875, 11.0, 10.9375, 10.875]"
False,3185,2,49230,0,"[10.9375, 11.1875, 11.0, 11.25]"
True,3186,1,49258,1,"[10.9375, 10.875, 11.0, 10.9375]"
True,3187,3,49259,3,"[11.0625, 11.125, 11.125, 11.0]"
False,3188,2,49263,3,"[11.125, 10.9375, 10.8125, 10.6875]"
False,3189,3,49309,0,"[10.875, 11.0, 11.125, 10.9375]"
False,3190,0,49387,1,"[11.0625, 10.6875, 10.75, 10.8125]"
False,3191,2,49388,1,"[11.1875, 11.0625, 11.125, 11.125]"
False,3192,1,49424,3,"[11.125, 10.875, 11.1875, 10.8125]"
False,3193,3,49426,1,"[11.1875, 10.875, 10.875, 10.875]"
False,3194,1,49491,2,"[11.125, 11.0625, 10.875, 10.875]"
True,3195,0,49492,0,"[10.9375, 11.3125, 11.125, 11.0]"
False,3196,3,49493,1,"[11.0, 10.75, 11.125, 11.1875]"
False,3197,2,49509,0,"[11.0, 11.0625, 11.25, 11.0625]"
True,3198,3,49515,3,"[11.0625, 11.0625, 11.0625, 11.0]"
False,3199,2,49518,0,"[10.9375, 11.1875, 11.0625, 11.25]"
False,3200,2,49519,0,"[10.875, 11.0625, 11.3125, 11.125]"
False,3201,3,49532,0,"[11.125, 11.125, 11.25, 11.125]"
True,3202,0,49544,0,"[10.875, 11.125, 10.9375, 11.125]"
False,3203,1,49565,3,"[11.125, 11.0, 11.125, 10.9375]"
False,3204,2,49583,1,"[10.9375, 10.5625, 10.875, 10.875]"
True,3205,1,49584,1,"[10.875, 10.8125, 10.9375, 11.0]"
False,3206,2,49641,0,"[10.9375, 11.1875, 11.25, 11.3125]"
False,3207,3,49682,1,"[11.0625, 11.0, 11.0625, 11.25]"
False,3208,1,49694,3,"[11.0, 11.0625, 11.0625, 10.9375]"
False,3209,0,49695,3,"[11.0, 11.0, 11.125, 10.9375]"
True,3210,3,49705,3,"[11.1875, 10.875, 10.8125, 10.75]"
False,3211,1,49715,0,"[10.9375, 11.0625, 11.0625, 11.125]"
True,3212,3,49716,3,"[11.1875, 11.0625, 11.0625, 10.875]"
True,3213,0,49717,0,"[11.0, 11.3125, 11.0625, 11.0625]"
False,3214,3,49718,0,"[11.0625, 11.0625, 11.125, 11.0625]"
False,3215,1,49733,2,"[10.875, 11.1875, 10.8125, 11.0625]"
True,3216,2,49736,2,"[11.25, 11.125, 11.0, 11.0625]"
True,3217,3,49797,3,"[11.0, 11.0, 11.0, 10.8125]"
False,3218,3,49798,1,"[10.9375, 10.8125, 11.0, 10.9375]"
True,3219,3,49811,3,"[10.9375, 11.125, 11.125, 10.875]"
False,3220,2,49812,0,"[10.8125, 10.875, 11.0, 11.0625]"
False,3221,1,49813,2,"[11.0, 10.9375, 10.8125, 11.125]"
False,3222,2,49837,3,"[11.25, 11.0, 11.3125, 10.6875]"
False,3223,3,49847,1,"[11.25, 10.9375, 10.9375, 11.0625]"
False,3224,0,49890,2,"[11.1875, 10.9375, 10.875, 11.125]"
False,3225,3,49900,2,"[11.0, 10.8125, 10.75, 10.8125]"
False,3226,1,49955,0,"[10.75, 11.0625, 11.0, 11.0]"
False,3227,2,49974,1,"[10.9375, 10.8125, 10.8125, 11.0]"
False,3228,2,49975,0,"[10.625, 11.0625, 10.8125, 10.8125]"
False,3229,1,50023,3,"[11.0625, 11.25, 11.125, 10.8125]"
False,3230,0,50024,2,"[11.25, 11.25, 11.0, 11.0]"
False,3231,0,50026,2,"[11.0625, 11.25, 10.9375, 11.0625]"
False,3232,3,50045,0,"[10.75, 11.0625, 10.9375, 10.75]"
False,3233,3,50048,1,"[11.0, 10.875, 11.375, 11.125]"
True,3234,3,50070,3,"[11.0625, 11.0625, 11.0, 10.75]"
False,3235,0,50071,3,"[10.9375, 11.0625, 11.0625, 10.4375]"
False,3236,3,50073,2,"[11.125, 11.1875, 11.0, 11.0]"
False,3237,0,50079,3,"[11.25, 11.25, 11.0625, 10.9375]"
False,3238,3,50117,0,"[10.875, 11.0, 11.0625, 11.0]"
False,3239,2,50119,3,"[10.75, 10.9375, 11.0625, 10.6875]"
False,3240,0,50158,1,"[11.0, 10.75, 10.8125, 10.9375]"
False,3241,0,50159,2,"[10.6875, 11.3125, 10.625, 10.875]"
True,3242,0,50160,0,"[11.0, 11.1875, 11.1875, 11.0]"
False,3243,3,1,2,"[11.0, 11.125, 10.875, 11.0]"
False,3244,3,11,1,"[11.0, 10.875, 11.0, 11.0]"
False,3245,0,15,2,"[11.0, 11.0625, 10.9375, 11.125]"
True,3246,1,18,1,"[11.125, 11.0, 11.0, 11.0625]"
True,3247,1,48,1,"[10.9375, 10.8125, 10.9375, 11.0]"
False,3248,2,60,1,"[11.0625, 10.8125, 11.125, 11.0]"
True,3249,1,70,1,"[11.0625, 10.8125, 11.0625, 11.0]"
True,3250,2,76,2,"[11.125, 11.0625, 10.9375, 11.0]"
False,3251,3,87,1,"[11.0, 10.875, 10.875, 10.875]"
False,3252,0,95,2,"[11.0625, 11.1875, 10.9375, 10.9375]"
False,3253,0,124,3,"[10.875, 11.0, 11.0, 10.8125]"
False,3254,1,132,3,"[11.0, 11.0, 11.0625, 10.875]"
False,3255,3,147,2,"[11.0625, 11.125, 10.9375, 10.9375]"
False,3256,0,159,2,"[11.0, 11.1875, 10.9375, 11.0]"
False,3257,2,160,1,"[11.0, 10.9375, 11.125, 11.0]"
True,3258,2,168,2,"[11.0625, 11.125, 11.0, 11.0625]"
False,3259,2,172,3,"[10.9375, 11.0625, 10.9375, 10.875]"
True,3260,1,180,1,"[11.1875, 10.875, 11.0, 10.9375]"
False,3261,1,183,0,"[10.9375, 11.0, 11.125, 11.125]"
False,3262,3,196,2,"[11.0625, 10.9375, 10.875, 11.0625]"
False,3263,3,202,0,"[10.875, 10.9375, 11.0625, 11.0]"
False,3264,0,206,2,"[11.0625, 11.125, 11.0, 11.0625]"
False,3265,1,208,2,"[11.0625, 10.9375, 10.875, 11.0]"
False,3266,0,211,3,"[11.125, 11.0, 11.0, 10.9375]"
False,3267,1,220,0,"[10.875, 11.0625, 11.0625, 10.875]"
False,3268,0,236,2,"[11.0, 11.0, 10.875, 11.25]"
False,3269,2,255,3,"[10.9375, 11.125, 11.0625, 10.75]"
False,3270,2,258,0,"[11.0625, 11.1875, 11.0625, 11.125]"
True,3271,0,259,0,"[10.9375, 10.9375, 11.0625, 10.9375]"
True,3272,0,261,0,"[11.125, 11.125, 11.125, 11.125]"
True,3273,1,271,1,"[11.0625, 10.9375, 11.0625, 11.125]"
True,3274,3,273,3,"[11.1875, 11.125, 11.0, 10.9375]"
True,3275,2,290,2,"[11.0, 11.1875, 10.9375, 10.9375]"
False,3276,0,294,2,"[11.0625, 11.0625, 10.875, 11.0625]"
True,3277,0,296,0,"[10.875, 11.0625, 11.0, 11.0]"
False,3278,3,303,1,"[11.0625, 10.9375, 11.0, 11.0]"
False,3279,1,305,0,"[10.75, 10.9375, 11.0625, 11.0625]"
False,3280,3,307,1,"[11.0625, 10.8125, 11.0625, 11.0625]"
False,3281,1,314,2,"[11.125, 11.1875, 11.0, 11.0]"
False,3282,2,315,1,"[11.0625, 10.9375, 11.0625, 11.1875]"
False,3283,2,324,3,"[11.0, 11.0, 11.0625, 10.9375]"
True,3284,1,327,1,"[11.125, 10.875, 11.0, 11.25]"
False,3285,0,328,1,"[11.0625, 11.0, 11.125, 11.0]"
False,3286,3,330,0,"[11.0, 11.0, 11.0, 11.125]"
True,3287,3,335,3,"[11.0, 11.0, 11.0, 10.875]"
True,3288,1,357,1,"[11.0625, 10.9375, 11.0, 11.125]"
False,3289,1,359,2,"[11.1875, 11.0, 10.9375, 11.125]"
False,3290,0,361,1,"[11.0625, 11.0, 11.125, 11.1875]"
False,3291,3,362,1,"[11.0625, 11.0, 11.0, 11.0]"
False,3292,0,366,1,"[11.125, 11.0625, 11.1875, 11.0625]"
False,3293,2,381,1,"[11.125, 11.0, 11.0625, 11.125]"
False,3294,1,386,0,"[10.8125, 11.0625, 11.0625, 11.0]"
False,3295,3,390,2,"[11.1875, 11.1875, 11.0625, 11.0625]"
False,3296,1,392,3,"[11.0, 11.125, 11.125, 10.875]"
False,3297,2,398,1,"[10.875, 10.8125, 10.9375, 11.0]"
True,3298,0,412,0,"[10.9375, 11.1875, 11.0, 11.0625]"
False,3299,1,429,0,"[10.9375, 11.0625, 11.0, 11.0]"
False,3300,3,437,0,"[10.9375, 10.9375, 11.0625, 11.1875]"
False,3301,0,438,3,"[11.0, 11.0625, 11.0625, 10.875]"
True,3302,2,443,2,"[10.9375, 11.0625, 10.875, 11.0]"
False,3303,3,450,2,"[11.0, 11.0, 10.875, 10.875]"
False,3304,1,454,0,"[11.0625, 11.0625, 11.0625, 11.25]"
False,3305,1,456,2,"[11.0625, 11.0, 10.6875, 11.0]"
False,3306,0,479,3,"[11.25, 11.0625, 11.125, 10.9375]"
False,3307,0,487,2,"[11.125, 11.0625, 11.0, 11.0]"
False,3308,1,495,3,"[11.0, 11.0625, 11.125, 10.8125]"
True,3309,3,507,3,"[11.0625, 11.0625, 11.0625, 10.8125]"
False,3310,3,513,2,"[11.1875, 11.125, 11.0, 11.0]"
False,3311,0,514,1,"[11.0625, 11.0, 11.0625, 11.0625]"
False,3312,3,519,2,"[11.0625, 11.0, 10.875, 10.9375]"
False,3313,3,526,0,"[10.8125, 10.9375, 11.0, 11.0]"
True,3314,1,538,1,"[11.0, 10.9375, 11.125, 11.0]"
False,3315,3,589,1,"[11.0625, 10.9375, 10.9375, 10.9375]"
False,3316,2,592,0,"[10.875, 11.0, 11.0625, 11.0625]"
True,3317,2,594,2,"[11.0625, 11.0625, 10.875, 11.0]"
False,3318,3,597,0,"[10.9375, 11.0625, 11.0625, 11.0625]"
False,3319,1,609,3,"[11.0625, 11.1875, 11.0, 10.875]"
False,3320,1,616,0,"[11.0625, 11.1875, 11.0625, 11.125]"
False,3321,0,620,3,"[11.0, 11.0625, 10.9375, 10.8125]"
False,3322,3,631,1,"[11.0625, 10.875, 10.9375, 11.125]"
False,3323,2,639,0,"[11.0, 11.0, 11.125, 11.0]"
True,3324,2,648,2,"[11.0, 11.0, 10.9375, 11.0]"
True,3325,3,656,3,"[11.0, 11.0, 11.25, 10.9375]"
False,3326,2,669,0,"[10.9375, 11.1875, 11.125, 11.0625]"
False,3327,2,670,0,"[10.9375, 11.125, 11.0625, 11.1875]"
False,3328,3,674,0,"[11.0, 11.1875, 11.0, 11.0625]"
False,3329,3,682,2,"[11.0, 11.0625, 10.9375, 11.1875]"
True,3330,1,685,1,"[11.125, 11.0, 11.0, 11.0]"
False,3331,3,687,2,"[11.25, 11.1875, 11.0625, 11.0625]"
False,3332,0,701,1,"[11.0, 10.8125, 11.0625, 11.125]"
False,3333,2,703,1,"[11.0625, 10.875, 11.1875, 11.1875]"
False,3334,1,706,2,"[11.0625, 11.0625, 10.9375, 10.9375]"
True,3335,2,719,2,"[11.125, 11.125, 11.0, 11.0]"
True,3336,2,731,2,"[11.125, 11.1875, 11.0, 11.125]"
False,3337,2,734,1,"[11.0625, 11.0, 11.0625, 11.125]"
True,3338,0,737,0,"[11.0, 11.0625, 11.0, 11.1875]"
False,3339,2,750,3,"[11.1875, 11.125, 11.3125, 11.0625]"
False,3340,0,763,1,"[11.1875, 10.9375, 10.9375, 11.0]"
False,3341,3,768,1,"[11.125, 10.9375, 11.0625, 10.9375]"
True,3342,0,777,0,"[11.0, 11.125, 11.125, 11.125]"
False,3343,1,790,0,"[10.9375, 11.0625, 11.0, 11.125]"
True,3344,1,800,1,"[11.0625, 10.9375, 11.0625, 11.125]"
False,3345,1,807,3,"[11.0, 11.0625, 11.0625, 10.9375]"
True,3346,0,811,0,"[10.875, 11.0625, 11.0625, 10.9375]"
True,3347,0,815,0,"[11.0, 11.0, 11.125, 11.125]"
False,3348,3,816,0,"[10.875, 11.125, 11.0625, 10.9375]"
False,3349,2,826,3,"[11.1875, 11.0625, 10.9375, 10.875]"
False,3350,0,833,2,"[11.25, 11.125, 11.0625, 11.1875]"
True,3351,3,840,3,"[11.1875, 11.125, 11.0625, 11.0]"
True,3352,3,858,3,"[11.0, 11.0625, 11.0625, 10.9375]"
True,3353,1,885,1,"[11.0625, 10.9375, 11.1875, 10.9375]"
False,3354,1,887,3,"[11.0625, 11.0, 10.9375, 10.875]"
False,3355,0,899,1,"[11.0625, 11.0, 11.0, 11.0625]"
True,3356,1,903,1,"[11.0625, 10.9375, 11.0625, 11.125]"
False,3357,0,908,2,"[11.0625, 11.0, 10.9375, 11.0]"
False,3358,3,924,0,"[10.875, 10.9375, 11.0625, 11.0625]"
True,3359,1,940,1,"[11.0, 10.875, 11.0, 11.125]"
False,3360,1,954,0,"[10.8125, 11.0625, 11.125, 10.9375]"
True,3361,0,962,0,"[10.875, 10.875, 11.125, 11.0625]"
False,3362,2,986,3,"[11.0, 11.0, 11.125, 10.9375]"
True,3363,0,993,0,"[11.0, 11.0, 11.0625, 11.0625]"
False,3364,2,1011,1,"[11.125, 11.0, 11.0, 11.1875]"
False,3365,1,1018,0,"[11.0, 11.0625, 11.0, 11.125]"
False,3366,1,1030,0,"[10.875, 11.125, 10.9375, 11.0]"
False,3367,0,1055,2,"[10.9375, 10.875, 10.8125, 10.8125]"
False,3368,2,1068,1,"[11.0625, 10.875, 11.0, 11.1875]"
False,3369,0,1076,2,"[11.0625, 11.0625, 11.0, 11.0625]"
False,3370,0,1081,1,"[11.0625, 11.0, 11.0625, 11.0625]"
False,3371,0,1084,3,"[11.0, 11.0, 10.9375, 10.6875]"
True,3372,0,1103,0,"[10.875, 11.0625, 11.0625, 11.125]"
False,3373,1,1107,2,"[11.125, 11.125, 10.9375, 11.1875]"
False,3374,0,1120,1,"[11.0625, 11.0, 11.0625, 11.0625]"
False,3375,3,1122,1,"[11.0, 10.9375, 11.0625, 11.0]"
True,3376,0,1129,0,"[11.0, 11.0625, 11.0, 11.0]"
False,3377,2,1136,1,"[11.0625, 10.8125, 10.8125, 10.9375]"
False,3378,0,1146,2,"[11.0625, 11.0625, 11.0, 11.0625]"
False,3379,3,1152,1,"[11.125, 10.9375, 11.125, 11.0625]"
False,3380,3,1155,0,"[11.0, 11.0, 11.0, 11.0625]"
True,3381,3,1160,3,"[11.0625, 11.125, 11.1875, 11.0]"
False,3382,0,1162,1,"[10.9375, 10.8125, 11.125, 11.0625]"
True,3383,1,1170,1,"[11.0625, 10.75, 11.0, 11.0625]"
False,3384,1,1210,3,"[11.0, 11.125, 10.9375, 10.875]"
True,3385,3,1237,3,"[11.0, 11.0625, 11.125, 10.9375]"
False,3386,3,1246,0,"[11.0, 11.0, 11.0625, 11.0625]"
False,3387,0,1247,2,"[11.125, 11.125, 11.0625, 11.125]"
False,3388,1,1269,2,"[11.0625, 11.0625, 10.875, 10.875]"
True,3389,2,1273,2,"[11.0625, 11.0625, 11.0, 11.0]"
False,3390,2,1278,3,"[11.125, 11.125, 11.1875, 11.0625]"
False,3391,2,1279,0,"[10.9375, 10.9375, 11.1875, 11.0]"
True,3392,2,1282,2,"[11.0625, 11.0625, 11.0, 11.0]"
True,3393,3,1288,3,"[11.0, 11.125, 11.125, 10.9375]"
True,3394,2,1290,2,"[11.0625, 11.25, 10.9375, 10.9375]"
False,3395,1,1292,0,"[11.0, 11.0625, 11.0625, 11.0]"
False,3396,0,1303,3,"[11.0625, 11.125, 11.0, 10.8125]"
False,3397,3,1310,1,"[11.125, 11.0, 11.0625, 11.0625]"
False,3398,3,1312,0,"[10.9375, 11.0, 11.0625, 11.0625]"
False,3399,1,1324,3,"[10.9375, 10.8125, 10.875, 10.75]"
False,3400,1,1325,2,"[11.0625, 11.0625, 11.0, 11.125]"
False,3401,2,1329,0,"[11.0625, 11.0625, 11.0625, 11.0625]"
False,3402,2,1339,3,"[11.25, 11.0625, 11.125, 11.0]"
False,3403,2,1344,0,"[10.9375, 10.9375, 11.0, 11.0]"
False,3404,2,1348,3,"[11.0625, 11.0, 11.0, 10.875]"
False,3405,2,1354,3,"[11.125, 11.125, 11.125, 11.0]"
False,3406,2,1371,0,"[11.0, 11.0625, 11.25, 11.125]"
False,3407,3,1385,0,"[11.0, 11.0, 11.1875, 11.0]"
False,3408,1,1396,0,"[10.9375, 11.0625, 11.125, 11.125]"
False,3409,1,1400,0,"[10.875, 10.9375, 11.0, 11.0625]"
False,3410,3,1401,1,"[11.0, 10.9375, 11.1875, 10.9375]"
False,3411,3,1406,0,"[11.0, 11.0, 11.0, 11.0]"
True,3412,2,1407,2,"[11.0, 11.0, 10.875, 11.0]"
False,3413,2,1419,3,"[11.1875, 11.0, 11.125, 10.9375]"
False,3414,1,1424,2,"[11.0625, 11.0, 10.875, 11.0]"
False,3415,0,1425,1,"[11.0625, 11.0, 11.0, 11.0]"
False,3416,1,1428,0,"[11.0, 11.0625, 11.0, 11.0]"
False,3417,0,1430,2,"[11.0625, 11.0625, 10.9375, 10.9375]"
False,3418,3,1439,2,"[11.0, 11.0, 10.9375, 11.125]"
True,3419,1,1443,1,"[11.0625, 10.9375, 11.0, 11.0]"
True,3420,3,1451,3,"[11.125, 11.125, 11.1875, 11.0]"
False,3421,1,1453,2,"[11.0625, 11.0625, 10.8125, 11.0625]"
False,3422,1,1485,0,"[10.9375, 11.0, 11.125, 11.25]"
False,3423,2,1495,0,"[10.9375, 11.0625, 10.9375, 11.0]"
False,3424,0,1500,2,"[11.0, 11.0, 10.9375, 11.0]"
False,3425,1,1504,2,"[11.0625, 11.0625, 11.0, 11.0625]"
False,3426,3,1514,2,"[11.0, 11.0, 10.875, 11.0]"
False,3427,1,1531,2,"[11.0625, 11.1875, 11.0, 11.0]"
False,3428,0,1546,3,"[11.0, 11.0625, 11.0625, 10.75]"
False,3429,3,1547,2,"[11.125, 11.0625, 10.75, 10.9375]"
False,3430,3,1567,1,"[11.0, 10.875, 10.875, 10.875]"
False,3431,2,1587,0,"[11.0, 11.0, 11.125, 11.0]"
False,3432,3,1591,0,"[11.0, 11.0, 11.125, 11.0]"
False,3433,1,1593,0,"[10.875, 11.0, 11.125, 11.0625]"
False,3434,3,1599,1,"[11.0625, 10.9375, 11.0, 11.0]"
False,3435,2,1604,0,"[10.9375, 11.1875, 11.3125, 11.1875]"
False,3436,1,1615,0,"[10.875, 11.125, 11.0, 11.0625]"
True,3437,0,1621,0,"[10.875, 10.9375, 11.125, 10.9375]"
False,3438,1,1622,2,"[11.125, 11.0625, 11.0, 11.0625]"
False,3439,0,1629,1,"[11.0625, 10.8125, 10.9375, 11.0625]"
False,3440,3,1639,2,"[10.9375, 11.0, 10.875, 11.0]"
True,3441,2,1651,2,"[11.0, 11.1875, 10.875, 11.0]"
False,3442,1,1655,2,"[11.0, 10.9375, 10.875, 11.0]"
True,3443,1,1659,1,"[11.0625, 10.9375, 11.0, 11.0]"
False,3444,3,1660,0,"[10.875, 11.0, 11.125, 11.0625]"
True,3445,2,1670,2,"[11.0, 11.125, 10.9375, 10.9375]"
False,3446,1,1682,2,"[11.25, 11.0, 10.9375, 11.125]"
False,3447,1,1685,0,"[11.0625, 11.125, 11.0625, 11.125]"
False,3448,0,1688,1,"[11.0625, 11.0, 11.0, 11.125]"
False,3449,2,1689,0,"[10.875, 10.875, 11.125, 11.0]"
False,3450,0,1692,3,"[11.125, 11.0625, 11.1875, 11.0]"
False,3451,0,1713,2,"[11.0, 10.9375, 10.875, 10.875]"
True,3452,0,1722,0,"[11.0, 11.0, 11.0625, 11.0]"
False,3453,2,1729,1,"[11.125, 10.875, 11.125, 11.0625]"
False,3454,2,1736,3,"[11.0, 11.0625, 11.1875, 10.9375]"
True,3455,2,1747,2,"[11.125, 10.9375, 10.8125, 10.9375]"
False,3456,2,1753,3,"[10.9375, 10.9375, 11.0, 10.875]"
False,3457,2,1754,1,"[11.1875, 10.9375, 11.0, 11.125]"
False,3458,3,1764,0,"[10.9375, 10.9375, 11.0, 11.0]"
True,3459,2,1765,2,"[11.0, 11.1875, 10.875, 10.875]"
False,3460,2,1767,0,"[10.875, 11.0625, 11.25, 11.0]"
True,3461,0,1769,0,"[10.875, 10.875, 10.9375, 10.875]"
True,3462,0,1774,0,"[11.0, 11.0, 11.0625, 11.0625]"
False,3463,3,1779,0,"[11.0, 11.0625, 11.125, 11.125]"
True,3464,0,1782,0,"[11.0, 11.0625, 11.0625, 11.0]"
True,3465,1,1791,1,"[11.0625, 11.0, 11.0, 11.0625]"
True,3466,0,1794,0,"[10.875, 10.875, 11.1875, 11.0]"
True,3467,1,1799,1,"[11.0, 10.9375, 10.9375, 11.0625]"
False,3468,2,1800,0,"[11.0, 11.25, 11.0625, 11.0625]"
False,3469,1,1806,0,"[10.9375, 11.125, 10.9375, 11.0]"
True,3470,0,1809,0,"[10.8125, 10.8125, 11.0, 11.0625]"
False,3471,3,1810,0,"[11.0, 11.0, 11.125, 11.125]"
False,3472,3,1813,0,"[10.9375, 11.0, 11.25, 11.0]"
False,3473,0,1814,1,"[11.125, 11.0, 11.25, 11.125]"
True,3474,0,1826,0,"[10.9375, 11.1875, 11.25, 11.1875]"
True,3475,2,1828,2,"[11.0625, 11.0625, 11.0, 11.125]"
False,3476,0,1830,3,"[11.0625, 11.0, 11.0, 10.9375]"
True,3477,1,1831,1,"[11.1875, 11.0625, 11.25, 11.0625]"
False,3478,2,1839,0,"[11.0625, 11.1875, 11.125, 11.0625]"
False,3479,1,1846,0,"[11.0, 11.0625, 11.125, 11.125]"
True,3480,0,1850,0,"[10.9375, 11.0, 11.0, 11.0625]"
False,3481,2,1860,1,"[11.0625, 10.875, 11.0, 10.875]"
False,3482,2,1865,3,"[11.0625, 10.9375, 11.0, 10.875]"
False,3483,2,1868,0,"[10.875, 11.0, 11.0625, 10.9375]"
False,3484,0,1871,1,"[11.0, 10.9375, 10.9375, 11.125]"
False,3485,0,1874,2,"[11.0625, 11.25, 11.0, 11.1875]"
False,3486,1,1886,2,"[11.0625, 11.0625, 10.875, 11.0]"
True,3487,0,1891,0,"[10.8125, 11.0625, 11.0625, 11.0]"
False,3488,1,1905,3,"[11.0625, 11.0, 11.125, 10.9375]"
False,3489,0,1908,1,"[11.0625, 11.0, 11.125, 11.0]"
False,3490,1,1922,3,"[11.125, 11.125, 11.0625, 10.9375]"
True,3491,3,1935,3,"[11.0625, 11.25, 10.9375, 10.875]"
False,3492,0,1938,3,"[11.125, 11.0, 11.125, 10.9375]"
False,3493,2,1947,1,"[11.0625, 10.9375, 11.0625, 11.0]"
True,3494,1,1948,1,"[11.0625, 10.9375, 11.1875, 11.0625]"
False,3495,1,1966,0,"[11.0625, 11.1875, 11.1875, 11.0625]"
True,3496,1,1971,1,"[11.1875, 10.9375, 11.0, 11.0]"
False,3497,1,1979,3,"[10.9375, 10.9375, 11.0, 10.875]"
True,3498,2,1980,2,"[11.0625, 11.125, 11.0, 11.25]"
False,3499,2,1988,0,"[11.0, 11.125, 11.125, 11.0]"
False,3500,3,1993,1,"[11.0625, 11.0, 11.0, 11.0625]"
False,3501,2,2001,0,"[10.9375, 10.9375, 11.0625, 10.9375]"
False,3502,0,2019,2,"[11.125, 11.0, 10.875, 11.125]"
True,3503,2,2020,2,"[11.0, 11.0, 10.9375, 11.0]"
False,3504,2,2024,3,"[11.0625, 11.0625, 11.25, 10.9375]"
True,3505,1,2025,1,"[11.0625, 10.875, 11.125, 11.0625]"
False,3506,1,2027,3,"[11.0, 11.1875, 11.125, 10.9375]"
False,3507,1,2038,2,"[11.0625, 11.0625, 10.9375, 10.9375]"
True,3508,1,2041,1,"[10.9375, 10.875, 10.9375, 11.0625]"
False,3509,0,2048,2,"[11.0, 11.125, 10.875, 11.0]"
False,3510,2,2073,0,"[10.875, 11.0, 11.0625, 11.0]"
False,3511,1,2087,0,"[11.0, 11.125, 11.0625, 11.0]"
True,3512,3,2098,3,"[11.125, 11.0, 11.0625, 10.9375]"
False,3513,2,2102,3,"[11.0625, 11.0625, 10.9375, 10.875]"
False,3514,2,2105,0,"[10.8125, 10.875, 10.875, 10.9375]"
False,3515,3,2116,0,"[10.9375, 11.125, 11.0, 11.0]"
True,3516,2,2119,2,"[11.0, 11.0625, 10.9375, 11.125]"
False,3517,3,2120,1,"[11.0625, 11.0, 11.0, 11.0625]"
False,3518,2,2123,1,"[11.0, 10.9375, 10.9375, 11.125]"
False,3519,0,2136,1,"[11.0, 10.9375, 11.0625, 10.9375]"
True,3520,1,2150,1,"[11.0625, 11.0, 11.0, 11.0]"
False,3521,2,2171,0,"[10.875, 11.0625, 11.0, 10.875]"
True,3522,0,2175,0,"[10.8125, 11.0, 11.0625, 11.125]"
False,3523,1,2190,0,"[10.8125, 11.0625, 11.0, 11.0625]"
True,3524,2,2195,2,"[11.1875, 11.125, 11.0, 11.125]"
False,3525,2,2203,1,"[11.0, 10.8125, 11.0625, 10.9375]"
True,3526,0,2211,0,"[10.875, 11.0625, 10.9375, 10.9375]"
False,3527,3,2225,0,"[10.9375, 11.0625, 11.0625, 11.0625]"
False,3528,3,2226,2,"[11.125, 11.125, 10.9375, 10.9375]"
False,3529,0,2229,2,"[11.0, 11.125, 10.875, 10.9375]"
False,3530,1,2233,2,"[11.0625, 11.0625, 11.0, 11.0625]"
True,3531,2,2241,2,"[11.0625, 11.1875, 10.9375, 11.0625]"
False,3532,1,2244,2,"[11.0625, 11.0625, 10.9375, 11.0625]"
True,3533,1,2250,1,"[11.0625, 10.875, 11.0, 11.0]"
True,3534,3,2253,3,"[11.0625, 11.125, 11.1875, 11.0]"
False,3535,0,2256,2,"[11.25, 11.125, 11.0625, 11.125]"
True,3536,2,2264,2,"[11.0625, 11.1875, 11.0, 11.0625]"
False,3537,3,2266,0,"[10.875, 10.9375, 10.875, 11.0]"
False,3538,2,2288,1,"[11.125, 11.0, 11.0625, 11.0]"
False,3539,1,2294,3,"[11.0, 11.25, 11.0625, 10.875]"
False,3540,2,2298,3,"[11.0625, 11.0625, 11.0625, 11.0]"
False,3541,3,2301,1,"[11.125, 10.875, 11.0625, 11.1875]"
False,3542,0,2308,2,"[11.125, 11.1875, 11.0, 11.0]"
True,3543,3,2328,3,"[11.0, 11.0, 11.0, 10.9375]"
True,3544,1,2351,1,"[11.125, 10.9375, 10.9375, 11.0]"
True,3545,2,2355,2,"[11.0625, 11.0625, 10.875, 10.9375]"
True,3546,0,2358,0,"[11.0, 11.0625, 11.0, 11.0625]"
False,3547,3,2362,1,"[11.0625, 10.875, 11.0625, 11.0625]"
False,3548,2,2367,1,"[11.0, 10.875, 11.0, 10.9375]"
True,3549,1,2370,1,"[11.0625, 10.875, 11.0625, 10.875]"
False,3550,0,2374,3,"[11.0, 11.0, 11.0, 10.9375]"
False,3551,0,2389,1,"[11.125, 10.9375, 11.0625, 11.25]"
False,3552,1,2404,2,"[11.125, 11.0, 10.8125, 10.9375]"
True,3553,0,2407,0,"[10.9375, 11.0, 11.0, 11.0]"
False,3554,2,2409,0,"[10.9375, 10.9375, 10.9375, 11.0]"
False,3555,1,2433,0,"[10.875, 11.0625, 11.0, 11.0]"
False,3556,2,2440,0,"[11.0, 11.0625, 11.125, 11.0]"
False,3557,0,2446,2,"[11.0625, 11.125, 10.875, 11.0625]"
False,3558,0,2451,1,"[11.125, 11.0, 11.0625, 11.0]"
False,3559,1,2452,3,"[11.0, 10.9375, 11.0, 10.875]"
False,3560,1,2458,2,"[11.125, 11.125, 10.9375, 11.0]"
False,3561,2,2469,3,"[10.875, 11.0625, 10.875, 10.6875]"
True,3562,0,2502,0,"[10.875, 11.0, 10.9375, 11.1875]"
False,3563,2,2505,1,"[11.0625, 10.9375, 11.0625, 11.125]"
False,3564,1,2522,0,"[11.0625, 11.0625, 11.0625, 11.0625]"
False,3565,3,2526,1,"[11.0625, 10.8125, 11.0625, 11.0]"
True,3566,0,2530,0,"[10.9375, 10.9375, 11.0625, 11.0]"
False,3567,0,2539,3,"[11.0625, 11.0625, 11.0, 10.8125]"
False,3568,1,2542,3,"[10.9375, 11.125, 11.125, 10.875]"
False,3569,0,2547,1,"[11.0625, 11.0, 11.0625, 11.125]"
False,3570,2,2568,0,"[11.0, 11.0, 11.125, 11.125]"
False,3571,0,2576,1,"[11.0, 10.9375, 11.0625, 11.0]"
False,3572,0,2578,3,"[11.125, 11.0625, 11.125, 10.9375]"
False,3573,2,2583,1,"[11.0, 10.9375, 11.0625, 11.0625]"
False,3574,3,2585,1,"[11.125, 10.9375, 11.0625, 11.0625]"
True,3575,1,2589,1,"[11.0625, 11.0, 11.0625, 11.0625]"
False,3576,0,2596,2,"[11.0625, 11.125, 10.9375, 11.125]"
False,3577,3,2597,2,"[11.0625, 11.0, 10.9375, 10.9375]"
False,3578,1,2628,2,"[11.0625, 11.0, 10.9375, 10.9375]"
True,3579,2,2632,2,"[11.0, 10.9375, 10.875, 11.0625]"
False,3580,3,2634,0,"[11.0, 11.0, 11.125, 11.0]"
False,3581,3,2638,0,"[11.0, 11.0, 11.0, 11.0]"
False,3582,1,2648,2,"[11.0, 11.125, 10.875, 11.0625]"
False,3583,2,2656,1,"[11.0, 10.9375, 11.125, 11.0]"
False,3584,3,2666,2,"[10.9375, 10.9375, 10.875, 10.9375]"
False,3585,2,2668,0,"[10.9375, 11.125, 11.0, 10.9375]"
False,3586,0,2669,1,"[11.125, 10.9375, 10.9375, 11.0]"
False,3587,3,2674,0,"[11.0, 11.125, 11.0625, 11.125]"
False,3588,2,2678,0,"[11.0, 11.0, 11.125, 11.0625]"
False,3589,0,2698,3,"[11.0625, 11.0, 11.0625, 10.875]"
False,3590,2,2701,1,"[10.9375, 10.75, 11.0625, 10.9375]"
False,3591,1,2709,0,"[10.9375, 11.0, 10.9375, 11.25]"
False,3592,0,2725,1,"[11.125, 10.9375, 11.0, 11.125]"
False,3593,3,2730,2,"[11.0625, 11.125, 10.9375, 11.0625]"
True,3594,2,2736,2,"[11.125, 11.0625, 10.9375, 10.9375]"
False,3595,0,2737,3,"[10.875, 10.875, 11.0625, 10.75]"
False,3596,1,2739,3,"[11.125, 11.0625, 11.125, 10.875]"
False,3597,0,2747,1,"[11.0625, 10.875, 10.9375, 11.125]"
False,3598,3,2751,0,"[10.875, 10.875, 11.3125, 11.1875]"
False,3599,2,2756,1,"[11.1875, 10.875, 11.0625, 11.0]"
False,3600,0,2759,2,"[10.9375, 10.9375, 10.8125, 10.9375]"
False,3601,2,2764,0,"[10.875, 11.0625, 10.9375, 11.0625]"
False,3602,0,2777,3,"[11.0625, 11.125, 11.1875, 10.9375]"
False,3603,1,2780,2,"[11.125, 11.25, 11.0, 11.0]"
False,3604,3,2790,0,"[10.9375, 11.0, 11.0625, 11.0625]"
False,3605,3,2792,0,"[11.0, 11.125, 11.125, 11.0]"
False,3606,1,2809,0,"[10.875, 11.0, 11.0625, 11.0625]"
False,3607,0,2813,2,"[11.0625, 11.0, 10.875, 11.125]"
False,3608,0,2817,2,"[11.0625, 11.125, 10.9375, 10.9375]"
False,3609,2,2820,3,"[11.125, 10.9375, 11.0, 10.875]"
False,3610,0,2825,2,"[11.125, 11.1875, 11.0, 11.25]"
False,3611,3,2829,0,"[10.8125, 10.8125, 10.9375, 10.9375]"
True,3612,1,2851,1,"[11.0625, 11.0, 11.0625, 11.0625]"
True,3613,1,2864,1,"[11.0, 10.875, 11.125, 10.9375]"
False,3614,1,2867,0,"[10.875, 11.0, 10.9375, 10.9375]"
False,3615,0,2879,2,"[11.0, 11.0, 10.9375, 10.9375]"
True,3616,2,2889,2,"[10.9375, 11.0, 10.875, 11.0625]"
True,3617,1,2896,1,"[10.9375, 10.875, 11.0625, 11.125]"
False,3618,3,2900,1,"[11.125, 11.0625, 11.0625, 11.0625]"
False,3619,2,2910,0,"[11.0, 11.0625, 11.0, 11.25]"
False,3620,0,2911,1,"[11.0625, 10.9375, 10.9375, 11.0]"
False,3621,0,2925,3,"[11.1875, 11.0, 11.1875, 10.9375]"
False,3622,0,2926,1,"[11.125, 11.0625, 11.0625, 11.125]"
False,3623,0,2931,3,"[10.9375, 11.0625, 11.0, 10.8125]"
True,3624,2,2935,2,"[11.125, 11.125, 10.875, 10.9375]"
False,3625,3,2944,0,"[11.0625, 11.125, 11.0625, 11.125]"
False,3626,0,2955,1,"[11.0625, 11.0, 11.0625, 11.125]"
False,3627,0,2957,1,"[11.125, 11.0625, 11.0625, 11.0625]"
False,3628,3,2958,2,"[11.0, 11.0, 10.9375, 10.9375]"
False,3629,2,2965,3,"[11.0625, 11.0625, 11.0625, 11.0]"
False,3630,1,2981,0,"[11.0, 11.1875, 11.0625, 11.0625]"
False,3631,2,2985,1,"[10.9375, 10.875, 11.0625, 11.0625]"
False,3632,0,2992,1,"[11.0, 10.9375, 11.0, 10.9375]"
False,3633,3,3009,2,"[11.1875, 11.125, 11.0, 11.0625]"
False,3634,1,3020,3,"[11.0625, 11.0625, 11.0625, 11.0]"
False,3635,2,3025,1,"[11.0625, 10.9375, 11.1875, 10.9375]"
False,3636,3,3028,0,"[10.9375, 11.0625, 11.125, 11.0]"
False,3637,1,3030,3,"[11.0, 11.125, 11.0, 10.9375]"
False,3638,0,3034,2,"[10.9375, 11.0625, 10.875, 10.9375]"
False,3639,2,3035,1,"[11.1875, 10.6875, 11.0625, 10.875]"
False,3640,0,3039,3,"[11.0625, 11.1875, 11.1875, 11.0]"
False,3641,3,3048,2,"[11.0625, 11.125, 10.9375, 11.125]"
False,3642,1,3053,3,"[11.0625, 11.0, 11.0, 10.9375]"
False,3643,1,3055,3,"[11.125, 11.125, 11.0625, 10.9375]"
False,3644,2,3075,0,"[10.9375, 11.0, 11.3125, 10.9375]"
True,3645,0,3081,0,"[11.0, 11.0, 11.125, 11.0625]"
False,3646,3,3090,1,"[11.0625, 10.9375, 11.125, 11.0]"
False,3647,1,3101,2,"[11.125, 10.875, 10.75, 11.125]"
False,3648,2,3102,1,"[11.0, 10.875, 11.0, 11.0]"
False,3649,1,3107,2,"[11.1875, 11.125, 11.0, 11.0]"
False,3650,2,3114,3,"[11.0, 11.0, 11.0, 10.875]"
True,3651,0,3122,0,"[10.9375, 11.0625, 10.9375, 11.0]"
False,3652,2,3130,1,"[11.0, 10.875, 10.875, 11.0]"
True,3653,0,3160,0,"[10.9375, 10.9375, 11.0625, 11.0]"
False,3654,3,3168,0,"[11.0, 11.0, 11.125, 11.0625]"
True,3655,0,3171,0,"[10.875, 10.875, 10.875, 10.875]"
True,3656,1,3184,1,"[10.9375, 10.875, 10.9375, 11.125]"
False,3657,2,3190,1,"[11.1875, 10.9375, 11.0, 11.0625]"
True,3658,1,3199,1,"[11.0625, 11.0, 11.0625, 11.0]"
True,3659,1,3207,1,"[11.25, 11.0625, 11.125, 11.0625]"
False,3660,2,3209,3,"[11.125, 11.125, 11.0625, 11.0]"
True,3661,0,3210,0,"[10.9375, 10.9375, 11.125, 11.0]"
True,3662,0,3212,0,"[10.9375, 11.1875, 11.0625, 11.0625]"
False,3663,1,3219,3,"[11.125, 11.0, 11.0, 10.9375]"
False,3664,0,3226,2,"[11.0, 11.0, 10.9375, 10.9375]"
False,3665,1,3227,0,"[10.875, 11.1875, 11.0625, 11.1875]"
False,3666,3,3238,1,"[11.0625, 11.0, 11.0625, 11.0]"
True,3667,0,3244,0,"[10.9375, 11.125, 11.125, 10.9375]"
False,3668,0,3259,1,"[11.1875, 10.875, 10.875, 11.0625]"
False,3669,2,3265,1,"[11.125, 11.0, 11.0, 11.0625]"
False,3670,2,3269,3,"[11.1875, 11.1875, 11.0625, 10.875]"
False,3671,1,3274,3,"[11.125, 10.875, 10.9375, 10.75]"
True,3672,1,3278,1,"[11.0625, 10.9375, 11.125, 11.125]"
False,3673,2,3281,3,"[11.0625, 11.25, 11.125, 11.0]"
False,3674,2,3299,0,"[10.9375, 11.0625, 11.0625, 11.0]"
False,3675,2,3300,0,"[11.0, 11.3125, 11.1875, 11.0625]"
False,3676,1,3301,0,"[10.9375, 10.9375, 11.0, 10.9375]"
False,3677,2,3302,3,"[11.0, 11.0, 11.0625, 10.9375]"
False,3678,1,3303,0,"[11.0, 11.0, 11.0625, 11.0]"
False,3679,2,3332,3,"[10.9375, 11.25, 11.125, 10.875]"
False,3680,1,3335,0,"[10.75, 10.75, 10.9375, 10.8125]"
False,3681,2,3337,0,"[11.0625, 11.125, 11.125, 11.0625]"
True,3682,0,3353,0,"[10.9375, 10.9375, 10.9375, 10.9375]"
True,3683,0,3358,0,"[10.8125, 10.875, 11.0, 11.0625]"
False,3684,1,3360,0,"[10.9375, 10.9375, 11.0, 11.0]"
False,3685,3,3364,1,"[11.0, 10.75, 10.875, 10.875]"
False,3686,0,3376,1,"[10.9375, 10.8125, 10.9375, 11.0]"
False,3687,3,3392,0,"[11.0, 11.1875, 11.125, 11.1875]"
False,3688,0,3395,2,"[11.125, 11.125, 11.0, 11.0]"
False,3689,2,3397,1,"[11.0625, 10.875, 11.1875, 11.0625]"
True,3690,3,3416,3,"[11.0, 11.0625, 11.0, 10.8125]"
False,3691,2,3418,3,"[10.9375, 11.0625, 11.25, 10.8125]"
False,3692,2,3419,3,"[11.0625, 11.0625, 11.0, 10.875]"
False,3693,3,3439,2,"[11.0, 11.0625, 10.9375, 11.0]"
False,3694,0,3446,2,"[11.0, 11.25, 10.9375, 11.0625]"
False,3695,0,3447,1,"[10.9375, 10.75, 10.875, 10.9375]"
False,3696,0,3461,1,"[11.0625, 10.9375, 11.0, 11.0]"
False,3697,3,3465,0,"[11.0625, 11.0625, 11.0625, 11.125]"
False,3698,3,3466,1,"[11.125, 11.0, 11.125, 11.0625]"
False,3699,3,3474,0,"[10.875, 11.0, 11.125, 11.25]"
False,3700,3,3496,0,"[11.0, 11.0625, 11.0625, 11.0]"
False,3701,2,3503,1,"[11.0, 10.875, 10.9375, 11.125]"
False,3702,3,3510,0,"[10.875, 11.0625, 10.9375, 11.0]"
True,3703,3,3537,3,"[11.0, 11.0625, 11.0625, 10.9375]"
False,3704,3,3546,0,"[10.875, 11.0, 10.9375, 11.25]"
False,3705,0,3555,1,"[11.1875, 11.0, 11.125, 11.125]"
False,3706,1,3558,3,"[10.9375, 10.9375, 11.125, 10.875]"
False,3707,3,3566,2,"[11.125, 11.125, 11.0, 11.0625]"
False,3708,3,3569,1,"[11.0625, 10.875, 11.0625, 11.0]"
True,3709,1,3595,1,"[11.25, 11.0, 11.0625, 11.0]"
True,3710,2,3605,2,"[11.0625, 11.0, 10.9375, 11.125]"
False,3711,3,3608,1,"[11.0, 10.9375, 11.0, 11.0]"
False,3712,3,3609,1,"[10.9375, 10.875, 11.0, 11.0]"
False,3713,2,3618,1,"[11.125, 10.9375, 10.9375, 11.125]"
True,3714,1,3631,1,"[11.125, 11.0, 11.1875, 11.0]"
False,3715,1,3635,3,"[11.0, 11.1875, 11.0, 10.9375]"
False,3716,1,3638,2,"[11.0, 11.0625, 10.9375, 11.0625]"
False,3717,0,3647,3,"[11.0625, 11.125, 11.125, 10.9375]"
True,3718,2,3652,2,"[11.0625, 10.9375, 10.875, 11.0625]"
False,3719,2,3653,0,"[10.875, 10.9375, 10.9375, 10.9375]"
False,3720,2,3655,0,"[10.9375, 11.0625, 11.0625, 11.0]"
False,3721,1,3657,0,"[10.875, 11.1875, 11.0625, 11.0625]"
True,3722,2,3661,2,"[10.9375, 10.875, 10.75, 11.125]"
False,3723,3,3671,2,"[11.0, 11.125, 10.8125, 11.0625]"
False,3724,2,3680,0,"[11.0, 11.1875, 11.0625, 11.125]"
False,3725,0,3683,1,"[10.9375, 10.75, 10.9375, 11.0625]"
False,3726,2,3687,0,"[10.9375, 11.125, 11.0, 11.0]"
False,3727,2,3691,0,"[10.9375, 11.0, 11.0, 11.125]"
False,3728,2,3694,1,"[11.0, 10.9375, 11.0, 11.0]"
False,3729,3,3696,2,"[11.0, 10.9375, 10.8125, 11.0]"
False,3730,3,3699,2,"[11.125, 10.9375, 10.875, 10.9375]"
False,3731,0,3701,3,"[11.0625, 11.0, 11.0, 10.9375]"
False,3732,2,3703,0,"[10.875, 10.9375, 11.0, 10.9375]"
False,3733,1,3710,3,"[11.0625, 11.0, 11.0, 10.9375]"
False,3734,3,3715,1,"[11.0, 10.875, 11.125, 11.0625]"
False,3735,1,3729,2,"[11.0625, 11.0, 10.875, 11.0]"
False,3736,0,3736,3,"[11.0, 11.1875, 11.25, 10.9375]"
False,3737,2,3751,3,"[11.125, 11.0625, 11.0, 10.9375]"
True,3738,3,3763,3,"[11.125, 11.0, 11.0, 10.9375]"
True,3739,0,3767,0,"[10.9375, 11.0, 10.9375, 11.1875]"
False,3740,1,3775,0,"[10.9375, 10.9375, 11.0, 10.9375]"
False,3741,1,3776,2,"[11.375, 11.25, 11.125, 11.125]"
True,3742,2,3788,2,"[11.1875, 11.0625, 11.0, 11.0625]"
False,3743,3,3789,2,"[11.0, 11.0, 10.9375, 11.0625]"
True,3744,3,3795,3,"[11.0625, 11.0, 11.0625, 10.9375]"
False,3745,3,3799,1,"[11.0625, 10.9375, 11.0625, 11.0625]"
False,3746,3,3824,1,"[11.0625, 11.0, 11.125, 11.125]"
True,3747,1,3852,1,"[11.0, 10.875, 10.9375, 11.0]"
True,3748,2,3856,2,"[11.0, 10.9375, 10.875, 11.0]"
False,3749,3,3858,2,"[11.0625, 11.0625, 10.8125, 11.0]"
False,3750,3,3870,0,"[10.9375, 11.0, 11.0625, 11.0]"
False,3751,0,3881,3,"[11.0625, 11.0, 11.0625, 10.875]"
True,3752,2,3888,2,"[11.0625, 11.0, 10.9375, 11.0]"
False,3753,3,3889,0,"[10.9375, 11.0, 11.0, 11.125]"
False,3754,1,3890,2,"[10.875, 10.9375, 10.75, 10.875]"
False,3755,0,3898,3,"[11.0, 11.0625, 11.0625, 10.9375]"
False,3756,3,3899,0,"[11.0, 11.0, 11.0625, 11.0625]"
True,3757,3,3902,3,"[11.0625, 10.9375, 11.0625, 10.8125]"
False,3758,0,3914,1,"[11.25, 10.875, 10.9375, 11.1875]"
False,3759,3,3922,1,"[11.1875, 11.0, 11.0, 11.0]"
False,3760,0,3924,1,"[11.0625, 11.0, 11.0, 11.0625]"
False,3761,0,3926,3,"[11.0, 11.0, 11.0, 10.9375]"
False,3762,2,3942,1,"[11.0, 10.9375, 11.0625, 10.9375]"
True,3763,1,3957,1,"[11.125, 10.9375, 11.0, 11.125]"
False,3764,3,3961,2,"[11.0625, 11.125, 11.0, 11.0625]"
True,3765,3,3970,3,"[11.0, 11.0625, 11.0625, 10.9375]"
False,3766,3,3973,2,"[11.0, 11.0, 10.9375, 11.0625]"
False,3767,1,3989,0,"[11.0, 11.0, 11.0625, 11.0]"
True,3768,0,4004,0,"[10.9375, 11.0625, 11.0, 11.0]"
False,3769,3,4009,0,"[10.9375, 10.9375, 10.9375, 10.9375]"
False,3770,3,4012,2,"[11.125, 11.0625, 10.9375, 11.0]"
False,3771,1,4014,2,"[11.0625, 11.0, 10.9375, 11.0]"
False,3772,1,4021,3,"[11.0625, 11.0, 11.0, 10.875]"
False,3773,3,4032,1,"[11.1875, 10.9375, 10.9375, 11.125]"
True,3774,2,4046,2,"[11.0, 11.0, 10.9375, 10.9375]"
False,3775,0,4051,3,"[11.0625, 11.125, 11.0625, 10.875]"
False,3776,2,4053,3,"[11.0625, 11.0625, 11.0625, 10.9375]"
False,3777,3,4056,1,"[11.1875, 10.875, 11.0, 11.1875]"
False,3778,1,4058,0,"[11.0625, 11.0625, 11.0625, 11.1875]"
False,3779,0,4073,2,"[11.25, 11.125, 10.9375, 10.9375]"
False,3780,3,4077,0,"[10.875, 10.9375, 11.0625, 11.0]"
False,3781,2,4091,1,"[11.0625, 11.0, 11.0625, 11.125]"
True,3782,0,4096,0,"[10.8125, 10.9375, 11.0625, 11.125]"
False,3783,2,4105,0,"[10.9375, 11.0, 11.125, 11.0]"
False,3784,0,4111,3,"[11.1875, 11.0, 11.0, 10.875]"
False,3785,3,4118,1,"[11.0625, 10.9375, 11.0625, 11.0625]"
False,3786,0,4129,2,"[11.0, 11.0, 10.9375, 11.0625]"
False,3787,1,4142,0,"[11.0, 11.0, 11.0, 11.0625]"
False,3788,2,4153,0,"[11.0, 11.0, 11.1875, 11.0625]"
True,3789,2,4156,2,"[11.125, 11.0625, 10.9375, 11.1875]"
False,3790,3,4163,1,"[11.0625, 11.0, 11.1875, 11.0625]"
False,3791,1,4165,3,"[10.9375, 11.0, 11.0625, 10.875]"
False,3792,2,4170,1,"[11.0, 10.875, 11.0625, 10.9375]"
False,3793,3,4171,0,"[10.9375, 11.0, 11.0, 11.0625]"
False,3794,1,4188,3,"[11.0625, 11.0625, 10.875, 10.625]"
False,3795,0,4205,2,"[11.125, 11.0625, 10.9375, 11.0]"
False,3796,3,4222,2,"[11.125, 11.0625, 10.9375, 11.0625]"
True,3797,1,4225,1,"[11.0, 10.8125, 11.125, 10.875]"
False,3798,2,4229,0,"[10.9375, 11.0, 11.1875, 11.0625]"
True,3799,1,4258,1,"[11.0625, 10.875, 11.0, 11.0625]"
True,3800,0,4264,0,"[11.0, 11.0625, 11.1875, 11.125]"
False,3801,3,4274,1,"[11.125, 10.9375, 10.9375, 11.0]"
False,3802,3,4292,1,"[11.0625, 10.9375, 11.0, 11.0]"
True,3803,2,4293,2,"[11.125, 11.0, 10.8125, 10.9375]"
False,3804,2,4295,0,"[11.0, 11.0, 11.125, 11.125]"
False,3805,1,4304,2,"[11.1875, 11.0, 10.9375, 11.0]"
True,3806,1,4311,1,"[11.0, 10.9375, 11.125, 11.0]"
False,3807,1,4313,0,"[10.875, 11.125, 11.25, 10.9375]"
False,3808,2,4314,0,"[10.875, 11.125, 11.125, 11.0]"
False,3809,0,4321,2,"[11.0, 11.125, 10.9375, 11.0]"
False,3810,3,4335,2,"[11.125, 11.1875, 10.9375, 11.0]"
False,3811,1,4343,0,"[10.9375, 11.125, 10.9375, 11.0625]"
True,3812,3,4353,3,"[11.0625, 10.9375, 11.0, 10.875]"
False,3813,2,4355,1,"[11.0, 10.9375, 10.9375, 11.0]"
False,3814,2,4367,0,"[11.0, 11.125, 11.0, 11.0]"
False,3815,1,4384,0,"[11.0, 11.125, 11.0625, 11.0]"
True,3816,1,4399,1,"[11.0625, 11.0, 11.125, 11.125]"
True,3817,2,4410,2,"[11.0, 11.0, 10.9375, 11.0]"
True,3818,3,4419,3,"[11.0, 11.0625, 11.0625, 10.875]"
False,3819,1,4420,2,"[11.0625, 11.0, 10.875, 11.0625]"
False,3820,3,4453,1,"[11.0625, 10.9375, 10.9375, 11.0]"
False,3821,0,4473,1,"[11.0, 10.9375, 10.9375, 11.0]"
False,3822,1,4477,2,"[11.0625, 10.9375, 10.875, 11.0]"
False,3823,3,4493,1,"[11.0, 10.9375, 11.0625, 10.9375]"
False,3824,0,4518,1,"[11.0, 10.8125, 11.0, 11.0]"
False,3825,0,4520,3,"[11.0, 11.0, 11.125, 10.9375]"
False,3826,1,4523,0,"[10.8125, 11.0625, 10.8125, 11.0625]"
False,3827,0,4524,3,"[11.0, 11.0, 11.125, 10.9375]"
False,3828,3,4527,2,"[11.125, 11.0, 10.875, 11.0625]"
False,3829,0,4529,3,"[11.0625, 11.0, 11.0, 10.9375]"
True,3830,1,4553,1,"[10.9375, 10.875, 11.0625, 11.0]"
False,3831,0,4562,2,"[11.0625, 11.0625, 11.0, 11.0625]"
True,3832,0,4566,0,"[10.9375, 11.0, 11.0625, 10.9375]"
False,3833,1,4574,0,"[10.9375, 11.0625, 11.0625, 11.0]"
False,3834,1,4584,2,"[11.0625, 11.0625, 11.0, 11.125]"
False,3835,2,4589,3,"[11.0625, 11.125, 11.0625, 11.0]"
False,3836,0,4590,2,"[11.125, 11.125, 11.0, 11.0625]"
False,3837,2,4596,1,"[11.0, 10.875, 11.125, 10.875]"
False,3838,3,4606,0,"[10.875, 11.0, 11.0, 10.9375]"
True,3839,1,4607,1,"[11.0625, 11.0, 11.125, 11.125]"
True,3840,3,4608,3,"[11.0, 11.1875, 11.0625, 10.9375]"
False,3841,3,4610,1,"[11.0625, 10.9375, 11.0625, 11.0625]"
False,3842,1,4616,0,"[11.0625, 11.0625, 11.125, 11.0625]"
False,3843,2,4619,0,"[10.9375, 10.9375, 11.0, 11.125]"
True,3844,1,4622,1,"[11.0, 10.875, 11.0, 10.9375]"
False,3845,0,4624,1,"[11.0625, 10.9375, 11.0, 11.125]"
False,3846,3,4629,1,"[11.0, 10.9375, 11.0, 11.125]"
True,3847,0,4630,0,"[10.8125, 11.0625, 11.0625, 11.0625]"
True,3848,0,4641,0,"[11.0, 11.0, 11.0, 11.0]"
False,3849,2,4645,0,"[10.875, 11.125, 11.0, 11.0]"
False,3850,3,4647,0,"[10.875, 10.875, 10.875, 10.9375]"
True,3851,0,4658,0,"[10.9375, 11.125, 10.9375, 11.0625]"
False,3852,3,4688,0,"[11.0, 11.0, 11.125, 11.0]"
False,3853,3,4721,1,"[11.0625, 10.9375, 11.0, 11.0]"
False,3854,1,4731,2,"[11.0625, 11.1875, 10.9375, 11.0625]"
False,3855,0,4737,2,"[11.0625, 11.0, 10.875, 10.9375]"
False,3856,1,4739,2,"[11.1875, 11.25, 11.0, 11.125]"
False,3857,1,4745,3,"[11.0625, 11.0, 11.0, 10.8125]"
True,3858,2,4754,2,"[11.0, 11.125, 10.875, 10.9375]"
False,3859,1,4755,2,"[11.0625, 11.125, 10.9375, 11.0]"
True,3860,2,4763,2,"[11.1875, 11.0625, 10.8125, 11.0625]"
False,3861,3,4770,2,"[11.25, 11.1875, 11.0625, 11.125]"
False,3862,3,4777,0,"[11.0625, 11.125, 11.125, 11.125]"
False,3863,1,4778,3,"[11.0625, 10.9375, 11.0, 10.875]"
False,3864,3,4805,1,"[11.0, 10.9375, 10.9375, 11.0625]"
True,3865,3,4836,3,"[11.0625, 11.25, 11.25, 10.9375]"
False,3866,2,4844,1,"[11.125, 11.0625, 11.125, 11.1875]"
False,3867,2,4847,3,"[11.125, 11.0, 11.0625, 10.9375]"
True,3868,0,4853,0,"[10.9375, 11.0625, 10.9375, 11.0]"
True,3869,1,4854,1,"[11.0625, 10.9375, 11.0, 10.9375]"
False,3870,1,4859,3,"[11.1875, 11.1875, 11.0625, 10.9375]"
True,3871,0,4867,0,"[11.0, 11.125, 11.125, 11.0]"
False,3872,2,4868,0,"[10.875, 11.0, 11.0, 11.0]"
False,3873,0,4874,3,"[10.9375, 11.0625, 11.0, 10.875]"
False,3874,0,4881,2,"[11.0, 11.0, 10.9375, 11.0]"
False,3875,2,4893,0,"[11.0, 11.0, 11.0, 11.0]"
False,3876,1,4901,0,"[11.125, 11.125, 11.125, 11.125]"
False,3877,2,4909,1,"[11.0625, 10.9375, 11.0, 11.0625]"
False,3878,2,4914,1,"[11.0625, 11.0, 11.125, 11.0]"
False,3879,3,4929,1,"[11.0, 10.875, 11.0, 10.9375]"
False,3880,2,4936,0,"[11.0, 11.0, 11.0, 11.0625]"
False,3881,3,4940,1,"[11.0625, 11.0, 11.0625, 11.0]"
True,3882,2,4943,2,"[11.125, 11.0625, 10.9375, 10.9375]"
False,3883,0,4948,2,"[11.0625, 11.0, 10.875, 11.125]"
False,3884,3,4954,1,"[11.25, 11.0, 11.0, 11.1875]"
False,3885,0,4979,3,"[11.125, 11.0625, 11.0625, 10.9375]"
False,3886,1,4986,3,"[10.9375, 10.9375, 10.9375, 10.875]"
False,3887,3,4997,2,"[11.1875, 11.0625, 10.9375, 11.0]"
False,3888,0,5002,2,"[11.1875, 11.0625, 11.0, 11.0625]"
False,3889,0,5014,1,"[11.125, 10.9375, 11.1875, 11.125]"
False,3890,2,5015,0,"[10.9375, 11.0625, 11.0, 11.0]"
True,3891,2,5018,2,"[11.125, 11.0625, 11.0, 11.0625]"
True,3892,3,5019,3,"[11.0625, 11.0625, 11.1875, 10.9375]"
False,3893,1,5029,2,"[11.25, 11.0625, 11.0, 11.0625]"
True,3894,1,5033,1,"[11.0, 10.875, 10.875, 11.0]"
False,3895,0,5041,1,"[11.0, 10.9375, 11.0625, 10.9375]"
False,3896,2,5045,0,"[10.9375, 11.0, 11.0, 10.9375]"
True,3897,0,5050,0,"[11.0, 11.0625, 11.25, 11.0]"
False,3898,3,5056,0,"[10.9375, 11.0, 10.9375, 11.0]"
True,3899,0,5066,0,"[10.9375, 11.0, 11.125, 10.9375]"
False,3900,1,5071,3,"[10.9375, 11.0625, 11.0625, 10.8125]"
True,3901,0,5079,0,"[10.8125, 11.1875, 11.0625, 11.0]"
False,3902,2,5082,1,"[11.125, 10.9375, 11.0, 11.125]"
False,3903,0,5083,3,"[11.0625, 11.0, 11.1875, 10.9375]"
False,3904,0,5085,1,"[11.0625, 11.0, 11.0, 11.0625]"
True,3905,0,5086,0,"[10.9375, 11.125, 11.0, 11.0625]"
False,3906,0,5112,2,"[10.9375, 11.0, 10.875, 10.875]"
True,3907,0,5140,0,"[10.9375, 11.125, 11.0, 10.9375]"
True,3908,0,5150,0,"[10.9375, 11.25, 11.0, 11.0625]"
False,3909,0,5153,3,"[11.0625, 10.9375, 10.9375, 10.875]"
False,3910,3,5157,1,"[11.0, 10.9375, 11.0625, 11.0]"
False,3911,1,5175,2,"[11.0, 11.125, 10.9375, 11.0625]"
False,3912,0,5207,3,"[11.0, 10.9375, 11.1875, 10.875]"
False,3913,1,5214,0,"[10.8125, 11.125, 11.0625, 10.9375]"
False,3914,3,5226,0,"[10.875, 10.875, 10.9375, 11.0]"
False,3915,3,5244,0,"[11.0, 11.0625, 11.0625, 11.0]"
True,3916,0,5246,0,"[11.0, 11.0, 11.125, 11.0]"
False,3917,3,5251,1,"[11.125, 10.9375, 11.1875, 10.9375]"
False,3918,0,5282,3,"[11.0, 10.9375, 11.0625, 10.875]"
False,3919,0,5285,3,"[10.9375, 11.0, 11.0, 10.875]"
False,3920,2,5286,0,"[11.0625, 11.125, 11.125, 11.0625]"
False,3921,1,5289,2,"[11.0, 11.125, 10.9375, 11.0]"
False,3922,1,5291,3,"[11.1875, 11.0625, 11.125, 10.9375]"
False,3923,2,5294,1,"[11.0625, 10.9375, 10.9375, 11.0]"
False,3924,2,5301,3,"[11.125, 11.125, 11.125, 10.9375]"
True,3925,0,5304,0,"[10.875, 11.0, 11.125, 11.0]"
False,3926,2,5311,3,"[11.0625, 11.0, 11.0625, 10.875]"
False,3927,1,5312,2,"[11.0, 11.125, 10.9375, 11.1875]"
False,3928,1,5319,0,"[11.0, 11.0, 11.0625, 11.0625]"
False,3929,1,5320,2,"[11.125, 11.1875, 11.0, 11.0625]"
False,3930,3,5325,1,"[11.0625, 11.0, 11.0625, 11.0]"
False,3931,0,5352,1,"[11.0625, 11.0, 11.0, 11.0]"
True,3932,0,5374,0,"[10.9375, 11.0625, 11.0625, 11.0625]"
False,3933,3,5375,2,"[11.125, 11.125, 10.875, 10.9375]"
True,3934,0,5376,0,"[10.9375, 11.125, 10.9375, 10.9375]"
False,3935,3,5381,0,"[11.0, 11.0, 11.125, 11.0]"
True,3936,1,5391,1,"[11.0625, 11.0, 11.0625, 11.125]"
True,3937,1,5396,1,"[11.0, 10.9375, 11.0625, 10.9375]"
False,3938,3,5405,0,"[10.9375, 11.125, 11.1875, 11.0]"
False,3939,1,5408,0,"[10.9375, 11.0, 11.0, 11.0625]"
False,3940,2,5415,1,"[11.0, 10.875, 10.9375, 11.0625]"
False,3941,3,5417,0,"[10.8125, 10.875, 11.0625, 11.25]"
True,3942,1,5424,1,"[11.125, 11.0, 11.0625, 11.0625]"
False,3943,3,5427,2,"[11.0, 11.0, 10.875, 10.875]"
False,3944,1,5428,0,"[11.0, 11.125, 11.1875, 11.0]"
False,3945,1,5437,0,"[10.875, 11.0, 10.9375, 11.0]"
True,3946,0,5453,0,"[10.875, 11.1875, 10.875, 10.875]"
False,3947,2,5458,3,"[11.125, 11.0, 11.0625, 10.9375]"
False,3948,3,5465,2,"[11.0625, 11.0, 10.9375, 11.0]"
False,3949,0,5466,1,"[11.375, 11.0625, 11.125, 11.0625]"
True,3950,2,5482,2,"[10.9375, 11.0625, 10.875, 11.0]"
False,3951,0,5484,2,"[11.25, 11.0625, 11.0, 11.0]"
True,3952,3,5493,3,"[11.125, 11.1875, 11.125, 11.0]"
False,3953,1,5494,2,"[11.0625, 11.0625, 11.0, 11.1875]"
False,3954,2,5495,1,"[11.0625, 10.9375, 11.125, 11.1875]"
False,3955,1,5502,2,"[11.0625, 11.25, 10.9375, 11.0]"
True,3956,3,5508,3,"[11.0625, 11.0, 11.0, 10.875]"
False,3957,3,5513,1,"[11.125, 11.0, 11.0625, 11.0625]"
True,3958,0,5525,0,"[10.9375, 11.1875, 11.0625, 11.0]"
False,3959,0,5528,3,"[11.0625, 11.125, 11.0625, 11.0]"
False,3960,1,5533,3,"[11.25, 11.0, 11.125, 10.9375]"
True,3961,0,5537,0,"[10.8125, 10.9375, 11.0625, 11.0625]"
False,3962,2,5539,0,"[11.0625, 11.125, 11.1875, 11.0625]"
True,3963,1,5542,1,"[11.0, 10.9375, 11.1875, 11.125]"
True,3964,2,5547,2,"[11.0, 11.125, 10.9375, 11.0625]"
False,3965,3,5550,0,"[10.9375, 10.9375, 11.0, 11.125]"
True,3966,1,5565,1,"[11.0, 10.8125, 11.0625, 11.0]"
True,3967,0,5573,0,"[10.9375, 11.1875, 11.0, 11.125]"
False,3968,0,5574,2,"[11.0625, 11.0625, 11.0, 11.0625]"
False,3969,1,5588,0,"[10.9375, 11.0, 10.9375, 11.125]"
False,3970,1,5591,0,"[11.0, 11.0, 11.0625, 11.125]"
False,3971,2,5598,3,"[11.1875, 11.125, 11.125, 11.0]"
False,3972,1,5613,0,"[10.8125, 11.0625, 11.125, 10.9375]"
False,3973,3,5614,0,"[10.875, 11.0, 11.0625, 10.875]"
False,3974,1,5617,0,"[11.0, 11.0625, 11.125, 11.1875]"
False,3975,2,5619,1,"[11.0, 10.9375, 10.9375, 11.0]"
False,3976,1,5638,2,"[11.0625, 11.0, 10.875, 11.125]"
False,3977,0,5640,3,"[11.125, 11.0, 11.125, 10.8125]"
False,3978,3,5641,1,"[11.0625, 11.0, 11.0, 11.0]"
False,3979,0,5651,2,"[11.125, 11.1875, 10.875, 11.0625]"
True,3980,1,5667,1,"[11.25, 11.0, 11.0625, 11.0]"
False,3981,3,5669,2,"[11.0625, 11.125, 11.0, 11.0]"
False,3982,0,5670,2,"[11.125, 10.9375, 10.8125, 10.9375]"
False,3983,3,5674,1,"[11.0, 10.875, 11.1875, 10.9375]"
True,3984,2,5676,2,"[11.1875, 11.1875, 11.0625, 11.1875]"
True,3985,2,5682,2,"[11.0625, 11.0625, 10.9375, 11.0]"
True,3986,3,5687,3,"[11.0625, 11.1875, 11.0625, 11.0]"
False,3987,0,5694,3,"[11.1875, 11.0, 10.875, 10.8125]"
False,3988,3,5705,1,"[11.0625, 10.9375, 11.0625, 11.125]"
False,3989,0,5714,2,"[11.0, 11.0, 10.9375, 11.125]"
False,3990,3,5722,2,"[11.0625, 11.0, 10.9375, 11.0625]"
True,3991,0,5723,0,"[11.0, 11.0625, 11.0625, 11.0]"
False,3992,2,5727,0,"[11.0625, 11.125, 11.0625, 11.125]"
False,3993,3,5748,1,"[11.125, 11.0, 11.0625, 11.0]"
False,3994,0,5749,1,"[11.125, 11.0625, 11.0625, 11.1875]"
False,3995,0,5769,1,"[11.0625, 10.9375, 11.0, 11.0625]"
False,3996,1,5780,0,"[10.9375, 11.0, 11.0625, 11.0]"
True,3997,1,5781,1,"[11.125, 10.9375, 11.0625, 11.125]"
False,3998,3,5782,0,"[11.0, 11.0625, 11.125, 11.0625]"
False,3999,0,5790,3,"[11.0625, 11.0, 11.0, 10.9375]"
True,4000,1,5795,1,"[11.0, 10.9375, 11.0, 11.0625]"
False,4001,2,5797,1,"[11.0625, 11.0, 11.0625, 11.0]"
True,4002,0,5811,0,"[11.0, 11.0625, 11.1875, 11.0625]"
False,4003,0,5812,3,"[11.125, 10.9375, 10.9375, 10.875]"
False,4004,0,5816,2,"[11.1875, 10.9375, 10.875, 11.25]"
False,4005,2,5828,0,"[10.875, 11.0, 11.0, 11.0]"
False,4006,1,5830,0,"[10.875, 11.125, 10.9375, 11.0625]"
False,4007,2,5835,0,"[10.9375, 10.9375, 11.125, 11.125]"
False,4008,0,5842,3,"[10.9375, 11.0, 11.0, 10.875]"
False,4009,1,5849,2,"[10.875, 11.0625, 10.8125, 11.0]"
False,4010,2,5861,1,"[11.125, 11.0, 11.0, 11.0625]"
False,4011,3,5864,0,"[10.9375, 11.0625, 10.9375, 11.0]"
False,4012,3,5867,2,"[11.0, 11.1875, 10.9375, 11.0]"
False,4013,3,5870,0,"[11.0, 11.0, 11.0625, 11.0625]"
False,4014,3,5906,2,"[11.125, 11.0, 10.875, 11.25]"
False,4015,3,5926,1,"[11.125, 10.9375, 10.9375, 11.0]"
False,4016,3,5929,1,"[11.125, 10.75, 10.875, 11.1875]"
False,4017,3,5943,0,"[10.9375, 11.0, 11.0625, 11.0625]"
False,4018,2,5964,3,"[11.125, 11.125, 11.0, 10.9375]"
False,4019,0,5971,2,"[11.0625, 11.0625, 11.0, 11.0]"
False,4020,2,5975,0,"[11.0, 11.125, 11.0625, 11.0625]"
False,4021,2,5977,0,"[11.0, 11.0, 11.125, 11.0625]"
True,4022,0,6004,0,"[11.0, 11.0, 11.0, 11.1875]"
False,4023,2,6012,1,"[10.9375, 10.875, 10.9375, 10.875]"
True,4024,0,6023,0,"[10.875, 11.125, 11.125, 10.9375]"
True,4025,2,6025,2,"[11.0625, 11.0, 10.875, 10.875]"
False,4026,0,6049,3,"[11.0625, 11.0625, 11.0625, 10.75]"
True,4027,0,6053,0,"[10.875, 10.9375, 11.0, 11.0625]"
False,4028,1,6064,2,"[11.1875, 11.125, 10.875, 11.0625]"
False,4029,1,6069,0,"[11.0625, 11.125, 11.0625, 11.125]"
False,4030,2,6085,3,"[11.0, 11.0, 11.125, 10.875]"
False,4031,3,6106,1,"[11.0, 10.9375, 11.1875, 11.0]"
False,4032,1,6115,0,"[10.8125, 11.1875, 11.1875, 11.0625]"
True,4033,1,6122,1,"[10.9375, 10.875, 11.0, 10.9375]"
True,4034,2,6128,2,"[11.0625, 11.0625, 11.0, 11.125]"
False,4035,3,6134,0,"[10.9375, 11.1875, 11.0, 11.0625]"
True,4036,2,6145,2,"[11.0, 11.0625, 10.9375, 11.0]"
False,4037,2,6160,0,"[10.875, 11.0625, 11.0, 11.0]"
False,4038,1,6166,2,"[11.0625, 11.0, 10.875, 10.9375]"
False,4039,1,6179,2,"[11.0625, 10.9375, 10.875, 11.0625]"
False,4040,2,6183,1,"[11.0625, 10.8125, 10.9375, 11.0625]"
True,4041,0,6199,0,"[11.0625, 11.0625, 11.0625, 11.125]"
False,4042,0,6206,1,"[10.9375, 10.875, 10.9375, 10.9375]"
True,4043,1,6207,1,"[11.0625, 11.0, 11.1875, 11.125]"
False,4044,3,6218,1,"[11.0, 10.9375, 11.0, 11.0625]"
False,4045,2,6220,3,"[11.125, 11.0625, 11.1875, 11.0]"
False,4046,0,6223,1,"[11.0625, 11.0, 11.0, 11.125]"
False,4047,1,6233,0,"[11.0, 11.0, 11.0, 11.125]"
False,4048,3,6237,1,"[11.125, 11.0625, 11.0625, 11.1875]"
False,4049,1,6253,2,"[11.125, 11.0, 10.8125, 11.125]"
False,4050,1,6256,3,"[11.0, 11.0625, 11.0625, 10.875]"
False,4051,3,6264,1,"[11.25, 10.9375, 10.9375, 11.25]"
False,4052,3,6267,0,"[11.0, 11.0, 11.0, 11.1875]"
False,4053,1,6277,0,"[11.0, 11.0625, 11.25, 11.1875]"
False,4054,0,6278,2,"[11.125, 11.125, 11.0, 11.1875]"
False,4055,2,6280,0,"[10.9375, 10.9375, 11.0625, 11.0625]"
False,4056,2,6281,0,"[10.875, 11.125, 11.0, 11.0625]"
True,4057,1,6283,1,"[11.125, 10.875, 10.9375, 11.0]"
False,4058,1,6286,0,"[10.9375, 11.0, 11.0, 11.0625]"
False,4059,1,6290,2,"[11.0625, 11.0, 10.9375, 11.125]"
False,4060,2,6295,1,"[11.0625, 10.9375, 11.0, 11.1875]"
False,4061,0,6302,2,"[11.125, 11.125, 10.875, 11.0625]"
False,4062,3,6311,1,"[11.0625, 10.9375, 11.1875, 11.0625]"
False,4063,2,6315,0,"[10.875, 10.9375, 11.125, 11.0625]"
False,4064,0,6316,3,"[10.9375, 11.0, 11.0, 10.75]"
False,4065,3,6320,0,"[10.9375, 11.0, 11.0625, 11.125]"
False,4066,3,6325,1,"[11.1875, 10.9375, 11.125, 11.1875]"
False,4067,2,6327,0,"[10.9375, 11.0625, 11.1875, 11.0]"
False,4068,0,6330,2,"[11.0625, 11.0625, 10.875, 11.125]"
False,4069,0,6331,1,"[11.125, 11.0625, 11.125, 11.125]"
False,4070,1,6339,0,"[11.0, 11.125, 11.25, 11.0625]"
True,4071,0,6340,0,"[10.9375, 11.125, 11.125, 11.0625]"
True,4072,0,6346,0,"[10.9375, 11.0625, 11.0, 10.9375]"
False,4073,1,6350,2,"[11.0625, 11.375, 11.0, 11.0]"
True,4074,2,6358,2,"[10.9375, 11.125, 10.875, 10.9375]"
False,4075,0,6359,3,"[11.0, 11.0, 11.0, 10.875]"
False,4076,1,6361,0,"[11.0, 11.0625, 11.1875, 11.1875]"
True,4077,1,6369,1,"[10.875, 10.8125, 11.0625, 10.9375]"
False,4078,3,6400,2,"[11.0625, 11.0, 10.9375, 11.0625]"
False,4079,3,6403,0,"[10.9375, 11.0625, 11.0, 11.0625]"
False,4080,2,6412,1,"[11.0, 10.875, 11.0, 11.125]"
False,4081,2,6415,1,"[11.125, 11.0, 11.0625, 11.125]"
True,4082,2,6423,2,"[11.0625, 10.9375, 10.875, 11.1875]"
False,4083,2,6435,0,"[10.9375, 11.0625, 11.125, 11.0625]"
False,4084,2,6436,1,"[11.125, 10.9375, 11.0625, 11.125]"
False,4085,1,6441,0,"[10.9375, 11.0625, 11.125, 11.0]"
False,4086,1,6454,3,"[10.9375, 10.9375, 11.0625, 10.875]"
False,4087,3,6457,0,"[10.8125, 11.0625, 11.0625, 10.9375]"
False,4088,0,6464,3,"[11.0, 11.0, 11.0, 10.875]"
False,4089,2,6467,0,"[11.0625, 11.0625, 11.1875, 11.0625]"
False,4090,0,6474,1,"[11.25, 11.0, 11.0, 11.0]"
False,4091,2,6492,1,"[11.0, 10.875, 11.125, 10.9375]"
False,4092,3,6496,2,"[11.125, 11.125, 11.0, 11.0]"
False,4093,1,6498,0,"[10.9375, 11.0, 11.0625, 10.9375]"
False,4094,2,6505,0,"[11.0, 11.0, 11.0, 11.0625]"
False,4095,2,6506,0,"[10.9375, 11.0, 11.125, 11.0]"
False,4096,1,6511,0,"[11.0, 11.0, 11.0625, 11.125]"
True,4097,1,6514,1,"[11.125, 11.0625, 11.125, 11.0625]"
False,4098,0,6516,1,"[11.3125, 10.9375, 11.0, 11.25]"
False,4099,2,6532,3,"[11.125, 11.0, 10.9375, 10.8125]"
False,4100,1,6537,3,"[11.125, 11.0625, 11.0625, 11.0]"
False,4101,2,6542,1,"[11.125, 11.0, 11.0, 11.0]"
False,4102,3,6552,0,"[10.875, 11.125, 11.0, 11.1875]"
False,4103,0,6556,3,"[10.9375, 11.0625, 11.125, 10.875]"
True,4104,0,6559,0,"[10.75, 10.9375, 10.9375, 11.0]"
False,4105,1,6560,0,"[11.0, 11.0, 11.125, 11.0]"
False,4106,3,6561,1,"[11.0625, 10.9375, 10.9375, 10.9375]"
False,4107,3,6565,2,"[11.125, 11.125, 10.9375, 10.9375]"
False,4108,2,6569,1,"[11.0625, 10.9375, 11.0625, 11.0]"
False,4109,3,6571,1,"[11.1875, 11.0, 11.25, 11.125]"
False,4110,0,6573,3,"[10.9375, 11.0, 11.0, 10.8125]"
False,4111,2,6587,1,"[11.25, 11.0625, 11.0625, 11.1875]"
False,4112,0,6601,2,"[11.0, 11.125, 10.9375, 11.0625]"
False,4113,2,6604,0,"[10.9375, 10.9375, 10.9375, 11.0625]"
False,4114,2,6609,0,"[10.9375, 10.9375, 11.125, 11.0625]"
False,4115,2,6613,1,"[11.0625, 11.0, 11.0625, 11.0]"
False,4116,1,6621,0,"[10.9375, 11.0, 11.0, 11.0625]"
False,4117,2,6626,3,"[10.9375, 11.1875, 11.125, 10.875]"
False,4118,3,6640,1,"[11.1875, 11.0625, 11.125, 11.125]"
True,4119,1,6642,1,"[10.9375, 10.875, 11.0, 11.0]"
False,4120,3,6643,1,"[11.125, 10.9375, 11.0, 11.0]"
False,4121,2,6647,3,"[11.125, 11.1875, 11.0625, 10.8125]"
False,4122,2,6654,1,"[10.9375, 10.875, 11.0, 10.9375]"
False,4123,0,6660,3,"[11.0625, 11.0625, 11.0625, 11.0]"
False,4124,2,6662,0,"[11.0, 11.0625, 11.0, 11.0]"
False,4125,1,6667,3,"[11.0625, 11.0, 11.0625, 10.875]"
False,4126,2,6671,3,"[11.0625, 11.125, 11.0625, 10.9375]"
False,4127,3,6673,2,"[11.0625, 11.0625, 11.0, 11.0]"
False,4128,2,6674,3,"[11.125, 11.125, 11.125, 11.0]"
False,4129,3,6675,0,"[10.75, 10.8125, 11.0625, 10.875]"
True,4130,0,6679,0,"[10.9375, 10.9375, 11.0, 11.125]"
True,4131,3,6680,3,"[11.0625, 11.0, 11.0625, 10.9375]"
True,4132,0,6686,0,"[11.0625, 11.0625, 11.0625, 11.0625]"
False,4133,3,6711,2,"[11.125, 11.125, 11.0625, 11.0625]"
False,4134,0,6716,1,"[11.25, 10.875, 11.0, 10.9375]"
False,4135,0,6728,3,"[11.0, 10.9375, 10.9375, 10.875]"
False,4136,3,6731,1,"[11.0625, 11.0, 11.0625, 11.0]"
False,4137,2,6732,1,"[11.1875, 10.875, 10.9375, 11.0625]"
False,4138,2,6737,1,"[11.125, 10.875, 11.0625, 11.0625]"
False,4139,0,6746,3,"[11.0, 11.125, 11.0625, 10.875]"
True,4140,0,6754,0,"[11.0, 11.125, 11.0625, 11.125]"
False,4141,3,6761,1,"[11.125, 10.875, 10.9375, 10.875]"
False,4142,3,6765,1,"[11.0, 10.875, 11.25, 11.125]"
True,4143,0,6778,0,"[10.9375, 11.0625, 10.9375, 10.9375]"
True,4144,0,6782,0,"[11.0, 11.0625, 11.125, 11.1875]"
False,4145,1,6791,3,"[11.0625, 11.0625, 11.1875, 11.0]"
False,4146,2,6792,1,"[11.0625, 10.875, 11.0625, 11.0625]"
True,4147,1,6793,1,"[11.0, 10.9375, 11.0, 10.9375]"
False,4148,2,6795,1,"[11.0, 10.9375, 10.9375, 10.9375]"
False,4149,1,6805,2,"[11.0625, 11.0, 10.9375, 11.1875]"
False,4150,2,6806,1,"[11.125, 11.0, 11.0, 11.125]"
True,4151,0,6808,0,"[10.9375, 11.0625, 11.0, 11.0]"
False,4152,0,6821,1,"[11.0, 10.9375, 11.0625, 11.125]"
True,4153,2,6829,2,"[11.0625, 11.0625, 10.9375, 11.0625]"
False,4154,2,6837,3,"[11.1875, 11.125, 11.1875, 10.9375]"
False,4155,2,6847,0,"[11.125, 11.25, 11.125, 11.125]"
False,4156,3,6853,1,"[11.0625, 10.875, 11.125, 11.125]"
False,4157,2,6859,3,"[10.9375, 10.9375, 11.125, 10.875]"
True,4158,0,6886,0,"[11.0, 11.0, 11.0, 11.0625]"
False,4159,0,6887,3,"[11.125, 11.125, 11.1875, 11.0625]"
False,4160,3,6894,2,"[11.1875, 11.0625, 10.9375, 10.9375]"
False,4161,3,6895,1,"[10.9375, 10.875, 10.9375, 10.9375]"
False,4162,3,6908,2,"[11.0, 10.9375, 10.875, 11.0]"
True,4163,2,6917,2,"[11.0625, 11.125, 11.0, 11.0]"
True,4164,1,6926,1,"[11.0625, 10.9375, 11.125, 11.25]"
False,4165,0,6939,3,"[11.0, 11.125, 11.0, 10.875]"
False,4166,0,6949,1,"[11.0, 10.9375, 11.0, 11.0625]"
False,4167,3,6953,1,"[11.125, 10.875, 11.0, 11.0]"
False,4168,0,6977,2,"[11.0, 11.0, 10.9375, 11.0625]"
True,4169,1,6980,1,"[11.1875, 11.0, 11.0, 11.1875]"
False,4170,1,6981,3,"[11.125, 11.0625, 11.0, 10.9375]"
False,4171,1,6983,2,"[11.0, 11.0, 10.9375, 10.9375]"
True,4172,1,6986,1,"[11.1875, 10.9375, 11.0625, 11.125]"
False,4173,1,6991,0,"[10.875, 11.0, 11.0, 10.875]"
False,4174,2,7001,3,"[11.125, 11.125, 11.0625, 10.875]"
True,4175,0,7011,0,"[10.9375, 11.0, 11.125, 11.0]"
False,4176,3,7021,0,"[10.875, 10.9375, 10.9375, 11.0]"
False,4177,1,7029,0,"[10.9375, 10.9375, 10.9375, 10.9375]"
False,4178,0,7030,1,"[11.0625, 10.9375, 11.0625, 11.0625]"
False,4179,2,7057,1,"[10.9375, 10.8125, 11.0, 11.0]"
True,4180,1,7065,1,"[11.0, 10.9375, 11.0, 11.0]"
True,4181,3,7067,3,"[11.0, 11.125, 11.0, 10.8125]"
False,4182,3,7073,2,"[11.0625, 11.0, 10.9375, 11.125]"
False,4183,2,7084,0,"[11.0625, 11.125, 11.125, 11.1875]"
False,4184,3,7092,0,"[10.875, 11.0, 11.0, 11.0625]"
True,4185,3,7122,3,"[10.9375, 10.9375, 11.0, 10.875]"
True,4186,3,7131,3,"[11.0, 11.125, 11.0625, 10.9375]"
True,4187,2,7134,2,"[11.0625, 11.0625, 10.9375, 11.0]"
False,4188,3,7137,2,"[11.0625, 11.0625, 11.0, 11.0625]"
False,4189,2,7140,3,"[10.9375, 11.0625, 11.0, 10.875]"
False,4190,3,7142,0,"[10.8125, 10.9375, 10.875, 11.0625]"
False,4191,2,7144,1,"[11.0, 10.9375, 11.125, 11.0625]"
True,4192,0,7145,0,"[11.0625, 11.125, 11.125, 11.0625]"
False,4193,3,7149,0,"[10.8125, 11.0, 11.25, 11.0]"
False,4194,0,7169,1,"[11.0, 10.875, 11.0625, 11.125]"
True,4195,3,7204,3,"[11.125, 11.0, 10.9375, 10.875]"
False,4196,3,7210,0,"[10.9375, 11.0, 10.9375, 11.0]"
False,4197,1,7211,2,"[11.1875, 11.0, 10.9375, 11.0625]"
False,4198,0,7216,1,"[11.125, 10.875, 11.0625, 11.1875]"
True,4199,3,7219,3,"[11.125, 11.0625, 11.0625, 11.0]"
False,4200,0,7225,2,"[11.0625, 11.0, 10.875, 11.0625]"
False,4201,0,7234,1,"[11.0, 10.9375, 11.125, 11.0625]"
False,4202,0,7236,2,"[11.0625, 11.1875, 11.0, 11.125]"
False,4203,3,7252,0,"[11.0, 11.0, 11.25, 11.0]"
False,4204,3,7263,0,"[11.0625, 11.0625, 11.125, 11.125]"
False,4205,3,7283,2,"[11.0625, 11.0625, 10.875, 10.875]"
False,4206,1,7286,2,"[11.0, 11.0, 10.9375, 11.0]"
False,4207,2,7289,3,"[11.125, 11.0, 11.0625, 10.9375]"
False,4208,3,7290,2,"[11.0, 11.0, 10.9375, 10.9375]"
False,4209,2,7295,0,"[10.875, 10.9375, 10.9375, 10.9375]"
False,4210,0,7297,1,"[11.125, 11.0, 11.125, 11.125]"
True,4211,0,7315,0,"[10.9375, 11.0, 11.0, 11.0625]"
True,4212,1,7318,1,"[11.125, 10.8125, 11.0625, 11.0]"
False,4213,0,7324,3,"[11.125, 11.0625, 11.0625, 11.0]"
True,4214,3,7342,3,"[11.0, 11.0625, 11.1875, 10.875]"
False,4215,0,7346,1,"[11.0625, 10.9375, 11.0625, 11.0]"
False,4216,2,7354,1,"[11.125, 11.0, 11.0, 11.0625]"
True,4217,0,7360,0,"[10.9375, 10.9375, 10.9375, 11.125]"
True,4218,1,7370,1,"[11.0625, 10.875, 11.0625, 11.0]"
False,4219,2,7376,0,"[11.0, 11.0625, 11.125, 11.1875]"
False,4220,1,7388,2,"[11.0625, 11.0625, 10.9375, 11.0]"
False,4221,2,7390,0,"[11.0, 11.25, 11.25, 11.1875]"
False,4222,3,7405,1,"[11.125, 11.0, 11.125, 11.0]"
False,4223,2,7430,0,"[10.9375, 11.0, 11.1875, 11.0]"
True,4224,3,7433,3,"[11.1875, 11.1875, 11.0, 10.9375]"
False,4225,1,7435,3,"[11.0625, 11.0625, 11.125, 11.0]"
False,4226,1,7445,0,"[11.0, 11.0625, 11.0, 11.0]"
False,4227,2,7449,1,"[11.0, 10.9375, 11.0625, 11.0625]"
False,4228,1,7450,0,"[11.0, 11.125, 11.125, 11.0625]"
False,4229,3,7457,2,"[11.0, 11.0625, 10.9375, 10.9375]"
False,4230,1,7466,2,"[11.0, 11.0, 10.875, 11.0]"
False,4231,3,7472,0,"[10.9375, 11.0625, 11.0625, 11.0]"
False,4232,3,7477,2,"[11.0, 11.0, 10.9375, 11.125]"
False,4233,2,7486,1,"[11.1875, 10.9375, 11.125, 11.0]"
False,4234,1,7488,0,"[11.0625, 11.0625, 11.1875, 11.1875]"
False,4235,1,7509,0,"[10.875, 11.0625, 11.0625, 11.0625]"
True,4236,1,7515,1,"[11.1875, 10.9375, 10.9375, 10.9375]"
False,4237,1,7517,2,"[11.125, 11.1875, 10.9375, 11.0625]"
False,4238,2,7519,3,"[11.0, 11.0625, 11.0625, 10.8125]"
False,4239,1,7527,0,"[10.9375, 11.0625, 11.125, 11.0625]"
True,4240,2,7540,2,"[11.125, 11.0625, 11.0, 11.0]"
False,4241,3,7541,0,"[10.9375, 11.1875, 11.0, 11.0]"
True,4242,0,7555,0,"[10.9375, 10.9375, 11.0, 10.9375]"
False,4243,2,7557,1,"[11.0625, 11.0, 11.0, 11.0625]"
False,4244,3,7564,0,"[11.0, 11.0625, 11.0, 11.0]"
False,4245,3,7569,0,"[10.9375, 10.9375, 11.0, 11.0]"
False,4246,2,7591,3,"[11.1875, 11.125, 11.0, 10.875]"
True,4247,1,7609,1,"[11.0625, 10.9375, 11.0, 11.0]"
False,4248,3,7621,0,"[11.0, 11.0625, 11.125, 11.0625]"
False,4249,0,7632,3,"[10.9375, 10.875, 11.0625, 10.8125]"
False,4250,3,7644,2,"[11.0625, 11.125, 10.875, 11.0]"
False,4251,3,7649,2,"[11.0625, 11.125, 11.0, 11.125]"
False,4252,2,7652,0,"[10.9375, 11.0625, 10.9375, 11.0]"
False,4253,3,7657,0,"[11.0625, 11.0625, 11.1875, 11.125]"
False,4254,0,7669,1,"[11.0625, 10.9375, 11.0, 11.0]"
False,4255,1,7683,2,"[11.0, 11.0625, 10.875, 10.9375]"
False,4256,0,7685,2,"[11.0625, 11.0625, 11.0, 11.0625]"
False,4257,1,7691,3,"[11.125, 11.125, 11.1875, 10.9375]"
False,4258,2,7712,3,"[11.375, 11.125, 11.0625, 10.875]"
False,4259,0,7714,1,"[11.0625, 11.0, 11.125, 11.0]"
False,4260,3,7718,0,"[11.0, 11.0625, 11.0, 11.0625]"
False,4261,3,7723,0,"[10.875, 11.0, 11.0, 11.0]"
False,4262,3,7729,2,"[11.0625, 11.0625, 11.0, 11.125]"
False,4263,0,7731,1,"[11.0625, 11.0, 11.0625, 11.0625]"
False,4264,0,7737,3,"[11.1875, 11.125, 11.125, 10.9375]"
False,4265,3,7739,0,"[10.9375, 11.125, 10.9375, 11.0]"
False,4266,0,7745,3,"[10.9375, 11.125, 11.0, 10.875]"
False,4267,3,7754,1,"[11.0, 10.9375, 11.0625, 11.0]"
False,4268,1,7758,3,"[11.125, 11.0, 11.0, 10.9375]"
False,4269,0,7759,1,"[11.0625, 11.0, 11.0, 11.0625]"
True,4270,1,7764,1,"[11.125, 10.9375, 11.125, 11.0]"
False,4271,2,7778,1,"[11.0625, 11.0, 11.1875, 11.0625]"
False,4272,1,7786,0,"[10.8125, 10.8125, 11.0625, 11.0625]"
True,4273,1,7796,1,"[11.125, 11.0, 11.0625, 11.0]"
False,4274,3,7801,1,"[11.125, 10.9375, 11.125, 11.0625]"
True,4275,1,7802,1,"[11.0625, 11.0, 11.0, 11.0625]"
True,4276,1,7808,1,"[11.1875, 10.875, 11.0, 11.25]"
True,4277,1,7813,1,"[10.9375, 10.875, 11.125, 11.0]"
False,4278,0,7823,1,"[11.1875, 11.0, 11.0625, 11.0]"
False,4279,3,7824,0,"[10.9375, 11.0, 11.0625, 11.0625]"
True,4280,1,7825,1,"[10.9375, 10.875, 10.9375, 10.875]"
False,4281,1,7832,2,"[11.125, 11.0, 10.9375, 11.375]"
True,4282,0,7854,0,"[10.9375, 11.1875, 11.125, 11.0]"
False,4283,1,7862,0,"[10.9375, 11.0, 11.125, 11.0]"
False,4284,2,7865,1,"[11.0, 10.9375, 11.25, 11.0625]"
False,4285,2,7873,1,"[11.0625, 10.9375, 11.0625, 11.0625]"
False,4286,3,7875,0,"[10.9375, 11.0, 11.1875, 11.0625]"
False,4287,0,7881,2,"[11.25, 11.0625, 11.0, 11.0625]"
True,4288,3,7883,3,"[11.0625, 11.0, 10.9375, 10.8125]"
False,4289,1,7899,3,"[11.125, 11.0, 11.0625, 10.875]"
True,4290,2,7904,2,"[11.0, 11.0, 10.875, 11.125]"
True,4291,0,7912,0,"[11.0, 11.0625, 11.0625, 11.0625]"
False,4292,2,7913,0,"[10.875, 11.0625, 11.0, 11.0625]"
False,4293,0,7915,3,"[11.125, 11.125, 11.0625, 11.0]"
False,4294,2,7920,0,"[10.9375, 11.0625, 10.9375, 11.0]"
False,4295,2,7922,0,"[10.875, 11.125, 11.0625, 11.0]"
False,4296,0,7933,1,"[11.0, 10.9375, 11.0625, 10.9375]"
True,4297,0,7944,0,"[11.0625, 11.125, 11.125, 11.0625]"
False,4298,1,7948,0,"[10.875, 10.9375, 10.875, 11.0625]"
True,4299,3,7951,3,"[11.0625, 11.125, 11.125, 11.0]"
False,4300,0,7953,1,"[11.1875, 11.0625, 11.0625, 11.125]"
False,4301,3,7966,0,"[10.8125, 11.0625, 11.0, 10.9375]"
False,4302,3,7978,1,"[11.1875, 11.0, 11.125, 11.0]"
False,4303,3,7981,1,"[11.0, 10.9375, 11.0, 10.9375]"
False,4304,3,7989,2,"[11.0, 11.125, 10.875, 11.0]"
False,4305,2,7995,0,"[10.875, 11.0, 10.9375, 11.125]"
False,4306,1,8000,0,"[11.0, 11.125, 11.1875, 11.1875]"
True,4307,0,8001,0,"[11.0, 11.0, 11.1875, 11.0625]"
False,4308,0,8002,1,"[10.9375, 10.875, 10.875, 10.875]"
True,4309,0,8005,0,"[10.875, 10.9375, 11.0, 11.0625]"
False,4310,0,8008,1,"[11.0, 10.8125, 10.8125, 11.0]"
False,4311,2,8014,3,"[11.0, 11.0, 11.0625, 10.9375]"
False,4312,0,8025,3,"[11.25, 11.125, 11.0625, 10.875]"
False,4313,2,8034,3,"[10.9375, 11.0625, 11.125, 10.875]"
False,4314,2,8043,1,"[11.1875, 11.0, 11.0625, 11.125]"
False,4315,3,8058,1,"[11.25, 10.875, 11.0, 11.125]"
True,4316,2,8061,2,"[11.0625, 11.0, 10.9375, 11.1875]"
False,4317,0,8063,1,"[11.125, 10.9375, 11.125, 11.0625]"
False,4318,3,8072,0,"[11.0625, 11.0625, 11.0625, 11.0625]"
False,4319,3,8091,1,"[11.0625, 10.9375, 11.0, 11.0625]"
False,4320,1,8106,0,"[11.0, 11.0, 11.1875, 11.0]"
False,4321,1,8115,0,"[10.9375, 11.0, 11.0, 11.0625]"
False,4322,1,8119,0,"[10.9375, 10.9375, 11.0, 11.0]"
False,4323,3,8123,0,"[11.0, 11.0, 11.125, 11.0]"
False,4324,3,8130,2,"[11.0, 11.125, 10.9375, 11.0625]"
False,4325,1,8131,0,"[11.0, 11.0625, 11.0, 11.0625]"
False,4326,2,8143,1,"[10.9375, 10.8125, 10.9375, 10.9375]"
False,4327,2,8148,3,"[11.0625, 11.1875, 11.25, 10.9375]"
False,4328,0,8173,2,"[11.125, 11.1875, 10.9375, 10.9375]"
False,4329,3,8182,0,"[11.0, 11.125, 11.125, 11.0]"
False,4330,3,8184,1,"[11.1875, 10.9375, 11.1875, 11.0625]"
False,4331,1,8203,3,"[11.0, 10.875, 11.0, 10.8125]"
False,4332,0,8207,2,"[11.0625, 11.0, 10.9375, 11.0625]"
True,4333,1,8227,1,"[11.0625, 10.875, 11.0625, 11.0]"
False,4334,0,8231,3,"[11.1875, 11.125, 11.0625, 11.0]"
False,4335,1,8237,0,"[10.9375, 11.0, 10.9375, 11.0625]"
True,4336,1,8240,1,"[10.9375, 10.8125, 10.9375, 10.875]"
False,4337,1,8253,0,"[11.0, 11.0625, 11.0625, 11.1875]"
False,4338,3,8280,0,"[11.0, 11.0625, 11.0, 11.0625]"
False,4339,1,8287,3,"[11.0, 11.1875, 11.0625, 10.875]"
False,4340,1,8288,3,"[10.9375, 11.0, 11.1875, 10.875]"
False,4341,3,8294,0,"[11.0625, 11.125, 11.0625, 11.0625]"
False,4342,3,8318,0,"[11.0625, 11.1875, 11.375, 11.125]"
False,4343,1,8325,2,"[11.125, 11.0625, 11.0, 11.125]"
False,4344,0,8349,1,"[11.1875, 11.0, 11.0, 11.0]"
False,4345,0,8351,2,"[11.125, 11.0625, 11.0, 11.0]"
False,4346,1,8355,0,"[10.9375, 11.0, 11.125, 10.9375]"
False,4347,2,8362,1,"[11.0, 10.875, 11.0, 11.0]"
True,4348,0,8366,0,"[10.9375, 11.125, 11.125, 11.0625]"
False,4349,0,8367,2,"[10.875, 10.9375, 10.8125, 10.9375]"
False,4350,1,8373,3,"[11.0, 11.125, 11.0625, 10.9375]"
False,4351,2,8377,0,"[10.9375, 11.0, 10.9375, 10.9375]"
False,4352,1,8387,0,"[10.875, 11.0625, 10.9375, 10.875]"
False,4353,0,8388,3,"[11.0625, 11.0625, 11.125, 10.8125]"
False,4354,2,8404,1,"[11.0625, 11.0, 11.0625, 11.0625]"
False,4355,3,8405,2,"[11.125, 11.125, 10.875, 11.0625]"
True,4356,0,8424,0,"[10.9375, 11.125, 11.0, 11.375]"
False,4357,1,8430,0,"[10.875, 10.9375, 11.125, 11.125]"
False,4358,3,8446,2,"[10.9375, 11.125, 10.875, 11.0625]"
False,4359,3,8455,2,"[11.125, 11.25, 10.9375, 11.0]"
False,4360,0,8475,3,"[10.9375, 10.9375, 11.0625, 10.875]"
False,4361,3,8493,2,"[11.0625, 11.0, 10.8125, 10.875]"
False,4362,0,8497,2,"[11.125, 11.125, 10.875, 11.125]"
False,4363,1,8507,2,"[11.0625, 11.125, 11.0, 11.0625]"
False,4364,2,8508,0,"[10.8125, 10.875, 11.125, 10.875]"
False,4365,1,8510,0,"[10.875, 11.125, 10.9375, 11.0625]"
False,4366,2,8514,0,"[10.875, 11.0625, 11.1875, 11.0625]"
True,4367,1,8517,1,"[11.0625, 11.0, 11.0, 11.125]"
False,4368,3,8522,0,"[11.0625, 11.0625, 11.125, 11.25]"
False,4369,0,8523,2,"[11.0625, 10.9375, 10.875, 11.1875]"
False,4370,1,8538,0,"[10.9375, 11.0625, 11.0625, 11.0625]"
False,4371,2,8539,3,"[11.1875, 11.125, 11.1875, 11.0]"
False,4372,0,8547,1,"[11.0, 10.875, 11.125, 11.0]"
False,4373,2,8548,1,"[11.0, 10.9375, 10.9375, 11.1875]"
False,4374,3,8561,0,"[10.875, 11.0, 11.0, 10.9375]"
False,4375,0,8592,1,"[11.125, 11.0625, 11.125, 11.0625]"
False,4376,2,8608,0,"[10.875, 11.0, 11.125, 10.9375]"
False,4377,0,8609,1,"[11.0625, 11.0, 11.0625, 11.0625]"
False,4378,3,8613,1,"[11.0625, 10.9375, 11.0, 11.0]"
False,4379,1,8614,0,"[11.0, 11.0, 11.0, 11.125]"
False,4380,0,8615,1,"[11.1875, 11.0, 11.125, 11.3125]"
False,4381,1,8621,2,"[11.0625, 11.125, 10.9375, 10.9375]"
True,4382,3,8627,3,"[10.9375, 10.9375, 11.0625, 10.875]"
True,4383,0,8630,0,"[11.0, 11.125, 11.1875, 11.0]"
True,4384,0,8636,0,"[10.875, 11.0, 11.0, 11.0]"
False,4385,2,8647,3,"[11.0625, 11.0, 11.0, 10.9375]"
False,4386,0,8655,1,"[11.0, 10.9375, 11.0625, 11.0]"
False,4387,2,8667,3,"[11.125, 11.0625, 10.9375, 10.875]"
True,4388,1,8668,1,"[11.1875, 11.0, 11.125, 11.0]"
False,4389,1,8673,2,"[11.0, 11.1875, 10.875, 10.9375]"
True,4390,1,8679,1,"[11.0625, 10.875, 10.9375, 10.9375]"
False,4391,0,8684,1,"[11.0625, 11.0, 11.0, 11.0]"
False,4392,3,8695,0,"[11.0, 11.125, 11.0, 11.0]"
False,4393,0,8708,1,"[11.125, 11.0625, 11.125, 11.0625]"
False,4394,2,8721,0,"[10.875, 10.875, 10.875, 11.0]"
False,4395,3,8731,0,"[10.9375, 11.0, 11.125, 11.0625]"
False,4396,3,8742,0,"[10.9375, 11.125, 11.0, 11.125]"
False,4397,2,8753,3,"[11.1875, 11.0625, 11.125, 10.875]"
True,4398,2,8759,2,"[11.125, 11.0, 10.9375, 11.125]"
False,4399,2,8770,1,"[11.0625, 11.0, 11.0, 11.0]"
False,4400,1,8772,2,"[11.0625, 11.1875, 10.9375, 11.0625]"
False,4401,3,8781,0,"[11.0625, 11.0625, 11.1875, 11.0625]"
False,4402,2,8794,1,"[11.0625, 10.875, 10.875, 11.0]"
False,4403,3,8795,0,"[11.0, 11.0625, 11.125, 11.1875]"
False,4404,2,8803,1,"[11.0, 10.9375, 11.0625, 11.0]"
False,4405,2,8823,0,"[10.875, 10.875, 11.0, 10.9375]"
False,4406,2,8828,1,"[11.0625, 10.875, 11.0625, 10.875]"
False,4407,2,8831,0,"[10.9375, 11.125, 11.0625, 11.0625]"
False,4408,2,8836,3,"[10.9375, 10.9375, 11.0, 10.875]"
False,4409,1,8843,3,"[10.9375, 11.0625, 11.0, 10.875]"
True,4410,2,8845,2,"[11.125, 11.1875, 11.0, 11.0625]"
True,4411,1,8858,1,"[10.9375, 10.8125, 11.0, 10.875]"
True,4412,0,8879,0,"[10.875, 10.9375, 10.9375, 10.9375]"
False,4413,2,8894,1,"[11.1875, 11.0, 11.25, 11.25]"
False,4414,1,8912,3,"[11.0625, 11.125, 11.125, 11.0]"
False,4415,3,8914,2,"[11.125, 11.0625, 10.9375, 11.0]"
False,4416,1,8919,2,"[11.0, 10.9375, 10.8125, 11.0625]"
False,4417,0,8937,2,"[11.1875, 11.1875, 11.0625, 11.0625]"
False,4418,1,8945,2,"[11.125, 11.0, 10.9375, 11.0625]"
False,4419,0,8947,1,"[11.0625, 11.0, 11.0, 11.0625]"
False,4420,1,8959,0,"[11.0, 11.0, 11.0, 11.25]"
True,4421,0,8963,0,"[11.0625, 11.125, 11.0625, 11.0625]"
False,4422,1,8978,0,"[10.9375, 11.125, 11.0, 11.0]"
True,4423,3,8987,3,"[11.125, 11.125, 11.0625, 10.9375]"
False,4424,2,8994,0,"[10.875, 10.9375, 10.9375, 11.125]"
False,4425,2,9003,1,"[11.0625, 11.0, 11.0625, 11.0625]"
False,4426,3,9007,0,"[10.75, 10.875, 10.9375, 10.875]"
True,4427,1,9012,1,"[11.0625, 10.9375, 11.0, 11.0]"
False,4428,0,9021,1,"[11.0, 10.875, 11.0625, 11.0625]"
False,4429,2,9023,0,"[10.9375, 11.125, 10.9375, 11.0625]"
False,4430,3,9028,0,"[10.9375, 11.0, 11.0, 11.0625]"
False,4431,1,9049,0,"[10.9375, 11.0625, 11.0, 11.0]"
True,4432,2,9054,2,"[11.0, 11.0, 10.9375, 10.9375]"
False,4433,1,9059,0,"[11.0, 11.0, 11.0, 11.0]"
True,4434,2,9065,2,"[11.0625, 11.0, 10.9375, 11.0]"
False,4435,1,9070,2,"[11.0625, 11.0625, 11.0, 11.0]"
False,4436,2,9072,0,"[10.9375, 11.0625, 11.0625, 11.0]"
True,4437,3,9082,3,"[11.1875, 11.0, 11.125, 10.9375]"
False,4438,0,9100,3,"[11.125, 11.0625, 11.125, 10.9375]"
False,4439,1,9102,3,"[11.0, 11.0625, 10.875, 10.8125]"
False,4440,3,9109,1,"[10.9375, 10.875, 11.1875, 11.0625]"
False,4441,1,9111,2,"[11.1875, 11.0625, 11.0, 11.0]"
False,4442,1,9112,2,"[11.0, 11.0625, 10.8125, 11.0]"
True,4443,3,9122,3,"[11.125, 11.0625, 11.0625, 10.9375]"
False,4444,2,9123,0,"[11.0, 11.25, 11.0, 11.0]"
True,4445,0,9157,0,"[11.0, 11.0, 11.0, 11.0625]"
False,4446,0,9161,2,"[11.0, 11.0, 10.875, 10.9375]"
True,4447,0,9166,0,"[10.9375, 11.0625, 10.9375, 11.0625]"
False,4448,0,9171,3,"[11.0625, 11.0625, 11.125, 10.9375]"
False,4449,2,9176,3,"[10.9375, 11.125, 11.0, 10.875]"
False,4450,2,9188,3,"[11.0625, 11.0625, 11.1875, 11.0]"
False,4451,2,9197,0,"[11.0625, 11.0625, 11.1875, 11.0625]"
False,4452,1,9199,2,"[11.0625, 11.0625, 11.0, 11.125]"
False,4453,3,9233,0,"[11.0, 11.125, 11.125, 11.0]"
False,4454,2,9238,0,"[11.1875, 11.1875, 11.1875, 11.1875]"
False,4455,0,9241,2,"[11.0625, 11.0, 10.9375, 11.0]"
False,4456,3,9242,0,"[10.9375, 11.0625, 10.9375, 10.9375]"
True,4457,2,9244,2,"[11.0, 11.0, 10.9375, 11.0]"
False,4458,0,9248,3,"[11.0625, 11.125, 11.125, 11.0]"
False,4459,2,9255,0,"[11.0625, 11.125, 11.0625, 11.0625]"
False,4460,2,9280,0,"[10.9375, 11.0625, 11.0625, 10.9375]"
False,4461,2,9296,0,"[11.0, 11.0, 11.0625, 11.125]"
False,4462,3,9302,2,"[11.0625, 11.0625, 11.0, 11.0]"
False,4463,1,9310,0,"[10.9375, 11.0625, 11.0, 11.0]"
False,4464,3,9316,1,"[11.1875, 10.875, 11.0, 11.0625]"
False,4465,1,9322,0,"[10.875, 10.9375, 11.0625, 11.0625]"
False,4466,0,9336,3,"[11.0625, 11.0625, 11.0, 10.9375]"
False,4467,1,9353,0,"[10.875, 10.9375, 10.9375, 11.0]"
False,4468,2,9379,1,"[11.0, 10.9375, 11.0625, 11.0625]"
True,4469,0,9392,0,"[10.875, 11.0, 11.0, 11.0625]"
True,4470,2,9413,2,"[11.0, 10.9375, 10.875, 10.875]"
True,4471,1,9433,1,"[11.0, 10.9375, 11.0625, 11.0625]"
False,4472,0,9450,3,"[11.0, 11.0625, 10.9375, 10.875]"
True,4473,1,9462,1,"[11.0, 10.9375, 10.9375, 11.0]"
False,4474,2,9473,0,"[11.0, 11.125, 11.0625, 11.0]"
False,4475,3,9485,0,"[10.875, 11.0, 10.875, 11.0625]"
False,4476,1,9490,2,"[11.125, 11.0625, 10.875, 10.9375]"
False,4477,3,9491,0,"[10.9375, 11.0625, 10.9375, 11.125]"
True,4478,0,9492,0,"[10.875, 11.0625, 11.0625, 10.9375]"
False,4479,1,9502,2,"[11.0, 11.0625, 10.875, 10.875]"
False,4480,3,9505,1,"[11.125, 10.9375, 11.0625, 11.125]"
False,4481,0,9510,3,"[10.9375, 10.9375, 11.0625, 10.875]"
True,4482,0,9515,0,"[11.0, 11.1875, 11.0, 11.0]"
False,4483,2,9516,3,"[11.0625, 11.0625, 11.125, 10.9375]"
False,4484,0,9517,1,"[11.1875, 10.875, 11.0625, 10.875]"
False,4485,1,9519,2,"[11.0625, 11.125, 10.9375, 11.0625]"
False,4486,2,9525,0,"[11.0, 11.125, 11.1875, 11.0625]"
False,4487,0,9546,1,"[11.0, 10.8125, 11.0625, 11.0]"
False,4488,3,9549,0,"[10.9375, 11.125, 10.9375, 11.125]"
False,4489,2,9551,0,"[11.0, 11.0625, 11.0, 11.0625]"
False,4490,3,9552,1,"[11.125, 10.875, 11.0, 11.25]"
False,4491,2,9561,1,"[11.0625, 11.0, 11.0, 11.0]"
False,4492,3,9563,2,"[11.125, 11.0, 10.9375, 11.0]"
False,4493,3,9577,2,"[11.125, 11.125, 11.0625, 11.125]"
False,4494,1,9596,0,"[11.0, 11.0, 11.0, 11.0625]"
False,4495,3,9603,1,"[11.1875, 10.9375, 10.9375, 10.9375]"
False,4496,3,9618,1,"[11.0, 10.9375, 11.25, 11.1875]"
False,4497,1,9629,0,"[10.9375, 10.9375, 10.9375, 11.125]"
False,4498,1,9630,0,"[11.0, 11.0, 11.25, 11.0625]"
False,4499,1,9653,0,"[11.0625, 11.0625, 11.0625, 11.0625]"
False,4500,1,9655,0,"[10.9375, 11.0, 10.9375, 10.9375]"
False,4501,0,9665,2,"[11.125, 11.0, 10.875, 10.9375]"
False,4502,3,9676,0,"[10.875, 11.0, 10.875, 10.875]"
False,4503,1,9679,0,"[10.875, 10.9375, 11.0625, 11.0]"
False,4504,3,9682,2,"[11.0625, 11.1875, 10.875, 10.9375]"
False,4505,1,9687,0,"[10.9375, 11.125, 10.9375, 11.0]"
False,4506,3,9715,0,"[11.0, 11.0, 11.0625, 11.25]"
False,4507,1,9728,2,"[11.125, 11.0625, 11.0, 11.125]"
False,4508,0,9731,1,"[11.1875, 11.0625, 11.1875, 11.125]"
False,4509,3,9734,0,"[10.875, 10.875, 10.875, 11.0625]"
False,4510,2,9735,0,"[10.9375, 11.0, 11.0, 11.0625]"
False,4511,1,9739,3,"[11.0, 11.0, 11.0625, 10.9375]"
False,4512,3,9748,2,"[11.0, 11.0625, 10.9375, 11.0625]"
False,4513,0,9755,1,"[11.25, 11.0625, 11.0625, 11.1875]"
False,4514,2,9771,3,"[10.9375, 10.875, 11.0625, 10.8125]"
True,4515,0,9806,0,"[10.9375, 10.9375, 11.0, 11.0]"
True,4516,0,9810,0,"[10.9375, 11.125, 11.125, 11.125]"
True,4517,3,9814,3,"[11.0625, 11.0, 11.0625, 10.875]"
False,4518,2,9822,1,"[11.0625, 10.875, 11.0, 11.0]"
False,4519,0,9842,1,"[11.0625, 11.0, 11.0, 11.0]"
False,4520,0,9849,1,"[11.0625, 11.0, 11.0625, 11.0]"
True,4521,1,9850,1,"[11.125, 11.0, 11.0625, 11.125]"
True,4522,3,9860,3,"[11.0625, 11.0, 11.0, 10.8125]"
True,4523,0,9861,0,"[11.0, 11.0, 11.0625, 11.0625]"
False,4524,2,9863,1,"[11.0625, 10.9375, 11.1875, 11.0625]"
True,4525,0,9865,0,"[10.9375, 11.0, 11.0, 11.0]"
False,4526,3,9867,0,"[10.8125, 11.125, 10.8125, 11.0]"
False,4527,3,9892,0,"[10.9375, 10.9375, 11.0, 11.125]"
False,4528,3,9904,2,"[11.25, 11.0625, 10.9375, 11.25]"
False,4529,2,9906,0,"[10.875, 11.0, 11.1875, 10.875]"
False,4530,1,9908,3,"[10.875, 11.0625, 10.875, 10.8125]"
False,4531,2,9913,0,"[10.8125, 11.0625, 11.0, 10.9375]"
True,4532,2,9916,2,"[11.0625, 11.25, 10.9375, 11.0625]"
False,4533,2,9920,1,"[11.0, 10.9375, 11.0, 11.0625]"
False,4534,0,9926,1,"[11.3125, 11.0, 11.125, 11.125]"
False,4535,1,9928,3,"[11.0, 11.125, 11.0, 10.9375]"
False,4536,1,9932,3,"[11.0625, 11.0625, 11.125, 10.9375]"
False,4537,0,9942,1,"[10.9375, 10.875, 11.0625, 10.9375]"
False,4538,2,9957,0,"[10.875, 11.0, 11.0625, 10.875]"
False,4539,2,9966,1,"[11.0625, 10.875, 10.9375, 10.875]"
True,4540,0,9978,0,"[10.9375, 11.0, 11.25, 11.0]"
True,4541,2,9987,2,"[11.0625, 11.0625, 10.9375, 10.9375]"
True,4542,3,9989,3,"[11.0625, 11.0625, 11.125, 10.9375]"
False,4543,1,9991,2,"[11.0625, 11.125, 10.9375, 11.1875]"
False,4544,1,9993,3,"[11.0, 11.0, 10.9375, 10.875]"
False,4545,3,9997,0,"[10.9375, 11.0625, 11.125, 11.125]"
False,4546,1,10002,0,"[10.875, 11.0625, 11.0, 10.9375]"
False,4547,1,10006,2,"[11.0, 11.0, 10.875, 10.9375]"
False,4548,0,10008,2,"[11.125, 11.0625, 11.0, 11.0625]"
False,4549,2,10009,3,"[11.1875, 11.1875, 11.125, 11.0]"
False,4550,2,10018,1,"[10.875, 10.75, 11.0, 11.0625]"
False,4551,2,10028,1,"[11.125, 11.0, 11.0625, 11.0]"
True,4552,1,10040,1,"[11.0625, 10.9375, 11.1875, 11.0625]"
False,4553,1,10054,0,"[11.0625, 11.0625, 11.0625, 11.125]"
False,4554,1,10059,2,"[11.375, 11.1875, 11.0, 11.0625]"
False,4555,2,10071,3,"[11.25, 11.0625, 11.125, 10.9375]"
True,4556,1,10075,1,"[11.0, 10.8125, 11.0625, 11.0625]"
False,4557,0,10105,2,"[11.125, 11.0625, 10.9375, 11.1875]"
True,4558,3,10109,3,"[11.125, 11.0625, 11.125, 10.9375]"
True,4559,2,10120,2,"[11.1875, 11.125, 11.0625, 11.125]"
False,4560,1,10122,2,"[11.0, 11.0625, 10.9375, 11.125]"
False,4561,1,10123,2,"[11.0625, 11.0625, 11.0, 11.125]"
False,4562,2,10124,0,"[10.875, 11.0625, 10.9375, 11.0625]"
False,4563,3,10129,1,"[11.0625, 10.875, 11.1875, 10.875]"
False,4564,3,10132,0,"[10.9375, 11.0625, 11.0625, 11.125]"
True,4565,3,10136,3,"[11.0, 11.0, 11.0, 10.9375]"
False,4566,0,10138,3,"[11.0, 11.0, 11.0, 10.9375]"
False,4567,2,10148,0,"[11.0, 11.0, 11.0, 11.0]"
True,4568,0,10158,0,"[10.9375, 11.0625, 10.9375, 11.0625]"
False,4569,2,10160,1,"[11.0, 10.9375, 11.0, 10.9375]"
False,4570,2,10174,3,"[11.0, 11.0, 11.1875, 10.9375]"
False,4571,1,10175,0,"[11.0, 11.1875, 11.125, 11.0625]"
True,4572,2,10187,2,"[10.9375, 10.875, 10.8125, 10.9375]"
False,4573,1,10195,0,"[10.9375, 11.1875, 11.0625, 11.0625]"
False,4574,1,10196,0,"[11.0, 11.125, 11.1875, 11.0625]"
False,4575,1,10204,2,"[11.1875, 11.1875, 11.0, 11.0625]"
False,4576,2,10206,0,"[10.9375, 11.0, 11.0625, 11.0625]"
False,4577,1,10224,2,"[11.125, 11.125, 11.0, 11.0]"
False,4578,0,10236,3,"[11.125, 11.0, 11.125, 10.875]"
False,4579,1,10244,3,"[11.0625, 11.0625, 11.125, 11.0]"
False,4580,3,10246,2,"[11.125, 11.125, 10.875, 11.0]"
True,4581,3,10252,3,"[11.125, 11.125, 11.0, 10.8125]"
True,4582,3,10254,3,"[10.9375, 10.9375, 11.0625, 10.875]"
True,4583,1,10267,1,"[11.0, 10.9375, 10.9375, 11.0]"
True,4584,2,10269,2,"[11.0625, 11.0625, 10.9375, 11.0625]"
False,4585,1,10271,0,"[10.9375, 11.1875, 11.0625, 11.0625]"
False,4586,1,10274,2,"[11.0, 10.9375, 10.875, 11.0625]"
True,4587,3,10277,3,"[11.0625, 10.9375, 11.0, 10.875]"
False,4588,1,10278,2,"[11.0625, 10.9375, 10.8125, 11.0625]"
False,4589,3,10295,1,"[11.0625, 10.9375, 11.0625, 11.0625]"
True,4590,0,10296,0,"[10.875, 10.9375, 11.0, 11.0]"
True,4591,1,10300,1,"[11.1875, 11.0, 11.0625, 11.125]"
False,4592,3,10306,0,"[10.9375, 11.0625, 11.125, 11.0625]"
True,4593,2,10308,2,"[11.0, 11.0, 10.875, 11.0625]"
True,4594,0,10309,0,"[11.0, 11.0, 11.0, 11.0625]"
False,4595,2,10311,3,"[11.0625, 11.125, 11.0, 10.9375]"
False,4596,1,10318,3,"[11.0625, 11.0625, 11.0625, 10.9375]"
False,4597,0,10328,1,"[11.1875, 10.9375, 11.125, 10.9375]"
True,4598,3,10331,3,"[11.125, 11.0625, 11.0625, 11.0]"
False,4599,0,10337,3,"[11.0625, 11.0, 11.0625, 10.8125]"
False,4600,3,10338,2,"[11.0625, 11.0625, 10.8125, 11.0625]"
False,4601,2,10343,1,"[11.0625, 10.875, 11.0, 11.125]"
False,4602,1,10344,0,"[10.875, 10.9375, 10.9375, 11.0]"
False,4603,1,10347,0,"[10.9375, 10.9375, 10.9375, 11.0]"
False,4604,0,10349,1,"[11.0, 10.8125, 10.8125, 11.0625]"
True,4605,1,10353,1,"[11.0625, 10.9375, 10.9375, 10.9375]"
False,4606,2,10359,3,"[11.0, 11.0, 11.1875, 10.875]"
True,4607,2,10385,2,"[11.0, 11.0625, 10.875, 11.0625]"
True,4608,2,10391,2,"[11.125, 11.1875, 11.0625, 11.125]"
False,4609,1,10399,3,"[11.0625, 11.0625, 11.0, 10.9375]"
False,4610,1,10401,0,"[10.8125, 11.1875, 11.0, 11.0]"
True,4611,2,10414,2,"[10.9375, 11.125, 10.875, 11.0625]"
False,4612,3,10418,1,"[11.1875, 10.9375, 11.0, 11.125]"
True,4613,0,10423,0,"[10.9375, 11.125, 11.0, 11.0]"
False,4614,2,10430,0,"[11.0, 11.0625, 11.0, 11.0625]"
True,4615,1,10442,1,"[11.0, 10.9375, 11.125, 11.125]"
True,4616,0,10448,0,"[11.0625, 11.25, 11.1875, 11.125]"
False,4617,0,10450,1,"[11.0625, 11.0, 11.0, 11.0]"
True,4618,2,10461,2,"[11.0, 11.0625, 10.9375, 11.0]"
False,4619,0,10464,2,"[11.0625, 11.0, 10.875, 11.0625]"
False,4620,0,10483,2,"[11.0625, 11.125, 10.9375, 11.0625]"
True,4621,1,10485,1,"[11.1875, 11.0, 11.0625, 11.125]"
False,4622,0,10489,1,"[11.0625, 11.0, 11.0, 11.0625]"
True,4623,1,10496,1,"[11.0, 10.9375, 11.0625, 10.9375]"
False,4624,1,10508,2,"[11.0, 10.9375, 10.8125, 10.9375]"
True,4625,0,10511,0,"[11.0, 11.0625, 11.25, 11.0]"
False,4626,2,10512,0,"[10.9375, 11.125, 11.0625, 11.0]"
False,4627,2,10518,1,"[11.0625, 10.9375, 11.0625, 11.0625]"
True,4628,1,10519,1,"[11.0625, 10.9375, 11.1875, 11.125]"
False,4629,3,10534,2,"[11.0, 11.0, 10.9375, 10.9375]"
True,4630,0,10542,0,"[10.875, 11.0, 11.0, 11.0625]"
False,4631,1,10551,0,"[11.125, 11.25, 11.125, 11.125]"
False,4632,2,10553,0,"[10.8125, 11.0, 10.9375, 10.9375]"
False,4633,2,10557,0,"[11.0, 11.1875, 11.0625, 11.0]"
True,4634,1,10559,1,"[11.0, 10.9375, 11.0625, 10.9375]"
False,4635,3,10586,0,"[10.9375, 11.1875, 11.0, 11.1875]"
False,4636,0,10587,2,"[11.0, 11.0625, 10.9375, 11.0]"
False,4637,0,10593,2,"[11.0, 11.0, 10.9375, 10.9375]"
False,4638,0,10605,2,"[11.0625, 11.0625, 10.9375, 11.0]"
False,4639,1,10606,0,"[10.9375, 10.9375, 11.0625, 11.125]"
False,4640,2,10624,0,"[10.8125, 10.9375, 11.0625, 10.9375]"
True,4641,0,10627,0,"[10.875, 10.875, 11.0625, 11.0]"
False,4642,0,10641,3,"[11.0625, 11.125, 11.125, 10.9375]"
False,4643,0,10671,1,"[11.125, 10.9375, 11.1875, 11.125]"
False,4644,2,10673,0,"[10.9375, 11.125, 11.0625, 11.0625]"
False,4645,2,10681,3,"[10.9375, 11.125, 11.125, 10.8125]"
True,4646,0,10689,0,"[11.0, 11.125, 11.1875, 11.0]"
False,4647,1,10700,0,"[10.875, 11.0625, 11.0625, 11.0]"
False,4648,0,10703,3,"[11.0625, 11.0, 11.0, 10.9375]"
False,4649,3,10713,2,"[10.9375, 10.9375, 10.875, 10.9375]"
False,4650,1,10756,0,"[10.875, 11.0625, 11.125, 11.0]"
False,4651,1,10757,2,"[11.0625, 11.125, 11.0, 11.0625]"
False,4652,1,10758,2,"[11.125, 11.125, 10.9375, 11.0625]"
False,4653,3,10772,0,"[10.875, 11.125, 11.0625, 11.0625]"
True,4654,3,10777,3,"[11.0625, 10.9375, 11.0625, 10.875]"
False,4655,1,10792,3,"[11.0, 10.9375, 11.0, 10.8125]"
False,4656,0,10794,1,"[11.0, 10.9375, 11.125, 11.1875]"
False,4657,0,10796,1,"[10.9375, 10.8125, 11.1875, 11.0]"
False,4658,1,10810,0,"[10.875, 11.0, 11.0, 11.0]"
False,4659,1,10820,0,"[10.875, 11.0, 11.125, 11.0625]"
False,4660,1,10830,2,"[11.125, 11.125, 11.0, 11.0625]"
True,4661,1,10846,1,"[11.0625, 10.875, 11.0, 10.9375]"
False,4662,3,10855,2,"[11.0625, 11.0625, 10.9375, 11.0]"
False,4663,1,10870,3,"[11.0625, 11.25, 11.125, 11.0]"
False,4664,0,10893,2,"[10.9375, 10.9375, 10.8125, 11.0]"
False,4665,3,10901,0,"[10.9375, 11.1875, 11.0625, 11.0]"
True,4666,2,10910,2,"[11.125, 11.1875, 11.0625, 11.1875]"
False,4667,1,10915,2,"[11.125, 11.25, 10.875, 11.0]"
True,4668,1,10923,1,"[11.0625, 10.875, 11.125, 11.1875]"
False,4669,1,10928,3,"[11.0625, 11.0, 11.0625, 10.9375]"
False,4670,3,10938,0,"[11.0, 11.0, 11.1875, 11.0]"
False,4671,1,10962,2,"[11.0, 11.0, 10.9375, 10.9375]"
False,4672,2,10967,3,"[11.0625, 11.0625, 11.0, 10.9375]"
True,4673,0,10969,0,"[11.0, 11.0, 11.0, 11.0]"
True,4674,3,10979,3,"[11.0625, 11.125, 11.0625, 10.9375]"
False,4675,1,10981,2,"[11.125, 11.0, 10.9375, 11.1875]"
False,4676,0,10987,3,"[11.125, 11.0625, 11.125, 11.0]"
True,4677,0,11004,0,"[10.9375, 11.0625, 11.0625, 11.1875]"
False,4678,1,11008,0,"[10.9375, 10.9375, 11.0, 11.0]"
False,4679,3,11032,0,"[10.9375, 11.0625, 11.0625, 11.0]"
False,4680,1,11050,3,"[11.0, 11.0625, 11.0, 10.9375]"
True,4681,0,11065,0,"[11.0, 11.0, 11.0, 11.0]"
False,4682,3,11067,1,"[11.0, 10.9375, 11.125, 11.125]"
False,4683,2,11068,3,"[10.9375, 10.9375, 11.0, 10.875]"
True,4684,0,11094,0,"[11.0625, 11.0625, 11.0625, 11.0625]"
False,4685,3,11096,1,"[11.125, 10.9375, 10.9375, 11.125]"
False,4686,3,11099,0,"[10.9375, 10.9375, 10.9375, 11.0]"
False,4687,2,11101,0,"[10.875, 10.875, 11.0, 10.9375]"
True,4688,2,11116,2,"[11.0625, 11.0625, 11.0, 11.0]"
True,4689,2,11125,2,"[11.0, 11.0, 10.9375, 11.0]"
False,4690,0,11132,2,"[11.0625, 11.125, 10.9375, 11.0]"
False,4691,2,11135,3,"[11.125, 11.0, 11.0625, 10.9375]"
True,4692,3,11156,3,"[11.0625, 11.0625, 11.0, 10.875]"
False,4693,2,11159,0,"[10.9375, 10.9375, 11.0, 11.125]"
False,4694,2,11162,1,"[11.0625, 11.0, 11.1875, 11.125]"
False,4695,2,11185,3,"[11.0625, 11.25, 11.0625, 10.9375]"
True,4696,1,11193,1,"[11.0, 10.8125, 11.125, 10.9375]"
True,4697,0,11197,0,"[10.875, 11.1875, 11.125, 10.875]"
False,4698,3,11206,0,"[10.9375, 11.0, 11.0, 11.0625]"
False,4699,1,11215,0,"[11.0, 11.0, 11.0625, 11.125]"
False,4700,2,11216,1,"[11.0625, 10.9375, 10.9375, 11.0]"
False,4701,0,11241,1,"[10.9375, 10.8125, 10.9375, 10.9375]"
True,4702,1,11242,1,"[11.1875, 11.125, 11.125, 11.1875]"
False,4703,3,11243,0,"[10.9375, 11.0, 11.125, 11.0625]"
False,4704,2,11244,0,"[10.9375, 11.0625, 11.125, 11.0625]"
True,4705,1,11245,1,"[11.1875, 11.0625, 11.125, 11.125]"
False,4706,0,11254,2,"[11.0, 11.125, 10.875, 11.125]"
False,4707,3,11271,2,"[11.0, 10.9375, 10.875, 11.0]"
True,4708,3,11274,3,"[11.0, 11.125, 11.0, 10.9375]"
False,4709,2,11289,3,"[11.0625, 11.0625, 11.0, 10.9375]"
False,4710,0,11294,1,"[10.9375, 10.875, 11.0625, 11.0625]"
False,4711,2,11300,1,"[11.125, 10.875, 11.0625, 11.125]"
True,4712,1,11302,1,"[11.0, 10.9375, 11.0, 11.3125]"
True,4713,0,11307,0,"[10.9375, 11.125, 11.125, 11.0625]"
False,4714,1,11310,3,"[11.0625, 11.0, 11.0, 10.9375]"
False,4715,3,11312,1,"[11.1875, 11.0625, 11.1875, 11.0625]"
False,4716,3,11319,0,"[10.9375, 10.9375, 11.0625, 11.0]"
False,4717,3,11322,1,"[11.0, 10.9375, 11.125, 11.0625]"
False,4718,3,11327,0,"[11.0, 11.0, 11.125, 11.0625]"
False,4719,2,11336,0,"[10.9375, 11.0625, 11.0625, 11.0]"
False,4720,1,11367,3,"[11.0, 11.0625, 11.0, 10.875]"
False,4721,3,11377,0,"[10.9375, 10.9375, 11.0625, 11.125]"
False,4722,3,11383,2,"[11.25, 11.0, 10.875, 11.125]"
False,4723,3,11389,0,"[10.875, 11.0, 11.0, 11.0625]"
False,4724,2,11391,0,"[11.0, 11.0, 11.0, 11.125]"
False,4725,3,11394,0,"[11.0, 11.25, 11.125, 11.125]"
False,4726,0,11397,3,"[11.0625, 11.0625, 11.0, 10.9375]"
True,4727,3,11403,3,"[11.125, 11.1875, 11.0625, 11.0]"
False,4728,2,11406,1,"[11.0, 10.9375, 11.0, 10.9375]"
False,4729,1,11408,2,"[11.0625, 11.125, 11.0, 11.125]"
False,4730,2,11409,0,"[11.0, 11.0, 11.125, 11.0625]"
True,4731,2,11417,2,"[11.0625, 11.125, 10.875, 11.0625]"
True,4732,1,11438,1,"[11.0, 10.9375, 11.25, 10.9375]"
False,4733,2,11441,1,"[11.1875, 10.875, 11.0, 10.9375]"
False,4734,0,11450,1,"[11.0625, 10.9375, 10.9375, 10.9375]"
False,4735,1,11473,0,"[10.875, 10.9375, 11.0625, 10.9375]"
True,4736,1,11489,1,"[11.1875, 10.9375, 11.0, 11.0625]"
False,4737,2,11492,0,"[10.9375, 11.1875, 11.0, 11.125]"
False,4738,0,11494,2,"[11.125, 11.0, 10.9375, 10.9375]"
False,4739,2,11497,1,"[11.0625, 10.875, 11.0, 11.0]"
False,4740,3,11500,0,"[10.9375, 11.1875, 11.1875, 10.9375]"
False,4741,3,11502,0,"[10.9375, 11.0, 11.0, 11.125]"
True,4742,2,11510,2,"[11.0625, 11.0625, 10.9375, 11.0]"
False,4743,2,11512,1,"[11.0, 10.9375, 11.0, 11.0]"
False,4744,0,11514,1,"[11.0625, 10.9375, 11.0, 10.9375]"
False,4745,2,11517,0,"[10.8125, 10.9375, 11.0625, 11.0]"
False,4746,2,11520,0,"[10.9375, 11.0625, 11.0, 10.9375]"
False,4747,2,11523,3,"[11.0625, 10.9375, 11.0, 10.875]"
False,4748,3,11529,0,"[11.0, 11.0, 11.0, 11.125]"
True,4749,1,11531,1,"[11.0, 10.9375, 11.0625, 11.0]"
False,4750,0,11540,1,"[11.0, 10.9375, 11.0, 11.125]"
False,4751,2,11542,0,"[10.9375, 11.0625, 11.0, 11.0]"
True,4752,2,11546,2,"[11.125, 11.125, 11.0625, 11.125]"
False,4753,0,11563,1,"[11.0, 10.9375, 11.0625, 11.125]"
False,4754,3,11565,1,"[11.0, 10.9375, 11.1875, 11.0625]"
True,4755,2,11568,2,"[11.125, 11.0, 10.9375, 11.0]"
False,4756,3,11575,0,"[11.0625, 11.1875, 11.0625, 11.125]"
True,4757,0,11583,0,"[11.0625, 11.125, 11.125, 11.25]"
True,4758,0,11585,0,"[10.9375, 11.125, 11.125, 11.1875]"
False,4759,3,11589,1,"[11.0625, 11.0, 11.0, 11.0625]"
False,4760,2,11592,0,"[10.875, 11.0, 11.0625, 10.875]"
False,4761,0,11607,2,"[11.0625, 10.9375, 10.875, 11.0625]"
False,4762,2,11608,0,"[11.0, 11.0, 11.0625, 11.0]"
True,4763,1,11609,1,"[11.1875, 11.0625, 11.125, 11.0625]"
True,4764,0,11614,0,"[10.9375, 11.0625, 11.0625, 11.0]"
False,4765,2,11632,1,"[11.0, 10.875, 11.0625, 11.25]"
False,4766,0,11644,1,"[11.0625, 11.0, 11.0, 11.0625]"
True,4767,1,11650,1,"[11.0625, 10.875, 11.1875, 11.0]"
True,4768,3,11663,3,"[11.0625, 11.0, 10.9375, 10.875]"
False,4769,1,11673,0,"[10.875, 10.9375, 11.0625, 10.9375]"
False,4770,0,11688,2,"[11.1875, 11.0, 10.9375, 11.0]"
False,4771,2,11708,1,"[11.0625, 10.875, 11.0, 10.9375]"
False,4772,1,11711,0,"[10.9375, 11.0625, 11.0625, 11.0]"
False,4773,2,11725,1,"[11.0, 10.875, 10.875, 10.9375]"
False,4774,1,11729,3,"[11.0625, 11.0625, 11.0625, 11.0]"
False,4775,3,11731,0,"[11.0625, 11.0625, 11.0625, 11.0625]"
True,4776,1,11737,1,"[11.125, 11.0, 11.0, 11.0]"
False,4777,0,11756,3,"[11.0625, 11.0, 11.0, 10.875]"
False,4778,2,11760,0,"[11.0, 11.0625, 11.0, 11.0]"
False,4779,2,11775,0,"[10.9375, 11.1875, 11.0, 11.0]"
False,4780,0,11777,2,"[11.0625, 11.1875, 10.9375, 11.0625]"
False,4781,3,11789,2,"[11.0, 11.0, 10.9375, 11.125]"
False,4782,2,11797,1,"[11.0625, 10.9375, 11.125, 11.0625]"
False,4783,3,11799,1,"[10.9375, 10.875, 11.1875, 11.0]"
False,4784,1,11806,0,"[11.0, 11.125, 11.0625, 11.0625]"
False,4785,1,11810,0,"[10.9375, 10.9375, 11.0, 10.9375]"
False,4786,2,11834,1,"[11.1875, 11.0, 11.0625, 11.125]"
False,4787,2,11843,1,"[11.0625, 11.0, 11.125, 11.0625]"
False,4788,0,11847,1,"[11.0625, 11.0, 11.0, 11.125]"
False,4789,2,11848,1,"[11.0625, 10.875, 11.0, 10.9375]"
False,4790,2,11853,3,"[11.0, 11.0625, 10.9375, 10.875]"
False,4791,1,11857,0,"[11.0, 11.0, 11.125, 11.125]"
False,4792,1,11858,2,"[11.0625, 11.0, 10.9375, 11.0]"
False,4793,2,11863,0,"[10.8125, 11.0, 10.9375, 11.0]"
False,4794,3,11866,0,"[10.875, 10.9375, 10.9375, 11.0]"
True,4795,1,11868,1,"[11.0625, 11.0, 11.0, 11.125]"
False,4796,1,11877,0,"[10.9375, 11.0, 11.0, 11.0625]"
True,4797,2,11889,2,"[11.125, 11.125, 10.9375, 10.9375]"
False,4798,3,11896,2,"[11.0, 11.0, 10.9375, 10.9375]"
True,4799,2,11909,2,"[11.1875, 11.0625, 11.0, 11.0625]"
False,4800,0,11924,2,"[11.0625, 11.0, 10.9375, 11.125]"
False,4801,3,11933,2,"[11.0625, 11.125, 11.0, 11.0625]"
True,4802,3,11934,3,"[11.0625, 11.0, 11.0, 10.9375]"
False,4803,0,11944,1,"[11.1875, 10.9375, 11.125, 11.0625]"
True,4804,2,11975,2,"[11.0625, 11.0, 10.9375, 11.0625]"
False,4805,3,11978,0,"[11.0, 11.125, 11.0625, 11.0625]"
True,4806,0,11980,0,"[10.9375, 10.9375, 11.0, 11.0]"
True,4807,0,12005,0,"[11.0, 11.0625, 11.0625, 11.0]"
True,4808,3,12006,3,"[11.0, 11.125, 10.9375, 10.875]"
False,4809,2,12017,0,"[10.875, 11.0625, 11.0, 11.125]"
False,4810,0,12020,1,"[11.0, 10.9375, 11.0625, 11.0]"
True,4811,0,12021,0,"[10.875, 11.0, 11.1875, 11.0]"
False,4812,2,12037,1,"[11.125, 10.9375, 11.0, 11.0625]"
False,4813,0,12045,3,"[11.0625, 11.0625, 11.0625, 10.75]"
False,4814,2,12048,1,"[10.875, 10.8125, 11.0, 10.9375]"
False,4815,2,12053,1,"[11.125, 11.0, 11.0, 11.125]"
False,4816,3,12065,2,"[11.0625, 10.9375, 10.875, 11.0]"
False,4817,3,12079,0,"[10.875, 11.0, 10.875, 11.0]"
False,4818,0,12091,3,"[10.9375, 11.0, 11.125, 10.8125]"
False,4819,0,12101,2,"[10.9375, 11.0, 10.8125, 10.9375]"
False,4820,0,12102,2,"[11.0625, 11.0, 10.875, 11.125]"
False,4821,1,12107,0,"[10.875, 11.0, 11.0625, 10.9375]"
True,4822,1,12110,1,"[11.0, 10.9375, 11.0, 11.1875]"
False,4823,1,12113,2,"[10.9375, 11.0625, 10.875, 11.0625]"
False,4824,0,12119,2,"[11.0, 11.0625, 10.875, 10.9375]"
False,4825,0,12120,3,"[11.0625, 11.0, 11.0625, 10.9375]"
False,4826,2,12125,0,"[11.0, 11.0, 11.0, 11.1875]"
False,4827,3,12127,2,"[11.0625, 10.9375, 10.875, 10.9375]"
False,4828,2,12134,1,"[11.0625, 10.9375, 11.0625, 10.9375]"
True,4829,3,12145,3,"[11.1875, 11.0, 11.125, 10.9375]"
False,4830,1,12147,0,"[10.9375, 11.0625, 11.0625, 11.125]"
False,4831,3,12150,2,"[11.0, 11.0625, 10.875, 11.0]"
False,4832,3,12154,1,"[11.0625, 10.9375, 11.0, 11.0]"
False,4833,1,12162,0,"[11.0, 11.0, 11.0, 11.125]"
False,4834,2,12175,1,"[11.0, 10.9375, 11.125, 11.0]"
False,4835,0,12179,3,"[11.125, 11.0, 11.125, 10.9375]"
False,4836,3,12182,0,"[11.0, 11.0625, 11.0625, 11.0]"
False,4837,1,12184,0,"[10.9375, 10.9375, 11.0625, 11.0625]"
False,4838,0,12189,2,"[11.125, 11.0, 10.9375, 11.125]"
True,4839,2,12198,2,"[11.0, 11.0, 10.875, 10.875]"
False,4840,1,12201,0,"[11.0, 11.0, 11.0625, 11.0]"
False,4841,0,12205,2,"[10.9375, 11.1875, 10.875, 10.9375]"
False,4842,1,12209,0,"[11.0, 11.0, 11.0, 11.0625]"
False,4843,0,12230,2,"[11.0625, 11.0625, 11.0, 11.1875]"
False,4844,1,12246,2,"[11.125, 11.0625, 10.875, 11.0625]"
False,4845,0,12247,3,"[10.9375, 10.9375, 11.0, 10.875]"
False,4846,1,12251,3,"[10.9375, 11.0, 10.9375, 10.875]"
False,4847,3,12264,2,"[11.1875, 11.125, 11.0, 11.0]"
True,4848,0,12268,0,"[10.9375, 10.9375, 11.0, 11.0625]"
False,4849,2,12274,3,"[11.1875, 11.125, 11.125, 10.875]"
False,4850,0,12275,3,"[11.0625, 11.0, 11.125, 10.9375]"
False,4851,0,12278,2,"[11.1875, 11.125, 10.8125, 11.0]"
False,4852,0,12285,1,"[10.9375, 10.875, 10.875, 11.0]"
True,4853,1,12295,1,"[11.0, 10.9375, 11.1875, 11.0]"
False,4854,3,12306,0,"[10.9375, 11.0625, 11.0, 11.0625]"
True,4855,3,12310,3,"[11.0, 11.0, 11.0625, 10.9375]"
False,4856,1,12314,0,"[11.0, 11.0, 11.125, 11.125]"
False,4857,2,12315,0,"[10.8125, 10.9375, 11.0, 11.0]"
False,4858,3,12317,0,"[10.8125, 11.0625, 11.0625, 11.125]"
False,4859,3,12333,0,"[10.9375, 11.0, 11.1875, 11.0625]"
False,4860,0,12335,2,"[11.0625, 10.875, 10.8125, 11.0]"
True,4861,1,12343,1,"[11.0625, 11.0, 11.125, 11.125]"
False,4862,2,12346,3,"[11.125, 11.125, 11.125, 11.0625]"
False,4863,3,12347,0,"[10.9375, 11.1875, 11.0625, 11.125]"
False,4864,2,12365,1,"[11.0625, 11.0, 11.0, 11.0625]"
True,4865,1,12373,1,"[11.0625, 10.9375, 11.0625, 11.0625]"
False,4866,1,12377,0,"[11.0625, 11.0625, 11.25, 11.0625]"
True,4867,3,12379,3,"[11.0625, 11.0625, 10.875, 10.8125]"
True,4868,2,12385,2,"[11.0, 10.875, 10.75, 11.1875]"
True,4869,1,12386,1,"[11.0625, 11.0, 11.0625, 11.0]"
False,4870,1,12393,2,"[11.125, 10.9375, 10.8125, 11.0625]"
False,4871,3,12394,1,"[11.0, 10.9375, 10.9375, 11.0]"
False,4872,1,12400,0,"[10.8125, 10.875, 11.125, 11.0]"
False,4873,2,12403,1,"[10.875, 10.8125, 11.125, 10.875]"
False,4874,1,12406,2,"[11.0, 11.0, 10.6875, 11.0]"
True,4875,1,12408,1,"[11.0625, 11.0, 11.0625, 11.125]"
False,4876,1,12414,0,"[11.0625, 11.0625, 11.0625, 11.0625]"
False,4877,1,12415,2,"[11.0, 11.0, 10.9375, 11.0]"
False,4878,1,12423,0,"[10.9375, 10.9375, 11.0625, 11.1875]"
False,4879,2,12432,0,"[10.9375, 11.0, 11.125, 11.0625]"
False,4880,3,12434,1,"[11.0, 10.875, 11.125, 11.0]"
False,4881,2,12448,3,"[11.0625, 10.9375, 11.0625, 10.875]"
False,4882,2,12451,1,"[11.125, 10.875, 11.0, 10.9375]"
False,4883,1,12460,2,"[11.125, 11.0, 10.875, 11.25]"
False,4884,0,12463,3,"[11.125, 11.125, 11.125, 11.0]"
False,4885,0,12471,1,"[11.0625, 10.9375, 11.0, 11.0]"
False,4886,1,12473,2,"[11.0, 11.0625, 10.9375, 11.125]"
False,4887,2,12477,3,"[10.9375, 11.125, 10.9375, 10.6875]"
False,4888,1,12481,0,"[10.875, 10.875, 10.9375, 10.9375]"
False,4889,1,12482,3,"[11.125, 11.0, 11.0625, 10.875]"
False,4890,2,12488,0,"[10.875, 11.1875, 11.125, 11.125]"
True,4891,1,12492,1,"[11.125, 10.9375, 11.0625, 11.0625]"
False,4892,0,12495,2,"[11.0625, 11.0, 10.9375, 11.0625]"
False,4893,2,12504,1,"[11.0, 10.8125, 11.0, 11.125]"
False,4894,2,12509,0,"[10.875, 11.0625, 11.0, 10.9375]"
True,4895,0,12516,0,"[10.9375, 10.9375, 11.0625, 11.0]"
False,4896,2,12517,0,"[11.0, 11.0625, 11.125, 11.0]"
False,4897,3,12522,1,"[11.0625, 11.0, 11.0, 11.0]"
False,4898,1,12524,0,"[11.0, 11.125, 11.125, 11.0]"
True,4899,1,12540,1,"[11.0625, 11.0, 11.0625, 11.125]"
True,4900,2,12545,2,"[11.125, 11.0625, 11.0, 11.0]"
True,4901,0,12546,0,"[10.9375, 11.0, 10.9375, 11.0]"
False,4902,0,12547,3,"[11.0, 10.9375, 11.0, 10.875]"
True,4903,1,12554,1,"[11.25, 11.0625, 11.0625, 11.0625]"
False,4904,0,12579,2,"[11.0625, 11.1875, 11.0, 11.0625]"
False,4905,3,12583,0,"[11.0, 11.25, 11.0625, 11.125]"
False,4906,0,12585,3,"[11.0, 11.125, 11.25, 10.9375]"
False,4907,1,12591,2,"[11.0625, 11.0, 10.875, 11.0625]"
False,4908,2,12594,0,"[10.875, 11.0625, 10.9375, 10.875]"
True,4909,1,12597,1,"[11.0625, 10.9375, 10.9375, 10.9375]"
False,4910,1,12608,0,"[11.0625, 11.125, 11.0625, 11.25]"
False,4911,2,12611,1,"[10.9375, 10.875, 11.0, 10.9375]"
False,4912,2,12619,0,"[11.0, 11.0625, 11.1875, 11.1875]"
False,4913,2,12622,0,"[10.9375, 11.0625, 11.125, 10.9375]"
False,4914,2,12628,1,"[11.0, 10.875, 11.0, 11.125]"
False,4915,2,12630,0,"[11.0, 11.0625, 11.1875, 11.0625]"
False,4916,3,12637,0,"[10.9375, 11.0, 11.125, 11.0625]"
False,4917,3,12644,0,"[11.0, 11.1875, 11.1875, 11.0625]"
False,4918,3,12650,0,"[11.0, 11.0625, 11.0625, 11.0625]"
False,4919,0,12658,2,"[11.0, 11.0, 10.9375, 11.0625]"
False,4920,1,12662,3,"[11.0, 11.0, 10.9375, 10.875]"
False,4921,2,12672,0,"[11.0, 11.0625, 11.0, 11.1875]"
True,4922,3,12674,3,"[11.0625, 11.0, 10.9375, 10.875]"
False,4923,1,12675,0,"[11.0, 11.125, 11.125, 11.0]"
True,4924,0,12676,0,"[10.9375, 11.0625, 10.9375, 10.9375]"
False,4925,1,12681,0,"[10.9375, 11.125, 11.0625, 11.25]"
True,4926,3,12684,3,"[11.0625, 11.0, 11.0, 10.9375]"
True,4927,0,12686,0,"[11.0, 11.25, 11.0, 11.0]"
True,4928,0,12687,0,"[11.0, 11.0, 11.0625, 11.125]"
False,4929,2,12694,0,"[10.9375, 11.0, 11.125, 11.0625]"
True,4930,3,12696,3,"[11.125, 11.0, 11.0625, 10.875]"
False,4931,1,12697,0,"[10.9375, 11.125, 11.0, 11.0]"
False,4932,3,12701,2,"[11.0, 11.0, 10.6875, 11.0625]"
False,4933,1,12720,0,"[10.9375, 11.125, 11.0, 11.125]"
False,4934,1,12727,0,"[11.0, 11.375, 11.125, 11.0625]"
False,4935,1,12737,0,"[11.0, 11.125, 11.125, 11.0625]"
True,4936,1,12745,1,"[11.125, 10.8125, 11.0, 11.0625]"
True,4937,1,12746,1,"[11.0, 10.875, 11.0625, 11.0625]"
False,4938,2,12764,3,"[11.0625, 11.0, 11.0625, 10.9375]"
False,4939,3,12772,2,"[10.9375, 11.125, 10.8125, 10.9375]"
False,4940,0,12785,1,"[11.0, 10.9375, 11.0625, 11.0]"
True,4941,3,12820,3,"[11.0, 10.9375, 11.0625, 10.875]"
False,4942,2,12827,0,"[11.0, 11.125, 11.0, 11.0]"
False,4943,3,12840,2,"[11.0625, 11.0, 10.875, 10.875]"
False,4944,0,12843,1,"[11.0625, 10.8125, 11.0625, 11.125]"
False,4945,3,12850,0,"[10.875, 11.0, 11.0625, 11.0625]"
False,4946,2,12852,3,"[11.0, 11.0, 10.9375, 10.875]"
False,4947,3,12856,1,"[10.9375, 10.875, 10.9375, 11.125]"
True,4948,2,12862,2,"[11.125, 11.0625, 11.0, 11.0625]"
False,4949,1,12865,2,"[11.0, 11.0, 10.875, 11.0]"
False,4950,3,12878,2,"[10.9375, 11.0, 10.75, 11.0625]"
False,4951,3,12880,2,"[11.125, 11.125, 11.0, 11.0]"
False,4952,2,12881,1,"[11.25, 10.875, 11.0625, 11.1875]"
False,4953,0,12884,1,"[11.0, 10.875, 11.125, 11.125]"
True,4954,2,12887,2,"[11.1875, 11.1875, 10.9375, 11.1875]"
True,4955,1,12891,1,"[10.9375, 10.8125, 11.0, 11.0625]"
False,4956,1,12904,2,"[11.0625, 11.125, 11.0, 11.0625]"
False,4957,2,12909,1,"[11.0, 10.9375, 11.0625, 11.125]"
True,4958,2,12914,2,"[11.125, 11.0625, 11.0, 11.0]"
False,4959,0,12915,2,"[11.0, 10.875, 10.8125, 11.0]"
False,4960,1,12916,0,"[10.9375, 11.1875, 11.0, 11.0]"
False,4961,0,12921,1,"[11.0625, 11.0, 11.0625, 11.1875]"
True,4962,0,12925,0,"[10.875, 10.9375, 10.875, 11.0]"
True,4963,1,12930,1,"[11.125, 11.0, 11.125, 11.0]"
True,4964,1,12940,1,"[11.1875, 11.0625, 11.125, 11.125]"
False,4965,2,12949,1,"[11.0, 10.9375, 11.125, 11.125]"
False,4966,1,12955,2,"[11.0, 10.875, 10.75, 10.875]"
False,4967,0,12957,3,"[11.0625, 11.125, 11.0625, 11.0]"
False,4968,0,12959,3,"[10.9375, 11.0, 11.25, 10.875]"
False,4969,2,12965,0,"[10.9375, 11.0, 11.0, 11.0625]"
True,4970,1,12979,1,"[11.0625, 10.9375, 11.125, 10.9375]"
False,4971,1,12984,0,"[10.9375, 11.0, 11.0, 11.125]"
True,4972,1,13004,1,"[11.0, 10.875, 11.0625, 11.0]"
False,4973,2,13010,0,"[10.8125, 10.9375, 10.9375, 10.9375]"
False,4974,0,13015,2,"[11.125, 11.1875, 11.0625, 11.0625]"
False,4975,0,13024,1,"[11.0625, 11.0, 11.0, 11.125]"
False,4976,2,13031,1,"[11.0, 10.875, 11.0, 11.0]"
False,4977,2,13034,0,"[10.8125, 10.875, 11.0625, 11.125]"
False,4978,2,13038,3,"[11.0625, 11.125, 11.0, 10.9375]"
False,4979,0,13040,1,"[11.125, 11.0, 11.0625, 11.125]"
False,4980,3,13060,2,"[11.0625, 11.125, 11.0, 11.0]"
False,4981,0,13065,3,"[11.125, 11.125, 11.0, 10.875]"
True,4982,1,13082,1,"[11.0625, 10.75, 10.9375, 11.125]"
True,4983,3,13088,3,"[11.0625, 11.125, 11.0, 10.875]"
True,4984,0,13097,0,"[10.875, 11.0, 10.9375, 11.0]"
False,4985,3,13103,1,"[11.0625, 10.8125, 11.0625, 11.0]"
False,4986,1,13119,2,"[11.0625, 11.1875, 10.9375, 11.125]"
False,4987,1,13139,0,"[11.0, 11.0625, 11.1875, 11.0]"
False,4988,0,13146,1,"[11.0625, 10.9375, 11.1875, 11.0]"
True,4989,2,13167,2,"[11.125, 11.0625, 11.0, 11.0625]"
False,4990,0,13174,1,"[11.0, 10.8125, 10.9375, 10.9375]"
False,4991,2,13188,0,"[10.9375, 11.0, 10.9375, 11.0625]"
False,4992,3,13192,0,"[10.875, 11.0, 10.875, 11.0625]"
False,4993,0,13197,1,"[11.125, 11.0, 11.0625, 11.0625]"
True,4994,0,13202,0,"[10.875, 10.9375, 10.9375, 11.0]"
False,4995,1,13204,2,"[10.9375, 11.125, 10.75, 11.0]"
False,4996,1,13207,0,"[10.875, 11.0625, 11.0625, 10.9375]"
True,4997,2,13209,2,"[11.125, 11.0625, 10.875, 11.0]"
True,4998,1,13220,1,"[11.1875, 11.0, 11.0, 11.0625]"
False,4999,0,13237,2,"[11.0, 10.9375, 10.8125, 11.0625]"
False,5000,1,13249,3,"[10.875, 11.0, 10.875, 10.8125]"
False,5001,3,13250,2,"[11.0625, 11.0625, 11.0, 11.0625]"
True,5002,2,13251,2,"[11.0625, 11.0625, 11.0, 11.0625]"
False,5003,1,13274,0,"[11.0, 11.0, 11.0, 11.0]"
False,5004,1,13280,2,"[11.1875, 11.25, 11.125, 11.125]"
True,5005,2,13290,2,"[10.9375, 10.9375, 10.875, 10.9375]"
False,5006,3,13291,0,"[11.0, 11.0, 11.0, 11.0]"
False,5007,0,13309,1,"[11.125, 11.0625, 11.0625, 11.0625]"
False,5008,2,13310,0,"[11.0625, 11.125, 11.0625, 11.3125]"
False,5009,0,13315,1,"[11.0625, 11.0, 11.125, 11.0625]"
False,5010,2,13316,1,"[11.125, 10.9375, 11.0, 10.9375]"
True,5011,0,13318,0,"[10.8125, 10.9375, 11.125, 11.125]"
False,5012,2,13320,0,"[10.9375, 11.0625, 11.125, 11.0]"
False,5013,2,13322,1,"[11.125, 10.875, 11.125, 11.0625]"
False,5014,1,13324,3,"[11.0, 11.125, 11.0, 10.9375]"
False,5015,0,13329,2,"[11.0625, 11.1875, 11.0, 11.0]"
False,5016,1,13336,0,"[10.8125, 11.0625, 10.9375, 11.0]"
True,5017,2,13346,2,"[11.125, 11.125, 10.8125, 10.9375]"
False,5018,2,13348,0,"[11.0, 11.0, 11.0, 11.0625]"
False,5019,1,13355,0,"[10.9375, 11.0625, 10.9375, 11.0]"
False,5020,2,13359,1,"[11.125, 10.875, 11.0625, 11.0625]"
False,5021,1,13364,0,"[11.0, 11.0625, 11.0, 11.125]"
True,5022,3,13370,3,"[11.125, 11.0, 11.0625, 10.9375]"
True,5023,1,13371,1,"[11.0625, 10.875, 11.0, 10.9375]"
False,5024,0,13402,2,"[11.0, 11.0, 10.875, 11.0]"
False,5025,2,13405,0,"[11.0, 11.0625, 11.0, 11.0625]"
True,5026,1,13407,1,"[11.1875, 11.0, 11.125, 11.125]"
False,5027,0,13408,1,"[10.9375, 10.875, 11.1875, 11.1875]"
False,5028,1,13411,2,"[11.0, 11.0, 10.9375, 10.9375]"
True,5029,0,13416,0,"[10.875, 10.9375, 11.125, 11.0625]"
False,5030,2,13421,0,"[11.0625, 11.0625, 11.125, 11.125]"
False,5031,1,13422,0,"[11.0625, 11.25, 11.1875, 11.125]"
False,5032,3,13427,1,"[11.0, 10.9375, 11.125, 11.0625]"
True,5033,0,13429,0,"[10.875, 11.0, 11.0625, 11.0625]"
True,5034,1,13432,1,"[11.125, 11.0, 11.1875, 11.0625]"
False,5035,1,13434,0,"[10.9375, 11.0, 10.9375, 11.125]"
True,5036,2,13435,2,"[11.125, 11.0, 10.875, 10.875]"
False,5037,1,13453,3,"[11.0, 11.0, 11.0, 10.9375]"
False,5038,2,13455,3,"[11.0625, 11.0625, 10.9375, 10.8125]"
False,5039,3,13461,1,"[10.9375, 10.875, 11.0625, 11.0]"
False,5040,0,13466,1,"[11.0625, 10.9375, 11.0, 10.9375]"
False,5041,1,13469,3,"[10.9375, 11.125, 10.9375, 10.875]"
False,5042,1,13470,3,"[11.125, 10.875, 10.9375, 10.8125]"
False,5043,0,13479,3,"[11.0, 10.9375, 11.1875, 10.875]"
False,5044,1,13484,0,"[11.0, 11.0625, 11.0, 11.125]"
False,5045,1,13487,3,"[11.0, 11.0, 11.125, 10.75]"
False,5046,1,13490,2,"[11.0, 11.0, 10.9375, 11.125]"
False,5047,0,13493,1,"[11.125, 10.9375, 11.0, 11.1875]"
False,5048,2,13511,0,"[10.9375, 11.0625, 10.9375, 11.1875]"
False,5049,2,13513,3,"[11.0625, 11.1875, 11.125, 11.0]"
True,5050,0,13514,0,"[10.8125, 11.0, 11.0, 11.0625]"
True,5051,2,13521,2,"[11.0, 10.9375, 10.8125, 10.9375]"
False,5052,2,13528,0,"[10.9375, 10.9375, 11.1875, 11.0]"
True,5053,3,13529,3,"[11.0, 10.9375, 11.0, 10.875]"
True,5054,2,13545,2,"[11.0625, 11.125, 11.0, 11.0625]"
False,5055,0,13548,1,"[11.1875, 10.9375, 11.1875, 11.1875]"
False,5056,1,13561,0,"[11.0, 11.0, 11.125, 11.0625]"
False,5057,0,13563,3,"[11.0625, 11.125, 11.0, 10.75]"
True,5058,1,13571,1,"[10.9375, 10.8125, 11.0625, 11.0]"
False,5059,2,13579,0,"[10.9375, 11.0, 11.0, 11.0625]"
False,5060,0,13584,1,"[11.0625, 11.0, 11.0, 11.1875]"
True,5061,0,13588,0,"[11.0, 11.0625, 11.0, 11.125]"
False,5062,3,13593,0,"[11.0, 11.1875, 11.0625, 11.125]"
True,5063,1,13599,1,"[11.125, 11.0, 11.0625, 11.0]"
True,5064,2,13602,2,"[11.0625, 11.125, 10.9375, 11.0]"
True,5065,1,13613,1,"[11.1875, 11.0625, 11.125, 11.1875]"
False,5066,1,13617,0,"[10.9375, 11.1875, 11.0, 11.1875]"
False,5067,2,13621,3,"[11.0, 11.0, 11.0, 10.9375]"
True,5068,0,13629,0,"[10.9375, 11.125, 11.125, 11.125]"
True,5069,2,13642,2,"[10.9375, 11.0625, 10.875, 11.0]"
True,5070,1,13649,1,"[11.0625, 11.0, 11.0625, 11.0]"
False,5071,1,13656,0,"[10.8125, 11.0625, 11.125, 10.9375]"
True,5072,1,13657,1,"[11.25, 10.9375, 11.25, 11.0625]"
True,5073,0,13664,0,"[10.9375, 11.125, 11.125, 11.0625]"
False,5074,1,13669,2,"[11.0625, 11.0, 10.9375, 11.125]"
True,5075,2,13672,2,"[11.0, 11.0, 10.9375, 11.0625]"
True,5076,0,13676,0,"[10.9375, 10.9375, 11.0, 11.0]"
False,5077,1,13679,3,"[11.0625, 11.0625, 11.0625, 10.875]"
False,5078,2,13688,1,"[11.25, 11.0, 11.0625, 11.0]"
False,5079,1,13693,2,"[11.0, 11.0625, 10.9375, 11.0]"
True,5080,3,13711,3,"[11.0625, 11.0, 11.0, 10.9375]"
True,5081,1,13712,1,"[11.0, 10.9375, 11.0, 11.0]"
False,5082,3,13715,1,"[11.125, 10.9375, 11.0, 11.0625]"
False,5083,1,13724,0,"[11.0, 11.0, 11.0, 11.0]"
False,5084,0,13731,1,"[11.125, 11.0, 11.0625, 11.1875]"
False,5085,0,13732,1,"[11.0, 10.9375, 11.0, 10.9375]"
True,5086,2,13733,2,"[11.125, 11.0, 10.8125, 10.875]"
False,5087,1,13736,0,"[11.0625, 11.0625, 11.0625, 11.0625]"
False,5088,3,13737,1,"[11.125, 10.9375, 10.9375, 11.0625]"
True,5089,3,13739,3,"[11.0625, 10.875, 10.875, 10.8125]"
True,5090,3,13744,3,"[10.9375, 10.9375, 11.125, 10.875]"
False,5091,1,13790,0,"[10.9375, 11.0, 11.0625, 11.0]"
False,5092,2,13816,0,"[10.9375, 11.0, 11.0, 11.0]"
False,5093,3,13823,1,"[10.9375, 10.875, 10.875, 10.875]"
False,5094,3,13833,0,"[10.9375, 11.1875, 11.0, 10.9375]"
False,5095,0,13842,3,"[11.0625, 11.1875, 11.0625, 10.9375]"
True,5096,2,13844,2,"[11.1875, 11.0, 10.9375, 11.0]"
True,5097,0,13853,0,"[10.875, 11.0, 11.125, 10.9375]"
True,5098,1,13855,1,"[11.0, 10.9375, 11.0625, 11.0625]"
True,5099,0,13856,0,"[11.0, 11.125, 11.0, 11.1875]"
False,5100,3,13870,2,"[11.125, 11.125, 11.0, 11.125]"
False,5101,3,13872,0,"[10.8125, 11.0, 10.9375, 10.9375]"
False,5102,2,13881,3,"[11.125, 11.125, 11.0625, 10.9375]"
False,5103,3,13895,2,"[11.125, 11.0625, 11.0, 11.0625]"
False,5104,0,13898,1,"[11.0, 10.9375, 11.0, 11.1875]"
False,5105,2,13901,0,"[10.9375, 11.1875, 11.0, 11.0625]"
False,5106,0,13902,2,"[11.0, 11.0, 10.9375, 11.0625]"
False,5107,1,13919,0,"[10.9375, 11.0625, 11.0625, 11.125]"
False,5108,2,13921,1,"[11.0625, 11.0, 11.25, 11.125]"
False,5109,2,13922,1,"[11.125, 11.0, 11.0, 11.0625]"
False,5110,1,13923,0,"[10.9375, 11.1875, 10.9375, 11.0625]"
False,5111,2,13924,0,"[11.0625, 11.125, 11.0625, 11.125]"
False,5112,3,13950,1,"[11.125, 11.0, 11.0625, 11.125]"
False,5113,3,13956,0,"[11.0, 11.0, 11.125, 11.0625]"
True,5114,2,13961,2,"[10.9375, 11.0625, 10.8125, 10.9375]"
False,5115,3,13971,2,"[11.0, 11.0625, 10.9375, 11.0625]"
True,5116,0,13982,0,"[11.0625, 11.0625, 11.0625, 11.0625]"
True,5117,1,13985,1,"[11.125, 11.0625, 11.0625, 11.125]"
False,5118,1,13992,0,"[10.9375, 11.0625, 11.0625, 11.0]"
False,5119,3,13994,1,"[11.1875, 11.0, 11.0625, 11.0]"
False,5120,1,14007,0,"[10.9375, 10.9375, 11.0, 11.0]"
False,5121,2,14018,1,"[11.0, 10.9375, 11.0625, 11.1875]"
False,5122,2,14019,1,"[11.0625, 11.0, 11.0625, 11.0625]"
False,5123,1,14020,3,"[11.125, 11.0, 11.0625, 10.9375]"
True,5124,3,14032,3,"[11.25, 11.0, 11.0, 10.9375]"
True,5125,2,14037,2,"[10.9375, 10.9375, 10.8125, 10.875]"
True,5126,3,14053,3,"[10.9375, 11.0, 10.9375, 10.8125]"
False,5127,0,14061,2,"[11.0, 11.125, 10.9375, 11.0625]"
False,5128,1,14062,3,"[11.125, 10.9375, 10.875, 10.8125]"
False,5129,3,14068,2,"[10.9375, 11.0625, 10.875, 11.125]"
False,5130,1,14072,2,"[11.0, 11.0625, 10.9375, 11.1875]"
False,5131,3,14083,0,"[11.0625, 11.1875, 11.125, 11.0625]"
False,5132,3,14091,0,"[10.875, 11.1875, 11.125, 11.0]"
False,5133,2,14109,0,"[10.9375, 11.125, 11.125, 10.9375]"
False,5134,2,14116,1,"[10.9375, 10.8125, 10.875, 10.8125]"
False,5135,0,14121,1,"[11.125, 11.0, 11.0, 11.0]"
True,5136,1,14122,1,"[11.125, 10.9375, 11.125, 11.0]"
False,5137,1,14134,2,"[11.0625, 11.0, 10.875, 10.875]"
False,5138,1,14138,3,"[11.125, 11.0, 11.0, 10.9375]"
False,5139,3,14143,0,"[10.9375, 11.0, 11.0, 11.0625]"
True,5140,0,14155,0,"[11.0, 11.1875, 11.0, 11.0]"
False,5141,1,14156,3,"[11.125, 11.0625, 11.0, 10.9375]"
False,5142,1,14157,2,"[11.0, 11.125, 10.9375, 11.0625]"
False,5143,1,14161,0,"[10.875, 10.9375, 11.125, 10.9375]"
False,5144,3,14163,0,"[10.9375, 10.9375, 10.9375, 11.0]"
True,5145,0,14184,0,"[10.8125, 10.9375, 11.0, 10.9375]"
True,5146,3,14207,3,"[11.125, 11.125, 11.125, 11.0625]"
False,5147,1,14220,3,"[11.0, 11.0, 11.0, 10.9375]"
False,5148,2,14223,1,"[11.0625, 10.9375, 11.125, 11.0]"
False,5149,3,14226,2,"[11.0, 11.0, 10.8125, 11.0625]"
False,5150,1,14227,0,"[10.9375, 11.0, 11.125, 11.125]"
True,5151,0,14234,0,"[10.875, 10.9375, 11.0625, 10.9375]"
False,5152,2,14236,3,"[11.0625, 11.0, 11.1875, 10.875]"
False,5153,2,14242,0,"[11.0, 11.0625, 11.0, 11.0]"
False,5154,3,14263,1,"[11.125, 10.9375, 10.9375, 11.0]"
False,5155,1,14266,0,"[10.6875, 10.8125, 11.0, 10.8125]"
False,5156,3,14270,1,"[11.25, 10.8125, 11.0, 10.8125]"
False,5157,2,14277,3,"[11.0, 11.0625, 11.125, 10.9375]"
False,5158,2,14291,3,"[10.9375, 11.0, 11.0, 10.875]"
False,5159,1,14300,0,"[10.875, 10.9375, 11.125, 11.0]"
False,5160,1,14303,2,"[11.0, 11.125, 10.9375, 10.9375]"
False,5161,3,14306,2,"[11.0, 11.125, 10.9375, 10.9375]"
False,5162,3,14322,0,"[10.875, 11.1875, 11.0625, 11.125]"
False,5163,1,14327,0,"[10.9375, 11.125, 11.0625, 11.125]"
False,5164,2,14333,1,"[11.125, 11.0625, 11.1875, 11.25]"
True,5165,2,14347,2,"[11.0625, 11.0625, 11.0, 11.0625]"
False,5166,0,14358,2,"[11.0625, 10.9375, 10.8125, 11.125]"
False,5167,0,14374,1,"[11.0625, 10.875, 11.0, 10.9375]"
False,5168,2,14377,1,"[11.1875, 10.9375, 11.1875, 10.9375]"
False,5169,3,14388,0,"[11.0, 11.0, 11.1875, 11.0]"
False,5170,2,14390,0,"[11.0, 11.0, 11.0625, 11.1875]"
False,5171,1,14395,3,"[11.0625, 11.0, 11.0625, 10.9375]"
False,5172,1,14396,3,"[11.0625, 11.0, 11.0625, 10.875]"
False,5173,3,14402,0,"[10.9375, 10.9375, 11.1875, 11.0]"
True,5174,3,14411,3,"[11.0625, 11.0, 11.0, 10.9375]"
False,5175,1,14416,0,"[10.9375, 11.0625, 11.0, 11.125]"
False,5176,2,14432,0,"[10.8125, 11.0, 11.0, 11.1875]"
False,5177,2,14440,0,"[10.9375, 11.0625, 11.0625, 10.9375]"
False,5178,1,14441,0,"[11.0, 11.125, 11.125, 11.0]"
False,5179,1,14443,2,"[11.0625, 10.875, 10.8125, 10.9375]"
False,5180,2,14447,0,"[10.9375, 10.9375, 10.9375, 11.125]"
False,5181,1,14449,2,"[11.0625, 11.0, 10.875, 11.0]"
True,5182,2,14457,2,"[11.0625, 11.0625, 11.0, 11.0]"
True,5183,0,14463,0,"[10.8125, 11.0, 10.9375, 10.9375]"
False,5184,3,14468,1,"[11.25, 11.0625, 11.0625, 11.0625]"
False,5185,3,14472,1,"[11.0, 10.9375, 11.1875, 11.0]"
True,5186,0,14475,0,"[11.0, 11.125, 11.0625, 11.125]"
False,5187,0,14481,1,"[11.0, 10.9375, 11.0, 11.0625]"
False,5188,0,14485,2,"[11.1875, 11.1875, 10.9375, 11.0625]"
True,5189,2,14487,2,"[11.0, 11.125, 10.875, 11.0]"
False,5190,1,14496,2,"[11.125, 11.0625, 10.9375, 11.1875]"
False,5191,2,14503,3,"[10.9375, 10.9375, 11.125, 10.875]"
False,5192,2,14527,0,"[10.8125, 10.9375, 11.0625, 11.125]"
False,5193,0,14530,2,"[11.0, 11.0625, 10.9375, 11.0625]"
False,5194,3,14538,0,"[10.875, 11.125, 10.9375, 11.0625]"
True,5195,2,14543,2,"[11.0625, 10.9375, 10.875, 11.0625]"
False,5196,2,14544,3,"[11.125, 11.125, 11.1875, 11.0625]"
False,5197,3,14553,1,"[11.0625, 10.875, 11.125, 11.0625]"
False,5198,3,14554,2,"[11.0, 11.0625, 10.9375, 11.0]"
True,5199,3,14558,3,"[11.0, 11.0625, 11.0625, 10.875]"
False,5200,3,14565,1,"[11.0, 10.9375, 10.9375, 11.0]"
False,5201,3,14570,0,"[10.9375, 11.125, 11.0625, 11.0625]"
False,5202,1,14579,0,"[10.875, 11.0625, 11.0, 11.0]"
False,5203,2,14589,0,"[11.0, 11.0, 11.0625, 11.0]"
False,5204,0,14591,2,"[11.0625, 11.0625, 10.9375, 11.0625]"
False,5205,0,14595,1,"[11.0625, 10.875, 11.0, 11.0]"
False,5206,1,14597,0,"[10.9375, 11.125, 11.125, 11.0]"
False,5207,0,14615,1,"[11.0625, 10.9375, 11.0, 11.0]"
False,5208,2,14642,3,"[11.1875, 11.1875, 11.25, 11.0625]"
False,5209,1,14644,3,"[11.0625, 11.0625, 11.25, 10.9375]"
False,5210,0,14646,2,"[11.0, 11.0, 10.9375, 11.25]"
False,5211,3,14673,0,"[11.0, 11.0625, 11.0, 11.0625]"
False,5212,3,14676,0,"[11.0, 11.0, 11.0625, 11.1875]"
False,5213,2,14680,1,"[11.125, 11.0, 11.0, 11.0625]"
True,5214,2,14682,2,"[11.0625, 11.0625, 11.0, 11.0625]"
False,5215,2,14690,1,"[11.0, 10.875, 10.875, 11.0]"
False,5216,1,14699,3,"[11.0, 11.125, 10.9375, 10.875]"
False,5217,1,14712,3,"[10.875, 11.0, 11.0, 10.8125]"
False,5218,0,14713,1,"[11.125, 11.0, 11.0, 11.0]"
False,5219,0,14720,1,"[11.0, 10.9375, 11.0625, 11.0625]"
False,5220,0,14730,2,"[11.0625, 10.8125, 10.75, 11.0625]"
False,5221,3,14731,0,"[10.9375, 11.0, 11.0625, 10.9375]"
False,5222,1,14734,0,"[10.8125, 10.9375, 10.9375, 10.9375]"
True,5223,3,14735,3,"[11.125, 10.9375, 11.0, 10.875]"
False,5224,2,14750,0,"[10.875, 11.0, 11.0625, 11.125]"
False,5225,1,14758,0,"[10.9375, 11.0, 11.125, 10.9375]"
False,5226,1,14764,2,"[11.0, 11.0625, 10.9375, 11.125]"
False,5227,0,14771,2,"[11.25, 11.125, 10.875, 10.9375]"
False,5228,3,14787,2,"[11.0, 11.1875, 10.9375, 11.0625]"
True,5229,2,14793,2,"[10.9375, 11.0625, 10.875, 10.875]"
False,5230,1,14828,2,"[11.0625, 10.9375, 10.8125, 10.9375]"
False,5231,2,14848,0,"[11.0, 11.0, 11.0, 11.0]"
False,5232,0,14858,2,"[11.0625, 11.0625, 11.0, 11.0]"
False,5233,1,14865,2,"[11.125, 11.1875, 11.0, 11.0625]"
False,5234,1,14870,0,"[11.0, 11.125, 11.125, 11.125]"
False,5235,1,14897,2,"[10.9375, 10.9375, 10.875, 11.0]"
True,5236,2,14902,2,"[11.0, 11.0625, 10.9375, 11.0]"
False,5237,2,14914,0,"[10.9375, 10.9375, 10.9375, 11.0625]"
False,5238,1,14916,0,"[10.9375, 11.125, 11.125, 11.0]"
True,5239,0,14917,0,"[11.0, 11.0625, 11.0625, 11.125]"
True,5240,0,14919,0,"[10.9375, 11.0, 11.0625, 10.9375]"
False,5241,3,14923,1,"[11.0625, 11.0, 11.0625, 11.0625]"
False,5242,2,14935,0,"[10.8125, 11.0625, 11.1875, 11.0625]"
False,5243,1,14953,2,"[11.0, 11.125, 10.9375, 10.9375]"
False,5244,3,14964,2,"[11.1875, 11.0625, 10.9375, 10.9375]"
False,5245,1,14965,0,"[10.9375, 11.0, 11.0, 11.0]"
True,5246,0,14975,0,"[10.875, 11.0625, 11.0, 11.0]"
False,5247,3,14990,1,"[11.1875, 11.0625, 11.1875, 11.0625]"
False,5248,3,15001,0,"[11.0, 11.0625, 11.0625, 11.0]"
False,5249,3,15011,1,"[11.125, 11.0625, 11.0625, 11.125]"
False,5250,3,15023,0,"[11.0, 11.0, 11.125, 11.0625]"
True,5251,0,15027,0,"[11.0, 11.0625, 11.0625, 11.1875]"
False,5252,3,15035,0,"[10.875, 11.0, 10.9375, 11.0]"
False,5253,2,15039,1,"[11.0625, 11.0, 11.0, 11.125]"
False,5254,3,15053,2,"[11.0, 11.25, 10.9375, 11.1875]"
False,5255,3,15056,0,"[11.0, 11.0, 11.0625, 11.0]"
False,5256,1,15059,0,"[11.0, 11.0625, 11.0, 11.0]"
False,5257,2,15065,3,"[10.9375, 11.0, 11.0625, 10.875]"
False,5258,2,15066,3,"[10.9375, 11.0, 11.125, 10.875]"
False,5259,0,15067,1,"[11.0, 10.875, 11.0, 11.0625]"
False,5260,3,15071,0,"[11.0, 11.0, 11.0, 11.0]"
True,5261,2,15076,2,"[11.1875, 11.25, 11.0, 11.0625]"
False,5262,3,15081,2,"[11.125, 11.0, 10.9375, 11.0625]"
False,5263,0,15098,1,"[11.25, 11.0625, 11.0625, 11.125]"
False,5264,2,15117,3,"[11.0, 11.0625, 11.0625, 10.9375]"
False,5265,2,15122,0,"[11.0, 11.125, 11.0, 11.0625]"
False,5266,0,15123,1,"[11.0, 10.75, 11.0625, 10.875]"
False,5267,1,15128,0,"[11.0625, 11.125, 11.1875, 11.0625]"
False,5268,2,15135,0,"[10.9375, 10.9375, 11.125, 11.0]"
False,5269,2,15144,1,"[11.0625, 11.0, 11.0625, 11.0]"
False,5270,0,15165,1,"[11.0, 10.875, 11.125, 11.0625]"
False,5271,2,15166,1,"[11.1875, 11.0, 11.0625, 11.0625]"
True,5272,1,15167,1,"[11.0625, 10.875, 10.875, 11.125]"
False,5273,0,15171,2,"[10.9375, 11.0, 10.875, 11.0625]"
True,5274,1,15175,1,"[11.0, 10.9375, 11.0, 11.0625]"
False,5275,1,15181,2,"[11.0625, 11.1875, 10.9375, 11.0625]"
False,5276,2,15187,3,"[11.1875, 11.0625, 11.1875, 11.0]"
True,5277,0,15192,0,"[11.0, 11.125, 11.0, 11.0625]"
True,5278,2,15196,2,"[11.125, 11.0625, 10.9375, 11.0625]"
True,5279,0,15197,0,"[11.0625, 11.1875, 11.125, 11.125]"
False,5280,0,15198,3,"[11.25, 11.125, 11.0625, 11.0]"
False,5281,0,15199,2,"[11.0, 11.125, 10.875, 11.0625]"
True,5282,1,15205,1,"[11.125, 11.0, 11.125, 11.0625]"
False,5283,2,15207,3,"[11.0625, 10.875, 11.125, 10.8125]"
False,5284,1,15208,2,"[11.125, 11.0, 10.9375, 11.0]"
False,5285,2,15215,0,"[10.9375, 10.9375, 10.9375, 11.0]"
False,5286,0,15226,2,"[11.0, 11.0625, 10.9375, 11.125]"
False,5287,3,15241,2,"[11.1875, 11.0625, 10.9375, 11.0625]"
False,5288,1,15250,3,"[11.0625, 11.3125, 11.0625, 11.0]"
False,5289,1,15268,0,"[10.9375, 11.0, 11.0625, 11.125]"
False,5290,3,15269,2,"[11.125, 11.0625, 11.0, 11.0]"
True,5291,2,15278,2,"[11.0625, 11.125, 10.875, 10.9375]"
True,5292,0,15290,0,"[10.9375, 11.25, 11.0, 11.0625]"
False,5293,1,15302,2,"[11.25, 11.0, 10.875, 10.875]"
False,5294,0,15325,3,"[11.0, 10.9375, 10.9375, 10.875]"
True,5295,3,15339,3,"[11.0, 11.0, 11.125, 10.9375]"
False,5296,1,15350,3,"[11.0625, 11.125, 11.0625, 10.875]"
False,5297,1,15352,3,"[11.0, 11.0, 10.9375, 10.875]"
False,5298,3,15371,0,"[11.0, 11.125, 11.0625, 11.125]"
False,5299,2,15377,0,"[10.9375, 10.9375, 11.0625, 11.125]"
False,5300,0,15379,3,"[11.125, 11.125, 11.0625, 10.9375]"
False,5301,3,15398,0,"[11.0, 11.1875, 11.0625, 11.125]"
False,5302,0,15403,2,"[11.0, 11.0625, 10.875, 11.125]"
False,5303,2,15409,0,"[10.875, 11.0, 10.9375, 10.9375]"
True,5304,0,15417,0,"[10.9375, 11.0625, 11.0, 11.0]"
True,5305,0,15421,0,"[10.9375, 11.0, 11.0, 10.9375]"
False,5306,3,15433,2,"[11.0625, 11.0625, 10.875, 11.0625]"
False,5307,1,15440,0,"[11.0625, 11.0625, 11.0625, 11.1875]"
False,5308,3,15443,1,"[11.0625, 11.0, 11.125, 11.0]"
False,5309,0,15455,1,"[11.0625, 10.875, 11.0625, 11.125]"
False,5310,3,15458,0,"[10.9375, 11.1875, 11.0, 11.0625]"
False,5311,0,15471,1,"[11.125, 11.0, 11.0625, 11.0]"
True,5312,0,15479,0,"[10.875, 11.0625, 11.0, 11.0]"
True,5313,0,15482,0,"[10.875, 10.9375, 11.0625, 11.0625]"
False,5314,0,15486,2,"[11.0, 11.1875, 10.9375, 11.0]"
False,5315,3,15492,0,"[11.0, 11.125, 11.125, 11.125]"
False,5316,2,15496,1,"[11.0, 10.9375, 11.0625, 11.125]"
False,5317,0,15506,2,"[11.125, 11.1875, 11.0, 11.0]"
False,5318,3,15508,2,"[11.0625, 11.0625, 10.9375, 11.125]"
False,5319,3,15510,1,"[11.0625, 10.875, 11.0625, 11.1875]"
False,5320,3,15514,0,"[11.0625, 11.125, 11.125, 11.1875]"
False,5321,2,15519,0,"[10.875, 10.9375, 11.0, 11.0625]"
False,5322,3,15522,0,"[10.9375, 11.0625, 11.125, 11.0625]"
False,5323,1,15524,0,"[11.0, 11.125, 11.3125, 11.0625]"
False,5324,1,15529,0,"[10.875, 11.25, 11.125, 11.125]"
True,5325,0,15532,0,"[11.0, 11.125, 11.25, 11.25]"
False,5326,1,15535,2,"[11.1875, 11.1875, 10.9375, 11.0625]"
True,5327,2,15539,2,"[11.0, 11.0, 10.875, 11.0]"
False,5328,3,15542,2,"[11.0625, 11.0, 10.75, 11.125]"
True,5329,2,15546,2,"[11.125, 11.1875, 11.0625, 11.0625]"
True,5330,3,15550,3,"[11.0625, 11.0, 11.0, 10.9375]"
False,5331,0,15560,1,"[11.0, 10.875, 11.0625, 10.9375]"
False,5332,1,15564,2,"[11.0625, 11.125, 11.0, 11.0]"
False,5333,3,15570,2,"[11.125, 11.0625, 11.0, 11.0625]"
True,5334,2,15571,2,"[11.0625, 10.875, 10.8125, 10.9375]"
False,5335,3,15578,0,"[10.875, 11.0, 11.0, 11.125]"
False,5336,1,15592,2,"[11.125, 11.125, 11.0625, 11.125]"
False,5337,2,15598,1,"[11.0625, 10.9375, 11.0625, 10.9375]"
False,5338,2,15604,1,"[11.125, 10.9375, 11.125, 11.0]"
False,5339,0,15610,2,"[11.125, 11.0, 10.875, 11.0625]"
False,5340,0,15611,2,"[11.0625, 11.0625, 10.9375, 11.0625]"
False,5341,2,15620,1,"[11.0625, 11.0, 11.125, 11.0625]"
False,5342,2,15645,0,"[10.8125, 11.0625, 10.9375, 11.0]"
False,5343,3,15646,2,"[11.0, 11.0, 10.9375, 11.125]"
False,5344,3,15659,1,"[11.0, 10.875, 11.0, 11.125]"
False,5345,1,15672,0,"[11.0, 11.1875, 11.125, 11.0625]"
True,5346,3,15675,3,"[11.3125, 10.9375, 11.1875, 10.8125]"
True,5347,1,15678,1,"[11.125, 10.875, 11.1875, 11.1875]"
False,5348,2,15681,1,"[11.0625, 11.0, 11.0, 11.125]"
False,5349,3,15682,2,"[11.1875, 11.0625, 10.9375, 11.125]"
False,5350,1,15688,2,"[11.0, 11.0625, 10.8125, 11.125]"
False,5351,0,15700,2,"[11.0, 11.125, 10.875, 11.1875]"
False,5352,3,15706,1,"[11.125, 10.9375, 11.0625, 11.0625]"
False,5353,3,15741,0,"[11.0, 11.0625, 11.0625, 11.0]"
False,5354,2,15742,1,"[11.0625, 10.9375, 11.0625, 11.0625]"
False,5355,3,15758,1,"[11.0625, 10.9375, 11.0, 11.125]"
False,5356,3,15764,0,"[11.0, 11.25, 11.1875, 11.0]"
True,5357,0,15768,0,"[10.875, 11.0, 11.0, 11.0625]"
False,5358,3,15791,1,"[11.0625, 10.9375, 11.0625, 11.0]"
False,5359,1,15801,2,"[11.0, 11.0, 10.9375, 10.9375]"
True,5360,1,15807,1,"[11.0625, 10.9375, 11.0625, 10.9375]"
False,5361,1,15808,2,"[11.0, 11.1875, 10.875, 11.125]"
True,5362,2,15816,2,"[11.0, 11.0625, 10.9375, 11.0]"
False,5363,0,15828,2,"[11.0625, 11.0, 10.9375, 11.0]"
False,5364,1,15836,3,"[11.0, 11.125, 11.0, 10.9375]"
True,5365,3,15851,3,"[10.875, 11.0, 11.0, 10.8125]"
False,5366,2,15859,0,"[10.875, 10.875, 11.125, 11.125]"
True,5367,2,15861,2,"[11.0, 10.9375, 10.875, 11.0]"
False,5368,3,15862,0,"[10.9375, 11.125, 11.125, 10.9375]"
False,5369,1,15873,2,"[10.9375, 10.9375, 10.875, 10.9375]"
False,5370,0,15892,3,"[11.0625, 11.0, 11.125, 10.8125]"
False,5371,3,15905,0,"[10.9375, 11.1875, 11.125, 11.0625]"
False,5372,1,15913,3,"[11.125, 11.125, 11.125, 11.0625]"
False,5373,2,15923,3,"[11.125, 11.0625, 11.0625, 10.9375]"
False,5374,2,15924,1,"[11.125, 10.9375, 11.125, 11.0]"
False,5375,0,15927,2,"[11.0625, 11.0, 10.9375, 11.125]"
False,5376,2,15930,0,"[10.875, 11.0, 10.9375, 11.0]"
True,5377,1,15938,1,"[11.125, 10.875, 11.125, 10.9375]"
True,5378,2,15947,2,"[11.1875, 11.0, 10.9375, 11.0]"
True,5379,1,15953,1,"[11.0, 10.875, 11.0625, 11.0]"
False,5380,2,15975,3,"[11.0625, 11.0625, 11.3125, 11.0]"
False,5381,0,16002,2,"[11.0625, 11.1875, 11.0, 11.0]"
False,5382,1,16010,0,"[10.9375, 11.0625, 11.0625, 10.9375]"
True,5383,1,16012,1,"[11.125, 10.875, 11.125, 11.125]"
False,5384,3,16016,2,"[11.125, 11.1875, 10.9375, 11.0625]"
False,5385,1,16022,0,"[10.9375, 10.9375, 11.0, 11.0625]"
True,5386,2,16023,2,"[11.0625, 11.0, 10.875, 10.9375]"
False,5387,2,16026,0,"[11.0, 11.125, 11.125, 11.0625]"
True,5388,0,16029,0,"[10.875, 11.0, 10.9375, 11.1875]"
False,5389,2,16030,0,"[10.8125, 11.0625, 11.125, 11.0]"
False,5390,2,16037,3,"[11.0625, 11.0625, 11.25, 10.875]"
False,5391,2,16049,1,"[11.0625, 10.9375, 10.9375, 10.9375]"
False,5392,3,16056,0,"[10.9375, 10.9375, 11.0, 10.9375]"
False,5393,0,16073,3,"[11.0625, 11.125, 11.1875, 11.0]"
True,5394,0,16075,0,"[10.9375, 11.0625, 11.1875, 11.125]"
False,5395,3,16083,1,"[11.0, 10.9375, 11.0, 10.9375]"
False,5396,3,16088,1,"[11.1875, 10.9375, 11.0, 11.0625]"
True,5397,0,16093,0,"[10.9375, 10.9375, 11.0625, 11.0]"
False,5398,0,16094,2,"[11.0625, 11.0625, 11.0, 11.0]"
False,5399,3,16109,1,"[10.875, 10.8125, 10.9375, 11.0]"
True,5400,0,16124,0,"[10.875, 10.9375, 10.875, 11.0]"
False,5401,2,16134,1,"[11.0625, 10.9375, 10.9375, 10.9375]"
False,5402,1,16166,0,"[10.875, 10.875, 11.0, 11.0]"
False,5403,1,16191,0,"[11.0625, 11.1875, 11.0625, 11.0625]"
False,5404,3,16193,0,"[11.0, 11.0625, 11.0, 11.25]"
True,5405,1,16200,1,"[11.0, 10.9375, 10.9375, 11.125]"
False,5406,2,16205,3,"[11.0625, 11.0, 11.0, 10.9375]"
False,5407,1,16214,0,"[10.875, 11.125, 11.125, 11.0625]"
False,5408,3,16221,2,"[11.0, 10.9375, 10.875, 11.0625]"
False,5409,3,16278,2,"[11.125, 11.0625, 11.0, 11.0625]"
False,5410,0,16279,2,"[11.125, 11.0625, 10.9375, 11.0625]"
False,5411,2,16304,0,"[11.0, 11.125, 11.0, 11.0]"
True,5412,0,16318,0,"[10.875, 11.0, 10.9375, 10.9375]"
False,5413,3,16328,1,"[11.0, 10.9375, 10.9375, 11.0625]"
True,5414,0,16331,0,"[10.9375, 11.0, 10.9375, 11.0]"
True,5415,0,16335,0,"[11.0, 11.125, 11.125, 11.0]"
False,5416,2,16343,0,"[10.875, 11.0, 10.9375, 11.0]"
False,5417,0,16351,1,"[11.0625, 10.9375, 11.125, 11.25]"
False,5418,0,16356,1,"[11.125, 11.0625, 11.125, 11.125]"
False,5419,3,16357,0,"[11.0, 11.0, 11.0, 11.0]"
True,5420,0,16362,0,"[10.875, 11.0, 10.9375, 10.9375]"
False,5421,1,16379,0,"[10.875, 10.9375, 11.0, 10.9375]"
False,5422,3,16387,0,"[10.875, 11.0, 11.0, 11.0]"
False,5423,2,16391,0,"[10.9375, 11.0625, 10.9375, 11.0]"
False,5424,2,16392,1,"[11.125, 11.0, 11.0, 11.0]"
False,5425,1,16399,3,"[10.9375, 11.25, 10.9375, 10.8125]"
False,5426,0,16407,2,"[11.125, 10.9375, 10.875, 10.875]"
False,5427,2,16416,0,"[10.875, 11.0625, 10.9375, 11.1875]"
True,5428,3,16417,3,"[11.0625, 11.0625, 11.0625, 11.0]"
False,5429,1,16419,3,"[11.0, 11.0, 11.0, 10.875]"
False,5430,3,16438,0,"[10.9375, 11.0625, 11.0, 11.0]"
True,5431,1,16439,1,"[11.125, 11.0625, 11.0625, 11.1875]"
False,5432,1,16442,0,"[10.875, 11.0, 11.0625, 10.875]"
False,5433,3,16449,0,"[10.9375, 11.3125, 10.9375, 10.9375]"
False,5434,3,16458,1,"[11.0625, 10.9375, 10.9375, 11.0]"
False,5435,2,16464,1,"[11.0, 10.875, 11.0, 11.1875]"
True,5436,0,16465,0,"[10.9375, 10.9375, 10.9375, 11.0]"
False,5437,2,16472,0,"[10.9375, 11.0, 11.0, 11.1875]"
True,5438,3,16474,3,"[11.0, 11.1875, 11.0, 10.9375]"
False,5439,3,16475,1,"[11.0625, 10.9375, 11.0, 10.9375]"
False,5440,1,16481,2,"[11.125, 11.1875, 10.875, 11.0]"
False,5441,0,16485,1,"[10.9375, 10.875, 10.875, 10.9375]"
False,5442,1,16492,3,"[11.0, 10.9375, 11.0625, 10.875]"
False,5443,2,16498,0,"[10.875, 10.9375, 11.0625, 10.9375]"
False,5444,3,16504,1,"[11.125, 11.0, 11.125, 11.0]"
False,5445,2,16521,0,"[10.9375, 11.0, 11.125, 11.0]"
False,5446,0,16527,1,"[11.125, 11.0, 11.0625, 11.0]"
False,5447,3,16539,1,"[10.9375, 10.875, 11.125, 10.875]"
False,5448,3,16542,0,"[10.9375, 11.0625, 11.0625, 10.9375]"
True,5449,0,16554,0,"[11.0, 11.0, 11.0625, 11.0625]"
False,5450,1,16561,0,"[11.0, 11.0, 11.125, 11.0]"
False,5451,1,16562,2,"[11.125, 11.25, 11.0625, 11.125]"
False,5452,0,16568,3,"[11.125, 11.0625, 11.125, 11.0]"
False,5453,0,16577,3,"[11.0625, 11.0, 11.0625, 10.875]"
False,5454,2,16594,1,"[11.0625, 10.875, 11.0, 11.0625]"
False,5455,1,16600,0,"[11.0, 11.125, 11.1875, 11.125]"
True,5456,0,16612,0,"[10.9375, 11.0625, 11.0, 11.125]"
False,5457,3,16613,0,"[10.9375, 10.9375, 11.0625, 11.0625]"
True,5458,2,16621,2,"[11.0625, 11.0, 10.875, 10.875]"
True,5459,1,16623,1,"[11.0625, 11.0, 11.0, 11.0625]"
False,5460,0,16625,2,"[11.0625, 11.0, 10.8125, 10.9375]"
False,5461,1,16631,0,"[11.0, 11.0, 11.0, 11.0]"
False,5462,0,16637,3,"[10.9375, 10.9375, 11.125, 10.75]"
False,5463,1,16648,0,"[10.9375, 11.125, 10.9375, 10.9375]"
False,5464,1,16649,0,"[10.75, 11.125, 11.0625, 11.0]"
False,5465,3,16656,2,"[11.0, 11.0625, 10.875, 10.9375]"
False,5466,3,16669,0,"[10.75, 10.875, 10.9375, 11.0625]"
False,5467,1,16698,2,"[11.125, 11.25, 11.0, 11.125]"
False,5468,0,16709,3,"[11.125, 11.0, 10.9375, 10.875]"
True,5469,0,16717,0,"[11.0, 11.0, 11.1875, 11.0]"
False,5470,0,16724,2,"[11.1875, 10.9375, 10.875, 11.0]"
False,5471,3,16728,0,"[11.0, 11.0625, 11.0, 11.0]"
False,5472,3,16729,0,"[11.0, 11.125, 11.0, 11.0]"
False,5473,3,16735,1,"[11.125, 11.0625, 11.0625, 11.125]"
False,5474,0,16742,2,"[10.9375, 10.875, 10.8125, 10.875]"
False,5475,0,16763,2,"[11.125, 11.0625, 11.0, 11.0]"
False,5476,3,16773,0,"[10.875, 11.0625, 11.0, 11.0625]"
False,5477,0,16801,3,"[10.9375, 10.9375, 10.9375, 10.875]"
False,5478,2,16808,0,"[10.9375, 11.0, 11.0625, 11.0625]"
False,5479,1,16810,0,"[10.9375, 10.9375, 10.9375, 11.0]"
False,5480,0,16812,1,"[11.125, 11.0, 11.125, 11.0625]"
True,5481,2,16813,2,"[10.9375, 11.0, 10.875, 11.125]"
False,5482,3,16819,0,"[10.9375, 11.125, 11.0, 11.0625]"
True,5483,0,16820,0,"[10.875, 11.0, 11.0625, 11.0]"
False,5484,2,16823,3,"[11.0, 11.125, 11.1875, 10.9375]"
False,5485,2,16825,3,"[11.0, 11.125, 11.0, 10.8125]"
False,5486,2,16837,1,"[11.0625, 10.9375, 11.0625, 11.0625]"
True,5487,0,16840,0,"[10.9375, 10.9375, 11.1875, 11.0625]"
False,5488,0,16841,1,"[11.125, 11.0, 11.0625, 11.125]"
False,5489,0,16854,3,"[11.0625, 11.125, 11.125, 10.9375]"
False,5490,0,16857,2,"[11.0, 11.0625, 10.8125, 11.0625]"
True,5491,2,16861,2,"[11.125, 11.125, 11.0, 11.125]"
False,5492,3,16874,2,"[11.0625, 11.0625, 10.875, 11.0625]"
True,5493,3,16882,3,"[11.125, 11.0, 11.0, 10.9375]"
True,5494,3,16883,3,"[10.9375, 11.125, 11.0, 10.8125]"
False,5495,3,16887,0,"[10.8125, 11.0, 11.0, 10.875]"
False,5496,0,16888,2,"[11.1875, 11.1875, 11.0, 11.0625]"
False,5497,2,16889,1,"[11.125, 11.0, 11.125, 11.0625]"
False,5498,0,16894,2,"[11.0625, 11.125, 10.9375, 10.9375]"
False,5499,3,16906,2,"[11.0, 11.0625, 10.9375, 11.125]"
True,5500,1,16911,1,"[11.0, 10.9375, 11.1875, 11.0625]"
False,5501,1,16912,0,"[11.0, 11.1875, 11.0625, 11.0]"
False,5502,0,16914,3,"[11.0, 10.9375, 11.0, 10.75]"
False,5503,2,16921,0,"[11.0, 11.0625, 11.0625, 11.0]"
False,5504,3,16926,0,"[11.0, 11.125, 11.125, 11.0625]"
False,5505,1,16928,0,"[10.8125, 11.1875, 11.0625, 11.0]"
False,5506,0,16939,3,"[11.0625, 11.0625, 11.0, 10.9375]"
False,5507,3,16945,0,"[10.9375, 11.125, 10.9375, 11.0]"
False,5508,0,16950,2,"[11.0625, 11.0625, 11.0, 11.125]"
False,5509,2,16956,0,"[10.8125, 10.875, 11.0, 11.0]"
False,5510,0,16976,1,"[11.0625, 11.0, 11.0625, 11.125]"
False,5511,2,16992,1,"[11.0625, 10.9375, 11.0, 11.125]"
False,5512,0,17001,1,"[11.125, 10.875, 11.0625, 11.0]"
False,5513,3,17007,0,"[11.0, 11.0, 11.0625, 11.0]"
True,5514,1,17024,1,"[11.125, 11.0, 11.125, 11.0625]"
False,5515,2,17031,3,"[11.0, 11.0625, 10.9375, 10.875]"
True,5516,3,17037,3,"[11.0, 11.125, 11.0, 10.9375]"
False,5517,0,17045,2,"[11.0625, 10.9375, 10.8125, 11.0625]"
False,5518,1,17048,0,"[10.9375, 11.0, 11.0, 10.9375]"
False,5519,0,17050,1,"[11.125, 11.0, 11.0, 11.0625]"
True,5520,0,17053,0,"[10.9375, 10.9375, 10.9375, 11.0625]"
False,5521,1,17055,0,"[11.0, 11.125, 11.0625, 11.0]"
False,5522,3,17063,1,"[11.0625, 11.0, 11.0, 11.0]"
False,5523,1,17074,0,"[10.9375, 11.0625, 11.0625, 10.9375]"
False,5524,3,17084,1,"[11.125, 11.0625, 11.0625, 11.125]"
False,5525,1,17088,0,"[11.0, 11.0, 11.0, 11.0]"
False,5526,2,17097,0,"[10.875, 11.0, 10.875, 11.0]"
False,5527,0,17099,1,"[11.125, 10.9375, 11.1875, 11.125]"
False,5528,1,17102,0,"[11.0, 11.0, 11.125, 11.0]"
True,5529,2,17104,2,"[11.1875, 11.125, 10.9375, 11.0625]"
False,5530,3,17105,0,"[10.9375, 11.1875, 11.0625, 11.125]"
False,5531,1,17107,3,"[11.1875, 11.0, 11.0625, 10.9375]"
False,5532,2,17111,3,"[11.125, 11.0, 11.125, 10.9375]"
True,5533,3,17112,3,"[11.0, 11.125, 11.0, 10.875]"
False,5534,0,17118,3,"[10.9375, 11.0625, 11.0625, 10.8125]"
False,5535,2,17129,3,"[11.0, 11.0625, 11.0625, 10.9375]"
False,5536,3,17140,2,"[11.0, 10.9375, 10.8125, 11.125]"
True,5537,0,17143,0,"[11.0, 11.1875, 11.0, 11.0]"
False,5538,3,17151,1,"[11.125, 11.0, 11.0, 11.0625]"
False,5539,1,17152,0,"[10.75, 10.9375, 11.0625, 10.9375]"
False,5540,2,17155,1,"[11.0625, 11.0, 11.1875, 11.0]"
True,5541,1,17168,1,"[11.0, 10.9375, 10.9375, 10.9375]"
False,5542,2,17178,3,"[11.0, 11.0, 11.0625, 10.9375]"
True,5543,1,17182,1,"[11.125, 10.875, 10.9375, 11.0]"
True,5544,0,17185,0,"[11.0, 11.0625, 11.125, 11.125]"
False,5545,1,17190,3,"[11.125, 11.0, 11.0, 10.9375]"
False,5546,2,17197,0,"[11.0, 11.0, 11.125, 11.0]"
False,5547,3,17210,1,"[11.25, 11.0625, 11.25, 11.0625]"
False,5548,2,17217,1,"[11.125, 11.0, 11.0, 11.125]"
True,5549,0,17219,0,"[10.875, 10.875, 10.875, 10.9375]"
False,5550,3,17226,2,"[11.0, 10.9375, 10.8125, 11.0]"
False,5551,1,17227,3,"[11.125, 11.0625, 11.125, 10.9375]"
True,5552,0,17234,0,"[11.0, 11.0, 11.0, 11.0625]"
False,5553,2,17237,1,"[10.9375, 10.75, 10.9375, 11.0625]"
False,5554,2,17239,0,"[10.6875, 10.9375, 11.0, 10.9375]"
False,5555,1,17240,2,"[11.0, 11.0, 10.8125, 11.0]"
False,5556,3,17244,0,"[10.9375, 11.0, 11.0, 11.0]"
False,5557,1,17247,0,"[10.9375, 11.0625, 11.0, 11.0625]"
True,5558,3,17252,3,"[10.9375, 11.0625, 11.0, 10.75]"
True,5559,3,17253,3,"[11.1875, 11.0, 11.0625, 10.9375]"
False,5560,0,17260,3,"[11.0625, 11.125, 11.125, 10.9375]"
True,5561,1,17266,1,"[11.0625, 11.0, 11.0625, 11.0625]"
False,5562,0,17289,3,"[11.1875, 11.1875, 11.0625, 11.0]"
False,5563,0,17290,3,"[11.0625, 11.125, 11.125, 11.0]"
False,5564,0,17293,1,"[11.1875, 10.9375, 11.0, 11.1875]"
False,5565,3,17300,0,"[10.9375, 11.25, 10.9375, 11.0625]"
False,5566,2,17303,1,"[11.125, 11.0, 11.1875, 11.1875]"
False,5567,3,17310,1,"[11.0625, 11.0, 11.3125, 11.125]"
False,5568,3,17313,0,"[11.0625, 11.125, 11.1875, 11.125]"
True,5569,1,17314,1,"[11.0625, 11.0, 11.0625, 11.0625]"
False,5570,2,17320,0,"[10.9375, 10.9375, 11.0, 11.0625]"
False,5571,0,17323,1,"[11.125, 10.875, 11.0, 11.0625]"
False,5572,2,17328,0,"[10.875, 11.0, 11.0625, 11.125]"
False,5573,2,17345,1,"[11.0, 10.8125, 11.0625, 11.0]"
False,5574,0,17348,1,"[11.0625, 11.0, 11.0625, 11.0]"
True,5575,2,17368,2,"[11.0625, 11.0625, 11.0, 11.0]"
False,5576,0,17379,1,"[11.0625, 10.9375, 10.9375, 10.9375]"
True,5577,1,17391,1,"[10.9375, 10.875, 11.125, 11.0625]"
False,5578,1,17392,2,"[10.9375, 10.9375, 10.875, 10.9375]"
False,5579,0,17402,2,"[11.0625, 11.0625, 10.9375, 10.9375]"
False,5580,1,17409,0,"[10.9375, 11.0, 11.1875, 11.0625]"
True,5581,0,17416,0,"[10.9375, 10.9375, 10.9375, 11.0]"
True,5582,3,17419,3,"[11.125, 11.0625, 11.125, 11.0]"
False,5583,2,17422,1,"[10.9375, 10.8125, 10.9375, 10.8125]"
False,5584,0,17449,2,"[11.0625, 11.0625, 11.0, 11.0]"
False,5585,3,17458,2,"[11.0625, 11.0, 10.875, 11.0]"
False,5586,1,17462,0,"[10.875, 11.0, 10.9375, 11.0625]"
True,5587,3,17464,3,"[11.1875, 11.125, 11.0625, 10.9375]"
False,5588,3,17478,0,"[11.0, 11.0, 11.0, 11.0]"
False,5589,2,17507,1,"[11.0, 10.9375, 11.0625, 11.0625]"
False,5590,2,17509,0,"[10.875, 11.0625, 11.0, 11.0625]"
False,5591,3,17525,1,"[11.0625, 11.0, 11.0, 11.0]"
True,5592,3,17528,3,"[11.0, 11.125, 11.0625, 10.75]"
True,5593,0,17535,0,"[10.9375, 11.125, 11.0, 11.0]"
False,5594,3,17537,1,"[11.0625, 10.9375, 11.0, 11.0]"
True,5595,2,17546,2,"[11.0625, 11.25, 10.875, 11.0]"
False,5596,2,17559,0,"[10.875, 11.0625, 11.125, 11.0]"
False,5597,2,17568,1,"[11.125, 11.0625, 11.125, 11.0625]"
False,5598,3,17573,0,"[10.875, 10.9375, 10.9375, 11.0]"
False,5599,3,17579,2,"[11.1875, 11.375, 11.0, 11.0]"
True,5600,1,17581,1,"[11.125, 10.9375, 11.0, 11.0]"
False,5601,1,17591,0,"[11.0, 11.1875, 11.0, 11.125]"
False,5602,1,17592,2,"[11.0, 11.0625, 10.75, 10.8125]"
False,5603,3,17597,1,"[11.0625, 10.875, 11.0625, 11.0]"
False,5604,0,17609,2,"[11.0625, 11.125, 10.875, 11.0]"
True,5605,2,17615,2,"[10.875, 10.875, 10.8125, 11.0625]"
False,5606,2,17616,0,"[10.875, 10.9375, 11.0625, 11.125]"
False,5607,2,17621,1,"[11.125, 11.0625, 11.1875, 11.125]"
False,5608,0,17622,2,"[11.0, 11.0, 10.875, 11.1875]"
False,5609,3,17627,0,"[11.0, 11.125, 11.0625, 11.1875]"
False,5610,0,17638,2,"[11.125, 11.0625, 10.875, 11.125]"
False,5611,1,17642,0,"[10.9375, 11.125, 11.0, 11.0]"
False,5612,1,17645,0,"[10.9375, 11.1875, 11.0625, 11.0]"
False,5613,3,17646,0,"[11.0625, 11.0625, 11.1875, 11.125]"
True,5614,3,17654,3,"[11.125, 11.125, 11.125, 10.9375]"
True,5615,0,17656,0,"[10.9375, 11.0, 10.9375, 10.9375]"
False,5616,2,17659,1,"[11.125, 11.0, 11.0625, 11.0]"
False,5617,1,17663,0,"[10.875, 11.0, 10.875, 11.0]"
False,5618,3,17669,1,"[11.1875, 10.9375, 11.125, 11.0]"
True,5619,0,17680,0,"[11.0625, 11.125, 11.0625, 11.1875]"
False,5620,3,17702,0,"[10.875, 10.9375, 11.0625, 11.0625]"
False,5621,0,17706,1,"[11.125, 10.9375, 11.0625, 11.0]"
False,5622,1,17708,0,"[10.875, 10.9375, 11.0625, 10.875]"
False,5623,2,17713,0,"[11.0, 11.0625, 11.0, 11.0625]"
False,5624,3,17722,2,"[11.0, 11.0, 10.9375, 11.0]"
False,5625,2,17731,0,"[10.875, 10.9375, 11.125, 11.0625]"
False,5626,1,17732,0,"[11.0625, 11.0625, 11.0625, 11.0625]"
False,5627,0,17734,1,"[11.0, 10.9375, 11.0, 10.9375]"
False,5628,0,17736,2,"[11.0, 11.1875, 10.9375, 11.125]"
False,5629,1,17758,0,"[10.875, 11.0, 10.875, 11.0]"
True,5630,0,17774,0,"[10.9375, 11.0625, 11.0, 11.125]"
False,5631,2,17775,1,"[11.0, 10.9375, 11.0625, 11.0]"
False,5632,3,17781,0,"[10.9375, 11.125, 10.9375, 11.0]"
False,5633,2,17792,1,"[11.125, 10.875, 11.125, 11.125]"
False,5634,1,17801,3,"[10.875, 11.0, 10.875, 10.8125]"
False,5635,1,17816,0,"[10.875, 10.875, 11.0625, 11.0625]"
False,5636,3,17818,1,"[11.0625, 10.875, 11.0625, 11.0]"
False,5637,2,17820,0,"[10.875, 11.0, 11.0, 11.0]"
False,5638,3,17823,0,"[10.9375, 10.9375, 11.0625, 10.9375]"
True,5639,1,17824,1,"[11.0, 10.875, 11.1875, 11.125]"
False,5640,1,17842,3,"[11.0625, 11.125, 11.0625, 11.0]"
False,5641,3,17846,2,"[11.0625, 10.9375, 10.875, 11.1875]"
False,5642,0,17852,1,"[11.125, 11.0625, 11.0625, 11.0625]"
True,5643,1,17853,1,"[11.0625, 11.0, 11.0, 11.0]"
False,5644,2,17858,1,"[11.0625, 10.875, 11.0, 11.0]"
False,5645,3,17865,1,"[11.0625, 10.9375, 10.9375, 11.1875]"
False,5646,3,17885,0,"[10.8125, 11.1875, 11.0, 10.875]"
False,5647,0,17886,1,"[11.1875, 10.9375, 11.0, 11.0625]"
False,5648,3,17893,2,"[11.0625, 11.0625, 10.875, 10.875]"
False,5649,2,17900,0,"[11.0, 11.1875, 11.125, 11.0625]"
False,5650,3,17958,0,"[11.0, 11.0, 11.0625, 11.0]"
False,5651,3,17960,0,"[11.0625, 11.0625, 11.1875, 11.1875]"
False,5652,3,17962,0,"[10.875, 11.0, 10.875, 11.0]"
False,5653,0,17964,1,"[11.0625, 10.875, 11.0625, 11.0]"
False,5654,2,17982,0,"[11.0, 11.0, 11.0625, 11.0625]"
False,5655,0,17987,1,"[11.125, 10.9375, 11.0, 11.0]"
False,5656,0,17989,2,"[10.9375, 11.0625, 10.8125, 10.8125]"
False,5657,2,17993,3,"[11.125, 11.25, 11.0, 10.9375]"
False,5658,2,18005,0,"[10.875, 10.875, 11.25, 11.0625]"
True,5659,0,18007,0,"[10.9375, 10.9375, 11.0, 11.1875]"
False,5660,2,18013,3,"[11.0625, 11.125, 10.9375, 10.8125]"
True,5661,0,18027,0,"[10.9375, 11.0, 11.0, 11.0625]"
False,5662,1,18030,2,"[11.0625, 11.0, 10.875, 11.0]"
False,5663,2,18032,0,"[11.0, 11.0625, 11.125, 11.125]"
False,5664,0,18033,2,"[11.0, 11.0, 10.875, 10.9375]"
False,5665,1,18037,0,"[10.75, 10.875, 11.125, 11.0625]"
True,5666,0,18039,0,"[10.75, 11.0, 10.9375, 11.0]"
False,5667,3,18040,1,"[11.0, 10.875, 11.1875, 11.0]"
True,5668,1,18047,1,"[11.0625, 11.0, 11.0, 11.125]"
False,5669,3,18084,1,"[11.0, 10.875, 11.0625, 11.0]"
False,5670,1,18097,0,"[11.0, 11.0625, 11.0, 11.0625]"
False,5671,0,18098,3,"[11.0, 11.0, 11.0625, 10.9375]"
False,5672,2,18099,3,"[11.0, 11.125, 11.0, 10.9375]"
False,5673,3,18101,2,"[11.0625, 11.1875, 11.0, 11.0625]"
True,5674,3,18108,3,"[11.0625, 11.0, 10.9375, 10.8125]"
True,5675,2,18109,2,"[11.1875, 11.0625, 10.9375, 11.0]"
False,5676,3,18110,2,"[11.125, 11.0625, 11.0, 11.125]"
False,5677,1,18114,0,"[11.0625, 11.1875, 11.0625, 11.0625]"
False,5678,0,18117,2,"[11.1875, 11.1875, 11.0625, 11.125]"
False,5679,3,18139,0,"[11.0, 11.25, 11.0, 11.0]"
False,5680,3,18141,2,"[11.125, 11.0625, 11.0, 11.0625]"
False,5681,0,18142,2,"[11.0, 11.1875, 10.875, 11.0]"
False,5682,2,18143,3,"[11.125, 11.0625, 11.1875, 10.9375]"
False,5683,2,18152,1,"[11.125, 11.0, 11.0625, 11.0]"
False,5684,1,18163,2,"[11.0, 11.0, 10.875, 11.0625]"
False,5685,3,18185,2,"[11.0625, 11.1875, 10.9375, 11.0]"
False,5686,1,18191,0,"[10.9375, 11.0625, 10.9375, 10.9375]"
True,5687,2,18206,2,"[11.25, 11.125, 11.0, 11.25]"
False,5688,2,18215,1,"[11.0625, 10.8125, 11.0, 11.0]"
False,5689,3,18216,1,"[11.0625, 10.875, 10.9375, 11.0625]"
True,5690,1,18222,1,"[11.0, 10.875, 11.0, 11.0625]"
False,5691,1,18232,0,"[11.0, 11.125, 11.0625, 11.25]"
False,5692,2,18233,1,"[11.0, 10.875, 11.0, 11.0]"
False,5693,3,18244,0,"[10.8125, 11.125, 10.9375, 11.125]"
False,5694,3,18255,0,"[10.9375, 11.0, 10.9375, 10.9375]"
False,5695,2,18261,0,"[10.9375, 10.9375, 11.0, 11.0]"
False,5696,3,18272,0,"[11.0, 11.0625, 11.0, 11.0625]"
False,5697,3,18273,0,"[10.875, 11.0, 11.0, 10.9375]"
False,5698,3,18281,0,"[10.9375, 11.0, 11.0625, 11.0625]"
False,5699,2,18285,0,"[10.9375, 11.125, 11.0, 11.0625]"
False,5700,3,18286,1,"[11.1875, 10.875, 10.9375, 11.0625]"
False,5701,0,18291,2,"[11.1875, 11.25, 11.0, 11.125]"
True,5702,0,18292,0,"[11.0, 11.125, 11.0, 11.0625]"
False,5703,0,18300,1,"[11.0625, 10.9375, 11.0, 11.0625]"
False,5704,3,18304,2,"[11.1875, 11.1875, 11.0, 11.125]"
True,5705,0,18306,0,"[10.9375, 10.9375, 11.0, 10.9375]"
True,5706,0,18324,0,"[10.875, 11.0625, 10.875, 11.125]"
False,5707,3,18336,1,"[11.125, 10.9375, 11.125, 11.125]"
False,5708,2,18339,3,"[11.0625, 11.0625, 11.0, 10.9375]"
False,5709,1,18340,0,"[10.875, 11.1875, 11.25, 10.9375]"
False,5710,2,18342,1,"[11.0625, 10.9375, 11.0, 11.125]"
False,5711,2,18351,1,"[11.0625, 10.8125, 11.125, 11.1875]"
False,5712,3,18357,2,"[11.0625, 11.0, 10.9375, 11.0]"
False,5713,1,18361,0,"[10.9375, 11.0, 11.0, 11.0625]"
False,5714,0,18372,2,"[11.0625, 11.0, 10.9375, 11.0625]"
False,5715,3,18375,1,"[11.0625, 11.0, 11.1875, 11.3125]"
False,5716,1,18395,2,"[11.0625, 11.125, 10.9375, 11.0]"
False,5717,2,18396,0,"[11.125, 11.125, 11.125, 11.125]"
False,5718,2,18401,3,"[11.0625, 11.1875, 11.0, 10.9375]"
False,5719,2,18405,0,"[11.0, 11.125, 11.125, 11.0]"
False,5720,3,18407,1,"[11.0625, 10.875, 11.0, 11.0625]"
False,5721,1,18411,2,"[11.0625, 11.0, 10.875, 11.0625]"
False,5722,3,18415,1,"[11.0, 10.875, 10.9375, 11.0]"
True,5723,2,18416,2,"[10.875, 10.9375, 10.8125, 10.9375]"
False,5724,3,18421,1,"[11.0, 10.875, 10.875, 11.0]"
False,5725,2,18433,3,"[11.0, 11.125, 10.9375, 10.8125]"
True,5726,1,18434,1,"[11.0625, 10.8125, 11.0, 11.0625]"
False,5727,0,18466,1,"[11.0625, 10.9375, 11.1875, 11.125]"
False,5728,1,18495,0,"[11.0, 11.0, 11.0625, 11.0]"
True,5729,1,18510,1,"[11.0, 10.875, 10.9375, 11.0]"
False,5730,2,18519,0,"[10.875, 11.0625, 11.0625, 10.9375]"
False,5731,0,18534,2,"[11.0, 11.125, 10.875, 11.0625]"
True,5732,0,18551,0,"[11.0, 11.0625, 11.0625, 11.125]"
True,5733,2,18557,2,"[11.0625, 11.0, 10.9375, 11.0]"
False,5734,2,18559,0,"[11.0, 11.0625, 11.0625, 11.0625]"
False,5735,0,18560,1,"[11.0625, 11.0, 11.0625, 11.0]"
False,5736,1,18580,0,"[11.0625, 11.0625, 11.0625, 11.0625]"
True,5737,1,18590,1,"[11.25, 11.0, 11.0625, 11.0625]"
False,5738,0,18593,2,"[11.0625, 11.0625, 10.9375, 11.125]"
False,5739,3,18601,2,"[11.0625, 11.0625, 11.0, 11.0]"
False,5740,1,18616,2,"[11.0, 11.125, 10.875, 10.9375]"
False,5741,0,18617,2,"[10.9375, 11.0, 10.875, 11.0]"
False,5742,0,18629,3,"[11.125, 11.0625, 11.125, 11.0]"
False,5743,3,18637,1,"[11.125, 10.9375, 11.0, 11.0]"
True,5744,1,18640,1,"[11.0625, 10.9375, 11.0625, 11.0]"
False,5745,3,18650,0,"[11.0, 11.125, 11.0, 11.0]"
False,5746,1,18661,0,"[11.0, 11.0, 11.1875, 11.0625]"
False,5747,3,18700,2,"[10.9375, 11.0625, 10.75, 11.0625]"
False,5748,1,18701,2,"[11.0, 11.0, 10.9375, 10.9375]"
True,5749,0,18715,0,"[11.0, 11.1875, 11.125, 11.0625]"
False,5750,2,18717,3,"[11.0625, 11.0, 11.0625, 10.9375]"
False,5751,2,18718,1,"[10.9375, 10.8125, 10.8125, 11.0]"
False,5752,1,18720,3,"[10.9375, 11.0, 10.9375, 10.8125]"
False,5753,1,18722,2,"[11.1875, 11.125, 11.0, 11.1875]"
True,5754,3,18726,3,"[11.0, 11.0625, 11.0, 10.9375]"
False,5755,3,18730,2,"[11.125, 10.875, 10.8125, 11.0625]"
False,5756,0,18741,3,"[11.0, 11.0, 11.0, 10.9375]"
False,5757,3,18751,0,"[11.0, 11.125, 11.0, 11.0625]"
True,5758,1,18761,1,"[11.0, 10.875, 10.875, 11.0625]"
False,5759,0,18766,2,"[11.125, 11.125, 11.0625, 11.0625]"
False,5760,1,18776,2,"[11.0, 11.0, 10.8125, 11.0]"
False,5761,2,18781,0,"[10.875, 11.0625, 11.0, 10.9375]"
False,5762,0,18787,2,"[11.0, 11.0625, 10.875, 11.0]"
False,5763,0,18790,3,"[11.0, 11.1875, 11.0, 10.875]"
True,5764,1,18791,1,"[11.0625, 10.875, 11.0625, 10.9375]"
False,5765,3,18795,1,"[10.9375, 10.875, 11.125, 11.0]"
False,5766,2,18799,0,"[10.875, 11.0, 10.875, 10.9375]"
False,5767,2,18801,1,"[10.9375, 10.875, 11.0625, 11.0625]"
False,5768,1,18805,0,"[10.875, 10.875, 11.0625, 10.9375]"
False,5769,2,18814,0,"[10.9375, 10.9375, 11.0625, 10.9375]"
False,5770,0,18828,3,"[11.25, 10.9375, 10.9375, 10.8125]"
False,5771,3,18833,1,"[11.0625, 10.9375, 11.125, 11.0]"
False,5772,1,18836,0,"[10.9375, 11.0625, 11.0, 11.0]"
False,5773,3,18844,0,"[10.9375, 11.0, 11.0625, 10.9375]"
True,5774,0,18864,0,"[11.125, 11.125, 11.125, 11.125]"
False,5775,2,18876,0,"[10.9375, 11.0, 10.9375, 11.0625]"
True,5776,3,18878,3,"[11.1875, 11.0625, 11.0625, 10.8125]"
False,5777,0,18879,1,"[11.0625, 11.0, 11.25, 11.0625]"
True,5778,2,18882,2,"[11.0625, 11.1875, 10.875, 10.9375]"
True,5779,1,18893,1,"[11.0625, 10.875, 10.9375, 11.0625]"
True,5780,1,18895,1,"[10.9375, 10.8125, 11.0625, 11.125]"
True,5781,3,18899,3,"[10.9375, 11.125, 11.0, 10.875]"
False,5782,3,18901,1,"[11.0, 10.9375, 11.125, 11.0]"
False,5783,1,18903,2,"[11.0625, 11.25, 10.875, 10.875]"
True,5784,0,18912,0,"[10.9375, 11.0625, 11.0, 11.0]"
False,5785,1,18921,0,"[11.0, 11.0625, 11.0625, 11.125]"
False,5786,2,18939,0,"[10.875, 11.0, 10.875, 11.0]"
True,5787,0,18949,0,"[10.875, 10.875, 11.0625, 11.125]"
True,5788,1,18951,1,"[11.125, 10.75, 11.0625, 11.0625]"
True,5789,1,18963,1,"[11.0, 10.8125, 10.875, 10.9375]"
False,5790,3,18964,2,"[11.0, 11.0, 10.8125, 11.0]"
False,5791,0,18975,1,"[11.125, 10.875, 10.875, 10.9375]"
True,5792,2,18976,2,"[11.0, 11.0625, 10.9375, 11.0]"
False,5793,2,18977,0,"[10.9375, 11.0625, 11.0, 11.0625]"
False,5794,3,18978,1,"[11.0625, 11.0, 11.0625, 11.0]"
False,5795,2,18981,0,"[11.0, 11.125, 11.0, 11.0]"
True,5796,1,18983,1,"[11.0625, 10.9375, 10.9375, 10.9375]"
False,5797,3,18984,1,"[11.0625, 10.9375, 11.0, 10.9375]"
True,5798,2,18985,2,"[11.125, 11.0, 10.9375, 11.0625]"
False,5799,3,18988,1,"[11.0, 10.8125, 11.0, 11.0625]"
False,5800,3,19004,1,"[11.0, 10.9375, 11.0625, 11.25]"
False,5801,2,19011,1,"[11.1875, 10.875, 11.0625, 10.9375]"
False,5802,0,19021,2,"[11.0, 11.0, 10.875, 11.0625]"
False,5803,2,19032,3,"[11.0, 11.0, 10.9375, 10.875]"
False,5804,3,19037,1,"[11.125, 11.0, 11.0625, 11.125]"
True,5805,0,19042,0,"[10.9375, 11.0625, 11.0, 11.0]"
False,5806,3,19051,0,"[11.0, 11.0625, 11.0625, 11.0625]"
False,5807,0,19057,3,"[11.0, 11.0625, 11.0, 10.9375]"
True,5808,0,19069,0,"[10.8125, 11.0625, 10.9375, 11.0625]"
True,5809,1,19073,1,"[11.3125, 11.0625, 11.1875, 11.125]"
False,5810,1,19077,3,"[11.0625, 10.9375, 11.0, 10.875]"
False,5811,2,19090,3,"[10.9375, 11.0, 11.125, 10.75]"
False,5812,3,19095,0,"[10.9375, 11.0, 11.1875, 11.0]"
False,5813,1,19101,0,"[10.9375, 11.1875, 11.1875, 10.9375]"
False,5814,0,19146,3,"[11.0, 11.0, 11.0625, 10.8125]"
False,5815,0,19152,1,"[11.0, 10.9375, 10.9375, 11.0625]"
False,5816,1,19155,0,"[10.9375, 11.0625, 11.0625, 11.125]"
False,5817,2,19162,1,"[11.0, 10.8125, 10.875, 10.9375]"
True,5818,1,19165,1,"[11.125, 11.0, 11.0625, 11.0625]"
True,5819,1,19169,1,"[11.1875, 10.9375, 11.125, 11.0]"
True,5820,0,19186,0,"[10.875, 11.0625, 10.9375, 11.0625]"
True,5821,3,19188,3,"[11.125, 11.125, 11.1875, 11.0625]"
False,5822,2,19199,3,"[11.125, 11.0625, 11.125, 10.875]"
False,5823,1,19201,0,"[10.9375, 10.9375, 11.125, 11.1875]"
False,5824,0,19222,1,"[11.0625, 10.9375, 11.1875, 10.9375]"
False,5825,2,19237,0,"[10.9375, 11.0, 11.0625, 11.0]"
False,5826,2,19241,3,"[10.9375, 11.0625, 11.0, 10.875]"
False,5827,0,19249,1,"[11.0625, 10.9375, 10.9375, 10.9375]"
False,5828,0,19253,2,"[11.0, 11.0, 10.9375, 11.0]"
False,5829,2,19257,3,"[11.0, 11.125, 11.0, 10.875]"
False,5830,2,19275,0,"[10.875, 11.0, 11.0625, 11.0]"
False,5831,1,19282,0,"[10.9375, 11.0625, 10.9375, 10.9375]"
False,5832,3,19288,0,"[11.0, 11.0, 11.0, 11.0625]"
False,5833,0,19298,1,"[11.0625, 10.875, 10.875, 11.0]"
False,5834,0,19318,2,"[11.125, 11.1875, 10.9375, 11.0625]"
True,5835,2,19320,2,"[11.0, 10.9375, 10.8125, 11.0625]"
False,5836,1,19322,0,"[10.8125, 11.0, 11.125, 11.0]"
False,5837,0,19323,3,"[11.0625, 11.0625, 11.0625, 10.9375]"
False,5838,0,19334,2,"[11.0625, 11.125, 11.0, 11.1875]"
False,5839,3,19335,0,"[10.9375, 11.0625, 11.0, 10.9375]"
False,5840,2,19353,3,"[11.125, 11.125, 11.0, 10.875]"
False,5841,2,19354,1,"[11.0, 10.9375, 11.0, 10.9375]"
False,5842,1,19355,3,"[11.0625, 11.1875, 11.125, 11.0]"
False,5843,3,19360,0,"[10.875, 10.875, 11.0, 10.9375]"
False,5844,2,19363,3,"[10.9375, 11.0, 10.9375, 10.875]"
False,5845,3,19373,0,"[11.0, 11.0, 11.0625, 11.0]"
False,5846,3,19378,1,"[11.0, 10.9375, 11.0625, 11.0625]"
True,5847,0,19379,0,"[10.9375, 11.125, 11.0625, 11.0625]"
False,5848,3,19381,1,"[10.9375, 10.875, 11.125, 11.0]"
False,5849,0,19385,1,"[11.0625, 10.9375, 11.0625, 11.0625]"
False,5850,1,19386,3,"[11.0625, 11.0625, 11.125, 11.0]"
False,5851,3,19390,2,"[11.0, 11.0, 10.8125, 11.0625]"
True,5852,0,19391,0,"[10.875, 11.0, 11.0, 11.0]"
False,5853,3,19394,2,"[11.0625, 11.1875, 10.9375, 11.0625]"
False,5854,3,19402,1,"[11.0, 10.8125, 11.0625, 11.0625]"
False,5855,2,19404,3,"[10.875, 10.9375, 11.0, 10.8125]"
False,5856,1,19416,2,"[11.0, 11.0, 10.9375, 11.0625]"
True,5857,0,19421,0,"[10.9375, 10.9375, 11.0625, 11.25]"
False,5858,3,19423,0,"[10.875, 11.0, 11.0, 11.3125]"
False,5859,0,19429,2,"[11.0, 11.0625, 10.9375, 11.0625]"
False,5860,3,19434,1,"[11.0625, 11.0, 11.3125, 11.125]"
False,5861,0,19452,2,"[11.125, 11.1875, 11.0625, 11.125]"
False,5862,2,19454,0,"[11.0, 11.0, 11.0625, 11.0625]"
False,5863,0,19493,3,"[11.1875, 11.1875, 11.1875, 11.0625]"
True,5864,0,19498,0,"[11.0, 11.125, 11.0625, 11.0]"
False,5865,3,19514,0,"[10.9375, 11.25, 11.0625, 11.0625]"
False,5866,1,19516,3,"[11.0, 11.0625, 11.0625, 10.8125]"
True,5867,0,19519,0,"[11.0, 11.0625, 11.125, 11.1875]"
False,5868,3,19523,2,"[11.125, 11.0625, 10.875, 11.125]"
True,5869,2,19536,2,"[10.9375, 11.125, 10.875, 10.875]"
False,5870,0,19555,2,"[11.0625, 11.125, 10.9375, 11.1875]"
False,5871,3,19577,1,"[11.0, 10.9375, 11.0625, 10.9375]"
False,5872,2,19599,0,"[11.0625, 11.0625, 11.0625, 11.0625]"
False,5873,2,19615,1,"[11.0, 10.875, 11.0625, 11.0]"
False,5874,2,19627,0,"[11.0, 11.0, 11.0625, 11.0]"
False,5875,3,19630,2,"[11.125, 11.0, 10.9375, 11.0625]"
True,5876,2,19634,2,"[11.0625, 11.0, 10.875, 11.125]"
True,5877,3,19635,3,"[11.125, 11.125, 11.0, 10.9375]"
False,5878,3,19638,2,"[11.0625, 11.0, 10.9375, 11.0]"
False,5879,3,19662,1,"[11.0, 10.9375, 11.125, 11.125]"
False,5880,0,19665,3,"[11.25, 11.125, 11.0, 10.9375]"
False,5881,0,19682,3,"[11.0, 11.125, 11.0, 10.8125]"
True,5882,2,19698,2,"[11.0625, 11.0, 10.9375, 11.125]"
True,5883,3,19703,3,"[11.125, 11.1875, 11.0625, 10.875]"
False,5884,0,19705,3,"[11.0, 11.125, 11.0, 10.875]"
False,5885,2,19706,1,"[10.9375, 10.875, 11.125, 10.875]"
True,5886,0,19710,0,"[10.875, 10.9375, 11.0, 10.875]"
True,5887,0,19711,0,"[10.8125, 11.0, 11.0625, 11.0]"
True,5888,0,19717,0,"[10.9375, 10.9375, 11.0625, 11.0]"
False,5889,0,19726,3,"[10.9375, 10.875, 10.875, 10.8125]"
False,5890,1,19727,0,"[10.875, 11.0, 11.0, 11.0625]"
False,5891,2,19730,3,"[11.1875, 11.1875, 11.1875, 11.125]"
False,5892,0,19734,2,"[11.0625, 11.0625, 11.0, 11.0]"
False,5893,0,19738,2,"[11.125, 11.0, 10.9375, 10.9375]"
False,5894,3,19743,1,"[11.0625, 10.9375, 11.0, 11.0]"
False,5895,0,19755,2,"[11.0625, 11.125, 10.875, 11.1875]"
False,5896,2,19769,1,"[11.0, 10.875, 11.0, 10.9375]"
True,5897,1,19774,1,"[11.125, 10.9375, 11.0625, 10.9375]"
False,5898,2,19779,3,"[11.0625, 11.0, 11.0, 10.8125]"
True,5899,2,19794,2,"[10.9375, 11.125, 10.875, 11.125]"
False,5900,2,19796,1,"[11.0625, 10.8125, 10.875, 10.875]"
False,5901,2,19799,1,"[10.9375, 10.8125, 10.875, 11.0]"
False,5902,1,19800,3,"[11.125, 11.0625, 11.0625, 10.9375]"
False,5903,3,19807,1,"[11.0625, 10.9375, 11.0, 11.0]"
False,5904,1,19821,0,"[11.0, 11.125, 11.0625, 11.0625]"
False,5905,3,19823,0,"[11.0, 11.0625, 11.0625, 11.0]"
True,5906,0,19829,0,"[10.9375, 11.0625, 11.0625, 11.125]"
False,5907,3,19835,2,"[11.125, 10.875, 10.8125, 11.0]"
False,5908,3,19838,0,"[11.0, 11.125, 11.1875, 11.0625]"
False,5909,0,19858,1,"[11.0625, 10.875, 11.125, 10.9375]"
False,5910,3,19859,1,"[11.1875, 10.9375, 11.0, 11.0]"
False,5911,3,19860,1,"[11.0, 10.9375, 10.9375, 11.0]"
True,5912,0,19876,0,"[10.875, 11.0, 11.0, 10.9375]"
False,5913,3,19887,2,"[11.0625, 11.0, 10.9375, 11.125]"
True,5914,0,19891,0,"[10.8125, 11.125, 10.9375, 11.0625]"
False,5915,2,19909,0,"[11.0625, 11.25, 11.125, 11.25]"
False,5916,3,19911,0,"[10.8125, 10.875, 10.9375, 11.0]"
False,5917,3,19916,0,"[11.0, 11.125, 11.125, 11.0]"
True,5918,1,19921,1,"[11.0, 10.875, 11.0, 11.0]"
False,5919,1,19940,2,"[11.0, 11.0, 10.8125, 11.0]"
False,5920,1,19941,2,"[10.9375, 10.9375, 10.75, 11.0]"
False,5921,3,19943,0,"[10.75, 11.1875, 10.75, 11.0]"
False,5922,0,19953,3,"[11.0, 11.1875, 11.125, 10.9375]"
False,5923,1,19954,2,"[11.1875, 11.0, 10.875, 11.0]"
False,5924,2,19955,3,"[11.0, 11.0, 11.0625, 10.875]"
False,5925,1,19957,0,"[11.0, 11.125, 11.0625, 11.0625]"
False,5926,1,19960,2,"[11.125, 11.125, 11.0625, 11.0625]"
True,5927,0,19967,0,"[10.875, 11.0, 11.0625, 11.0]"
True,5928,1,19971,1,"[11.0, 10.875, 11.125, 10.9375]"
True,5929,0,19974,0,"[10.875, 11.0, 10.9375, 10.875]"
False,5930,3,19977,1,"[11.0625, 11.0, 11.125, 11.125]"
False,5931,3,19988,1,"[11.125, 11.0, 11.0, 11.0625]"
False,5932,0,19992,2,"[11.0, 11.125, 10.9375, 10.9375]"
False,5933,3,20003,2,"[11.125, 11.0, 10.75, 11.0]"
False,5934,2,20007,3,"[11.0, 11.125, 11.125, 10.9375]"
True,5935,1,20008,1,"[11.125, 10.9375, 10.9375, 11.0625]"
True,5936,0,20009,0,"[10.875, 11.0625, 10.9375, 11.125]"
False,5937,2,20014,1,"[11.0625, 10.9375, 11.0, 10.9375]"
False,5938,1,20017,2,"[11.0, 11.0625, 10.9375, 11.0625]"
False,5939,3,20020,0,"[10.75, 10.9375, 10.9375, 11.125]"
False,5940,3,20021,2,"[11.125, 11.125, 11.0, 11.1875]"
False,5941,3,20026,0,"[11.0, 11.0, 11.0625, 11.1875]"
True,5942,1,20034,1,"[11.0, 10.9375, 11.125, 11.0625]"
True,5943,1,20036,1,"[11.0625, 10.9375, 11.0625, 11.0]"
False,5944,2,20050,0,"[10.875, 11.0625, 10.875, 10.9375]"
False,5945,0,20063,1,"[11.25, 10.9375, 11.0625, 11.125]"
False,5946,3,20078,0,"[10.9375, 11.0, 11.0625, 11.0625]"
True,5947,0,20087,0,"[11.0, 11.0, 11.1875, 11.0]"
False,5948,1,20089,0,"[10.9375, 11.0, 11.0, 10.9375]"
False,5949,0,20093,2,"[11.125, 11.1875, 11.0, 11.0625]"
False,5950,3,20103,0,"[10.9375, 11.125, 11.0, 11.0]"
False,5951,0,20110,2,"[11.125, 11.125, 11.0625, 11.0625]"
False,5952,2,20112,1,"[11.125, 11.0, 11.125, 11.125]"
False,5953,2,20123,0,"[11.0, 11.1875, 11.0, 11.0]"
False,5954,2,20140,0,"[10.8125, 11.0625, 11.0625, 10.8125]"
False,5955,3,20143,2,"[11.0, 11.125, 10.9375, 10.9375]"
False,5956,2,20149,0,"[11.0, 11.0, 11.0625, 11.0]"
True,5957,2,20154,2,"[10.9375, 11.0625, 10.875, 10.9375]"
False,5958,3,20162,2,"[11.0, 11.0625, 10.875, 11.0625]"
False,5959,3,20166,0,"[10.875, 11.0, 11.125, 11.0625]"
False,5960,2,20170,3,"[11.125, 11.125, 11.125, 11.0625]"
True,5961,1,20184,1,"[11.0625, 10.875, 10.9375, 10.9375]"
True,5962,0,20186,0,"[10.9375, 11.1875, 10.9375, 11.0625]"
False,5963,3,20192,2,"[11.125, 11.125, 10.9375, 11.0625]"
False,5964,1,20197,2,"[10.9375, 11.0, 10.8125, 10.875]"
True,5965,1,20199,1,"[11.0625, 10.875, 10.875, 11.0625]"
False,5966,2,20201,1,"[11.0625, 11.0, 11.0625, 11.0625]"
False,5967,1,20204,0,"[10.9375, 11.0625, 11.1875, 10.9375]"
False,5968,3,20210,1,"[10.875, 10.75, 10.8125, 11.0625]"
True,5969,2,20211,2,"[10.9375, 11.125, 10.875, 11.0625]"
True,5970,0,20214,0,"[10.875, 10.875, 11.0625, 10.9375]"
True,5971,0,20233,0,"[10.9375, 11.0, 11.1875, 11.0]"
True,5972,0,20241,0,"[10.9375, 11.0, 11.0, 10.9375]"
False,5973,3,20249,0,"[10.9375, 11.0625, 11.1875, 11.0625]"
False,5974,1,20253,0,"[11.0625, 11.25, 11.0625, 11.125]"
False,5975,2,20258,0,"[10.9375, 11.0, 11.0, 11.125]"
False,5976,1,20259,3,"[11.0, 11.1875, 11.0, 10.9375]"
False,5977,0,20260,1,"[11.1875, 11.0, 11.1875, 11.125]"
False,5978,1,20271,2,"[11.0625, 11.0625, 11.0, 11.1875]"
False,5979,3,20272,0,"[10.9375, 11.0, 11.0625, 11.0625]"
False,5980,2,20274,3,"[11.0625, 11.0625, 11.0, 10.9375]"
False,5981,1,20275,2,"[11.125, 11.0, 10.9375, 11.0]"
False,5982,0,20278,3,"[11.0, 11.0625, 10.9375, 10.875]"
True,5983,2,20287,2,"[11.0625, 11.125, 10.875, 11.0]"
False,5984,2,20289,3,"[11.125, 11.0, 10.9375, 10.875]"
True,5985,2,20297,2,"[11.125, 11.0, 10.9375, 11.0]"
False,5986,2,20298,1,"[11.125, 11.0, 11.0, 11.125]"
False,5987,2,20309,1,"[11.0, 10.875, 11.0625, 10.875]"
False,5988,1,20319,3,"[11.125, 11.1875, 11.0625, 10.875]"
False,5989,0,20324,1,"[11.0625, 11.0, 11.0625, 11.0625]"
False,5990,0,20330,1,"[11.0625, 10.9375, 11.0, 11.125]"
True,5991,3,20334,3,"[11.0, 11.0625, 10.875, 10.6875]"
False,5992,3,20352,1,"[11.125, 10.875, 11.1875, 11.0]"
False,5993,1,20363,0,"[10.8125, 11.0, 11.0, 11.0625]"
False,5994,3,20374,2,"[11.125, 11.125, 10.9375, 11.125]"
False,5995,2,20377,0,"[11.0, 11.0, 11.0, 11.125]"
True,5996,1,20383,1,"[11.0, 10.875, 11.0625, 10.875]"
False,5997,2,20393,0,"[11.0, 11.0, 11.125, 11.0]"
False,5998,2,20400,3,"[11.0, 11.0, 11.0, 10.875]"
True,5999,1,20401,1,"[11.0625, 10.875, 11.0625, 11.0625]"
False,6000,2,20405,1,"[11.0, 10.9375, 10.9375, 11.0625]"
False,6001,0,20408,2,"[11.125, 11.25, 11.0625, 11.1875]"
False,6002,2,20411,1,"[11.0625, 10.875, 11.0, 11.0]"
False,6003,3,20417,0,"[11.0, 11.125, 11.0625, 11.0]"
True,6004,1,20419,1,"[10.9375, 10.875, 11.0625, 10.875]"
True,6005,0,20454,0,"[10.9375, 11.125, 11.0625, 11.0]"
False,6006,2,20471,1,"[11.0, 10.9375, 10.9375, 11.0]"
False,6007,0,20474,1,"[11.0625, 11.0, 11.0625, 11.0625]"
False,6008,0,20477,2,"[11.0, 11.1875, 10.875, 10.875]"
False,6009,3,20481,2,"[11.0625, 11.0625, 11.0, 11.0]"
False,6010,1,20483,2,"[11.0625, 11.0625, 11.0, 11.0]"
False,6011,3,20486,1,"[11.125, 11.0625, 11.125, 11.0625]"
False,6012,0,20487,2,"[11.0, 11.0625, 10.9375, 11.125]"
False,6013,3,20496,2,"[11.0, 11.0, 10.875, 11.125]"
False,6014,3,20501,0,"[10.9375, 11.0, 11.1875, 11.0625]"
True,6015,0,20515,0,"[10.9375, 11.0, 10.9375, 11.0]"
False,6016,2,20529,3,"[11.0, 11.125, 11.125, 10.9375]"
False,6017,2,20530,0,"[11.0, 11.0, 11.125, 11.0]"
False,6018,0,20536,3,"[11.0625, 11.1875, 11.25, 10.9375]"
True,6019,0,20541,0,"[10.8125, 11.0, 10.9375, 10.9375]"
False,6020,1,20550,2,"[11.0625, 11.0, 10.875, 10.9375]"
False,6021,2,20552,3,"[11.0, 11.0625, 10.9375, 10.875]"
False,6022,0,20553,2,"[11.0625, 11.1875, 10.9375, 10.9375]"
False,6023,3,20554,0,"[11.0, 11.0625, 11.0, 11.0625]"
False,6024,3,20589,0,"[10.9375, 11.0, 10.9375, 11.0]"
False,6025,2,20592,3,"[11.1875, 11.0625, 11.0625, 11.0]"
False,6026,3,20598,2,"[10.9375, 11.0625, 10.875, 11.0]"
True,6027,1,20600,1,"[11.1875, 10.875, 10.9375, 10.875]"
False,6028,2,20604,0,"[10.8125, 11.125, 10.9375, 11.125]"
False,6029,2,20606,0,"[10.9375, 11.0625, 11.0, 11.0]"
False,6030,1,20625,3,"[11.0625, 11.0625, 11.1875, 10.875]"
False,6031,2,20632,0,"[11.0625, 11.0625, 11.125, 11.1875]"
False,6032,3,20642,0,"[10.9375, 11.0, 11.0, 11.125]"
False,6033,3,20643,2,"[11.0625, 11.0625, 11.0, 11.1875]"
False,6034,1,20645,3,"[11.0625, 11.0, 11.125, 10.9375]"
True,6035,2,20671,2,"[11.0, 11.0, 10.8125, 10.875]"
False,6036,3,20682,2,"[11.0, 11.0625, 10.9375, 11.125]"
False,6037,2,20692,3,"[11.0625, 11.0625, 11.125, 11.0]"
True,6038,2,20707,2,"[11.25, 11.0, 10.9375, 11.125]"
True,6039,0,20709,0,"[11.0625, 11.125, 11.125, 11.1875]"
False,6040,2,20723,0,"[11.0, 11.0625, 11.125, 11.1875]"
False,6041,3,20729,0,"[10.8125, 11.125, 10.8125, 11.0]"
False,6042,0,20732,1,"[11.0625, 11.0, 11.0625, 11.125]"
True,6043,0,20735,0,"[10.9375, 11.0625, 11.1875, 11.0]"
True,6044,2,20742,2,"[11.0, 10.9375, 10.875, 10.875]"
False,6045,2,20752,0,"[10.9375, 11.0625, 11.0625, 11.0625]"
True,6046,1,20762,1,"[11.0625, 10.9375, 11.125, 10.9375]"
True,6047,1,20767,1,"[11.0625, 10.875, 11.125, 11.0625]"
True,6048,1,20776,1,"[11.125, 10.9375, 10.9375, 11.125]"
False,6049,0,20779,1,"[11.0625, 10.875, 10.9375, 11.0]"
False,6050,3,20782,0,"[10.875, 10.875, 11.125, 11.0]"
False,6051,1,20785,0,"[10.9375, 11.125, 11.125, 11.0625]"
False,6052,3,20788,1,"[11.125, 10.875, 10.9375, 11.0]"
False,6053,2,20822,1,"[11.1875, 11.0, 11.25, 11.0625]"
False,6054,2,20824,3,"[11.0, 11.125, 11.0625, 10.9375]"
False,6055,1,20827,0,"[10.875, 10.9375, 11.0, 11.125]"
False,6056,0,20830,3,"[11.0625, 11.0625, 11.0, 10.9375]"
False,6057,0,20849,3,"[11.1875, 11.25, 11.3125, 11.0]"
False,6058,2,20856,1,"[11.0, 10.875, 11.0, 10.9375]"
False,6059,1,20858,2,"[11.0625, 11.0625, 11.0, 11.1875]"
True,6060,1,20860,1,"[11.0, 10.875, 10.9375, 11.0625]"
True,6061,2,20864,2,"[11.1875, 11.0, 10.9375, 10.9375]"
False,6062,3,20870,1,"[11.125, 10.875, 10.9375, 11.0]"
False,6063,0,20871,3,"[11.0625, 11.125, 11.0, 10.9375]"
False,6064,1,20872,2,"[11.0, 11.1875, 10.875, 10.9375]"
True,6065,0,20884,0,"[11.0, 11.0, 11.125, 11.0625]"
False,6066,3,20887,1,"[11.0, 10.9375, 11.0625, 11.125]"
False,6067,3,20892,2,"[11.0, 10.9375, 10.875, 10.875]"
False,6068,3,20910,0,"[10.8125, 11.0, 11.0625, 11.0625]"
False,6069,3,20911,0,"[11.0, 11.0, 11.0, 11.1875]"
False,6070,0,20944,2,"[11.125, 10.9375, 10.875, 11.0]"
False,6071,1,20945,2,"[10.9375, 10.875, 10.75, 10.9375]"
True,6072,1,20946,1,"[11.0625, 10.9375, 11.0625, 10.9375]"
True,6073,3,20953,3,"[11.0, 11.0625, 11.0, 10.875]"
False,6074,0,20986,2,"[11.0625, 11.0625, 11.0, 11.125]"
False,6075,1,20991,3,"[11.0, 11.125, 11.0625, 10.9375]"
False,6076,2,20992,0,"[11.0, 11.125, 11.0, 11.0]"
False,6077,1,21011,0,"[11.0, 11.0625, 11.0, 11.0625]"
True,6078,1,21025,1,"[11.0625, 10.9375, 11.125, 11.0]"
True,6079,2,21034,2,"[11.125, 11.0625, 11.0, 11.1875]"
True,6080,2,21037,2,"[11.0625, 10.875, 10.8125, 10.9375]"
False,6081,0,21042,1,"[11.0625, 10.875, 11.0, 11.0]"
True,6082,0,21045,0,"[11.0, 11.0, 11.0625, 11.125]"
False,6083,1,21071,3,"[11.1875, 11.0625, 10.9375, 10.875]"
False,6084,1,21079,0,"[10.875, 11.0625, 11.0625, 10.9375]"
False,6085,2,21081,0,"[10.9375, 11.0, 10.9375, 11.0625]"
False,6086,0,21089,3,"[10.9375, 11.0, 11.125, 10.75]"
True,6087,0,21102,0,"[10.9375, 11.0, 11.125, 11.0]"
False,6088,0,21105,3,"[10.9375, 11.0625, 10.9375, 10.8125]"
False,6089,3,21115,1,"[11.125, 11.0, 11.125, 11.0]"
False,6090,0,21117,1,"[11.125, 11.0, 11.0625, 11.0625]"
False,6091,3,21125,0,"[11.0625, 11.125, 11.125, 11.0625]"
False,6092,3,21139,2,"[11.125, 11.125, 11.0, 11.125]"
False,6093,2,21141,3,"[11.125, 11.0625, 11.0625, 11.0]"
False,6094,2,21174,0,"[11.0, 11.125, 11.0, 11.0625]"
False,6095,2,21176,0,"[11.0, 11.0625, 11.0625, 11.0625]"
True,6096,0,21185,0,"[10.875, 11.0, 11.0, 11.0625]"
True,6097,2,21194,2,"[11.125, 11.1875, 11.0625, 11.125]"
False,6098,2,21203,0,"[11.0, 11.0625, 11.0625, 11.1875]"
True,6099,2,21213,2,"[11.125, 11.25, 10.875, 11.0625]"
False,6100,2,21221,0,"[10.9375, 11.0, 11.125, 11.0625]"
False,6101,1,21243,0,"[11.0, 11.0, 11.125, 11.0]"
True,6102,2,21247,2,"[10.875, 10.9375, 10.75, 10.8125]"
True,6103,0,21252,0,"[10.875, 11.0625, 11.125, 11.0625]"
False,6104,3,21253,1,"[11.125, 11.0, 11.0, 11.0]"
True,6105,0,21258,0,"[11.0, 11.0, 11.0, 11.0625]"
True,6106,0,21260,0,"[11.0, 11.0625, 11.0, 11.0]"
True,6107,0,21267,0,"[11.0625, 11.125, 11.125, 11.0625]"
True,6108,1,21278,1,"[10.9375, 10.8125, 10.8125, 10.8125]"
True,6109,0,21286,0,"[10.9375, 11.0625, 11.0, 11.1875]"
True,6110,3,21289,3,"[11.0, 10.9375, 11.0625, 10.875]"
True,6111,2,21295,2,"[11.0625, 11.0625, 11.0, 11.0]"
False,6112,3,21301,1,"[11.1875, 11.0, 11.0625, 11.125]"
False,6113,3,21304,1,"[11.0, 10.875, 10.9375, 11.125]"
False,6114,2,21309,0,"[10.9375, 11.0, 10.9375, 11.0]"
False,6115,3,21312,1,"[11.125, 10.9375, 11.125, 10.9375]"
False,6116,2,21314,0,"[10.9375, 11.1875, 11.0, 11.0]"
False,6117,0,21327,3,"[11.125, 11.0625, 11.0, 10.875]"
True,6118,2,21329,2,"[11.0625, 11.0, 10.9375, 11.0625]"
False,6119,2,21331,3,"[11.0625, 11.125, 11.25, 11.0]"
False,6120,2,21335,3,"[11.0625, 11.125, 11.125, 11.0]"
True,6121,1,21337,1,"[11.0625, 10.8125, 11.0625, 11.0]"
True,6122,1,21340,1,"[11.0625, 10.9375, 11.0, 11.0625]"
True,6123,3,21352,3,"[11.0, 10.9375, 11.0625, 10.875]"
True,6124,3,21364,3,"[11.0, 11.0625, 10.9375, 10.8125]"
False,6125,2,21365,0,"[10.9375, 11.125, 11.0, 11.0625]"
False,6126,3,21368,2,"[11.0, 11.0, 10.875, 11.125]"
True,6127,2,21375,2,"[10.9375, 10.9375, 10.875, 10.9375]"
False,6128,2,21376,0,"[10.875, 11.125, 10.9375, 10.9375]"
False,6129,2,21389,1,"[11.0625, 11.0, 11.1875, 11.125]"
False,6130,1,21397,0,"[10.9375, 11.0, 11.0625, 10.9375]"
True,6131,3,21400,3,"[11.0, 11.0625, 11.0, 10.75]"
False,6132,2,21415,0,"[10.9375, 11.0625, 11.0, 10.9375]"
False,6133,3,21423,0,"[11.0, 11.0625, 11.0, 11.125]"
False,6134,0,21426,1,"[11.0, 10.8125, 10.9375, 11.0625]"
False,6135,3,21440,0,"[11.0, 11.0625, 11.0625, 11.0]"
False,6136,3,21441,2,"[11.0625, 11.125, 11.0, 11.0]"
False,6137,1,21443,0,"[10.9375, 11.0625, 11.0625, 11.3125]"
False,6138,1,21449,0,"[11.0625, 11.125, 11.0625, 11.0625]"
False,6139,2,21459,0,"[11.0, 11.125, 11.125, 11.1875]"
False,6140,3,21463,1,"[11.125, 10.9375, 11.0625, 11.0625]"
False,6141,0,21470,1,"[11.1875, 11.0, 11.0625, 11.125]"
False,6142,0,21472,1,"[11.0625, 11.0, 11.0, 11.0]"
True,6143,2,21475,2,"[11.0625, 10.9375, 10.875, 11.0]"
False,6144,1,21483,0,"[10.875, 10.875, 11.0625, 11.125]"
False,6145,0,21490,1,"[11.0, 10.8125, 10.875, 11.0625]"
False,6146,3,21503,1,"[11.0, 10.9375, 11.0625, 11.0625]"
False,6147,0,21507,2,"[11.0625, 11.0625, 11.0, 11.125]"
False,6148,1,21515,0,"[10.875, 11.125, 11.0625, 11.0625]"
True,6149,2,21520,2,"[11.0, 11.0625, 10.9375, 11.0]"
True,6150,0,21547,0,"[10.9375, 10.9375, 11.0, 11.0]"
False,6151,1,21550,3,"[11.0625, 11.125, 11.0625, 11.0]"
True,6152,3,21560,3,"[11.125, 11.0625, 11.0625, 10.875]"
False,6153,2,21580,0,"[11.0, 11.125, 11.0625, 11.0625]"
False,6154,1,21582,3,"[11.0, 11.0, 11.0625, 10.9375]"
True,6155,0,21590,0,"[11.0, 11.0625, 11.0, 11.125]"
True,6156,1,21610,1,"[11.0625, 10.9375, 11.0625, 11.0]"
False,6157,3,21611,2,"[11.0, 11.125, 10.9375, 11.0625]"
False,6158,1,21618,2,"[11.125, 11.125, 11.0625, 11.0625]"
False,6159,3,21660,1,"[10.9375, 10.875, 11.0, 11.0]"
False,6160,1,21664,0,"[11.0, 11.0, 11.0625, 11.0625]"
False,6161,2,21668,0,"[10.875, 11.0625, 11.0, 11.125]"
False,6162,0,21677,2,"[11.0, 11.0625, 10.9375, 11.0625]"
False,6163,0,21687,3,"[11.0625, 11.0625, 11.0625, 10.9375]"
False,6164,1,21695,2,"[11.0, 11.0, 10.8125, 11.0]"
False,6165,0,21698,2,"[11.125, 11.1875, 10.9375, 10.9375]"
False,6166,3,21715,0,"[10.875, 11.0625, 11.0, 10.9375]"
True,6167,2,21720,2,"[11.0625, 11.0625, 11.0, 11.0625]"
False,6168,3,21722,1,"[11.125, 11.0, 11.0, 11.3125]"
True,6169,2,21723,2,"[11.0, 11.0625, 10.9375, 10.9375]"
False,6170,2,21727,0,"[10.875, 10.9375, 11.0625, 10.9375]"
False,6171,0,21746,1,"[11.0625, 10.9375, 11.0625, 11.0]"
True,6172,0,21757,0,"[11.0, 11.0625, 11.125, 11.0]"
True,6173,3,21774,3,"[11.0, 11.0625, 11.0, 10.875]"
False,6174,1,21781,0,"[11.0, 11.0625, 11.0625, 11.0625]"
True,6175,0,21790,0,"[11.0, 11.0625, 11.0, 11.0625]"
False,6176,2,21792,0,"[10.9375, 10.9375, 11.0625, 11.0625]"
True,6177,2,21796,2,"[11.0625, 11.125, 10.9375, 11.125]"
False,6178,2,21806,0,"[10.9375, 11.1875, 11.0, 11.0625]"
True,6179,2,21820,2,"[11.0625, 11.1875, 10.9375, 11.0]"
True,6180,1,21823,1,"[11.125, 10.875, 11.125, 11.0]"
False,6181,1,21826,0,"[10.875, 11.0625, 10.875, 10.9375]"
True,6182,2,21837,2,"[10.9375, 10.875, 10.8125, 10.9375]"
True,6183,3,21839,3,"[11.0625, 11.0625, 11.125, 11.0]"
False,6184,3,21847,1,"[11.0, 10.9375, 11.0, 11.0625]"
True,6185,2,21851,2,"[11.0625, 11.125, 10.9375, 11.0]"
False,6186,1,21857,2,"[11.125, 11.0625, 10.8125, 11.0]"
False,6187,3,21859,2,"[11.0, 10.9375, 10.875, 10.9375]"
False,6188,0,21864,1,"[11.0625, 10.875, 11.0625, 11.125]"
False,6189,2,21875,0,"[11.0, 11.0625, 11.0625, 11.0]"
False,6190,2,21877,0,"[10.9375, 11.0625, 10.9375, 11.0]"
False,6191,1,21878,0,"[10.875, 11.0, 11.0, 11.0625]"
True,6192,2,21884,2,"[11.0625, 11.125, 10.875, 11.0625]"
True,6193,0,21893,0,"[10.9375, 10.9375, 11.125, 11.125]"
False,6194,2,21896,3,"[11.0, 11.1875, 11.1875, 10.9375]"
False,6195,3,21913,1,"[10.9375, 10.875, 11.125, 11.125]"
False,6196,3,21915,2,"[11.0625, 10.9375, 10.8125, 11.0]"
True,6197,3,21917,3,"[11.125, 11.0625, 11.0, 10.875]"
True,6198,3,21923,3,"[10.9375, 10.9375, 11.1875, 10.8125]"
False,6199,3,21935,0,"[10.9375, 11.0, 11.125, 10.9375]"
False,6200,1,21937,0,"[10.875, 11.0625, 10.875, 11.125]"
False,6201,0,21938,3,"[11.0625, 11.0, 11.0625, 10.9375]"
True,6202,1,21950,1,"[11.0625, 10.9375, 11.0, 11.0625]"
True,6203,0,21951,0,"[11.0625, 11.25, 11.0625, 11.0625]"
False,6204,3,21954,1,"[11.125, 11.0625, 11.0625, 11.1875]"
False,6205,2,21960,1,"[11.0625, 11.0, 11.1875, 11.0]"
False,6206,2,21963,0,"[11.0625, 11.125, 11.1875, 11.125]"
False,6207,3,21973,0,"[11.0, 11.0625, 11.125, 11.1875]"
False,6208,0,21974,1,"[11.0625, 10.875, 10.9375, 11.0625]"
False,6209,2,21982,0,"[11.0, 11.0, 11.0, 11.0]"
False,6210,2,21992,3,"[11.0, 11.0, 11.125, 10.875]"
False,6211,3,22000,0,"[10.875, 11.0, 10.9375, 11.0]"
False,6212,1,22001,3,"[11.0625, 11.0625, 11.0625, 11.0]"
False,6213,1,22016,2,"[11.125, 11.0, 10.9375, 11.125]"
False,6214,0,22017,2,"[10.9375, 11.0, 10.75, 11.0625]"
False,6215,1,22032,0,"[11.0, 11.125, 11.0625, 11.125]"
False,6216,0,22042,1,"[11.0625, 11.0, 11.0625, 11.25]"
True,6217,2,22043,2,"[11.125, 11.125, 10.9375, 11.0625]"
False,6218,3,22046,1,"[11.125, 10.9375, 11.0, 11.125]"
False,6219,2,22059,0,"[11.0, 11.0625, 11.125, 11.25]"
False,6220,2,22062,1,"[11.1875, 10.9375, 11.0, 11.0]"
False,6221,2,22067,0,"[10.9375, 11.0, 10.9375, 11.0]"
False,6222,2,22070,0,"[11.0, 11.0, 11.0625, 11.0]"
False,6223,0,22076,3,"[11.0, 11.0625, 11.125, 10.9375]"
True,6224,1,22086,1,"[11.0, 10.9375, 11.0625, 10.9375]"
False,6225,3,22107,1,"[11.125, 10.875, 10.875, 10.875]"
False,6226,3,22112,2,"[11.125, 11.0625, 11.0, 11.125]"
False,6227,0,22115,2,"[11.0, 11.0625, 10.875, 11.0]"
False,6228,2,22119,3,"[11.0625, 11.125, 11.0, 10.875]"
False,6229,1,22120,0,"[11.0625, 11.125, 11.0625, 11.125]"
False,6230,1,22127,0,"[10.875, 10.875, 11.0, 11.0]"
False,6231,3,22155,0,"[10.9375, 11.0, 11.125, 11.0625]"
False,6232,3,22175,2,"[11.0, 10.875, 10.8125, 11.0]"
False,6233,3,22178,0,"[11.0, 11.0625, 11.125, 11.0]"
False,6234,2,22183,0,"[11.0, 11.0, 11.0, 11.0]"
False,6235,1,22186,0,"[11.0, 11.125, 11.0, 11.0625]"
False,6236,1,22200,0,"[11.0, 11.125, 11.0625, 11.1875]"
False,6237,2,22201,0,"[10.875, 11.125, 11.0, 10.875]"
False,6238,1,22207,0,"[11.0, 11.0625, 11.0625, 11.0625]"
True,6239,0,22208,0,"[10.9375, 11.0, 11.0625, 11.125]"
False,6240,2,22220,1,"[11.125, 11.0625, 11.0625, 11.125]"
True,6241,0,22221,0,"[11.125, 11.1875, 11.1875, 11.125]"
False,6242,0,22223,2,"[11.0, 11.0, 10.9375, 11.0]"
False,6243,3,22239,1,"[11.0625, 10.9375, 10.9375, 11.125]"
False,6244,1,22245,0,"[10.9375, 11.0625, 11.0, 11.0]"
True,6245,0,22249,0,"[10.9375, 11.0, 10.9375, 11.0625]"
False,6246,0,22269,1,"[11.0625, 11.0, 11.0, 11.0625]"
False,6247,2,22270,3,"[11.0625, 10.9375, 11.0625, 10.75]"
True,6248,1,22283,1,"[11.0625, 10.9375, 10.9375, 11.0]"
False,6249,0,22293,2,"[11.125, 11.0625, 11.0, 11.0625]"
True,6250,2,22307,2,"[11.1875, 11.0625, 11.0, 11.0625]"
False,6251,3,22309,1,"[11.125, 11.0625, 11.0625, 11.125]"
False,6252,3,22333,2,"[11.0, 11.125, 10.875, 10.9375]"
True,6253,2,22334,2,"[11.125, 11.0625, 11.0, 11.0]"
True,6254,1,22345,1,"[11.375, 10.875, 11.0625, 11.0]"
False,6255,3,22357,1,"[11.125, 11.0625, 11.0625, 11.125]"
False,6256,3,22366,1,"[11.0, 10.9375, 11.0, 11.0625]"
False,6257,3,22374,2,"[11.125, 11.125, 11.0, 11.125]"
False,6258,0,22385,1,"[11.0, 10.9375, 10.9375, 11.0]"
True,6259,1,22392,1,"[11.0625, 11.0, 11.125, 11.0625]"
True,6260,0,22396,0,"[10.875, 11.0, 11.0, 10.9375]"
True,6261,1,22399,1,"[10.9375, 10.875, 10.9375, 10.875]"
True,6262,1,22400,1,"[11.125, 10.9375, 11.0625, 10.9375]"
True,6263,0,22401,0,"[11.0, 11.125, 11.0625, 11.125]"
False,6264,3,22406,2,"[11.0625, 11.0625, 11.0, 11.125]"
False,6265,2,22410,3,"[11.0625, 11.0, 11.0, 10.9375]"
False,6266,3,22421,0,"[10.9375, 11.0625, 11.0625, 11.0625]"
False,6267,1,22430,0,"[10.75, 10.9375, 11.0, 11.125]"
False,6268,0,22431,3,"[11.125, 11.0625, 11.125, 10.9375]"
False,6269,3,22433,1,"[11.125, 10.9375, 11.125, 10.9375]"
False,6270,3,22438,1,"[11.25, 11.0, 11.125, 11.1875]"
False,6271,2,22446,3,"[11.0625, 11.0625, 11.0625, 11.0]"
False,6272,1,22450,0,"[11.0, 11.0, 11.0625, 11.0625]"
False,6273,1,22453,2,"[11.0625, 11.0625, 11.0, 11.0625]"
False,6274,2,22464,0,"[10.8125, 10.9375, 11.125, 11.0625]"
True,6275,0,22469,0,"[11.0625, 11.0625, 11.125, 11.0625]"
False,6276,0,22485,1,"[10.9375, 10.875, 10.9375, 11.0]"
True,6277,3,22488,3,"[11.0, 10.875, 11.0, 10.8125]"
True,6278,0,22496,0,"[10.875, 11.0625, 10.9375, 11.0]"
False,6279,2,22499,3,"[11.0625, 11.0625, 11.0625, 11.0]"
False,6280,2,22500,0,"[10.875, 10.875, 11.0, 10.9375]"
False,6281,2,22513,0,"[10.8125, 11.0, 11.0, 11.125]"
False,6282,2,22514,3,"[11.0, 11.25, 11.0625, 10.9375]"
False,6283,0,22525,3,"[11.125, 11.0, 11.125, 10.9375]"
False,6284,0,22533,3,"[11.0625, 11.0, 11.0625, 10.9375]"
False,6285,3,22544,0,"[10.8125, 11.0625, 10.8125, 11.0]"
False,6286,1,22551,0,"[10.8125, 11.1875, 11.0, 11.0625]"
False,6287,1,22554,2,"[11.25, 11.0625, 10.9375, 11.0]"
False,6288,2,22557,1,"[11.0625, 10.875, 11.0625, 11.0]"
False,6289,3,22560,2,"[11.0, 11.0, 10.9375, 10.9375]"
True,6290,1,22584,1,"[11.0, 10.8125, 11.25, 10.8125]"
False,6291,3,22596,2,"[11.1875, 11.125, 11.0, 11.1875]"
False,6292,3,22603,2,"[11.125, 11.25, 10.9375, 10.9375]"
False,6293,3,22608,0,"[10.875, 11.0, 11.0625, 11.0]"
False,6294,0,22624,2,"[11.0, 11.0, 10.875, 11.125]"
False,6295,1,22625,0,"[10.9375, 10.9375, 11.0, 11.0625]"
True,6296,0,22652,0,"[10.875, 11.0625, 11.0, 11.0625]"
False,6297,2,22654,0,"[10.9375, 11.0625, 11.125, 11.0]"
False,6298,3,22657,1,"[11.0, 10.9375, 11.125, 11.125]"
True,6299,0,22667,0,"[10.875, 11.0625, 11.0, 11.0625]"
True,6300,3,22674,3,"[11.0, 11.0625, 11.1875, 10.9375]"
False,6301,3,22706,2,"[11.0625, 11.0625, 11.0, 11.0]"
True,6302,0,22732,0,"[10.9375, 11.125, 11.0, 11.125]"
False,6303,2,22736,0,"[10.9375, 11.0, 11.0625, 10.9375]"
False,6304,3,22757,0,"[10.875, 11.0, 11.0625, 11.0]"
False,6305,3,22761,0,"[10.9375, 11.0, 11.0625, 11.125]"
True,6306,1,22764,1,"[11.125, 11.0625, 11.0625, 11.0625]"
False,6307,2,22776,0,"[10.875, 11.0, 11.0, 11.0]"
True,6308,3,22780,3,"[11.125, 11.125, 11.0625, 10.875]"
False,6309,1,22801,3,"[11.1875, 11.1875, 11.25, 11.0]"
False,6310,2,22812,1,"[11.0625, 10.875, 11.3125, 11.0]"
False,6311,0,22823,1,"[11.125, 11.0625, 11.125, 11.0625]"
False,6312,2,22824,1,"[11.0, 10.9375, 10.9375, 11.125]"
False,6313,1,22832,0,"[11.0, 11.1875, 11.0, 11.0625]"
True,6314,0,22838,0,"[11.0, 11.125, 11.125, 11.1875]"
False,6315,0,22844,1,"[11.125, 11.0, 11.0, 11.0625]"
False,6316,3,22850,2,"[11.125, 11.125, 11.0, 11.0]"
False,6317,3,22851,2,"[11.0, 11.0, 10.9375, 11.0]"
False,6318,3,22853,1,"[11.125, 11.0, 11.0, 11.0625]"
False,6319,1,22868,0,"[10.8125, 11.0, 11.0625, 11.125]"
True,6320,0,22874,0,"[10.875, 11.0, 10.875, 10.875]"
False,6321,2,22875,0,"[10.875, 11.0625, 10.9375, 11.125]"
False,6322,0,22877,3,"[11.125, 11.0, 11.0625, 10.9375]"
True,6323,1,22902,1,"[11.0, 10.9375, 11.1875, 11.1875]"
False,6324,2,22906,0,"[11.0, 11.0625, 11.0625, 11.0625]"
False,6325,3,22913,0,"[10.9375, 11.0625, 11.0, 11.0]"
True,6326,0,22919,0,"[10.9375, 11.1875, 10.9375, 11.0625]"
False,6327,3,22925,1,"[11.0625, 11.0, 11.125, 11.0625]"
False,6328,1,22930,3,"[11.0, 11.0625, 11.0625, 10.875]"
True,6329,1,22941,1,"[11.0625, 10.9375, 11.0, 10.9375]"
True,6330,1,22943,1,"[11.0625, 10.9375, 11.0, 11.125]"
False,6331,0,22951,2,"[11.0, 11.0, 10.875, 11.0625]"
True,6332,0,22956,0,"[10.9375, 10.9375, 11.0625, 10.9375]"
True,6333,3,22964,3,"[11.0625, 11.0625, 11.0, 10.9375]"
False,6334,3,22969,0,"[10.875, 11.125, 11.125, 11.0625]"
True,6335,1,22970,1,"[11.0, 10.875, 11.0, 10.9375]"
True,6336,3,22976,3,"[11.0, 11.0, 10.9375, 10.875]"
False,6337,1,22996,0,"[11.0, 11.3125, 11.125, 11.0]"
False,6338,0,22997,2,"[11.0625, 11.0625, 11.0, 11.0625]"
False,6339,3,23000,2,"[11.0, 11.125, 10.9375, 11.0]"
False,6340,0,23012,1,"[11.125, 10.875, 11.125, 11.25]"
False,6341,3,23020,2,"[11.0, 11.0625, 10.8125, 10.9375]"
False,6342,1,23023,2,"[11.125, 11.0625, 11.0, 11.0]"
False,6343,3,23030,1,"[11.0, 10.9375, 11.0625, 11.0]"
False,6344,2,23038,1,"[11.125, 11.0625, 11.0625, 11.0625]"
False,6345,2,23045,0,"[10.9375, 11.0625, 11.0625, 11.0625]"
False,6346,3,23056,0,"[10.75, 11.125, 10.875, 10.875]"
True,6347,0,23059,0,"[11.0, 11.25, 11.1875, 11.0]"
True,6348,1,23061,1,"[11.0, 10.875, 11.25, 11.1875]"
False,6349,1,23071,0,"[11.0, 11.1875, 11.125, 11.0]"
True,6350,0,23073,0,"[10.9375, 11.0, 11.125, 11.125]"
False,6351,0,23079,1,"[11.0, 10.9375, 11.0625, 11.125]"
True,6352,2,23084,2,"[11.0, 11.0, 10.875, 11.0]"
True,6353,0,23093,0,"[10.875, 11.0, 11.0, 11.0]"
True,6354,1,23106,1,"[11.0625, 10.9375, 11.0625, 11.0625]"
False,6355,2,23108,3,"[11.0, 11.0, 11.125, 10.9375]"
False,6356,1,23117,2,"[11.0, 11.0, 10.9375, 11.0]"
False,6357,2,23119,1,"[11.0, 10.9375, 11.0625, 11.0625]"
False,6358,0,23122,3,"[11.0625, 11.125, 11.1875, 10.875]"
False,6359,1,23131,3,"[11.0625, 11.0625, 11.0625, 11.0]"
False,6360,2,23133,0,"[11.0, 11.0, 11.0625, 11.1875]"
True,6361,0,23136,0,"[10.9375, 11.0625, 11.0625, 11.0625]"
True,6362,1,23139,1,"[11.3125, 10.9375, 10.9375, 11.0]"
True,6363,1,23142,1,"[11.1875, 11.0625, 11.0625, 11.0625]"
True,6364,3,23148,3,"[11.0, 11.0, 10.9375, 10.8125]"
False,6365,2,23154,0,"[11.0, 11.0625, 11.0625, 11.0]"
True,6366,1,23163,1,"[11.125, 11.0, 11.0, 11.0]"
True,6367,2,23164,2,"[11.1875, 11.0625, 11.0, 11.0]"
False,6368,3,23165,0,"[10.9375, 11.125, 11.0, 11.25]"
False,6369,3,23177,1,"[11.0, 10.9375, 11.125, 11.125]"
False,6370,3,23178,0,"[10.875, 11.0625, 11.0, 11.0625]"
False,6371,1,23185,0,"[10.9375, 11.0625, 11.0, 11.0]"
False,6372,3,23191,2,"[11.125, 10.9375, 10.875, 11.0]"
False,6373,3,23208,0,"[11.0, 11.125, 11.0625, 11.0625]"
False,6374,0,23232,1,"[11.0, 10.8125, 11.0, 11.1875]"
True,6375,0,23236,0,"[10.8125, 11.125, 11.0, 11.0625]"
False,6376,1,23237,0,"[10.9375, 11.0625, 11.0, 11.0625]"
False,6377,0,23239,3,"[10.9375, 10.9375, 11.125, 10.8125]"
False,6378,3,23250,2,"[11.0625, 11.125, 11.0, 11.0625]"
False,6379,3,23251,1,"[11.125, 10.875, 11.0625, 11.0]"
False,6380,2,23255,0,"[10.9375, 11.125, 11.0625, 10.9375]"
False,6381,1,23285,2,"[11.0625, 10.9375, 10.6875, 11.0]"
False,6382,2,23290,3,"[11.0, 11.125, 10.9375, 10.875]"
False,6383,3,23291,0,"[11.0625, 11.0625, 11.0625, 11.0625]"
False,6384,3,23296,0,"[10.9375, 10.9375, 11.0625, 11.0]"
True,6385,1,23301,1,"[11.0, 10.9375, 10.9375, 11.0625]"
False,6386,0,23307,1,"[11.0625, 10.875, 10.9375, 10.9375]"
False,6387,1,23308,3,"[11.0, 11.0, 11.0, 10.9375]"
False,6388,3,23318,2,"[11.0, 11.0625, 10.9375, 11.0]"
True,6389,0,23321,0,"[11.0, 11.0, 11.0625, 11.0]"
False,6390,1,23329,0,"[10.875, 10.9375, 11.0, 11.0]"
True,6391,0,23332,0,"[11.0, 11.0625, 11.25, 11.0625]"
False,6392,2,23341,0,"[11.0, 11.0625, 11.0625, 11.0]"
False,6393,0,23354,2,"[11.125, 11.0625, 11.0, 11.0625]"
False,6394,1,23365,3,"[11.0, 11.0, 10.9375, 10.6875]"
True,6395,1,23366,1,"[11.125, 10.875, 11.125, 10.9375]"
False,6396,1,23377,2,"[11.125, 11.125, 11.0, 11.125]"
False,6397,1,23379,2,"[11.0, 11.1875, 10.9375, 11.0]"
False,6398,3,23380,1,"[10.9375, 10.8125, 11.0625, 11.0]"
False,6399,1,23386,0,"[10.875, 10.9375, 11.1875, 11.1875]"
True,6400,0,23394,0,"[11.0, 11.25, 11.125, 11.0]"
False,6401,3,23410,0,"[10.9375, 11.125, 10.9375, 10.9375]"
False,6402,1,23452,2,"[11.0625, 11.125, 10.875, 11.0]"
True,6403,2,23453,2,"[10.9375, 11.125, 10.875, 11.0625]"
False,6404,3,23457,2,"[11.0625, 11.25, 10.875, 11.0]"
False,6405,2,23460,0,"[10.9375, 11.125, 11.0, 11.0]"
True,6406,3,23464,3,"[11.0, 10.9375, 11.0, 10.875]"
False,6407,1,23466,0,"[10.9375, 11.125, 11.0625, 11.0]"
False,6408,1,23480,0,"[10.9375, 11.0625, 11.0, 11.0625]"
True,6409,1,23485,1,"[11.0625, 11.0, 11.0625, 11.125]"
True,6410,1,23490,1,"[11.0, 10.875, 11.0, 11.0625]"
False,6411,0,23491,1,"[11.125, 10.9375, 11.0, 11.0]"
False,6412,3,23495,0,"[10.9375, 11.0, 11.1875, 10.9375]"
True,6413,0,23497,0,"[10.875, 11.125, 10.9375, 11.0625]"
False,6414,2,23512,1,"[11.0625, 10.875, 10.9375, 11.0]"
True,6415,1,23517,1,"[11.0, 10.875, 11.0, 10.9375]"
False,6416,1,23525,2,"[11.0625, 11.0625, 10.875, 11.125]"
False,6417,0,23537,3,"[11.0, 11.0625, 11.125, 10.9375]"
True,6418,3,23540,3,"[11.0, 11.0, 11.0, 10.875]"
False,6419,3,23543,0,"[10.9375, 11.0625, 11.0625, 11.125]"
False,6420,3,23549,0,"[10.875, 11.125, 11.0, 11.25]"
False,6421,0,23560,2,"[11.0625, 11.0625, 10.9375, 11.125]"
False,6422,2,23564,0,"[11.0, 11.1875, 11.125, 11.0]"
False,6423,0,23574,1,"[11.0625, 10.9375, 10.9375, 11.1875]"
True,6424,3,23586,3,"[11.0625, 11.0625, 11.1875, 10.9375]"
True,6425,3,23601,3,"[11.125, 11.125, 11.125, 10.8125]"
False,6426,1,23604,3,"[11.0, 11.0625, 10.9375, 10.875]"
False,6427,1,23608,0,"[10.9375, 11.125, 11.0, 11.0625]"
False,6428,3,23620,0,"[10.875, 11.0625, 11.0625, 11.0]"
False,6429,2,23621,3,"[11.0625, 11.0, 11.0625, 10.9375]"
True,6430,3,23622,3,"[11.0, 11.0, 11.125, 10.9375]"
False,6431,0,23649,2,"[11.125, 11.0, 10.9375, 11.1875]"
False,6432,3,23654,1,"[11.0, 10.9375, 11.0, 10.9375]"
True,6433,0,23656,0,"[10.9375, 10.9375, 11.125, 11.0625]"
False,6434,3,23659,2,"[11.1875, 11.125, 10.875, 10.9375]"
True,6435,2,23667,2,"[11.0625, 11.0, 10.875, 10.9375]"
False,6436,0,23671,1,"[11.0, 10.9375, 11.0625, 10.9375]"
False,6437,0,23684,3,"[11.1875, 11.0625, 11.0, 10.875]"
False,6438,0,23693,3,"[10.9375, 11.0625, 11.0625, 10.8125]"
True,6439,2,23699,2,"[11.25, 11.0, 10.875, 11.1875]"
False,6440,0,23710,3,"[11.0, 11.0, 11.0, 10.875]"
False,6441,1,23713,0,"[10.9375, 11.0, 10.9375, 10.9375]"
False,6442,0,23721,3,"[11.1875, 11.0, 10.875, 10.8125]"
True,6443,3,23722,3,"[11.25, 11.25, 11.0625, 10.9375]"
True,6444,2,23730,2,"[11.125, 11.125, 11.0, 11.0625]"
False,6445,2,23732,0,"[10.9375, 11.1875, 11.0625, 11.125]"
False,6446,2,23733,3,"[11.0, 11.0, 11.125, 10.9375]"
False,6447,1,23737,0,"[10.875, 11.0625, 11.125, 11.0]"
False,6448,0,23744,2,"[10.9375, 10.9375, 10.875, 11.0625]"
False,6449,2,23752,1,"[11.1875, 10.875, 11.1875, 10.875]"
False,6450,2,23753,0,"[11.0, 11.125, 11.0, 11.0]"
True,6451,2,23760,2,"[11.0, 11.0, 10.9375, 10.9375]"
False,6452,2,23762,3,"[11.125, 10.9375, 11.0, 10.875]"
True,6453,0,23764,0,"[10.875, 11.0, 11.0625, 11.0]"
False,6454,2,23766,0,"[10.875, 11.0625, 11.0625, 11.0625]"
False,6455,1,23782,3,"[11.0625, 11.125, 11.125, 11.0]"
False,6456,1,23783,0,"[11.0, 11.0625, 11.0, 11.0]"
False,6457,3,23794,0,"[10.9375, 10.9375, 10.9375, 11.125]"
False,6458,0,23803,1,"[11.0625, 11.0, 11.0, 11.0625]"
False,6459,3,23810,1,"[11.0625, 10.9375, 11.0, 11.1875]"
False,6460,2,23814,0,"[11.0625, 11.125, 11.0625, 11.0625]"
False,6461,0,23822,2,"[11.125, 11.125, 10.75, 10.9375]"
False,6462,2,23831,0,"[10.875, 10.9375, 11.125, 10.9375]"
False,6463,1,23846,0,"[10.9375, 10.9375, 11.0625, 10.9375]"
False,6464,0,23850,2,"[11.0625, 11.0625, 11.0, 11.0]"
False,6465,0,23862,2,"[11.25, 11.0625, 10.9375, 11.0]"
False,6466,2,23866,0,"[11.0, 11.0625, 11.1875, 11.0]"
False,6467,3,23873,2,"[11.0625, 11.0625, 11.0, 11.0]"
False,6468,3,23886,2,"[11.0625, 11.1875, 11.0, 11.0625]"
False,6469,3,23893,2,"[11.0, 11.0625, 10.875, 11.125]"
False,6470,3,23904,1,"[11.0625, 11.0, 11.0, 11.125]"
False,6471,2,23905,1,"[11.0, 10.9375, 11.0, 11.0625]"
False,6472,2,23912,1,"[11.0625, 11.0, 11.0625, 11.0625]"
False,6473,3,23913,0,"[10.8125, 11.0625, 10.875, 11.0]"
True,6474,1,23925,1,"[11.1875, 10.875, 11.0625, 11.0625]"
True,6475,0,23928,0,"[11.0625, 11.125, 11.0625, 11.0625]"
False,6476,1,23930,3,"[11.125, 11.125, 11.125, 10.75]"
False,6477,1,23936,0,"[11.0, 11.0, 11.0625, 11.0625]"
False,6478,1,23943,2,"[11.0, 11.0, 10.9375, 10.9375]"
False,6479,0,23951,3,"[11.125, 11.125, 11.125, 11.0]"
False,6480,1,23968,2,"[11.0625, 11.125, 10.9375, 11.0]"
False,6481,2,23979,1,"[11.125, 11.0, 11.0625, 11.0]"
False,6482,2,23981,1,"[11.125, 10.875, 11.1875, 11.1875]"
False,6483,3,23990,1,"[11.1875, 10.9375, 11.125, 11.0625]"
False,6484,0,23992,2,"[11.125, 11.125, 11.0625, 11.1875]"
False,6485,3,23995,1,"[11.0, 10.9375, 11.0625, 11.125]"
False,6486,0,23996,2,"[11.0625, 11.1875, 10.9375, 11.0]"
False,6487,2,24010,1,"[11.0, 10.9375, 10.9375, 11.125]"
False,6488,3,24021,0,"[10.875, 10.875, 11.0625, 11.0625]"
False,6489,3,24023,1,"[10.9375, 10.875, 11.0, 11.125]"
False,6490,2,24027,0,"[10.9375, 10.9375, 10.9375, 11.0]"
False,6491,0,24033,2,"[11.0, 11.0, 10.875, 11.0625]"
False,6492,3,24037,1,"[11.0625, 10.9375, 11.0, 10.9375]"
True,6493,1,24041,1,"[11.125, 10.875, 11.125, 11.1875]"
False,6494,2,24049,0,"[10.875, 11.0, 11.0625, 11.0625]"
True,6495,3,24054,3,"[11.1875, 11.0, 11.0, 10.9375]"
False,6496,2,24055,3,"[11.0, 11.125, 11.0625, 10.9375]"
False,6497,0,24071,2,"[10.9375, 10.9375, 10.8125, 11.1875]"
True,6498,2,24073,2,"[11.0, 11.125, 10.875, 11.125]"
True,6499,3,24081,3,"[11.0, 11.0625, 11.0, 10.9375]"
False,6500,3,24085,2,"[11.0625, 11.1875, 11.0, 11.0625]"
True,6501,1,24097,1,"[11.0625, 11.0, 11.0, 11.0625]"
True,6502,1,24107,1,"[11.0, 10.9375, 11.0, 11.0]"
False,6503,0,24108,1,"[11.0625, 11.0, 11.0625, 11.0625]"
False,6504,1,24111,0,"[11.0, 11.125, 11.0, 11.0625]"
False,6505,0,24117,2,"[11.0, 10.9375, 10.875, 10.875]"
False,6506,2,24124,3,"[11.125, 11.0, 11.0, 10.9375]"
False,6507,3,24129,0,"[10.9375, 10.9375, 11.0625, 11.25]"
False,6508,2,24131,0,"[11.0, 11.0, 11.0, 11.0]"
True,6509,2,24136,2,"[11.125, 11.0625, 11.0, 11.0]"
True,6510,0,24144,0,"[10.875, 11.0, 10.9375, 11.0625]"
True,6511,0,24154,0,"[10.8125, 11.0, 11.0625, 11.0625]"
True,6512,3,24156,3,"[11.0, 11.0625, 11.0, 10.9375]"
False,6513,3,24164,0,"[10.8125, 11.0625, 11.0, 10.875]"
False,6514,1,24186,2,"[11.0, 11.0, 10.9375, 11.25]"
False,6515,2,24202,3,"[11.0, 10.9375, 10.9375, 10.875]"
True,6516,3,24215,3,"[10.875, 10.8125, 10.9375, 10.75]"
True,6517,1,24222,1,"[11.25, 11.125, 11.1875, 11.125]"
False,6518,3,24228,2,"[11.25, 11.0, 10.9375, 11.0]"
False,6519,3,24252,0,"[11.0625, 11.125, 11.0625, 11.0625]"
False,6520,3,24262,1,"[11.1875, 10.9375, 11.0625, 11.0]"
False,6521,1,24278,0,"[10.9375, 11.125, 11.0, 11.0]"
False,6522,3,24281,0,"[10.9375, 11.125, 11.0, 11.1875]"
False,6523,3,24282,1,"[11.0, 10.8125, 11.1875, 11.0]"
False,6524,1,24295,0,"[10.875, 11.0, 10.9375, 10.875]"
False,6525,1,24297,0,"[11.0, 11.25, 11.0625, 11.0]"
False,6526,3,24298,0,"[10.875, 10.875, 11.0, 10.9375]"
True,6527,1,24300,1,"[10.9375, 10.8125, 11.0, 10.9375]"
False,6528,3,24304,0,"[10.8125, 11.0625, 10.9375, 10.9375]"
False,6529,2,24305,0,"[10.9375, 11.0, 11.0625, 11.0]"
False,6530,1,24312,0,"[11.0625, 11.125, 11.1875, 11.0625]"
True,6531,2,24315,2,"[11.0625, 11.0, 10.9375, 11.0]"
False,6532,1,24322,3,"[11.0625, 11.1875, 11.0, 10.875]"
False,6533,2,24324,1,"[11.0625, 10.875, 11.125, 11.0]"
True,6534,0,24325,0,"[11.0625, 11.125, 11.0625, 11.0625]"
False,6535,0,24326,3,"[10.8125, 10.875, 11.0625, 10.75]"
False,6536,1,24331,0,"[11.0625, 11.1875, 11.0625, 11.25]"
True,6537,2,24333,2,"[11.0, 11.1875, 10.875, 11.125]"
False,6538,0,24335,3,"[11.0625, 11.125, 11.0, 10.9375]"
False,6539,2,24342,1,"[11.0, 10.8125, 11.0625, 11.0]"
False,6540,3,24351,1,"[11.0, 10.9375, 11.125, 11.0]"
False,6541,3,24353,0,"[10.875, 11.125, 10.9375, 10.9375]"
False,6542,3,24373,0,"[11.0, 11.0625, 11.0625, 11.0625]"
False,6543,2,24375,1,"[11.0625, 11.0, 11.125, 11.25]"
False,6544,1,24392,2,"[11.3125, 11.25, 11.0, 11.0625]"
False,6545,3,24400,1,"[11.0625, 10.875, 11.25, 11.0]"
True,6546,1,24402,1,"[11.0, 10.9375, 11.0, 11.0]"
False,6547,2,24405,0,"[11.0, 11.0, 11.0, 11.0]"
False,6548,3,24422,1,"[11.0625, 11.0, 11.125, 11.0]"
False,6549,3,24427,0,"[10.875, 11.1875, 11.125, 11.1875]"
False,6550,0,24432,2,"[11.0, 11.0, 10.875, 11.0625]"
True,6551,3,24433,3,"[11.0625, 10.9375, 10.9375, 10.875]"
False,6552,2,24447,1,"[11.25, 10.9375, 11.0, 11.0]"
True,6553,0,24448,0,"[10.9375, 10.9375, 11.0, 11.1875]"
False,6554,3,24455,1,"[11.125, 10.9375, 11.125, 11.0625]"
True,6555,0,24456,0,"[10.8125, 11.0625, 10.9375, 11.0]"
False,6556,1,24465,2,"[11.0625, 11.0625, 10.9375, 11.0625]"
True,6557,3,24466,3,"[11.125, 11.1875, 11.0625, 11.0]"
False,6558,3,24475,2,"[11.0625, 11.125, 11.0, 11.0]"
False,6559,3,24479,1,"[11.0625, 10.9375, 11.0, 11.0625]"
False,6560,3,24485,0,"[11.0625, 11.0625, 11.0625, 11.125]"
True,6561,0,24491,0,"[10.875, 11.0, 11.3125, 11.125]"
False,6562,1,24496,3,"[10.9375, 11.0625, 11.125, 10.875]"
False,6563,0,24518,1,"[11.125, 10.9375, 11.0625, 11.125]"
False,6564,3,24520,0,"[10.8125, 10.9375, 11.125, 11.0]"
False,6565,3,24523,1,"[11.125, 10.9375, 11.0, 11.25]"
False,6566,0,24528,2,"[11.0625, 10.9375, 10.875, 11.0625]"
False,6567,0,24538,3,"[11.0, 11.0625, 11.0625, 10.9375]"
True,6568,2,24544,2,"[11.0625, 11.0, 10.9375, 11.1875]"
False,6569,1,24563,0,"[11.0625, 11.1875, 11.125, 11.0625]"
False,6570,3,24564,1,"[11.0, 10.875, 11.0625, 11.125]"
False,6571,1,24566,2,"[11.0, 11.0, 10.8125, 10.9375]"
False,6572,2,24580,0,"[10.8125, 10.9375, 10.875, 11.125]"
False,6573,1,24582,0,"[11.0, 11.0625, 11.0625, 11.0]"
True,6574,1,24595,1,"[11.0625, 10.9375, 10.9375, 11.0]"
True,6575,3,24603,3,"[11.0, 10.9375, 11.0625, 10.875]"
False,6576,1,24633,3,"[11.0, 10.9375, 11.0625, 10.875]"
False,6577,0,24637,1,"[11.125, 11.0, 11.0, 11.0]"
False,6578,1,24651,3,"[11.0625, 11.0625, 11.0625, 11.0]"
False,6579,2,24654,1,"[11.1875, 11.0, 11.0625, 11.125]"
False,6580,1,24664,0,"[10.9375, 11.0625, 11.125, 11.0]"
True,6581,2,24666,2,"[10.9375, 11.0, 10.8125, 11.0625]"
False,6582,0,24671,3,"[11.0625, 11.0625, 10.9375, 10.875]"
False,6583,3,24692,2,"[11.0625, 11.0, 10.875, 11.0]"
False,6584,0,24708,3,"[11.0625, 11.0, 11.0, 10.875]"
False,6585,2,24710,0,"[10.875, 11.125, 11.1875, 11.0625]"
False,6586,2,24725,1,"[11.25, 10.9375, 11.0, 11.0]"
False,6587,0,24731,3,"[11.0625, 11.25, 10.9375, 10.875]"
False,6588,2,24738,1,"[11.3125, 10.875, 11.1875, 11.125]"
False,6589,0,24751,2,"[10.9375, 11.0, 10.875, 10.9375]"
False,6590,3,24754,2,"[11.0625, 11.125, 10.8125, 11.0]"
False,6591,1,24759,0,"[10.9375, 11.0625, 10.9375, 11.125]"
False,6592,2,24760,1,"[11.125, 10.875, 11.125, 11.0]"
False,6593,0,24766,2,"[11.0, 11.0625, 10.875, 10.9375]"
False,6594,3,24767,1,"[11.25, 10.9375, 11.1875, 11.1875]"
True,6595,3,24768,3,"[10.9375, 10.9375, 11.0625, 10.875]"
False,6596,2,24774,0,"[10.9375, 11.0, 11.0, 11.0]"
False,6597,0,24789,2,"[10.875, 11.0625, 10.8125, 10.9375]"
False,6598,1,24804,0,"[11.0, 11.125, 11.125, 11.125]"
False,6599,0,24817,3,"[11.125, 10.9375, 10.9375, 10.875]"
False,6600,0,24822,1,"[11.4375, 11.0, 11.0, 11.0625]"
False,6601,0,24823,1,"[11.125, 11.0, 11.0625, 11.1875]"
False,6602,3,24848,0,"[10.9375, 10.9375, 11.0, 11.0]"
False,6603,0,24855,1,"[11.125, 10.9375, 10.9375, 10.9375]"
False,6604,2,24864,1,"[10.9375, 10.875, 10.9375, 10.875]"
False,6605,0,24867,2,"[11.0625, 11.125, 11.0, 11.0625]"
True,6606,0,24873,0,"[10.9375, 11.125, 11.0625, 11.125]"
False,6607,3,24880,0,"[11.0, 11.125, 11.0625, 11.0625]"
True,6608,1,24888,1,"[11.0625, 11.0, 11.0625, 11.0]"
False,6609,2,24899,0,"[11.125, 11.125, 11.1875, 11.125]"
False,6610,0,24900,1,"[11.0625, 11.0, 11.0625, 11.0]"
False,6611,0,24903,1,"[11.0625, 10.8125, 11.125, 10.9375]"
False,6612,2,24904,1,"[11.0625, 10.9375, 10.9375, 11.0]"
False,6613,3,24914,1,"[10.9375, 10.875, 10.875, 11.0]"
False,6614,3,24915,2,"[11.125, 11.0, 10.9375, 11.0]"
True,6615,0,24943,0,"[10.6875, 11.125, 10.875, 10.9375]"
False,6616,3,24946,0,"[10.9375, 11.0625, 11.1875, 11.0]"
False,6617,3,24952,0,"[11.0, 11.0625, 11.0, 11.0625]"
True,6618,2,24967,2,"[11.0, 11.0, 10.9375, 11.0]"
False,6619,2,24975,1,"[11.125, 10.9375, 11.0, 11.1875]"
False,6620,2,24982,0,"[10.9375, 11.0, 11.0, 11.0625]"
False,6621,3,24996,1,"[11.0625, 10.875, 10.9375, 11.125]"
True,6622,3,25003,3,"[11.1875, 11.0, 11.0, 10.9375]"
False,6623,0,25009,2,"[11.0, 11.0625, 10.9375, 10.9375]"
True,6624,3,25013,3,"[11.0625, 11.0625, 11.1875, 11.0]"
False,6625,1,25017,3,"[11.1875, 11.125, 11.0625, 11.0]"
False,6626,3,25032,0,"[10.875, 11.0, 11.0, 10.9375]"
False,6627,1,25033,3,"[11.0, 10.9375, 11.0, 10.875]"
False,6628,1,25037,0,"[10.9375, 11.1875, 11.0625, 11.1875]"
False,6629,3,25038,0,"[10.9375, 11.0, 11.0, 10.9375]"
False,6630,2,25039,1,"[11.0, 10.9375, 10.9375, 11.125]"
False,6631,2,25047,3,"[11.125, 11.125, 11.1875, 10.9375]"
False,6632,1,25066,0,"[10.875, 11.0, 10.875, 11.0]"
False,6633,0,25073,1,"[11.125, 10.9375, 11.0, 10.9375]"
True,6634,2,25074,2,"[11.125, 11.125, 10.9375, 11.0]"
False,6635,1,25075,2,"[11.125, 11.0, 10.9375, 11.0625]"
False,6636,1,25083,2,"[11.0625, 11.0625, 11.0, 11.125]"
False,6637,1,25086,0,"[10.875, 11.0625, 10.9375, 11.1875]"
False,6638,0,25088,3,"[11.0625, 11.0625, 11.125, 10.9375]"
False,6639,3,25095,0,"[10.9375, 10.9375, 10.9375, 11.0625]"
False,6640,3,25096,1,"[11.0625, 10.75, 11.0, 10.9375]"
False,6641,2,25101,0,"[10.9375, 11.0, 11.0625, 11.0625]"
False,6642,3,25104,0,"[10.875, 10.875, 10.9375, 11.0]"
False,6643,1,25105,0,"[10.9375, 11.0, 11.125, 10.9375]"
False,6644,3,25109,2,"[11.0625, 11.1875, 11.0, 11.0]"
False,6645,2,25118,1,"[11.0625, 10.8125, 11.1875, 11.25]"
False,6646,0,25125,1,"[11.125, 10.875, 11.0, 10.875]"
False,6647,0,25130,2,"[11.125, 11.1875, 11.0, 11.125]"
False,6648,2,25137,3,"[11.125, 11.0625, 11.125, 11.0]"
False,6649,2,25142,3,"[11.0625, 11.0, 11.0625, 10.9375]"
True,6650,0,25159,0,"[10.875, 10.875, 11.0625, 11.0]"
False,6651,3,25167,0,"[11.0, 11.0, 11.0625, 11.125]"
False,6652,3,25171,0,"[10.9375, 11.0, 10.9375, 10.9375]"
False,6653,0,25180,2,"[11.125, 11.125, 10.9375, 11.0625]"
False,6654,2,25190,0,"[11.0, 11.0, 11.0625, 11.0]"
False,6655,3,25204,2,"[11.0, 11.0, 10.875, 10.9375]"
False,6656,3,25208,2,"[11.125, 10.9375, 10.8125, 11.125]"
False,6657,1,25223,2,"[11.0625, 11.0, 10.9375, 11.0]"
True,6658,0,25232,0,"[11.0, 11.0, 11.125, 11.0625]"
True,6659,2,25238,2,"[11.0625, 11.0, 10.8125, 11.0625]"
False,6660,2,25255,0,"[11.0, 11.125, 11.125, 11.0]"
False,6661,2,25268,0,"[11.0625, 11.125, 11.0625, 11.0625]"
False,6662,1,25271,0,"[11.0, 11.0, 11.0625, 11.0]"
True,6663,2,25273,2,"[11.0625, 11.0, 10.875, 10.875]"
True,6664,1,25278,1,"[11.125, 11.0, 11.0625, 11.125]"
False,6665,3,25284,0,"[10.875, 11.0, 11.0625, 10.875]"
False,6666,2,25286,0,"[10.875, 11.0625, 11.1875, 10.875]"
True,6667,2,25291,2,"[11.125, 11.125, 10.9375, 11.0]"
True,6668,1,25308,1,"[11.0, 10.9375, 11.25, 10.9375]"
False,6669,3,25316,2,"[11.0, 11.0625, 10.8125, 11.0625]"
False,6670,2,25319,0,"[10.875, 11.125, 11.25, 10.875]"
True,6671,0,25320,0,"[11.0, 11.0, 11.0, 11.0]"
False,6672,3,25321,1,"[11.0, 10.8125, 11.0, 11.0]"
False,6673,1,25328,2,"[11.0, 10.875, 10.8125, 10.8125]"
False,6674,0,25329,1,"[11.0, 10.875, 11.0625, 11.0]"
False,6675,1,25332,0,"[10.9375, 11.0625, 11.0625, 11.0]"
False,6676,1,25335,2,"[11.0625, 11.125, 11.0, 11.0625]"
True,6677,3,25337,3,"[11.0625, 11.0625, 11.0, 10.9375]"
False,6678,2,25349,1,"[11.1875, 10.875, 10.9375, 11.0]"
False,6679,0,25356,1,"[11.1875, 11.0, 11.0625, 11.125]"
False,6680,2,25360,1,"[11.1875, 10.875, 11.0, 11.0625]"
False,6681,3,25364,0,"[11.0, 11.125, 11.0, 11.0]"
False,6682,3,25370,0,"[11.0625, 11.0625, 11.125, 11.0625]"
False,6683,0,25380,2,"[10.9375, 11.0625, 10.875, 11.0625]"
False,6684,3,25391,0,"[10.875, 11.125, 10.9375, 11.0]"
False,6685,0,25408,1,"[11.125, 10.8125, 11.0625, 11.0625]"
True,6686,3,25417,3,"[11.0625, 11.0, 11.0, 10.9375]"
False,6687,0,25430,1,"[11.0, 10.9375, 11.125, 11.0625]"
False,6688,0,25435,1,"[11.1875, 10.9375, 10.9375, 11.125]"
False,6689,2,25436,0,"[10.875, 11.0, 11.125, 11.0625]"
False,6690,1,25439,2,"[10.9375, 10.9375, 10.875, 10.9375]"
False,6691,1,25456,0,"[11.0, 11.1875, 11.0, 11.125]"
False,6692,0,25463,2,"[11.0625, 11.125, 10.9375, 11.125]"
True,6693,0,25465,0,"[10.875, 11.1875, 11.0, 11.125]"
True,6694,0,25466,0,"[11.0, 11.0, 11.0625, 11.125]"
False,6695,0,25469,3,"[11.0625, 11.0625, 11.125, 10.9375]"
False,6696,1,25487,0,"[10.875, 11.125, 11.125, 10.9375]"
True,6697,0,25494,0,"[10.8125, 10.9375, 11.0625, 10.875]"
False,6698,3,25500,1,"[11.0625, 10.9375, 10.9375, 11.0]"
False,6699,0,25503,2,"[11.125, 11.125, 10.875, 11.0625]"
False,6700,2,25507,1,"[11.0625, 10.875, 10.875, 11.0625]"
True,6701,0,25527,0,"[10.9375, 11.0625, 11.0, 10.9375]"
False,6702,2,25535,0,"[10.9375, 11.125, 11.1875, 11.125]"
False,6703,0,25538,3,"[11.1875, 11.0, 11.125, 10.875]"
False,6704,3,25547,0,"[11.0, 11.0625, 11.0625, 11.125]"
False,6705,3,25555,1,"[11.0, 10.9375, 10.9375, 11.0]"
False,6706,3,25556,2,"[11.0, 11.25, 10.9375, 11.0]"
False,6707,2,25571,1,"[11.125, 10.9375, 11.0625, 11.0]"
False,6708,0,25574,3,"[11.0625, 11.0, 10.9375, 10.8125]"
False,6709,3,25578,2,"[11.125, 11.1875, 10.875, 10.9375]"
False,6710,0,25580,1,"[11.0625, 10.9375, 11.0, 11.1875]"
False,6711,2,25582,0,"[11.0, 11.1875, 11.0625, 11.125]"
True,6712,0,25607,0,"[10.9375, 11.0625, 11.0625, 11.0625]"
False,6713,3,25609,2,"[11.0, 11.125, 10.875, 10.9375]"
True,6714,0,25618,0,"[10.875, 10.9375, 11.0, 11.0625]"
False,6715,3,25622,0,"[11.0625, 11.0625, 11.125, 11.1875]"
False,6716,3,25645,0,"[11.0, 11.0625, 11.0625, 11.0]"
True,6717,3,25646,3,"[11.3125, 11.0625, 11.0625, 11.0]"
False,6718,3,25647,0,"[11.0625, 11.0625, 11.125, 11.0625]"
True,6719,0,25654,0,"[11.0, 11.0625, 11.1875, 11.0]"
False,6720,1,25655,2,"[11.125, 11.0625, 10.9375, 11.125]"
False,6721,0,25662,1,"[11.0, 10.9375, 11.0, 11.0]"
False,6722,1,25663,2,"[10.9375, 11.1875, 10.875, 11.0625]"
False,6723,2,25664,0,"[10.875, 11.0, 10.9375, 11.0]"
False,6724,2,25665,0,"[10.9375, 10.9375, 11.125, 11.125]"
False,6725,0,25672,3,"[10.9375, 11.0, 11.125, 10.875]"
False,6726,3,25678,0,"[11.0, 11.0625, 11.0, 11.0]"
False,6727,1,25692,0,"[11.0, 11.0625, 11.125, 11.0]"
True,6728,3,25693,3,"[11.0, 11.0, 10.9375, 10.8125]"
True,6729,2,25702,2,"[11.0625, 11.125, 10.75, 11.0]"
False,6730,0,25722,2,"[11.0625, 11.0625, 10.875, 11.125]"
False,6731,3,25727,0,"[10.875, 10.9375, 10.9375, 11.0]"
False,6732,0,25734,2,"[10.9375, 11.0625, 10.875, 10.875]"
False,6733,0,25742,1,"[11.0625, 10.9375, 11.0, 10.9375]"
False,6734,2,25751,1,"[11.125, 11.0, 11.0, 11.0625]"
False,6735,3,25753,0,"[10.9375, 11.1875, 11.0, 10.9375]"
False,6736,0,25754,3,"[11.0625, 11.0625, 11.0, 10.9375]"
False,6737,0,25756,3,"[10.875, 10.875, 11.0625, 10.8125]"
True,6738,2,25761,2,"[11.0, 11.125, 10.8125, 11.125]"
True,6739,1,25764,1,"[11.1875, 10.75, 11.0, 10.875]"
False,6740,2,25769,0,"[10.9375, 11.125, 11.125, 11.0]"
False,6741,3,25795,2,"[11.0, 11.0625, 10.9375, 11.25]"
False,6742,3,25818,1,"[11.125, 10.875, 10.9375, 10.875]"
False,6743,2,25821,3,"[10.9375, 11.0, 11.0, 10.875]"
True,6744,0,25824,0,"[11.0, 11.0625, 11.125, 11.0625]"
False,6745,2,25835,1,"[10.9375, 10.875, 11.125, 10.875]"
True,6746,0,25843,0,"[10.875, 11.0625, 11.0, 11.0625]"
False,6747,2,25850,1,"[11.0625, 10.875, 11.0625, 11.0625]"
False,6748,2,25852,1,"[11.0, 10.875, 11.0625, 10.9375]"
False,6749,2,25863,1,"[11.0625, 10.9375, 10.9375, 11.0]"
True,6750,1,25866,1,"[11.125, 11.0, 11.0625, 11.0625]"
False,6751,1,25867,0,"[10.875, 10.9375, 11.0, 10.875]"
False,6752,3,25887,2,"[11.0625, 11.1875, 10.9375, 11.0625]"
True,6753,1,25889,1,"[11.0625, 10.875, 11.0625, 10.9375]"
True,6754,0,25891,0,"[10.8125, 11.0, 10.875, 10.875]"
False,6755,3,25894,2,"[11.0625, 11.0625, 10.9375, 11.0]"
False,6756,1,25903,0,"[10.9375, 11.0, 10.9375, 11.0625]"
True,6757,3,25910,3,"[11.0, 11.0, 11.0, 10.875]"
False,6758,1,25917,2,"[11.0625, 11.0, 10.875, 10.875]"
False,6759,3,25925,0,"[10.8125, 11.125, 11.0625, 11.0625]"
False,6760,0,25930,2,"[11.1875, 11.125, 11.0, 11.0]"
False,6761,0,25954,2,"[10.9375, 11.0, 10.875, 11.0625]"
False,6762,3,25977,0,"[10.9375, 11.0625, 11.25, 11.125]"
False,6763,1,25986,0,"[10.9375, 10.9375, 11.0, 11.0625]"
False,6764,1,25992,3,"[11.125, 11.0, 11.0625, 10.9375]"
True,6765,3,25996,3,"[11.0, 11.0, 11.0, 10.9375]"
False,6766,3,26000,1,"[11.0, 10.9375, 11.0625, 11.1875]"
False,6767,0,26010,2,"[11.1875, 11.0625, 10.9375, 11.125]"
False,6768,0,26032,3,"[11.0625, 11.1875, 11.0625, 11.0]"
False,6769,1,26038,0,"[11.0625, 11.0625, 11.125, 11.0625]"
False,6770,1,26041,0,"[10.9375, 11.0, 11.0, 10.9375]"
False,6771,2,26050,3,"[11.0625, 11.1875, 11.125, 10.9375]"
False,6772,0,26055,2,"[11.125, 11.1875, 11.0, 11.0]"
False,6773,2,26081,0,"[11.0, 11.125, 11.0625, 11.125]"
False,6774,2,26091,1,"[11.0625, 10.9375, 11.0625, 11.0]"
False,6775,3,26118,2,"[11.0, 11.0625, 10.9375, 11.0]"
False,6776,1,26124,2,"[11.125, 11.1875, 10.9375, 11.0625]"
False,6777,0,26125,2,"[11.0, 11.0, 10.9375, 10.9375]"
True,6778,0,26141,0,"[11.0, 11.0625, 11.0625, 11.125]"
False,6779,3,26142,1,"[11.25, 11.0, 11.3125, 11.125]"
False,6780,2,26159,0,"[10.8125, 11.0625, 10.9375, 11.0625]"
True,6781,2,26167,2,"[11.125, 11.125, 11.0, 11.0625]"
False,6782,1,26169,3,"[11.0, 11.125, 11.125, 10.9375]"
False,6783,2,26179,1,"[11.125, 10.9375, 11.0625, 10.9375]"
False,6784,1,26181,3,"[11.125, 11.125, 11.0, 10.9375]"
False,6785,3,26202,0,"[10.9375, 11.0625, 11.0, 11.0]"
False,6786,3,26203,0,"[10.875, 10.875, 11.0625, 11.125]"
False,6787,3,26208,1,"[11.125, 10.875, 11.0625, 10.875]"
False,6788,3,26225,0,"[10.75, 10.9375, 11.0, 10.8125]"
False,6789,2,26229,1,"[11.0, 10.9375, 11.1875, 10.9375]"
False,6790,1,26240,2,"[11.0625, 10.9375, 10.875, 10.875]"
False,6791,3,26242,1,"[11.0625, 10.9375, 10.9375, 11.1875]"
False,6792,0,26248,1,"[11.125, 11.0, 11.125, 11.0]"
True,6793,3,26249,3,"[11.0625, 11.0625, 11.0625, 11.0]"
False,6794,3,26254,2,"[11.0625, 11.0625, 11.0, 11.0]"
False,6795,0,26255,1,"[11.0, 10.8125, 11.1875, 10.9375]"
False,6796,0,26270,2,"[11.0, 11.0, 10.9375, 11.0]"
False,6797,3,26271,2,"[11.125, 11.0, 10.875, 11.0625]"
False,6798,0,26276,1,"[11.0, 10.9375, 11.125, 11.0625]"
True,6799,3,26280,3,"[11.0, 10.875, 11.125, 10.6875]"
False,6800,0,26289,3,"[11.0, 11.0625, 10.9375, 10.8125]"
False,6801,2,26291,3,"[11.0, 11.1875, 11.0, 10.9375]"
True,6802,0,26295,0,"[11.0, 11.0, 11.0, 11.0]"
False,6803,2,26297,0,"[10.875, 11.0625, 11.0, 11.125]"
False,6804,0,26302,2,"[11.0, 11.0625, 10.875, 11.125]"
False,6805,3,26316,1,"[11.1875, 11.125, 11.1875, 11.25]"
False,6806,2,26317,1,"[11.0, 10.875, 10.9375, 11.0]"
False,6807,1,26335,0,"[10.9375, 11.0, 11.0, 11.0]"
False,6808,3,26348,0,"[10.9375, 11.125, 11.0625, 11.1875]"
False,6809,0,26350,2,"[11.0, 11.1875, 10.9375, 11.0]"
False,6810,2,26351,1,"[11.1875, 10.9375, 11.0625, 11.0625]"
True,6811,3,26360,3,"[11.0625, 11.1875, 11.0625, 11.0]"
True,6812,0,26369,0,"[11.0625, 11.0625, 11.0625, 11.0625]"
False,6813,2,26380,1,"[11.125, 11.0625, 11.0625, 11.0625]"
False,6814,2,26381,0,"[11.0, 11.1875, 11.0625, 11.0]"
False,6815,1,26392,3,"[11.0625, 11.1875, 11.125, 11.0]"
False,6816,2,26396,1,"[11.1875, 11.0, 11.125, 11.0]"
False,6817,1,26401,2,"[11.125, 11.125, 11.0, 11.0625]"
False,6818,0,26409,2,"[11.0, 11.0, 10.9375, 10.9375]"
False,6819,2,26410,0,"[11.0, 11.0, 11.1875, 11.125]"
False,6820,2,26416,3,"[11.0, 11.0, 11.0625, 10.875]"
False,6821,3,26419,1,"[11.0, 10.9375, 10.9375, 11.0]"
False,6822,1,26432,3,"[11.0, 11.0, 11.0625, 10.9375]"
False,6823,2,26446,1,"[11.0625, 10.875, 10.9375, 10.9375]"
False,6824,1,26449,0,"[10.9375, 11.125, 10.9375, 11.0625]"
False,6825,2,26452,1,"[11.0, 10.9375, 11.0625, 10.9375]"
True,6826,1,26456,1,"[11.125, 10.875, 10.9375, 11.0]"
True,6827,0,26462,0,"[10.9375, 11.125, 11.25, 11.1875]"
True,6828,1,26468,1,"[11.0, 10.9375, 11.1875, 11.0625]"
False,6829,2,26469,1,"[11.0, 10.875, 10.9375, 11.0625]"
False,6830,2,26473,0,"[10.9375, 11.0625, 10.9375, 11.0]"
False,6831,1,26474,0,"[10.9375, 11.125, 11.0, 11.1875]"
False,6832,0,26491,3,"[11.0, 10.9375, 10.9375, 10.875]"
False,6833,3,26503,2,"[11.0, 10.9375, 10.875, 10.875]"
False,6834,1,26512,3,"[11.0625, 11.0, 11.0625, 10.9375]"
False,6835,3,26528,1,"[11.0625, 11.0, 11.0, 11.0]"
False,6836,1,26532,2,"[11.125, 11.125, 10.875, 11.125]"
True,6837,1,26543,1,"[11.0, 10.9375, 11.125, 11.0]"
False,6838,1,26560,0,"[10.9375, 11.0, 11.0, 11.125]"
False,6839,3,26570,0,"[10.9375, 11.0625, 11.0625, 11.0]"
False,6840,0,26574,2,"[11.0, 11.125, 10.75, 11.0625]"
False,6841,2,26576,3,"[11.125, 11.0625, 11.125, 11.0]"
True,6842,1,26578,1,"[11.1875, 10.875, 11.0, 11.0]"
False,6843,3,26596,0,"[11.0625, 11.0625, 11.0625, 11.125]"
True,6844,0,26598,0,"[11.0, 11.0, 11.0, 11.0]"
True,6845,0,26600,0,"[10.9375, 11.1875, 11.0, 11.0]"
True,6846,2,26623,2,"[11.0625, 11.0625, 10.875, 11.0]"
False,6847,1,26630,0,"[11.0, 11.0625, 11.0, 11.0625]"
False,6848,0,26648,2,"[11.0625, 11.0, 10.75, 11.0]"
False,6849,0,26651,1,"[11.125, 11.0625, 11.0625, 11.0625]"
True,6850,0,26652,0,"[10.875, 11.25, 11.0, 11.1875]"
False,6851,0,26692,1,"[10.9375, 10.875, 11.0, 11.125]"
False,6852,1,26714,0,"[10.9375, 11.125, 11.0625, 11.0]"
False,6853,1,26716,3,"[11.125, 11.0, 11.0625, 10.75]"
True,6854,2,26724,2,"[10.9375, 10.9375, 10.875, 10.875]"
True,6855,1,26735,1,"[11.0625, 11.0, 11.0625, 11.0]"
False,6856,0,26740,2,"[11.125, 11.0, 10.9375, 11.0]"
False,6857,0,26746,2,"[11.0, 11.0, 10.9375, 11.1875]"
True,6858,0,26749,0,"[10.75, 11.125, 11.0625, 11.0625]"
True,6859,2,26751,2,"[11.125, 11.25, 11.0625, 11.125]"
True,6860,0,26758,0,"[11.0, 11.25, 11.0625, 11.25]"
True,6861,3,26770,3,"[10.9375, 11.0, 11.125, 10.8125]"
False,6862,2,26803,1,"[11.0625, 11.0, 11.0, 11.0]"
False,6863,2,26807,1,"[11.1875, 10.9375, 11.0, 10.9375]"
False,6864,1,26809,0,"[10.9375, 11.0625, 11.0, 11.0]"
False,6865,2,26810,0,"[10.9375, 11.0, 11.0625, 11.0625]"
True,6866,2,26815,2,"[10.9375, 11.0, 10.875, 11.0625]"
True,6867,0,26816,0,"[10.875, 11.0, 10.875, 11.0625]"
False,6868,3,26826,1,"[11.125, 10.9375, 10.9375, 11.0]"
False,6869,3,26832,2,"[11.125, 10.9375, 10.8125, 11.0]"
False,6870,1,26840,2,"[11.1875, 11.0625, 11.0, 11.125]"
False,6871,2,26843,1,"[10.9375, 10.8125, 11.0, 11.0]"
False,6872,0,26854,3,"[11.1875, 11.0625, 11.1875, 11.0]"
True,6873,3,26875,3,"[11.125, 10.9375, 11.0625, 10.875]"
False,6874,1,26877,3,"[11.0625, 11.0625, 11.0625, 10.875]"
False,6875,3,26890,0,"[11.0, 11.0, 11.1875, 11.0]"
False,6876,3,26898,0,"[10.875, 11.0, 11.0, 10.9375]"
False,6877,2,26911,1,"[11.0625, 11.0, 11.0, 11.0625]"
False,6878,1,26926,0,"[11.0625, 11.0625, 11.0625, 11.125]"
False,6879,1,26927,0,"[11.0, 11.125, 11.0, 11.1875]"
False,6880,2,26933,3,"[11.125, 11.0, 10.9375, 10.875]"
True,6881,1,26941,1,"[11.0625, 10.9375, 11.125, 11.0625]"
False,6882,2,26950,1,"[10.9375, 10.75, 11.125, 11.0625]"
False,6883,1,26959,0,"[11.0, 11.0, 11.0625, 11.0625]"
False,6884,2,26971,1,"[11.125, 10.9375, 11.0, 11.125]"
True,6885,1,26982,1,"[10.9375, 10.875, 11.125, 11.0625]"
True,6886,2,26995,2,"[11.0625, 11.125, 10.9375, 11.0]"
False,6887,3,27000,1,"[11.125, 11.0, 11.125, 11.125]"
False,6888,1,27003,0,"[11.0, 11.0625, 11.0625, 11.0625]"
False,6889,3,27013,1,"[11.0, 10.875, 11.125, 11.125]"
False,6890,3,27015,1,"[11.125, 11.0625, 11.125, 11.0625]"
False,6891,2,27025,3,"[11.1875, 11.0, 11.0, 10.9375]"
False,6892,1,27028,0,"[10.9375, 11.25, 11.0, 11.0]"
False,6893,0,27031,1,"[11.125, 11.0625, 11.125, 11.0625]"
True,6894,1,27033,1,"[11.125, 11.0625, 11.0625, 11.125]"
False,6895,1,27047,0,"[10.875, 11.0625, 11.125, 10.9375]"
False,6896,1,27048,0,"[10.9375, 11.0625, 11.0, 11.1875]"
False,6897,2,27050,1,"[11.25, 10.9375, 11.0625, 11.0]"
False,6898,2,27057,0,"[11.0, 11.0, 11.0, 11.0]"
True,6899,0,27088,0,"[10.8125, 11.0625, 11.0, 10.9375]"
False,6900,0,27094,1,"[11.0625, 10.875, 11.125, 11.0]"
False,6901,1,27100,3,"[11.0, 11.0, 11.0, 10.8125]"
True,6902,0,27112,0,"[11.0, 11.0625, 11.0625, 11.0625]"
False,6903,1,27116,0,"[10.9375, 11.0625, 11.1875, 11.0]"
True,6904,3,27137,3,"[11.0625, 11.0, 11.0625, 10.875]"
False,6905,0,27146,1,"[11.0625, 11.0, 11.0, 11.0]"
False,6906,0,27147,3,"[11.0, 11.0625, 11.1875, 10.9375]"
False,6907,1,27178,3,"[11.125, 11.0, 11.0625, 10.9375]"
False,6908,3,27180,0,"[10.9375, 10.9375, 11.125, 11.0]"
False,6909,2,27185,3,"[11.0625, 11.0, 11.0, 10.875]"
False,6910,1,27196,0,"[10.9375, 11.0, 11.0625, 11.0]"
False,6911,3,27209,1,"[11.0625, 11.0, 11.0, 11.1875]"
True,6912,1,27210,1,"[11.0625, 11.0, 11.0, 11.0]"
False,6913,2,27211,1,"[11.0625, 10.9375, 11.0, 11.125]"
True,6914,3,27212,3,"[11.1875, 11.0, 11.0625, 10.9375]"
False,6915,2,27213,1,"[11.125, 11.0, 11.0625, 11.0]"
False,6916,1,27234,0,"[10.8125, 10.9375, 11.0, 10.8125]"
False,6917,0,27236,3,"[11.0625, 11.125, 11.0625, 11.0]"
False,6918,3,27245,2,"[10.9375, 11.0, 10.875, 10.875]"
False,6919,0,27247,3,"[11.125, 11.0625, 10.9375, 10.875]"
False,6920,0,27248,3,"[11.0, 11.0, 11.125, 10.9375]"
True,6921,1,27251,1,"[11.0625, 10.9375, 10.9375, 10.9375]"
True,6922,1,27253,1,"[11.0625, 11.0, 11.0, 11.0]"
False,6923,2,27258,1,"[11.0625, 11.0, 11.125, 11.0]"
False,6924,3,27262,1,"[11.0625, 10.9375, 11.0625, 10.9375]"
False,6925,1,27264,2,"[11.0, 11.125, 10.9375, 11.0]"
False,6926,0,27285,1,"[11.125, 10.9375, 11.125, 11.0]"
True,6927,2,27286,2,"[10.9375, 11.0, 10.875, 11.0]"
False,6928,1,27291,2,"[11.125, 11.0, 10.9375, 11.0]"
False,6929,1,27305,2,"[11.0, 11.125, 10.9375, 11.0625]"
False,6930,2,27309,0,"[11.0625, 11.125, 11.125, 11.0625]"
False,6931,0,27319,2,"[11.125, 10.9375, 10.875, 11.1875]"
False,6932,0,27320,2,"[11.125, 10.9375, 10.875, 11.0625]"
False,6933,1,27367,3,"[11.1875, 11.25, 11.0, 10.9375]"
False,6934,2,27369,0,"[10.875, 10.875, 11.125, 11.0625]"
True,6935,0,27372,0,"[10.9375, 11.0, 11.0, 10.9375]"
False,6936,2,27376,0,"[10.875, 11.0625, 10.875, 10.9375]"
True,6937,0,27379,0,"[10.8125, 11.0625, 10.9375, 10.9375]"
False,6938,2,27385,1,"[11.0, 10.9375, 11.0, 11.1875]"
False,6939,1,27392,3,"[11.0625, 11.125, 11.125, 10.8125]"
False,6940,3,27396,2,"[11.125, 11.0625, 10.9375, 10.9375]"
False,6941,2,27402,0,"[11.0625, 11.0625, 11.0625, 11.0625]"
False,6942,2,27410,3,"[11.0625, 11.125, 11.0, 10.9375]"
True,6943,1,27419,1,"[10.9375, 10.875, 10.9375, 11.0625]"
False,6944,1,27421,0,"[10.9375, 11.0625, 11.0625, 10.9375]"
True,6945,3,27422,3,"[11.0, 11.0625, 11.0, 10.875]"
False,6946,3,27434,2,"[11.0, 10.9375, 10.75, 10.875]"
False,6947,3,27446,2,"[11.1875, 11.0, 10.875, 11.0]"
True,6948,1,27449,1,"[11.0, 10.875, 11.125, 11.0]"
False,6949,1,27450,0,"[10.875, 11.0625, 11.0625, 10.9375]"
False,6950,2,27456,3,"[10.9375, 11.0, 11.1875, 10.875]"
False,6951,1,27457,0,"[11.125, 11.125, 11.125, 11.125]"
False,6952,0,27460,1,"[11.0625, 11.0, 11.0625, 11.1875]"
False,6953,2,27467,1,"[10.9375, 10.875, 11.0625, 11.0625]"
False,6954,2,27472,1,"[10.9375, 10.875, 10.9375, 11.0625]"
False,6955,0,27489,2,"[11.125, 11.0, 10.8125, 11.0]"
True,6956,3,27527,3,"[11.0, 11.0, 10.9375, 10.875]"
True,6957,2,27533,2,"[11.125, 10.9375, 10.875, 10.9375]"
False,6958,2,27552,0,"[10.75, 10.9375, 11.0, 11.0625]"
False,6959,2,27559,1,"[10.9375, 10.875, 10.875, 10.9375]"
False,6960,2,27565,3,"[11.125, 11.25, 11.125, 11.0625]"
False,6961,3,27581,0,"[11.125, 11.125, 11.125, 11.125]"
True,6962,2,27582,2,"[11.0, 11.125, 10.9375, 10.9375]"
False,6963,2,27585,1,"[11.0625, 11.0, 11.0625, 11.125]"
False,6964,2,27598,0,"[10.8125, 10.8125, 11.0625, 11.0625]"
True,6965,3,27601,3,"[11.125, 11.0625, 11.0, 10.9375]"
True,6966,2,27635,2,"[11.0625, 11.125, 10.875, 11.0]"
True,6967,3,27655,3,"[11.0625, 11.0, 11.0625, 10.9375]"
False,6968,3,27657,0,"[10.875, 11.0625, 11.0, 10.9375]"
False,6969,3,27662,0,"[10.9375, 10.9375, 10.9375, 11.0]"
False,6970,3,27673,0,"[10.75, 11.125, 11.0, 10.9375]"
True,6971,0,27688,0,"[10.9375, 11.0625, 11.0625, 11.0]"
True,6972,1,27692,1,"[11.125, 10.875, 11.125, 11.0]"
False,6973,3,27697,1,"[11.0, 10.875, 10.9375, 11.1875]"
False,6974,2,27712,1,"[11.125, 11.0, 11.0, 11.0]"
True,6975,3,27715,3,"[11.0625, 11.0, 11.0, 10.9375]"
False,6976,2,27716,0,"[11.0, 11.0625, 11.0625, 11.125]"
False,6977,2,27725,0,"[11.0, 11.125, 11.125, 11.0625]"
False,6978,3,27726,1,"[10.9375, 10.875, 11.0, 11.125]"
False,6979,0,27734,1,"[11.125, 11.0, 11.125, 11.125]"
True,6980,1,27737,1,"[11.0625, 11.0, 11.0, 11.0]"
False,6981,2,27745,1,"[11.0625, 10.875, 11.0, 10.9375]"
False,6982,3,27747,2,"[11.0625, 11.125, 10.8125, 11.0625]"
False,6983,1,27748,2,"[11.0, 10.9375, 10.875, 11.125]"
False,6984,0,27749,1,"[11.0625, 10.75, 11.0, 11.0]"
False,6985,3,27752,0,"[10.9375, 10.9375, 11.1875, 11.125]"
True,6986,1,27761,1,"[11.0, 10.9375, 11.1875, 11.0]"
True,6987,1,27766,1,"[11.0, 10.875, 11.0, 11.0]"
False,6988,1,27778,0,"[11.0, 11.0625, 11.0, 11.3125]"
False,6989,2,27786,3,"[11.0625, 11.125, 11.0625, 10.9375]"
True,6990,1,27787,1,"[11.0, 10.9375, 11.0, 11.0625]"
True,6991,1,27790,1,"[11.0, 10.875, 11.0625, 11.0]"
False,6992,2,27799,3,"[11.0, 11.0, 11.125, 10.875]"
False,6993,1,27804,2,"[11.0625, 11.0625, 10.9375, 11.0]"
False,6994,0,27805,2,"[10.9375, 11.1875, 10.8125, 11.0]"
False,6995,3,27807,0,"[11.0, 11.1875, 11.0, 11.0]"
False,6996,3,27829,0,"[10.9375, 10.9375, 11.1875, 11.0]"
False,6997,0,27835,2,"[11.0, 10.9375, 10.875, 11.125]"
True,6998,2,27845,2,"[11.0625, 11.0625, 10.875, 11.0]"
True,6999,2,27866,2,"[11.0, 11.0, 10.9375, 11.0]"
False,7000,1,27867,0,"[10.75, 11.0, 11.0625, 11.0625]"
False,7001,0,27883,3,"[11.0625, 11.125, 11.0625, 10.8125]"
False,7002,1,27885,2,"[11.0, 11.0, 10.9375, 10.9375]"
False,7003,3,27886,2,"[11.0625, 11.0, 10.8125, 11.0625]"
False,7004,0,27888,1,"[11.125, 10.9375, 11.0625, 11.0]"
False,7005,3,27890,0,"[10.9375, 11.0, 10.9375, 11.0625]"
False,7006,1,27899,0,"[10.9375, 11.0625, 10.9375, 11.0625]"
True,7007,0,27909,0,"[11.0, 11.0, 11.0625, 11.0625]"
False,7008,2,27927,1,"[11.0625, 11.0, 11.0625, 11.125]"
True,7009,0,27931,0,"[10.875, 11.125, 11.0, 11.0]"
True,7010,0,27933,0,"[10.9375, 10.9375, 10.9375, 11.0]"
False,7011,1,27938,0,"[11.0625, 11.0625, 11.0625, 11.125]"
False,7012,1,27941,0,"[10.75, 11.0, 10.9375, 11.0625]"
False,7013,2,27943,3,"[11.0625, 11.0, 11.0625, 10.875]"
False,7014,1,27947,2,"[11.0, 11.0625, 10.9375, 11.125]"
False,7015,1,27951,0,"[11.0, 11.0, 11.0, 11.125]"
False,7016,1,27953,2,"[11.0, 11.125, 10.9375, 11.125]"
False,7017,1,27959,0,"[10.9375, 11.0, 10.9375, 11.25]"
False,7018,2,27973,1,"[11.125, 10.875, 11.0625, 11.0]"
False,7019,1,27991,0,"[11.0, 11.0, 11.0, 11.0625]"
False,7020,0,28002,1,"[11.0625, 10.9375, 11.125, 11.0]"
False,7021,3,28006,1,"[11.125, 11.0, 11.0625, 11.125]"
False,7022,0,28038,3,"[11.0625, 11.0625, 11.125, 10.875]"
False,7023,3,28047,1,"[11.0625, 11.0, 11.0, 11.1875]"
True,7024,0,28064,0,"[10.9375, 11.25, 11.125, 11.0]"
False,7025,1,28065,3,"[11.0, 10.9375, 11.0625, 10.875]"
False,7026,3,28106,2,"[11.125, 11.0, 10.9375, 11.0]"
True,7027,1,28112,1,"[11.0, 10.8125, 11.0, 11.0625]"
False,7028,3,28130,1,"[11.0, 10.875, 11.0, 10.9375]"
False,7029,2,28133,0,"[10.9375, 10.9375, 10.9375, 11.0625]"
True,7030,1,28144,1,"[11.0, 10.9375, 11.0, 10.9375]"
True,7031,2,28147,2,"[11.0625, 11.125, 10.9375, 11.0]"
False,7032,1,28151,2,"[10.9375, 10.9375, 10.875, 10.875]"
True,7033,2,28152,2,"[11.0625, 11.1875, 10.9375, 11.125]"
False,7034,0,28173,1,"[11.125, 10.875, 11.1875, 11.0625]"
False,7035,2,28177,0,"[11.0, 11.125, 11.1875, 11.0]"
False,7036,2,28181,0,"[11.0, 11.125, 11.0625, 11.125]"
False,7037,2,28187,0,"[11.0, 11.0, 11.0625, 11.125]"
True,7038,1,28202,1,"[11.1875, 10.875, 11.125, 11.3125]"
False,7039,0,28211,1,"[11.0, 10.9375, 11.0, 11.125]"
False,7040,3,28225,0,"[10.9375, 10.9375, 11.0625, 11.0625]"
True,7041,2,28227,2,"[11.125, 11.0, 10.9375, 11.0625]"
False,7042,2,28232,1,"[11.125, 11.0625, 11.125, 11.0625]"
False,7043,0,28249,2,"[11.0625, 11.0, 10.9375, 11.0625]"
False,7044,3,28255,0,"[11.0, 11.125, 11.0625, 11.0]"
False,7045,2,28258,1,"[11.1875, 10.9375, 11.0, 11.0625]"
False,7046,1,28259,3,"[11.25, 11.125, 11.0625, 10.9375]"
False,7047,0,28261,2,"[11.0625, 11.0625, 10.9375, 11.0625]"
False,7048,0,28271,2,"[11.125, 11.0625, 11.0, 11.0625]"
True,7049,1,28277,1,"[11.0625, 10.8125, 10.9375, 11.0625]"
False,7050,3,28287,1,"[11.0, 10.9375, 11.0, 11.0625]"
True,7051,1,28303,1,"[11.125, 11.0625, 11.0625, 11.0625]"
False,7052,2,28308,0,"[11.0, 11.1875, 11.0625, 11.0625]"
True,7053,0,28312,0,"[11.0, 11.125, 11.125, 11.0625]"
True,7054,1,28325,1,"[11.0625, 10.9375, 11.0625, 11.25]"
False,7055,3,28326,1,"[11.125, 10.875, 11.125, 10.9375]"
False,7056,2,28335,1,"[11.0625, 10.875, 10.875, 11.0625]"
True,7057,0,28337,0,"[11.0, 11.0, 11.125, 11.0]"
False,7058,3,28338,1,"[11.125, 11.0625, 11.125, 11.125]"
False,7059,3,28340,0,"[11.0, 11.0, 11.0, 11.0]"
False,7060,3,28345,1,"[11.0625, 10.875, 11.125, 11.0625]"
False,7061,0,28349,1,"[11.0, 10.9375, 11.125, 11.1875]"
False,7062,3,28351,0,"[10.875, 11.25, 11.0625, 11.0]"
True,7063,0,28358,0,"[10.9375, 11.0, 11.125, 11.0625]"
True,7064,1,28372,1,"[11.0, 10.875, 10.9375, 11.0625]"
False,7065,0,28378,2,"[11.0, 11.0, 10.9375, 10.9375]"
False,7066,0,28388,1,"[11.0, 10.9375, 11.0, 11.1875]"
False,7067,0,28396,1,"[11.0, 10.9375, 11.125, 11.0]"
True,7068,0,28404,0,"[10.875, 10.9375, 11.0, 10.9375]"
False,7069,0,28405,3,"[11.0, 11.0625, 11.0625, 10.875]"
False,7070,2,28409,3,"[11.0, 11.125, 11.0, 10.9375]"
False,7071,3,28411,1,"[11.0, 10.75, 11.0, 10.9375]"
True,7072,0,28415,0,"[10.875, 10.9375, 10.875, 10.9375]"
False,7073,3,28451,2,"[11.0, 11.0625, 10.875, 11.0]"
False,7074,2,28455,0,"[11.0625, 11.0625, 11.125, 11.0625]"
False,7075,3,28467,0,"[11.0, 11.25, 11.0, 11.0]"
False,7076,3,28468,1,"[11.0625, 10.9375, 11.1875, 10.9375]"
False,7077,2,28470,0,"[10.875, 11.0625, 11.0, 10.9375]"
True,7078,3,28482,3,"[11.0, 11.0625, 11.0625, 10.9375]"
True,7079,1,28492,1,"[11.0, 10.8125, 11.0625, 11.125]"
False,7080,2,28493,0,"[10.9375, 11.0, 11.0, 11.0]"
False,7081,3,28506,1,"[11.0625, 10.9375, 11.0625, 11.0]"
True,7082,0,28508,0,"[11.0, 11.0, 11.0, 11.0625]"
False,7083,0,28510,3,"[11.0, 11.0625, 11.0625, 10.9375]"
False,7084,3,28513,2,"[11.0625, 11.0, 10.875, 11.0625]"
False,7085,3,28514,0,"[11.0, 11.0, 11.125, 11.0]"
False,7086,3,28521,2,"[11.0, 11.0, 10.9375, 11.0625]"
False,7087,1,28522,0,"[11.0625, 11.125, 11.0625, 11.0625]"
False,7088,3,28523,2,"[11.0625, 11.0625, 10.875, 10.9375]"
False,7089,2,28552,3,"[11.1875, 11.125, 11.0625, 11.0]"
False,7090,1,28556,3,"[11.0, 11.125, 11.1875, 10.9375]"
True,7091,2,28559,2,"[11.0625, 11.125, 11.0, 11.0]"
False,7092,0,28560,1,"[11.0, 10.875, 10.9375, 11.0625]"
False,7093,1,28562,3,"[11.125, 11.0625, 11.0, 10.9375]"
False,7094,0,28569,1,"[11.0625, 10.875, 10.9375, 10.9375]"
False,7095,2,28579,0,"[10.875, 11.125, 11.0, 11.0]"
False,7096,1,28581,0,"[10.875, 10.9375, 11.0625, 11.0]"
False,7097,2,28589,0,"[10.9375, 11.1875, 10.9375, 10.9375]"
True,7098,1,28602,1,"[11.125, 11.0, 11.125, 11.0]"
False,7099,2,28603,1,"[10.875, 10.8125, 11.0625, 10.875]"
False,7100,0,28608,1,"[11.0625, 10.9375, 11.0, 10.9375]"
True,7101,1,28622,1,"[11.1875, 11.0, 11.25, 11.0]"
False,7102,1,28631,0,"[10.8125, 10.9375, 11.125, 11.0]"
False,7103,0,28646,2,"[11.125, 11.0, 10.9375, 10.9375]"
True,7104,0,28658,0,"[10.9375, 10.9375, 11.0625, 11.0]"
False,7105,1,28661,2,"[10.9375, 10.9375, 10.875, 10.875]"
True,7106,1,28681,1,"[11.0625, 10.875, 11.0625, 11.0]"
True,7107,1,28699,1,"[11.0, 10.875, 11.0625, 11.0]"
False,7108,2,28705,1,"[11.0625, 11.0, 11.0, 11.125]"
False,7109,2,28707,0,"[11.0625, 11.0625, 11.1875, 11.125]"
False,7110,2,28717,1,"[11.0625, 10.9375, 11.1875, 11.0625]"
False,7111,2,28720,1,"[11.0625, 10.8125, 11.0625, 11.0]"
False,7112,1,28724,0,"[11.0625, 11.25, 11.125, 11.125]"
False,7113,2,28739,0,"[10.9375, 11.25, 11.0, 11.0625]"
True,7114,0,28742,0,"[10.9375, 11.0625, 11.0625, 11.0625]"
False,7115,3,28744,1,"[11.0625, 10.9375, 11.0, 11.0625]"
False,7116,3,28747,1,"[11.125, 10.9375, 11.0625, 11.125]"
False,7117,3,28761,1,"[11.0, 10.875, 10.9375, 11.125]"
False,7118,2,28775,0,"[11.0625, 11.125, 11.125, 11.125]"
False,7119,1,28779,0,"[10.875, 11.0625, 10.9375, 10.875]"
False,7120,0,28797,1,"[11.0, 10.875, 11.125, 10.9375]"
False,7121,0,28800,3,"[11.125, 11.0625, 11.0625, 11.0]"
True,7122,2,28807,2,"[11.125, 11.1875, 11.0625, 11.125]"
False,7123,0,28818,3,"[11.125, 11.0, 11.125, 10.875]"
False,7124,2,28824,0,"[10.9375, 10.9375, 11.1875, 11.0]"
True,7125,3,28828,3,"[11.0625, 11.0, 10.9375, 10.875]"
False,7126,2,28832,1,"[11.0625, 11.0, 11.0625, 11.0]"
False,7127,2,28840,0,"[10.875, 10.9375, 11.125, 11.0625]"
False,7128,0,28845,1,"[11.0625, 10.9375, 11.125, 11.0]"
False,7129,0,28848,3,"[11.1875, 11.125, 11.0625, 10.8125]"
False,7130,3,28862,1,"[11.0625, 10.9375, 10.9375, 11.125]"
False,7131,3,28866,1,"[11.125, 11.0, 11.0, 11.125]"
False,7132,0,28869,1,"[11.125, 10.9375, 11.0, 11.0]"
False,7133,0,28877,2,"[11.125, 10.9375, 10.875, 10.875]"
False,7134,1,28891,2,"[11.0, 11.1875, 10.875, 11.0625]"
False,7135,3,28892,0,"[11.0, 11.0625, 11.0, 11.0625]"
False,7136,1,28899,0,"[10.9375, 11.1875, 11.0, 11.0]"
False,7137,0,28908,1,"[11.1875, 11.0, 11.125, 11.0]"
True,7138,0,28919,0,"[10.875, 11.0625, 11.0625, 10.9375]"
False,7139,3,28926,0,"[10.9375, 11.0, 11.0, 11.0625]"
False,7140,1,28927,3,"[11.0, 11.1875, 11.125, 10.9375]"
False,7141,2,28934,0,"[10.875, 10.9375, 11.0, 11.0]"
False,7142,2,28938,3,"[11.0, 11.25, 11.125, 10.9375]"
False,7143,2,28949,3,"[11.125, 11.0625, 11.0, 10.875]"
False,7144,3,28964,2,"[11.1875, 11.0625, 10.9375, 11.125]"
False,7145,2,28971,0,"[10.875, 11.0, 11.1875, 11.1875]"
False,7146,3,28979,0,"[11.0, 11.0625, 11.0625, 11.0]"
False,7147,2,28983,3,"[11.125, 11.125, 11.1875, 11.0625]"
False,7148,3,28985,2,"[11.0625, 11.1875, 11.0, 11.0625]"
False,7149,2,28987,3,"[11.0625, 11.0625, 11.0625, 10.9375]"
False,7150,3,28992,0,"[11.0, 11.0, 11.0625, 11.0625]"
True,7151,3,29005,3,"[11.125, 11.0625, 11.0, 10.9375]"
False,7152,3,29007,1,"[11.0625, 10.9375, 11.125, 10.9375]"
False,7153,2,29008,0,"[10.9375, 11.0, 10.9375, 11.0625]"
True,7154,1,29032,1,"[11.125, 11.0, 11.0, 11.0]"
False,7155,1,29057,0,"[10.9375, 11.125, 11.0625, 10.9375]"
False,7156,2,29060,1,"[11.1875, 11.0625, 11.125, 11.125]"
True,7157,0,29069,0,"[10.875, 10.9375, 11.0625, 11.125]"
True,7158,1,29073,1,"[11.1875, 10.875, 11.0625, 10.9375]"
False,7159,2,29075,3,"[11.0, 11.25, 11.0625, 10.9375]"
False,7160,0,29078,2,"[11.125, 11.0625, 10.8125, 11.0]"
False,7161,2,29082,1,"[11.0625, 10.9375, 11.0625, 11.125]"
True,7162,2,29086,2,"[11.0, 11.125, 10.9375, 11.0]"
False,7163,1,29108,3,"[11.0625, 11.0625, 11.125, 11.0]"
True,7164,0,29110,0,"[10.875, 10.875, 11.0, 10.875]"
False,7165,0,29112,3,"[11.0, 11.0625, 10.9375, 10.875]"
True,7166,1,29122,1,"[11.1875, 10.875, 11.0625, 11.125]"
False,7167,3,29134,0,"[10.9375, 11.125, 11.0625, 11.0]"
False,7168,2,29138,1,"[11.0625, 10.6875, 10.875, 11.0]"
False,7169,0,29158,2,"[10.875, 11.125, 10.6875, 10.9375]"
False,7170,0,29175,2,"[11.125, 11.125, 11.0625, 11.125]"
False,7171,3,29187,1,"[11.0625, 11.0, 11.0, 11.0]"
False,7172,3,29192,0,"[10.9375, 10.9375, 11.0, 11.0625]"
False,7173,1,29199,0,"[10.875, 11.0625, 10.9375, 10.875]"
True,7174,2,29210,2,"[11.125, 11.125, 10.875, 11.125]"
False,7175,2,29231,1,"[11.125, 10.9375, 10.9375, 11.0625]"
False,7176,3,29247,0,"[10.875, 11.125, 11.1875, 11.25]"
False,7177,0,29251,3,"[11.0625, 11.0, 11.0, 10.875]"
True,7178,1,29257,1,"[11.0, 10.9375, 11.125, 11.0]"
True,7179,0,29266,0,"[11.0, 11.0625, 11.0625, 11.0625]"
False,7180,2,29275,1,"[11.125, 10.9375, 10.9375, 11.0625]"
False,7181,2,29286,0,"[10.875, 11.1875, 11.0, 11.0625]"
True,7182,2,29288,2,"[11.0625, 11.0, 10.9375, 11.0]"
False,7183,1,29301,2,"[10.9375, 10.9375, 10.875, 10.9375]"
False,7184,3,29308,0,"[10.875, 10.9375, 11.1875, 11.1875]"
True,7185,0,29324,0,"[10.9375, 11.0, 11.0625, 10.9375]"
False,7186,0,29327,1,"[11.0625, 11.0, 11.0, 11.0]"
True,7187,0,29328,0,"[10.9375, 11.25, 11.0, 11.125]"
False,7188,1,29333,2,"[11.125, 11.125, 11.0, 11.1875]"
False,7189,0,29359,3,"[11.0, 11.25, 11.125, 10.8125]"
False,7190,0,29366,1,"[11.0, 10.8125, 10.9375, 10.9375]"
True,7191,0,29371,0,"[11.0, 11.0625, 11.0625, 11.0625]"
False,7192,1,29373,2,"[11.0625, 11.125, 10.9375, 10.9375]"
False,7193,3,29378,1,"[11.0625, 10.9375, 11.0625, 11.0625]"
False,7194,1,29379,0,"[10.875, 11.125, 11.0625, 11.0]"
False,7195,3,29382,2,"[11.0, 11.125, 10.9375, 11.0625]"
False,7196,1,29383,0,"[10.875, 10.9375, 11.0, 11.0]"
False,7197,2,29385,0,"[10.9375, 10.9375, 10.9375, 11.0625]"
False,7198,0,29388,1,"[10.9375, 10.875, 11.0625, 11.0]"
False,7199,0,29389,2,"[11.0, 11.125, 10.9375, 11.0]"
False,7200,2,29390,3,"[11.0625, 11.125, 11.0, 10.875]"
True,7201,1,29391,1,"[11.1875, 10.9375, 11.0, 10.9375]"
False,7202,1,29396,0,"[10.875, 11.0625, 11.0625, 11.0625]"
True,7203,1,29404,1,"[11.125, 10.875, 11.0, 11.0]"
True,7204,2,29410,2,"[11.0, 11.0625, 10.875, 10.9375]"
True,7205,0,29412,0,"[10.875, 11.0, 11.0, 11.0625]"
False,7206,0,29419,3,"[11.125, 10.875, 11.125, 10.8125]"
True,7207,0,29420,0,"[10.9375, 10.9375, 10.9375, 11.0]"
False,7208,2,29423,0,"[11.0, 11.0625, 11.125, 11.0625]"
False,7209,3,29426,1,"[10.9375, 10.875, 11.0, 11.125]"
False,7210,1,29432,3,"[11.125, 11.0625, 11.0625, 10.9375]"
False,7211,2,29446,1,"[11.0, 10.8125, 11.0, 11.0625]"
True,7212,0,29452,0,"[11.0, 11.0, 11.0, 11.125]"
False,7213,3,29459,2,"[11.0, 11.125, 10.875, 10.9375]"
True,7214,0,29462,0,"[10.9375, 11.1875, 11.25, 11.0]"
True,7215,0,29477,0,"[10.875, 10.9375, 11.125, 10.9375]"
False,7216,2,29484,1,"[11.125, 11.0, 11.25, 11.0]"
True,7217,1,29487,1,"[11.1875, 10.875, 11.0625, 11.0625]"
False,7218,3,29512,0,"[10.9375, 11.0, 11.0625, 11.125]"
False,7219,3,29518,0,"[10.875, 10.875, 10.875, 11.0625]"
False,7220,3,29519,0,"[11.0, 11.0625, 11.1875, 11.0625]"
False,7221,3,29531,1,"[11.0625, 11.0, 11.0625, 11.0625]"
True,7222,2,29540,2,"[10.9375, 11.0, 10.875, 11.0625]"
True,7223,3,29541,3,"[11.0625, 11.0625, 11.0625, 11.0]"
False,7224,3,29544,0,"[10.9375, 11.125, 11.0625, 11.0625]"
False,7225,1,29547,2,"[11.0, 11.125, 10.9375, 10.9375]"
True,7226,3,29550,3,"[11.125, 11.0625, 11.0625, 10.9375]"
True,7227,2,29551,2,"[11.0625, 11.125, 10.9375, 11.0625]"
False,7228,0,29558,3,"[11.0625, 11.1875, 11.0, 10.9375]"
True,7229,2,29559,2,"[11.0625, 11.0625, 10.9375, 11.0]"
False,7230,1,29562,3,"[11.125, 11.0625, 11.125, 11.0]"
True,7231,3,29577,3,"[11.0, 11.0, 11.0, 10.875]"
True,7232,3,29578,3,"[11.125, 11.0, 11.1875, 10.9375]"
False,7233,2,29586,0,"[11.0625, 11.0625, 11.0625, 11.125]"
True,7234,0,29587,0,"[10.9375, 11.0625, 10.9375, 11.125]"
False,7235,3,29605,2,"[11.0625, 10.9375, 10.8125, 11.0]"
False,7236,3,29609,1,"[10.9375, 10.875, 10.9375, 11.1875]"
False,7237,3,29621,0,"[10.9375, 11.0625, 11.0625, 11.0625]"
False,7238,3,29622,2,"[11.0625, 11.0625, 11.0, 11.125]"
False,7239,2,29638,0,"[10.75, 10.9375, 11.125, 11.0625]"
True,7240,1,29643,1,"[11.0625, 11.0, 11.0, 11.0625]"
False,7241,0,29654,1,"[11.125, 11.0625, 11.0625, 11.125]"
True,7242,3,29659,3,"[11.0, 11.125, 11.0625, 10.9375]"
False,7243,1,29680,0,"[11.0, 11.125, 11.0625, 11.0625]"
True,7244,1,29681,1,"[11.0, 10.9375, 11.0, 11.0]"
False,7245,3,29683,2,"[11.0, 11.0, 10.875, 10.875]"
False,7246,0,29684,3,"[11.0625, 11.0, 11.0625, 10.9375]"
True,7247,0,29694,0,"[10.9375, 11.0, 11.0, 10.9375]"
False,7248,3,29700,2,"[11.1875, 11.125, 10.9375, 11.0625]"
False,7249,2,29703,0,"[10.9375, 11.0, 11.0625, 11.0]"
False,7250,3,29708,0,"[10.875, 11.125, 11.125, 11.125]"
False,7251,3,29716,1,"[11.0625, 10.9375, 11.0, 11.0625]"
False,7252,1,29720,2,"[11.0625, 11.0625, 10.9375, 11.125]"
False,7253,3,29721,2,"[11.0625, 11.0625, 10.875, 11.0625]"
True,7254,0,29722,0,"[10.875, 11.0625, 11.125, 10.875]"
False,7255,2,29741,3,"[11.1875, 11.0625, 11.125, 11.0]"
False,7256,0,29758,2,"[11.125, 11.25, 11.0, 11.1875]"
False,7257,3,29767,1,"[11.0625, 11.0, 11.25, 11.1875]"
False,7258,3,29770,0,"[11.0, 11.0, 11.125, 11.0]"
False,7259,3,29786,0,"[10.875, 11.1875, 11.125, 10.875]"
False,7260,2,29787,0,"[10.875, 10.9375, 10.9375, 10.9375]"
False,7261,3,29801,0,"[10.875, 10.9375, 11.1875, 10.9375]"
True,7262,3,29803,3,"[11.0, 11.0625, 11.0, 10.9375]"
False,7263,2,29818,0,"[10.875, 10.875, 11.0, 11.0]"
False,7264,1,29833,0,"[10.9375, 11.0, 11.0, 10.9375]"
True,7265,2,29843,2,"[11.125, 11.1875, 11.0625, 11.125]"
False,7266,2,29844,0,"[10.8125, 11.0625, 11.125, 10.9375]"
False,7267,2,29848,3,"[11.1875, 11.125, 11.125, 11.0]"
True,7268,0,29872,0,"[11.0, 11.125, 11.0, 11.0625]"
False,7269,1,29883,0,"[11.0, 11.0, 11.0625, 11.0]"
False,7270,2,29891,1,"[11.0, 10.875, 11.0625, 11.1875]"
False,7271,2,29900,0,"[11.0, 11.0, 11.0, 11.1875]"
False,7272,2,29905,0,"[11.0, 11.0, 11.125, 11.0625]"
True,7273,0,29912,0,"[11.0, 11.0, 11.0, 11.125]"
False,7274,2,29914,0,"[11.0, 11.125, 11.0625, 11.0]"
False,7275,0,29922,2,"[11.125, 11.0625, 10.9375, 10.9375]"
False,7276,2,29923,0,"[10.9375, 11.125, 11.0625, 11.125]"
True,7277,1,29953,1,"[10.875, 10.8125, 11.0, 11.0625]"
True,7278,0,29958,0,"[11.0, 11.0625, 11.0625, 11.0625]"
False,7279,3,29961,0,"[11.0625, 11.125, 11.0625, 11.0625]"
False,7280,2,29963,1,"[10.9375, 10.75, 11.125, 10.875]"
False,7281,3,29967,0,"[10.9375, 11.0625, 11.0, 11.125]"
False,7282,2,29972,1,"[11.0625, 10.875, 11.0625, 11.0625]"
True,7283,1,29985,1,"[11.0625, 11.0, 11.1875, 11.0625]"
True,7284,0,29992,0,"[11.0625, 11.25, 11.0625, 11.125]"
True,7285,1,29994,1,"[11.0625, 10.875, 11.0625, 10.875]"
False,7286,1,30001,0,"[10.75, 10.9375, 10.9375, 10.9375]"
False,7287,3,30010,0,"[10.9375, 11.0625, 11.125, 11.0]"
True,7288,1,30020,1,"[11.125, 11.0, 11.0625, 11.375]"
False,7289,1,30021,2,"[10.9375, 11.0625, 10.875, 11.0625]"
True,7290,1,30023,1,"[11.0, 10.8125, 10.875, 11.1875]"
False,7291,2,30024,0,"[10.9375, 11.0625, 11.1875, 11.0]"
False,7292,2,30033,0,"[10.875, 11.0, 11.0625, 11.0]"
False,7293,3,30038,1,"[11.125, 11.0, 11.125, 11.125]"
False,7294,3,30054,2,"[11.0, 11.0, 10.9375, 11.0]"
False,7295,3,30058,2,"[11.0625, 11.0625, 10.875, 11.0]"
False,7296,0,30059,1,"[11.0625, 10.875, 11.125, 11.0]"
False,7297,3,30064,0,"[10.875, 10.9375, 11.0625, 10.9375]"
False,7298,2,30089,0,"[10.9375, 11.0625, 11.0625, 11.125]"
True,7299,0,30107,0,"[10.875, 11.125, 10.9375, 11.0625]"
False,7300,1,30111,2,"[11.125, 11.125, 10.9375, 11.125]"
False,7301,0,30116,3,"[10.9375, 11.0625, 11.0, 10.875]"
False,7302,2,30117,1,"[11.125, 10.9375, 11.125, 11.125]"
False,7303,3,30122,0,"[10.875, 11.1875, 11.1875, 10.9375]"
False,7304,1,30133,0,"[10.9375, 11.1875, 11.125, 11.1875]"
False,7305,1,30169,0,"[10.9375, 11.0, 11.125, 11.0]"
True,7306,2,30171,2,"[11.0, 11.0, 10.9375, 11.0]"
False,7307,0,30191,1,"[11.0, 10.75, 10.9375, 10.875]"
False,7308,2,30204,1,"[11.125, 10.9375, 11.1875, 11.125]"
False,7309,3,30218,2,"[11.0625, 11.125, 10.9375, 11.125]"
False,7310,3,30229,2,"[11.0625, 11.0, 10.75, 11.25]"
False,7311,0,30231,1,"[11.125, 11.0, 11.0625, 11.0]"
False,7312,3,30232,1,"[11.0625, 11.0, 11.0, 11.125]"
False,7313,1,30240,0,"[10.9375, 11.0625, 11.0625, 11.0625]"
True,7314,0,30241,0,"[11.0, 11.0625, 11.125, 11.125]"
True,7315,2,30242,2,"[11.0, 11.125, 10.8125, 11.1875]"
False,7316,3,30243,0,"[10.8125, 10.9375, 11.0625, 10.9375]"
True,7317,3,30251,3,"[11.3125, 11.0625, 11.0625, 11.0]"
True,7318,0,30263,0,"[11.0, 11.125, 11.125, 11.0625]"
False,7319,3,30269,0,"[11.0, 11.0625, 11.0, 11.125]"
False,7320,2,30273,3,"[11.125, 11.125, 11.125, 11.0625]"
False,7321,1,30276,0,"[10.875, 11.125, 11.0, 11.125]"
False,7322,2,30277,1,"[11.0625, 11.0, 11.0, 11.0]"
False,7323,3,30286,1,"[11.0625, 11.0, 11.0, 11.0]"
True,7324,2,30290,2,"[11.125, 11.125, 11.0, 11.0]"
False,7325,1,30291,3,"[11.125, 11.125, 11.0625, 11.0]"
False,7326,0,30294,2,"[11.0625, 11.0625, 10.9375, 11.125]"
False,7327,2,30316,0,"[10.875, 11.1875, 10.9375, 11.125]"
False,7328,3,30329,1,"[11.0, 10.8125, 11.0625, 10.875]"
False,7329,1,30331,2,"[11.0, 11.0, 10.8125, 11.0]"
True,7330,0,30340,0,"[10.875, 11.0625, 11.0, 11.0625]"
False,7331,0,30353,1,"[11.0, 10.875, 10.9375, 11.0625]"
False,7332,1,30354,2,"[11.0, 11.0, 10.8125, 11.0]"
False,7333,2,30355,1,"[11.0, 10.9375, 11.0, 10.9375]"
False,7334,2,30369,0,"[11.0625, 11.0625, 11.0625, 11.0625]"
False,7335,3,30374,0,"[10.875, 11.0, 10.9375, 11.0]"
False,7336,3,30379,0,"[10.875, 11.0625, 11.0, 11.0625]"
False,7337,0,30382,2,"[11.0, 11.0, 10.875, 11.0]"
False,7338,0,30383,1,"[10.9375, 10.875, 10.9375, 11.0625]"
False,7339,3,30388,2,"[11.125, 11.0625, 11.0, 11.0]"
False,7340,1,30391,2,"[11.0, 11.0, 10.9375, 11.0625]"
True,7341,1,30395,1,"[11.0625, 10.9375, 11.0625, 10.9375]"
False,7342,3,30415,1,"[11.0625, 11.0, 11.1875, 11.0]"
False,7343,1,30437,3,"[11.0, 11.0, 10.875, 10.75]"
False,7344,2,30465,3,"[11.0, 11.0625, 11.125, 10.9375]"
True,7345,3,30466,3,"[11.0625, 10.875, 11.0625, 10.8125]"
False,7346,3,30495,1,"[11.125, 11.0625, 11.0625, 11.0625]"
True,7347,1,30504,1,"[10.9375, 10.8125, 10.9375, 11.125]"
False,7348,0,30508,1,"[11.0, 10.9375, 11.0, 11.125]"
False,7349,1,30515,0,"[10.9375, 10.9375, 11.125, 11.1875]"
False,7350,3,30518,0,"[11.0, 11.0625, 11.0625, 11.0625]"
True,7351,0,30529,0,"[11.0, 11.125, 11.0, 11.0]"
True,7352,2,30530,2,"[11.125, 11.0625, 10.875, 11.0625]"
False,7353,3,30544,2,"[11.0, 11.1875, 10.9375, 11.0]"
False,7354,3,30550,1,"[11.125, 10.9375, 11.125, 11.1875]"
True,7355,0,30572,0,"[11.0625, 11.0625, 11.125, 11.0625]"
True,7356,1,30577,1,"[11.125, 11.0, 11.0625, 11.0625]"
False,7357,0,30595,1,"[11.0625, 10.9375, 11.0625, 11.125]"
False,7358,2,30600,1,"[11.0625, 11.0, 11.0625, 11.0]"
True,7359,2,30606,2,"[10.9375, 10.9375, 10.875, 11.125]"
False,7360,0,30623,1,"[11.0625, 11.0, 11.0, 11.0]"
False,7361,1,30629,2,"[11.0, 11.0625, 10.9375, 11.125]"
False,7362,2,30636,0,"[11.0625, 11.1875, 11.0625, 11.1875]"
True,7363,0,30638,0,"[10.9375, 11.25, 11.0625, 11.0625]"
False,7364,2,30644,1,"[11.0625, 10.9375, 11.0, 11.0625]"
False,7365,1,30646,3,"[11.1875, 11.125, 11.125, 11.0]"
False,7366,2,30652,0,"[10.9375, 11.0625, 10.9375, 11.0]"
False,7367,0,30657,1,"[11.0, 10.875, 11.0, 11.0625]"
False,7368,1,30658,3,"[11.1875, 11.0625, 11.0, 10.9375]"
False,7369,3,30664,2,"[11.0625, 11.0, 10.9375, 11.0625]"
False,7370,0,30665,2,"[11.0, 11.0625, 10.9375, 11.0625]"
True,7371,2,30666,2,"[10.9375, 11.0625, 10.875, 10.9375]"
False,7372,2,30671,0,"[10.9375, 11.0, 11.0, 11.0625]"
False,7373,2,30680,1,"[11.125, 10.9375, 11.125, 11.0625]"
True,7374,3,30681,3,"[11.125, 11.0625, 11.0625, 10.9375]"
True,7375,0,30689,0,"[11.0625, 11.0625, 11.125, 11.125]"
False,7376,3,30711,0,"[10.9375, 10.9375, 11.0625, 11.0625]"
False,7377,2,30723,1,"[11.0, 10.9375, 11.0, 11.0]"
False,7378,1,30726,0,"[10.9375, 11.0, 11.0, 11.1875]"
False,7379,0,30744,2,"[11.125, 11.0625, 11.0, 11.125]"
False,7380,2,30748,0,"[10.875, 11.0625, 11.0625, 11.125]"
False,7381,0,30758,1,"[11.0625, 10.9375, 11.0625, 10.9375]"
False,7382,2,30760,3,"[11.125, 11.125, 11.125, 11.0625]"
True,7383,1,30763,1,"[11.0625, 10.9375, 10.9375, 11.0]"
False,7384,2,30783,3,"[11.0625, 10.9375, 11.0, 10.875]"
False,7385,3,30786,0,"[10.9375, 11.125, 10.9375, 11.0625]"
False,7386,2,30797,0,"[10.875, 11.25, 11.0625, 11.0]"
False,7387,0,30803,2,"[11.1875, 11.125, 11.0625, 11.25]"
True,7388,0,30808,0,"[10.875, 11.0, 11.125, 11.0]"
False,7389,3,30812,1,"[11.0, 10.9375, 11.0, 11.0625]"
False,7390,2,30814,3,"[11.125, 11.1875, 11.0625, 11.0]"
False,7391,3,30821,2,"[11.0, 11.125, 10.9375, 11.0]"
False,7392,3,30846,0,"[11.0, 11.0, 11.0625, 11.125]"
False,7393,0,30851,3,"[10.9375, 11.0, 10.9375, 10.875]"
False,7394,3,30858,0,"[10.875, 11.1875, 10.875, 11.0625]"
True,7395,3,30872,3,"[11.1875, 10.9375, 11.0625, 10.875]"
False,7396,0,30874,1,"[10.875, 10.75, 10.9375, 11.0]"
False,7397,2,30919,0,"[11.0, 11.0, 11.0, 11.125]"
True,7398,1,30942,1,"[11.0625, 10.9375, 11.125, 11.0]"
False,7399,2,30945,3,"[11.0, 11.0625, 11.0, 10.875]"
False,7400,3,30955,0,"[10.875, 10.9375, 10.9375, 11.25]"
True,7401,0,30965,0,"[11.0, 11.0, 11.0, 11.0625]"
False,7402,1,30966,0,"[10.875, 10.875, 11.0, 10.875]"
True,7403,0,30968,0,"[11.0, 11.0625, 11.0, 11.125]"
False,7404,3,30979,1,"[11.0625, 10.9375, 11.0625, 10.9375]"
False,7405,2,30987,1,"[11.0625, 10.875, 10.875, 10.875]"
True,7406,0,30989,0,"[11.125, 11.125, 11.125, 11.125]"
True,7407,1,30999,1,"[11.125, 10.9375, 10.9375, 11.0625]"
False,7408,1,31008,2,"[11.0625, 11.125, 10.875, 11.125]"
False,7409,3,31011,1,"[11.125, 11.0, 11.125, 11.1875]"
False,7410,2,31018,1,"[11.0625, 11.0, 11.0, 11.0]"
False,7411,2,31027,0,"[10.9375, 11.0, 11.0, 11.125]"
False,7412,1,31030,2,"[10.9375, 11.0625, 10.875, 10.875]"
True,7413,2,31033,2,"[11.0625, 11.0625, 11.0, 11.0]"
False,7414,2,31036,1,"[11.125, 11.0625, 11.25, 11.125]"
True,7415,0,31042,0,"[11.0, 11.0, 11.0, 11.0]"
False,7416,1,31052,3,"[11.0625, 11.0, 11.0625, 10.9375]"
False,7417,0,31069,3,"[11.1875, 11.25, 11.0625, 11.0]"
False,7418,2,31075,1,"[11.125, 10.9375, 11.1875, 11.125]"
False,7419,0,31078,3,"[10.9375, 10.9375, 11.0, 10.8125]"
True,7420,1,31086,1,"[11.125, 10.875, 11.0625, 11.0]"
False,7421,3,31099,0,"[10.875, 11.0, 11.0, 11.0]"
False,7422,0,31108,1,"[11.1875, 11.0625, 11.125, 11.1875]"
False,7423,0,31111,1,"[10.9375, 10.875, 11.0625, 10.875]"
True,7424,0,31115,0,"[10.9375, 11.0, 10.9375, 11.0]"
False,7425,2,31124,0,"[10.875, 11.0625, 11.0, 11.0625]"
False,7426,1,31129,3,"[11.0, 11.125, 11.0, 10.9375]"
False,7427,2,31142,0,"[10.9375, 10.9375, 11.0, 11.0]"
False,7428,1,31143,2,"[10.875, 11.0625, 10.8125, 11.125]"
False,7429,1,31160,3,"[11.125, 10.9375, 11.0, 10.875]"
False,7430,1,31167,2,"[11.0625, 11.1875, 10.9375, 11.0]"
False,7431,0,31168,1,"[11.125, 10.875, 10.9375, 11.0625]"
False,7432,1,31170,3,"[11.0625, 11.0625, 10.9375, 10.875]"
False,7433,1,31174,3,"[11.0, 11.0625, 11.0, 10.9375]"
False,7434,0,31184,1,"[11.1875, 10.9375, 10.9375, 10.9375]"
False,7435,2,31190,0,"[10.9375, 11.0, 11.125, 11.125]"
False,7436,3,31192,0,"[11.0625, 11.0625, 11.0625, 11.125]"
True,7437,1,31201,1,"[11.1875, 11.0, 11.0, 11.0]"
True,7438,0,31202,0,"[10.9375, 11.0625, 11.0625, 11.0]"
False,7439,3,31206,1,"[11.0625, 11.0, 11.125, 11.0625]"
False,7440,2,31218,0,"[11.0625, 11.0625, 11.0625, 11.0625]"
False,7441,3,31224,1,"[11.1875, 11.0625, 11.125, 11.125]"
False,7442,0,31225,3,"[11.25, 11.0625, 11.125, 10.875]"
False,7443,1,31239,0,"[10.9375, 11.0625, 11.125, 11.0625]"
False,7444,2,31243,3,"[11.0625, 11.0625, 11.0625, 10.875]"
False,7445,1,31249,2,"[11.0625, 11.0625, 10.875, 11.125]"
False,7446,3,31270,0,"[10.875, 11.0625, 11.125, 10.9375]"
False,7447,0,31280,1,"[10.9375, 10.875, 10.875, 11.0]"
False,7448,0,31283,1,"[11.0625, 10.875, 11.1875, 11.0]"
False,7449,3,31286,2,"[11.1875, 11.0625, 11.0, 11.125]"
False,7450,3,31294,0,"[11.0, 11.1875, 11.0, 11.0625]"
False,7451,3,31297,2,"[11.0625, 11.0, 10.875, 11.0]"
True,7452,0,31304,0,"[10.875, 11.0625, 11.0, 10.9375]"
False,7453,1,31311,0,"[10.875, 11.0, 11.0625, 11.0]"
False,7454,1,31320,2,"[11.0625, 11.0625, 10.9375, 11.0]"
False,7455,3,31323,0,"[11.0, 11.1875, 11.0, 11.0]"
True,7456,3,31324,3,"[11.0625, 11.125, 10.9375, 10.875]"
False,7457,0,31331,1,"[11.0625, 10.9375, 10.9375, 11.0625]"
False,7458,3,31334,1,"[10.9375, 10.875, 10.875, 11.0]"
False,7459,1,31335,2,"[11.125, 11.1875, 10.9375, 11.0625]"
True,7460,1,31348,1,"[11.0, 10.9375, 11.0, 11.0625]"
True,7461,0,31357,0,"[11.0, 11.125, 11.125, 11.25]"
False,7462,2,31362,1,"[11.0, 10.9375, 11.125, 11.0]"
False,7463,2,31363,0,"[10.8125, 11.0625, 11.0625, 11.125]"
False,7464,2,31373,1,"[11.0625, 11.0, 11.0625, 11.0]"
False,7465,1,31394,0,"[10.9375, 11.0625, 11.125, 11.0]"
False,7466,2,31407,0,"[11.0, 11.0, 11.0625, 11.0625]"
False,7467,1,31410,0,"[10.9375, 11.0625, 10.9375, 11.0]"
False,7468,2,31412,0,"[10.8125, 10.875, 11.0, 10.9375]"
False,7469,1,31419,3,"[11.25, 11.0, 11.0625, 10.875]"
False,7470,3,31424,2,"[11.0625, 11.0625, 10.9375, 11.0]"
False,7471,1,31425,2,"[11.125, 11.125, 11.0625, 11.0625]"
False,7472,2,31440,3,"[11.125, 11.0, 11.0, 10.875]"
False,7473,0,31441,2,"[11.0, 11.0, 10.9375, 10.9375]"
False,7474,1,31450,3,"[10.9375, 11.0, 11.125, 10.875]"
False,7475,1,31469,3,"[11.125, 11.125, 11.0625, 10.8125]"
False,7476,3,31475,1,"[11.125, 10.9375, 11.0, 11.125]"
True,7477,1,31497,1,"[10.9375, 10.875, 11.0, 10.875]"
False,7478,3,31503,2,"[11.0625, 10.9375, 10.875, 11.0625]"
False,7479,0,31506,1,"[11.0625, 11.0, 11.1875, 11.0625]"
False,7480,0,31507,1,"[11.0625, 11.0, 11.0625, 11.125]"
False,7481,0,31513,2,"[10.9375, 11.0, 10.75, 10.8125]"
False,7482,2,31540,0,"[11.0, 11.0625, 11.0, 11.125]"
False,7483,0,31541,2,"[11.0, 11.1875, 10.9375, 10.9375]"
False,7484,3,31545,2,"[11.0625, 10.9375, 10.8125, 11.0]"
False,7485,1,31546,2,"[11.0625, 11.0625, 10.9375, 10.9375]"
False,7486,1,31547,2,"[11.0625, 11.1875, 10.9375, 11.0]"
True,7487,1,31548,1,"[11.1875, 11.0625, 11.125, 11.0625]"
False,7488,3,31551,0,"[10.9375, 11.0, 11.0625, 11.0625]"
True,7489,3,31553,3,"[11.125, 11.0625, 11.125, 10.9375]"
True,7490,0,31562,0,"[11.0, 11.0625, 11.0625, 11.0]"
False,7491,3,31568,1,"[11.0625, 10.875, 11.0, 11.0625]"
True,7492,2,31574,2,"[11.0625, 11.0625, 10.9375, 11.25]"
False,7493,0,31586,1,"[11.0625, 10.9375, 11.0625, 11.25]"
True,7494,1,31597,1,"[11.0625, 11.0, 11.125, 11.125]"
False,7495,2,31604,0,"[11.0, 11.125, 11.1875, 11.0]"
False,7496,3,31609,0,"[10.875, 11.3125, 11.1875, 10.9375]"
False,7497,0,31612,2,"[11.0, 11.0625, 10.875, 11.1875]"
False,7498,1,31625,2,"[11.0, 11.125, 10.9375, 10.9375]"
False,7499,1,31628,3,"[11.0625, 11.0625, 11.0625, 10.9375]"
False,7500,1,31630,2,"[11.125, 11.1875, 11.0625, 11.25]"
False,7501,2,31639,0,"[10.9375, 10.9375, 10.9375, 11.0]"
False,7502,3,31640,1,"[11.0, 10.9375, 11.0, 11.0]"
False,7503,2,31644,1,"[11.125, 11.0625, 11.0625, 11.0625]"
False,7504,2,31654,3,"[11.125, 11.0, 11.0, 10.875]"
False,7505,2,31667,1,"[11.0625, 11.0, 11.125, 11.0]"
False,7506,1,31682,0,"[10.875, 11.0, 10.9375, 10.9375]"
False,7507,3,31694,1,"[11.125, 10.9375, 11.125, 11.0625]"
False,7508,3,31709,0,"[11.0, 11.0625, 11.0625, 11.0]"
True,7509,0,31723,0,"[11.0, 11.125, 11.0, 11.0]"
False,7510,1,31727,0,"[10.9375, 11.0, 11.0, 10.9375]"
False,7511,2,31733,1,"[11.0625, 10.9375, 10.9375, 10.9375]"
False,7512,0,31734,1,"[11.125, 10.9375, 11.0625, 11.125]"
False,7513,1,31736,0,"[11.0, 11.1875, 11.125, 11.125]"
False,7514,3,31739,0,"[10.9375, 11.125, 10.9375, 10.9375]"
False,7515,2,31745,0,"[11.0, 11.125, 11.125, 11.0625]"
True,7516,2,31754,2,"[10.9375, 11.0625, 10.875, 10.9375]"
True,7517,0,31756,0,"[11.0625, 11.0625, 11.0625, 11.125]"
False,7518,2,31758,0,"[10.875, 11.0625, 11.1875, 11.0625]"
True,7519,2,31760,2,"[11.0625, 11.0, 10.9375, 11.0]"
False,7520,3,31770,0,"[10.9375, 10.9375, 11.0625, 10.9375]"
True,7521,2,31774,2,"[10.9375, 11.0, 10.875, 11.0]"
False,7522,1,31787,0,"[10.875, 11.0625, 11.125, 10.9375]"
False,7523,2,31789,3,"[11.125, 11.0625, 11.25, 11.0]"
False,7524,1,31791,0,"[11.125, 11.125, 11.125, 11.125]"
False,7525,2,31805,3,"[11.125, 11.0625, 10.9375, 10.875]"
False,7526,3,31817,0,"[10.875, 10.9375, 11.0, 10.9375]"
False,7527,1,31819,0,"[10.875, 11.0625, 10.9375, 11.0625]"
False,7528,2,31820,0,"[10.875, 11.0, 11.125, 11.0]"
True,7529,1,31828,1,"[11.1875, 11.0, 11.125, 11.125]"
False,7530,3,31844,1,"[11.0625, 11.0, 11.0, 11.0625]"
False,7531,1,31849,2,"[11.125, 11.0625, 10.875, 11.0]"
True,7532,3,31850,3,"[11.125, 11.0625, 11.0, 10.875]"
False,7533,3,31862,0,"[11.0625, 11.125, 11.0625, 11.0625]"
True,7534,1,31881,1,"[11.0625, 11.0, 11.0, 11.125]"
False,7535,3,31884,2,"[11.125, 11.125, 10.875, 11.0]"
False,7536,1,31887,0,"[10.75, 11.125, 10.9375, 11.0625]"
False,7537,0,31900,1,"[11.0, 10.875, 11.0, 11.0]"
False,7538,0,31901,2,"[11.0625, 11.125, 10.9375, 11.0]"
False,7539,0,31903,2,"[10.9375, 11.0, 10.875, 11.0]"
True,7540,1,31924,1,"[11.0625, 10.8125, 11.1875, 10.9375]"
False,7541,1,31926,3,"[10.9375, 11.0, 11.0625, 10.875]"
False,7542,3,31930,0,"[10.9375, 10.9375, 11.125, 11.0]"
False,7543,2,31946,1,"[11.1875, 11.0, 11.125, 11.0]"
False,7544,0,31957,1,"[11.125, 10.9375, 11.125, 11.0]"
False,7545,3,31969,0,"[10.9375, 10.9375, 11.0625, 11.0]"
False,7546,1,31975,0,"[11.0, 11.0, 11.0625, 11.125]"
True,7547,0,31976,0,"[10.875, 11.0, 10.875, 11.0]"
True,7548,1,31980,1,"[11.125, 11.0, 11.1875, 11.0625]"
False,7549,2,31981,0,"[10.875, 11.0, 11.125, 11.0625]"
False,7550,3,31986,0,"[11.0, 11.0, 11.0, 11.1875]"
False,7551,2,31995,3,"[11.1875, 11.0, 10.9375, 10.875]"
False,7552,3,31997,0,"[10.9375, 11.1875, 11.125, 10.9375]"
False,7553,2,32001,1,"[11.125, 11.0, 11.125, 11.0]"
False,7554,1,32009,0,"[10.9375, 11.0625, 11.0, 11.0625]"
False,7555,3,32014,0,"[11.0, 11.125, 11.125, 11.1875]"
False,7556,0,32024,1,"[11.0625, 10.875, 11.0625, 11.125]"
False,7557,2,32029,0,"[11.0, 11.0, 11.0625, 11.0]"
False,7558,2,32030,1,"[11.125, 11.0, 11.25, 11.0625]"
True,7559,3,32035,3,"[11.0625, 11.0, 11.0, 10.9375]"
False,7560,3,32043,1,"[11.125, 10.9375, 11.125, 11.0]"
False,7561,3,32046,1,"[11.0625, 10.9375, 10.9375, 10.9375]"
False,7562,0,32058,3,"[11.0, 10.9375, 11.0, 10.875]"
True,7563,1,32064,1,"[11.125, 11.0625, 11.125, 11.1875]"
False,7564,1,32071,0,"[10.875, 11.125, 11.0, 10.875]"
False,7565,3,32073,0,"[11.0, 11.0, 11.0, 11.0625]"
False,7566,2,32074,3,"[11.0625, 11.0625, 11.0625, 11.0]"
True,7567,0,32083,0,"[11.0, 11.125, 11.0625, 11.125]"
False,7568,1,32101,0,"[10.875, 11.0, 11.0, 10.9375]"
False,7569,3,32124,2,"[11.0625, 11.0625, 11.0, 11.0625]"
False,7570,3,32129,1,"[11.1875, 11.0, 11.125, 11.0]"
False,7571,2,32131,1,"[11.1875, 11.0, 11.0, 11.125]"
False,7572,1,32141,0,"[11.0, 11.125, 11.125, 11.0]"
True,7573,2,32143,2,"[11.1875, 11.125, 11.0, 11.375]"
False,7574,0,32147,1,"[11.0625, 10.875, 11.0625, 11.0625]"
False,7575,3,32148,1,"[11.0625, 10.9375, 11.125, 11.0625]"
False,7576,1,32162,3,"[11.0, 11.0, 10.9375, 10.75]"
False,7577,1,32163,0,"[10.875, 11.0, 10.9375, 11.1875]"
False,7578,3,32177,1,"[11.125, 10.875, 10.875, 10.9375]"
True,7579,3,32178,3,"[11.125, 11.125, 11.125, 11.0]"
True,7580,0,32186,0,"[11.0625, 11.0625, 11.125, 11.0625]"
True,7581,0,32198,0,"[11.0, 11.1875, 11.0625, 11.0]"
True,7582,1,32214,1,"[11.0625, 10.875, 11.0, 11.125]"
True,7583,0,32226,0,"[11.0, 11.0625, 11.0, 11.0625]"
False,7584,1,32230,2,"[11.125, 11.0, 10.875, 11.0]"
False,7585,2,32236,1,"[11.0625, 10.875, 11.0625, 10.875]"
False,7586,3,32246,0,"[10.875, 11.0, 11.125, 11.0]"
False,7587,2,32252,0,"[11.0, 11.1875, 11.25, 11.1875]"
True,7588,0,32260,0,"[10.875, 11.0625, 10.875, 11.0625]"
True,7589,2,32262,2,"[11.125, 11.0625, 10.9375, 11.0]"
True,7590,2,32266,2,"[11.0625, 11.0625, 10.875, 11.0625]"
False,7591,3,32282,0,"[10.9375, 11.0, 10.9375, 11.0625]"
True,7592,1,32283,1,"[11.0625, 11.0, 11.125, 11.125]"
False,7593,0,32284,3,"[11.0625, 11.125, 11.0625, 10.875]"
True,7594,0,32285,0,"[11.0625, 11.125, 11.0625, 11.125]"
False,7595,1,32289,2,"[11.1875, 10.9375, 10.875, 11.0625]"
False,7596,2,32292,1,"[11.0625, 10.875, 11.0625, 11.0]"
False,7597,1,32295,2,"[10.9375, 10.8125, 10.6875, 11.1875]"
False,7598,1,32296,0,"[10.875, 11.1875, 11.0, 11.125]"
False,7599,2,32301,0,"[10.875, 11.0625, 10.9375, 10.9375]"
False,7600,3,32306,0,"[11.0, 11.0, 11.0625, 11.0]"
False,7601,0,32311,3,"[11.1875, 11.0625, 11.0625, 10.9375]"
False,7602,1,32318,3,"[11.0, 11.3125, 11.0625, 10.9375]"
True,7603,0,32319,0,"[11.0, 11.0625, 11.0, 11.0625]"
True,7604,3,32324,3,"[11.125, 11.0, 11.0625, 10.875]"
False,7605,2,32329,0,"[11.0, 11.125, 11.0625, 11.0]"
False,7606,1,32332,0,"[11.0, 11.125, 11.25, 11.0]"
True,7607,3,32334,3,"[11.0, 11.0625, 11.0625, 10.875]"
False,7608,0,32337,1,"[11.0625, 11.0, 11.125, 11.0625]"
False,7609,3,32339,0,"[11.0, 11.0625, 11.125, 11.0625]"
True,7610,2,32342,2,"[11.0, 11.0625, 10.8125, 11.0625]"
True,7611,2,32358,2,"[11.125, 11.0, 10.875, 10.9375]"
True,7612,1,32359,1,"[11.0, 10.9375, 10.9375, 11.1875]"
True,7613,1,32362,1,"[11.0, 10.875, 11.0, 11.0]"
False,7614,3,32365,2,"[11.0, 11.0, 10.9375, 11.0]"
False,7615,0,32376,2,"[11.125, 11.125, 10.9375, 11.0]"
False,7616,0,32380,1,"[11.125, 11.0, 11.1875, 11.0625]"
False,7617,3,32381,0,"[11.0625, 11.125, 11.125, 11.1875]"
False,7618,3,32383,1,"[11.0625, 11.0, 11.0, 11.0]"
False,7619,3,32402,1,"[11.0625, 11.0, 11.1875, 11.0]"
False,7620,1,32403,0,"[10.9375, 10.9375, 11.0625, 10.9375]"
False,7621,0,32404,1,"[11.0, 10.9375, 11.125, 11.0625]"
False,7622,0,32406,2,"[11.0625, 11.0625, 10.875, 10.9375]"
False,7623,3,32418,2,"[11.0, 11.0625, 10.9375, 11.0625]"
False,7624,3,32428,0,"[10.9375, 10.9375, 11.0625, 10.9375]"
False,7625,3,32431,1,"[11.125, 11.0, 11.1875, 11.0625]"
False,7626,3,32436,0,"[10.9375, 11.0, 11.0, 11.0625]"
False,7627,3,32442,0,"[10.9375, 10.9375, 11.0, 10.9375]"
False,7628,3,32444,0,"[11.0625, 11.0625, 11.0625, 11.0625]"
True,7629,3,32452,3,"[11.125, 11.0625, 11.0, 10.875]"
False,7630,1,32458,0,"[10.875, 11.0625, 11.0625, 11.125]"
False,7631,1,32464,2,"[11.0625, 11.0625, 11.0, 11.0]"
False,7632,3,32492,0,"[10.8125, 10.9375, 11.1875, 10.875]"
False,7633,3,32493,2,"[11.0, 11.125, 10.8125, 11.125]"
True,7634,0,32502,0,"[11.0, 11.0, 11.0, 11.0]"
False,7635,3,32503,0,"[11.125, 11.125, 11.125, 11.1875]"
True,7636,3,32522,3,"[11.125, 11.125, 11.0625, 10.875]"
True,7637,1,32530,1,"[11.25, 11.0625, 11.0625, 11.0625]"
False,7638,3,32536,2,"[11.0, 11.0, 10.875, 10.9375]"
True,7639,2,32544,2,"[11.0625, 11.0, 10.9375, 11.0]"
False,7640,3,32550,2,"[11.0625, 11.0625, 10.9375, 11.0]"
False,7641,2,32554,3,"[10.9375, 10.9375, 11.125, 10.875]"
False,7642,2,32559,1,"[11.0625, 11.0, 11.125, 11.0625]"
False,7643,2,32571,0,"[10.9375, 10.9375, 11.0625, 11.0]"
False,7644,3,32573,2,"[11.1875, 11.0, 10.8125, 10.9375]"
False,7645,1,32579,3,"[11.125, 11.1875, 11.0, 10.9375]"
True,7646,1,32582,1,"[11.0, 10.9375, 11.25, 11.1875]"
False,7647,2,32583,3,"[11.0, 10.9375, 11.0, 10.875]"
False,7648,3,32585,1,"[11.125, 11.0, 11.0625, 11.125]"
True,7649,0,32586,0,"[11.0625, 11.125, 11.125, 11.125]"
True,7650,1,32604,1,"[11.1875, 10.9375, 11.125, 10.9375]"
True,7651,0,32614,0,"[11.0625, 11.3125, 11.25, 11.0625]"
False,7652,1,32619,2,"[11.125, 11.0, 10.9375, 10.9375]"
False,7653,2,32624,0,"[10.875, 11.0625, 11.0, 11.0625]"
False,7654,1,32625,2,"[10.9375, 11.0, 10.8125, 11.0]"
False,7655,0,32630,1,"[10.9375, 10.875, 11.125, 10.9375]"
False,7656,1,32639,2,"[11.0, 11.125, 10.875, 10.9375]"
False,7657,1,32643,0,"[11.0, 11.125, 11.0625, 11.0]"
False,7658,1,32645,0,"[10.9375, 11.0625, 11.1875, 11.0625]"
False,7659,3,32659,2,"[11.0625, 11.125, 11.0, 11.0]"
True,7660,1,32662,1,"[11.125, 10.875, 11.1875, 11.125]"
False,7661,3,32686,0,"[10.9375, 11.0, 11.0625, 11.0625]"
False,7662,1,32693,0,"[10.9375, 11.0, 11.0, 10.9375]"
True,7663,0,32702,0,"[10.875, 11.0, 10.875, 11.0625]"
False,7664,2,32711,0,"[10.875, 10.9375, 10.9375, 11.125]"
False,7665,3,32716,1,"[11.0625, 11.0, 11.0, 11.0625]"
False,7666,1,32717,3,"[10.9375, 11.125, 10.875, 10.8125]"
True,7667,0,32721,0,"[10.9375, 11.0625, 11.0, 11.125]"
False,7668,1,32726,0,"[10.875, 10.9375, 11.0625, 10.9375]"
False,7669,0,32736,1,"[11.0625, 10.875, 11.1875, 11.1875]"
False,7670,2,32747,1,"[11.0625, 10.875, 11.0, 11.125]"
True,7671,2,32749,2,"[11.0625, 11.1875, 10.9375, 11.0]"
False,7672,3,32754,0,"[10.875, 10.875, 11.0625, 10.9375]"
False,7673,2,32757,3,"[11.125, 11.1875, 11.0625, 11.0]"
False,7674,1,32758,0,"[11.0, 11.0, 11.0, 11.0]"
True,7675,3,32772,3,"[11.125, 11.1875, 10.9375, 10.875]"
False,7676,3,32774,2,"[10.9375, 11.0, 10.875, 11.0625]"
False,7677,1,32799,3,"[11.125, 11.125, 11.1875, 11.0625]"
False,7678,0,32804,1,"[11.0625, 10.875, 11.0, 11.0625]"
True,7679,1,32808,1,"[11.0625, 10.9375, 11.125, 10.9375]"
True,7680,1,32813,1,"[11.125, 11.0625, 11.0625, 11.125]"
False,7681,3,32832,1,"[10.9375, 10.875, 11.0, 10.9375]"
False,7682,2,32845,1,"[11.1875, 10.9375, 11.0, 10.9375]"
False,7683,1,32855,0,"[10.875, 11.0, 11.0, 11.0625]"
False,7684,2,32857,3,"[11.0625, 11.125, 11.0625, 11.0]"
False,7685,1,32873,3,"[11.0625, 11.0, 11.0625, 10.9375]"
False,7686,1,32877,2,"[11.0625, 11.0625, 11.0, 11.125]"
False,7687,3,32880,2,"[11.0625, 11.0625, 10.875, 11.0625]"
False,7688,0,32884,1,"[11.0, 10.9375, 11.0625, 11.0]"
False,7689,1,32887,0,"[10.8125, 11.0, 11.0, 11.125]"
False,7690,2,32893,3,"[11.0, 11.0, 11.1875, 10.9375]"
False,7691,3,32898,0,"[11.0, 11.0625, 11.0625, 11.0]"
False,7692,2,32902,1,"[11.125, 11.0625, 11.1875, 11.0625]"
False,7693,1,32904,0,"[10.75, 11.0, 11.0625, 11.125]"
False,7694,3,32910,1,"[11.125, 10.9375, 11.0625, 11.0]"
False,7695,1,32916,2,"[11.0, 11.0, 10.9375, 10.9375]"
False,7696,3,32920,0,"[10.875, 10.875, 11.125, 11.25]"
True,7697,0,32926,0,"[10.9375, 11.0625, 11.25, 11.0625]"
False,7698,1,32931,3,"[11.0, 11.125, 11.0625, 10.9375]"
False,7699,2,32947,1,"[11.0625, 11.0, 11.125, 11.125]"
False,7700,0,32952,3,"[11.125, 11.125, 11.1875, 10.9375]"
False,7701,2,32956,3,"[11.0, 11.0625, 11.125, 10.9375]"
False,7702,3,32958,0,"[11.0, 11.125, 11.0, 11.0]"
False,7703,0,32976,2,"[11.0, 11.0, 10.875, 11.0625]"
False,7704,3,33009,0,"[10.875, 11.1875, 11.0, 11.125]"
True,7705,1,33015,1,"[11.0, 10.875, 11.0, 10.875]"
True,7706,2,33027,2,"[11.0, 11.0625, 10.8125, 10.9375]"
True,7707,1,33028,1,"[11.0625, 11.0, 11.0, 11.1875]"
False,7708,0,33029,2,"[11.25, 11.125, 11.0, 11.0625]"
True,7709,1,33035,1,"[11.0, 10.9375, 11.0, 11.0]"
False,7710,1,33055,0,"[11.0625, 11.125, 11.125, 11.1875]"
False,7711,1,33060,0,"[10.9375, 11.0625, 11.0625, 11.0625]"
False,7712,1,33066,3,"[11.125, 11.0625, 11.125, 10.9375]"
True,7713,0,33076,0,"[10.9375, 11.125, 11.0625, 11.125]"
True,7714,2,33087,2,"[11.0, 11.0, 10.9375, 11.0]"
False,7715,0,33100,3,"[11.0, 10.9375, 11.0625, 10.875]"
True,7716,0,33121,0,"[10.9375, 11.0625, 10.9375, 11.0]"
False,7717,2,33124,0,"[10.9375, 10.9375, 11.1875, 10.9375]"
False,7718,2,33129,1,"[11.0625, 11.0, 11.0, 11.0625]"
False,7719,2,33142,3,"[11.0, 11.0625, 11.0625, 10.875]"
False,7720,3,33160,0,"[10.9375, 11.0625, 10.9375, 11.0]"
True,7721,0,33165,0,"[10.9375, 11.0, 11.1875, 10.9375]"
False,7722,3,33167,2,"[11.0625, 11.1875, 10.9375, 10.9375]"
False,7723,1,33176,0,"[10.875, 10.9375, 11.0, 11.0]"
False,7724,1,33178,3,"[11.0625, 11.0625, 11.125, 10.875]"
False,7725,2,33179,3,"[11.125, 11.1875, 11.125, 11.0]"
False,7726,3,33182,0,"[10.9375, 10.9375, 11.1875, 11.0]"
True,7727,2,33190,2,"[11.0, 10.9375, 10.875, 10.875]"
False,7728,1,33191,0,"[10.8125, 11.1875, 10.9375, 10.9375]"
False,7729,0,33192,2,"[11.125, 11.0, 10.9375, 10.9375]"
False,7730,3,33200,0,"[10.9375, 11.0, 11.0, 11.0]"
False,7731,1,33209,3,"[11.0, 10.9375, 11.0, 10.875]"
False,7732,3,33220,1,"[11.0625, 10.9375, 11.0625, 11.0]"
False,7733,0,33226,3,"[11.0, 10.9375, 11.1875, 10.875]"
False,7734,0,33231,1,"[11.0625, 10.9375, 10.9375, 11.0625]"
False,7735,2,33246,0,"[11.0625, 11.125, 11.1875, 11.1875]"
True,7736,2,33252,2,"[11.0, 11.0625, 10.9375, 11.0625]"
False,7737,3,33256,2,"[11.0, 10.875, 10.75, 11.0]"
False,7738,1,33274,0,"[10.9375, 11.125, 11.125, 11.125]"
True,7739,2,33286,2,"[11.0, 11.0, 10.875, 11.1875]"
True,7740,3,33298,3,"[11.0625, 11.0625, 11.0625, 10.9375]"
False,7741,1,33303,0,"[10.9375, 10.9375, 11.125, 11.0]"
False,7742,0,33305,1,"[11.0625, 11.0, 11.0625, 11.125]"
False,7743,3,33307,1,"[10.875, 10.8125, 10.9375, 11.0625]"
True,7744,0,33310,0,"[10.875, 11.1875, 10.875, 10.875]"
False,7745,3,33316,1,"[11.125, 11.0, 11.1875, 11.0625]"
False,7746,3,33325,2,"[11.0625, 11.125, 10.9375, 11.0625]"
True,7747,3,33329,3,"[11.0, 11.1875, 11.125, 10.9375]"
True,7748,2,33350,2,"[11.0625, 11.0, 10.9375, 11.0625]"
False,7749,1,33364,0,"[11.0, 11.125, 11.125, 11.0]"
False,7750,0,33393,3,"[10.875, 11.0, 11.0625, 10.8125]"
False,7751,3,33395,0,"[11.0, 11.0625, 11.0625, 11.0625]"
False,7752,2,33396,1,"[11.0625, 10.875, 10.875, 11.125]"
False,7753,2,33404,3,"[11.125, 11.0, 11.125, 10.9375]"
False,7754,2,33407,3,"[11.0, 11.125, 11.0625, 10.8125]"
False,7755,2,33409,1,"[11.0625, 10.75, 10.875, 11.0625]"
False,7756,2,33410,0,"[11.0625, 11.125, 11.0625, 11.0625]"
False,7757,2,33412,0,"[11.0, 11.125, 11.125, 11.0625]"
False,7758,0,33429,1,"[11.0, 10.9375, 11.125, 11.0]"
False,7759,2,33435,1,"[11.0, 10.9375, 11.1875, 11.0]"
False,7760,1,33438,0,"[10.875, 10.9375, 11.0625, 10.9375]"
False,7761,3,33441,2,"[11.0625, 10.9375, 10.875, 10.9375]"
False,7762,0,33470,3,"[11.0625, 11.0625, 11.1875, 10.9375]"
False,7763,1,33480,0,"[11.0625, 11.125, 11.0625, 11.125]"
False,7764,3,33485,0,"[10.9375, 11.0, 11.0625, 11.0]"
True,7765,0,33496,0,"[10.9375, 11.0, 10.9375, 11.0625]"
False,7766,2,33501,0,"[10.9375, 11.0, 11.25, 11.25]"
False,7767,1,33504,0,"[10.875, 11.125, 11.0, 11.0]"
False,7768,3,33511,1,"[11.0, 10.9375, 11.125, 11.0625]"
True,7769,0,33517,0,"[10.9375, 11.0, 11.0, 10.9375]"
False,7770,3,33519,2,"[11.0, 11.0, 10.9375, 11.0]"
False,7771,2,33529,0,"[11.0625, 11.0625, 11.0625, 11.125]"
True,7772,0,33530,0,"[11.0, 11.0625, 11.125, 11.0]"
False,7773,3,33536,0,"[10.8125, 11.0625, 11.1875, 11.0]"
False,7774,3,33542,1,"[10.9375, 10.8125, 10.9375, 11.0625]"
False,7775,2,33555,0,"[10.875, 10.9375, 11.0625, 11.0]"
False,7776,2,33556,0,"[10.9375, 11.0625, 11.3125, 11.0]"
False,7777,2,33561,0,"[10.9375, 11.125, 11.0, 10.9375]"
True,7778,1,33563,1,"[11.0, 10.9375, 11.1875, 11.0625]"
False,7779,1,33565,0,"[11.0625, 11.0625, 11.125, 11.0625]"
False,7780,3,33566,2,"[11.0, 10.9375, 10.8125, 11.0625]"
False,7781,0,33568,3,"[10.9375, 11.0625, 11.0, 10.875]"
True,7782,1,33573,1,"[11.0625, 11.0, 11.1875, 11.125]"
True,7783,0,33593,0,"[11.0, 11.0, 11.0625, 11.0]"
False,7784,2,33601,1,"[11.0625, 11.0, 11.0625, 11.0625]"
False,7785,2,33638,0,"[10.875, 11.0625, 10.9375, 11.0]"
False,7786,2,33641,0,"[10.9375, 11.0, 11.0, 10.9375]"
False,7787,1,33646,3,"[11.125, 10.9375, 10.9375, 10.75]"
False,7788,2,33647,3,"[11.0625, 11.0625, 11.0625, 10.9375]"
False,7789,1,33663,3,"[11.0, 11.125, 11.1875, 10.9375]"
False,7790,2,33669,0,"[10.9375, 11.0625, 11.0625, 11.0]"
True,7791,0,33673,0,"[10.9375, 10.9375, 11.0, 11.0]"
False,7792,2,33677,0,"[10.875, 11.0, 11.0, 11.1875]"
False,7793,2,33678,1,"[11.0, 10.9375, 11.125, 11.1875]"
False,7794,0,33682,2,"[11.125, 11.125, 10.9375, 11.125]"
True,7795,1,33713,1,"[11.0625, 11.0, 11.0, 11.0]"
True,7796,0,33714,0,"[11.0, 11.125, 11.125, 11.0625]"
False,7797,0,33716,3,"[11.0, 11.0625, 11.0, 10.9375]"
False,7798,1,33731,2,"[10.9375, 11.0, 10.8125, 11.0]"
False,7799,3,33736,1,"[11.0, 10.9375, 10.9375, 11.125]"
True,7800,2,33742,2,"[11.125, 11.125, 11.0, 11.0]"
False,7801,1,33748,0,"[11.0, 11.0, 11.0, 11.0]"
False,7802,3,33761,2,"[11.1875, 11.125, 11.0, 11.1875]"
True,7803,2,33767,2,"[11.0625, 11.125, 11.0, 11.0625]"
False,7804,0,33776,1,"[11.125, 11.0, 11.0625, 11.25]"
False,7805,1,33784,3,"[11.125, 11.0, 11.0625, 10.9375]"
False,7806,3,33787,1,"[11.0, 10.8125, 11.0, 11.0]"
False,7807,1,33802,0,"[10.875, 11.0, 11.0, 10.9375]"
True,7808,0,33813,0,"[11.0625, 11.0625, 11.1875, 11.125]"
False,7809,0,33822,1,"[11.0, 10.9375, 11.25, 11.0625]"
True,7810,1,33830,1,"[11.0625, 10.9375, 11.0, 10.9375]"
False,7811,1,33835,0,"[10.9375, 11.0, 11.125, 11.0]"
True,7812,0,33842,0,"[11.0625, 11.0625, 11.125, 11.0625]"
False,7813,0,33844,3,"[11.0625, 11.0625, 11.125, 11.0]"
False,7814,2,33855,3,"[11.0, 11.125, 11.0, 10.875]"
False,7815,2,33856,1,"[11.0, 10.9375, 10.9375, 11.0625]"
False,7816,2,33867,0,"[11.0, 11.0625, 11.0, 11.125]"
True,7817,0,33896,0,"[10.75, 11.0625, 10.9375, 10.9375]"
True,7818,1,33897,1,"[11.125, 11.0, 11.125, 11.0625]"
True,7819,3,33900,3,"[11.0625, 10.9375, 10.875, 10.8125]"
False,7820,1,33906,3,"[11.125, 11.1875, 11.0625, 11.0]"
True,7821,0,33914,0,"[11.0625, 11.125, 11.25, 11.125]"
False,7822,0,33915,2,"[11.125, 11.0625, 11.0, 11.1875]"
True,7823,0,33923,0,"[10.8125, 11.0, 11.0, 11.0625]"
False,7824,3,33929,1,"[11.0, 10.8125, 10.9375, 11.0]"
False,7825,1,33935,0,"[10.9375, 11.0625, 10.9375, 10.9375]"
False,7826,3,33939,0,"[10.875, 11.0, 11.0625, 11.125]"
False,7827,1,33945,0,"[11.0, 11.1875, 11.0, 11.0625]"
False,7828,0,33956,1,"[11.0625, 10.9375, 11.0625, 10.9375]"
False,7829,3,33959,1,"[10.9375, 10.8125, 11.0625, 11.0625]"
False,7830,2,33964,0,"[10.8125, 11.125, 10.875, 10.9375]"
True,7831,0,33991,0,"[10.9375, 11.0625, 11.0625, 11.0625]"
False,7832,0,34002,2,"[11.1875, 11.125, 11.0625, 11.1875]"
False,7833,3,34018,0,"[10.8125, 11.125, 11.0625, 11.0625]"
False,7834,2,34019,1,"[11.0625, 11.0, 11.125, 11.0625]"
False,7835,1,34024,3,"[11.0, 11.0625, 11.0625, 10.9375]"
True,7836,1,34029,1,"[11.125, 10.875, 11.25, 11.1875]"
True,7837,2,34030,2,"[11.125, 11.125, 10.9375, 11.0]"
False,7838,1,34049,2,"[10.9375, 11.0625, 10.875, 11.0]"
False,7839,3,34051,1,"[10.9375, 10.875, 10.9375, 11.0]"
False,7840,0,34052,3,"[11.0, 11.0625, 11.0625, 10.8125]"
True,7841,2,34061,2,"[11.0625, 11.1875, 11.0, 11.125]"
False,7842,2,34063,3,"[11.1875, 11.1875, 11.125, 11.0625]"
False,7843,1,34064,3,"[11.0625, 11.0625, 11.125, 10.9375]"
False,7844,1,34066,3,"[11.1875, 11.125, 11.1875, 11.0625]"
False,7845,1,34068,0,"[10.875, 10.9375, 11.0625, 10.9375]"
False,7846,0,34069,1,"[11.0, 10.9375, 11.0, 11.1875]"
False,7847,0,34072,1,"[11.0625, 10.9375, 11.0, 11.0]"
False,7848,3,34074,2,"[11.0, 11.0625, 10.9375, 11.0625]"
True,7849,3,34087,3,"[11.0, 11.0, 11.0, 10.875]"
False,7850,3,34092,0,"[10.9375, 10.9375, 11.125, 11.0625]"
True,7851,2,34094,2,"[11.125, 11.125, 11.0, 11.0625]"
False,7852,1,34097,3,"[11.0625, 11.0625, 11.0625, 11.0]"
False,7853,2,34103,0,"[10.9375, 11.0, 11.1875, 11.125]"
True,7854,0,34106,0,"[10.9375, 11.0, 11.125, 11.0]"
False,7855,3,34107,2,"[11.0, 11.0, 10.9375, 11.0]"
False,7856,0,34109,3,"[11.0625, 11.0, 11.0625, 10.9375]"
False,7857,0,34111,1,"[10.9375, 10.875, 11.0, 11.0625]"
True,7858,0,34122,0,"[10.9375, 11.0, 11.0625, 11.0]"
False,7859,2,34125,3,"[11.0625, 11.125, 11.1875, 10.9375]"
False,7860,2,34127,0,"[11.0, 11.0, 11.0625, 11.0625]"
False,7861,0,34129,1,"[11.125, 11.0, 11.1875, 11.0]"
False,7862,2,34136,0,"[10.9375, 10.9375, 10.9375, 11.0625]"
False,7863,3,34138,2,"[11.0, 11.0625, 10.9375, 11.0]"
False,7864,2,34140,0,"[10.875, 11.0, 10.9375, 11.0625]"
True,7865,1,34152,1,"[11.125, 10.9375, 10.9375, 10.9375]"
False,7866,1,34154,0,"[11.0, 11.125, 11.1875, 11.0625]"
True,7867,3,34173,3,"[11.0, 11.0, 11.0, 10.9375]"
True,7868,0,34179,0,"[10.875, 10.9375, 10.875, 11.0625]"
False,7869,3,34183,0,"[10.875, 11.0625, 10.9375, 11.125]"
False,7870,1,34203,2,"[11.0, 11.0, 10.9375, 11.0]"
True,7871,2,34210,2,"[11.0625, 11.0625, 10.8125, 11.0]"
False,7872,0,34218,1,"[11.0, 10.9375, 10.9375, 11.0625]"
True,7873,2,34223,2,"[10.9375, 10.9375, 10.875, 10.9375]"
True,7874,3,34232,3,"[11.0625, 11.0625, 11.1875, 10.9375]"
True,7875,1,34241,1,"[11.0, 10.875, 10.875, 10.875]"
False,7876,2,34245,0,"[11.0, 11.125, 11.0625, 11.125]"
False,7877,3,34255,1,"[11.125, 11.0625, 11.0625, 11.3125]"
False,7878,1,34261,2,"[11.0625, 11.125, 11.0, 11.125]"
True,7879,0,34263,0,"[11.0, 11.0, 11.125, 11.0]"
True,7880,2,34266,2,"[11.0, 11.0, 10.9375, 10.9375]"
True,7881,1,34268,1,"[10.9375, 10.875, 11.0, 10.9375]"
False,7882,1,34272,2,"[11.0625, 11.125, 11.0, 11.1875]"
False,7883,2,34292,0,"[11.0, 11.0625, 11.0, 11.125]"
False,7884,2,34297,0,"[10.8125, 10.9375, 11.0625, 10.875]"
False,7885,0,34302,3,"[10.9375, 10.9375, 11.0, 10.8125]"
True,7886,1,34306,1,"[11.0625, 10.9375, 11.0625, 11.0]"
False,7887,3,34316,0,"[10.875, 11.125, 11.0, 11.0]"
True,7888,0,34320,0,"[10.875, 11.0, 11.0, 11.125]"
True,7889,0,34334,0,"[10.9375, 11.0, 11.0625, 11.125]"
False,7890,2,34348,0,"[10.9375, 11.125, 11.0, 10.9375]"
False,7891,1,34350,2,"[11.0, 11.1875, 10.875, 11.125]"
True,7892,3,34355,3,"[11.25, 11.125, 11.125, 11.0625]"
False,7893,1,34370,3,"[11.1875, 11.0625, 11.0, 10.875]"
False,7894,0,34376,1,"[11.0, 10.9375, 11.0625, 11.1875]"
True,7895,1,34380,1,"[11.0625, 11.0, 11.0625, 11.0625]"
True,7896,0,34414,0,"[10.875, 11.125, 11.0, 11.0625]"
True,7897,0,34416,0,"[11.0, 11.0625, 11.0, 11.0]"
False,7898,3,34422,2,"[11.0625, 11.0625, 10.9375, 11.0625]"
True,7899,3,34446,3,"[10.9375, 11.0, 11.0625, 10.875]"
False,7900,2,34452,0,"[10.875, 11.0625, 11.0, 10.9375]"
False,7901,2,34497,3,"[11.0625, 11.1875, 11.125, 11.0]"
False,7902,3,34499,1,"[10.9375, 10.875, 10.9375, 11.125]"
True,7903,0,34502,0,"[11.0625, 11.0625, 11.0625, 11.0625]"
False,7904,1,34506,0,"[10.875, 11.125, 11.0625, 10.9375]"
False,7905,1,34532,0,"[10.9375, 11.0, 10.9375, 11.0625]"
False,7906,3,34538,1,"[11.0625, 10.9375, 10.9375, 11.0]"
False,7907,2,34565,1,"[11.0625, 10.9375, 11.0625, 11.125]"
False,7908,0,34568,1,"[10.9375, 10.8125, 11.0, 11.0625]"
False,7909,0,34571,1,"[11.0, 10.9375, 10.9375, 11.0625]"
True,7910,1,34572,1,"[10.9375, 10.875, 11.0, 11.0625]"
True,7911,0,34575,0,"[11.0, 11.0, 11.0, 11.0625]"
True,7912,1,34580,1,"[11.0625, 10.9375, 11.0, 11.0]"
False,7913,2,34584,1,"[11.125, 11.0, 11.125, 11.0625]"
True,7914,1,34597,1,"[11.0625, 10.9375, 10.9375, 11.0]"
False,7915,0,34598,1,"[11.0, 10.9375, 11.0, 11.125]"
False,7916,3,34599,1,"[10.875, 10.75, 11.1875, 10.8125]"
False,7917,2,34602,3,"[11.0, 11.0625, 11.0625, 10.9375]"
False,7918,0,34610,1,"[11.0, 10.9375, 11.0, 11.0]"
False,7919,0,34641,1,"[11.125, 10.9375, 11.125, 11.1875]"
True,7920,2,34645,2,"[11.125, 11.1875, 10.875, 11.1875]"
False,7921,0,34655,2,"[11.0625, 11.125, 11.0, 11.25]"
False,7922,0,34658,2,"[11.1875, 11.0625, 11.0, 11.25]"
False,7923,0,34664,1,"[11.125, 11.0, 11.0625, 11.0625]"
True,7924,0,34666,0,"[11.0, 11.1875, 11.125, 11.0625]"
False,7925,3,34670,0,"[11.0, 11.0, 11.125, 11.0]"
False,7926,3,34679,2,"[11.0, 11.0, 10.9375, 11.125]"
True,7927,3,34680,3,"[11.125, 11.125, 11.125, 11.0625]"
False,7928,2,34687,3,"[11.0625, 11.0, 11.0625, 10.9375]"
False,7929,2,34690,3,"[11.1875, 11.125, 11.125, 10.8125]"
False,7930,2,34699,0,"[11.0, 11.0, 11.0625, 11.125]"
False,7931,3,34704,2,"[11.125, 11.0, 10.9375, 11.0]"
False,7932,1,34710,3,"[11.0, 11.0, 11.0625, 10.9375]"
True,7933,0,34712,0,"[11.0, 11.0625, 11.125, 11.0625]"
False,7934,2,34715,3,"[11.125, 11.125, 11.125, 10.9375]"
False,7935,1,34721,3,"[11.0625, 11.0, 11.0, 10.8125]"
False,7936,1,34728,2,"[11.0, 11.0, 10.8125, 11.0]"
False,7937,2,34729,3,"[11.0, 11.125, 11.0, 10.9375]"
True,7938,3,34735,3,"[11.0625, 11.0, 10.9375, 10.875]"
False,7939,1,34754,3,"[11.125, 11.0, 11.1875, 10.9375]"
False,7940,2,34766,0,"[11.0, 11.125, 11.0625, 11.0]"
False,7941,0,34773,3,"[11.0, 10.9375, 10.9375, 10.75]"
True,7942,3,34778,3,"[11.1875, 11.125, 11.1875, 11.0]"
False,7943,2,34789,0,"[11.0, 11.0625, 11.0625, 11.0625]"
False,7944,3,34790,0,"[11.0, 11.0625, 11.1875, 11.125]"
True,7945,0,34797,0,"[10.875, 11.0625, 11.0625, 11.0]"
False,7946,2,34803,1,"[11.125, 10.9375, 11.0, 11.0]"
False,7947,2,34804,0,"[11.0625, 11.0625, 11.0625, 11.25]"
True,7948,3,34811,3,"[11.125, 11.0625, 11.125, 10.9375]"
False,7949,3,34815,1,"[11.125, 10.9375, 10.9375, 11.0]"
False,7950,0,34817,2,"[11.125, 11.0625, 11.0, 11.1875]"
False,7951,3,34823,0,"[10.9375, 11.0, 11.0625, 10.9375]"
False,7952,1,34831,3,"[11.125, 11.0625, 11.0, 10.875]"
False,7953,2,34834,1,"[11.0625, 10.9375, 11.0, 11.0625]"
True,7954,1,34849,1,"[11.1875, 10.9375, 11.0625, 11.0]"
False,7955,1,34856,0,"[10.8125, 11.0, 10.9375, 11.0]"
False,7956,2,34863,3,"[11.0, 11.0625, 11.0, 10.8125]"
True,7957,3,34876,3,"[11.125, 10.9375, 11.0, 10.875]"
True,7958,0,34880,0,"[10.875, 11.125, 10.875, 11.0625]"
True,7959,0,34898,0,"[11.0625, 11.0625, 11.125, 11.1875]"
False,7960,0,34900,3,"[11.1875, 11.125, 11.0, 10.75]"
False,7961,3,34913,2,"[11.125, 11.125, 11.0, 11.0625]"
False,7962,1,34921,0,"[10.9375, 11.0625, 11.1875, 11.0]"
False,7963,1,34922,2,"[11.0625, 10.9375, 10.875, 11.125]"
False,7964,1,34925,0,"[10.9375, 11.0, 11.0, 11.0]"
True,7965,2,34936,2,"[11.0, 11.0, 10.9375, 11.0]"
False,7966,2,34937,0,"[11.0625, 11.125, 11.0625, 11.0625]"
False,7967,3,34940,1,"[11.0625, 10.9375, 11.0, 11.125]"
True,7968,0,34942,0,"[10.875, 11.0, 10.9375, 10.9375]"
False,7969,1,34953,3,"[11.0625, 11.1875, 11.0625, 10.9375]"
False,7970,2,34957,0,"[10.875, 11.0, 11.0625, 10.875]"
False,7971,1,34963,0,"[10.875, 11.0, 10.9375, 10.9375]"
False,7972,1,34981,0,"[10.9375, 11.0, 11.0625, 11.125]"
False,7973,1,34982,2,"[11.125, 11.0625, 11.0, 11.0625]"
False,7974,1,34993,0,"[11.0, 11.1875, 11.0, 11.125]"
False,7975,0,35010,2,"[11.125, 11.125, 11.0625, 11.0625]"
False,7976,3,35017,2,"[11.0625, 11.0625, 11.0, 11.0625]"
False,7977,3,35033,2,"[11.0, 11.0, 10.9375, 11.125]"
False,7978,3,35035,0,"[10.9375, 11.0, 10.9375, 11.0625]"
False,7979,0,35044,1,"[11.0, 10.875, 11.0, 11.0]"
False,7980,3,35059,0,"[10.75, 11.25, 11.0625, 11.0]"
True,7981,0,35087,0,"[11.0, 11.125, 11.0, 11.0]"
False,7982,0,35095,3,"[11.0625, 11.0, 11.0625, 10.9375]"
False,7983,1,35096,0,"[10.9375, 10.9375, 11.125, 11.0625]"
False,7984,3,35117,0,"[10.9375, 11.0, 10.9375, 10.9375]"
False,7985,1,35130,0,"[10.9375, 10.9375, 11.0, 11.0625]"
False,7986,2,35132,1,"[11.0625, 10.9375, 11.125, 10.9375]"
False,7987,0,35133,2,"[11.3125, 11.125, 11.0, 11.1875]"
False,7988,2,35149,3,"[11.0625, 11.0625, 11.125, 10.875]"
False,7989,1,35156,0,"[10.9375, 11.0625, 11.0, 11.0625]"
False,7990,1,35157,2,"[11.125, 11.0625, 11.0, 11.1875]"
False,7991,2,35162,0,"[10.9375, 11.125, 11.0, 11.125]"
False,7992,3,35163,2,"[11.0, 10.875, 10.8125, 11.0]"
True,7993,0,35165,0,"[11.0, 11.0, 11.0625, 11.0]"
False,7994,0,35169,3,"[11.0625, 11.0625, 11.0625, 10.875]"
False,7995,0,35173,3,"[11.0, 11.125, 11.0, 10.875]"
False,7996,2,35182,3,"[11.125, 11.125, 11.0, 10.875]"
True,7997,0,35187,0,"[10.9375, 11.0625, 11.0625, 10.9375]"
False,7998,3,35188,0,"[11.0625, 11.0625, 11.0625, 11.0625]"
False,7999,3,35194,2,"[11.125, 11.0625, 11.0, 11.0]"
False,8000,2,35203,0,"[10.9375, 11.0, 11.125, 11.0625]"
False,8001,2,35208,1,"[11.0, 10.875, 10.875, 11.0625]"
True,8002,0,35212,0,"[10.9375, 10.9375, 10.9375, 11.0]"
False,8003,0,35218,3,"[11.0, 11.125, 11.0625, 10.875]"
False,8004,3,35229,0,"[10.9375, 11.0, 11.0625, 11.0]"
True,8005,0,35232,0,"[11.0, 11.1875, 11.0625, 11.1875]"
True,8006,2,35235,2,"[11.0625, 11.0625, 10.9375, 11.0625]"
False,8007,3,35239,2,"[11.125, 11.125, 10.9375, 10.9375]"
True,8008,0,35241,0,"[11.0, 11.0625, 11.1875, 11.0]"
False,8009,1,35254,2,"[11.125, 11.125, 11.0, 11.0625]"
False,8010,2,35271,3,"[11.125, 11.1875, 10.9375, 10.875]"
False,8011,1,35292,2,"[11.125, 11.0, 10.9375, 11.0]"
True,8012,1,35300,1,"[11.125, 11.0, 11.125, 11.0]"
True,8013,1,35315,1,"[10.9375, 10.875, 11.0, 10.9375]"
False,8014,1,35323,0,"[10.875, 10.9375, 11.125, 11.0625]"
False,8015,0,35335,3,"[11.0, 11.0, 11.125, 10.9375]"
False,8016,3,35336,2,"[11.0, 11.0, 10.9375, 11.0]"
False,8017,0,35360,1,"[10.9375, 10.875, 11.0, 10.9375]"
True,8018,2,35362,2,"[11.0625, 10.9375, 10.75, 11.0625]"
True,8019,0,35379,0,"[10.9375, 11.0, 10.9375, 10.9375]"
True,8020,0,35380,0,"[11.0, 11.0625, 11.0, 11.0]"
True,8021,2,35387,2,"[11.0625, 11.0625, 11.0, 11.0625]"
False,8022,2,35392,3,"[11.125, 11.1875, 11.0625, 10.9375]"
False,8023,1,35396,3,"[10.9375, 10.9375, 10.9375, 10.875]"
True,8024,3,35402,3,"[11.125, 11.0, 11.125, 10.9375]"
False,8025,0,35403,2,"[11.0625, 11.0625, 11.0, 11.0]"
True,8026,3,35413,3,"[10.9375, 11.0625, 11.0625, 10.875]"
False,8027,0,35418,2,"[10.9375, 10.9375, 10.625, 11.0]"
False,8028,3,35423,1,"[11.0625, 11.0, 11.0625, 11.125]"
False,8029,3,35425,0,"[10.875, 11.125, 10.875, 10.875]"
True,8030,0,35429,0,"[10.9375, 11.0625, 11.0, 11.0625]"
False,8031,1,35453,3,"[10.9375, 11.0, 11.125, 10.75]"
True,8032,0,35455,0,"[10.9375, 11.0, 11.0625, 11.125]"
False,8033,3,35456,0,"[10.9375, 11.0625, 11.0625, 11.0]"
False,8034,3,35466,0,"[10.875, 10.875, 10.875, 10.9375]"
False,8035,3,35476,2,"[11.3125, 11.125, 11.0, 11.125]"
False,8036,0,35477,3,"[11.25, 11.125, 11.0625, 11.0]"
False,8037,2,35479,3,"[11.0625, 11.0625, 11.0, 10.875]"
False,8038,2,35496,1,"[11.125, 11.0625, 11.1875, 11.0625]"
False,8039,2,35502,1,"[11.0, 10.8125, 10.9375, 10.9375]"
False,8040,3,35503,2,"[11.0, 11.0625, 10.9375, 10.9375]"
True,8041,3,35528,3,"[11.125, 11.0625, 11.0625, 10.9375]"
True,8042,2,35533,2,"[11.1875, 11.0625, 10.9375, 11.125]"
False,8043,3,35566,2,"[10.9375, 11.0625, 10.875, 11.0]"
True,8044,3,35572,3,"[11.0, 11.0625, 11.0, 10.9375]"
True,8045,0,35576,0,"[11.0, 11.0, 11.125, 11.0]"
False,8046,1,35581,0,"[10.75, 11.125, 10.9375, 10.9375]"
False,8047,3,35583,1,"[11.0, 10.9375, 10.9375, 10.9375]"
False,8048,2,35591,0,"[11.0, 11.125, 11.25, 11.1875]"
False,8049,3,35592,1,"[11.125, 10.9375, 11.0, 11.125]"
False,8050,1,35597,0,"[11.0, 11.0, 11.0, 11.125]"
False,8051,1,35598,0,"[11.0, 11.0, 11.0625, 11.0]"
True,8052,0,35602,0,"[10.875, 11.125, 11.125, 11.1875]"
False,8053,0,35612,1,"[11.0625, 10.9375, 11.125, 11.0]"
False,8054,3,35639,0,"[10.875, 11.0, 11.0, 11.0]"
True,8055,1,35652,1,"[11.0, 10.9375, 11.125, 10.9375]"
False,8056,0,35655,2,"[11.0625, 11.0, 10.9375, 11.0625]"
False,8057,2,35656,0,"[11.0, 11.0, 11.0, 11.0]"
False,8058,3,35661,2,"[11.0, 11.0, 10.875, 11.1875]"
True,8059,3,35662,3,"[11.0625, 11.0625, 11.0, 10.875]"
False,8060,2,35666,0,"[10.875, 10.9375, 10.9375, 10.9375]"
False,8061,1,35679,2,"[11.0, 11.125, 10.9375, 11.1875]"
False,8062,3,35685,2,"[11.125, 11.0625, 10.9375, 11.0]"
False,8063,2,35690,0,"[10.875, 10.9375, 11.0625, 10.9375]"
False,8064,0,35691,2,"[11.0625, 11.125, 10.875, 10.9375]"
False,8065,1,35694,3,"[11.0625, 11.125, 11.0625, 10.9375]"
False,8066,3,35695,0,"[11.0625, 11.1875, 11.0625, 11.125]"
False,8067,3,35700,1,"[11.0625, 11.0, 11.0625, 11.0625]"
False,8068,0,35703,3,"[11.0625, 11.125, 11.0625, 10.9375]"
False,8069,3,35705,1,"[11.0625, 10.9375, 11.0625, 11.0]"
False,8070,1,35707,2,"[11.0625, 11.0, 10.75, 10.875]"
False,8071,1,35709,3,"[11.0, 11.0625, 11.1875, 10.9375]"
False,8072,3,35710,0,"[10.875, 11.0625, 11.0, 11.0]"
False,8073,3,35734,0,"[11.0, 11.0, 11.0, 11.0625]"
False,8074,2,35735,1,"[11.0, 10.9375, 11.0, 11.0625]"
False,8075,3,35739,0,"[11.0625, 11.125, 11.125, 11.0625]"
False,8076,1,35745,0,"[10.8125, 11.0, 10.9375, 11.125]"
False,8077,3,35749,2,"[11.125, 11.125, 11.0, 11.0]"
False,8078,2,35761,1,"[11.1875, 11.0625, 11.0625, 11.125]"
False,8079,2,35766,0,"[11.0, 11.125, 11.125, 11.125]"
True,8080,2,35787,2,"[11.0, 11.125, 10.9375, 11.0625]"
False,8081,0,35789,2,"[10.9375, 10.9375, 10.875, 11.0]"
False,8082,2,35792,0,"[10.9375, 11.0, 11.125, 11.0625]"
False,8083,1,35794,0,"[10.9375, 11.0, 11.125, 11.0]"
False,8084,2,35798,0,"[11.0, 11.0625, 11.1875, 11.0]"
False,8085,1,35799,3,"[11.0, 11.125, 11.0, 10.875]"
False,8086,0,35818,3,"[11.125, 11.0625, 11.0625, 10.9375]"
False,8087,0,35821,3,"[11.0625, 11.0625, 11.125, 10.9375]"
False,8088,1,35822,3,"[11.0, 11.125, 11.125, 10.9375]"
True,8089,2,35833,2,"[11.0625, 11.125, 10.9375, 11.0625]"
False,8090,1,35839,0,"[11.0625, 11.0625, 11.0625, 11.1875]"
False,8091,3,35848,2,"[11.0625, 11.125, 10.9375, 11.0625]"
False,8092,1,35849,3,"[11.0, 11.0, 11.0, 10.75]"
False,8093,3,35850,1,"[11.0625, 10.9375, 11.0625, 11.0]"
True,8094,1,35851,1,"[11.125, 10.8125, 10.875, 11.0625]"
False,8095,1,35853,0,"[10.9375, 10.9375, 11.1875, 11.0]"
False,8096,1,35863,2,"[11.0625, 11.125, 10.875, 11.0625]"
False,8097,3,35869,1,"[11.0625, 10.875, 11.0, 10.875]"
True,8098,2,35870,2,"[11.0, 11.0625, 10.9375, 11.1875]"
False,8099,0,35875,1,"[11.0625, 10.9375, 10.9375, 11.0625]"
False,8100,1,35878,3,"[11.1875, 10.9375, 11.125, 10.875]"
False,8101,0,35879,3,"[11.0, 11.125, 11.0, 10.875]"
True,8102,0,35880,0,"[10.9375, 11.0625, 11.0, 10.9375]"
False,8103,1,35890,0,"[10.875, 11.0, 10.9375, 11.0]"
False,8104,0,35911,1,"[11.0, 10.9375, 10.9375, 11.0]"
False,8105,0,35915,2,"[11.1875, 10.9375, 10.875, 11.0]"
True,8106,0,35916,0,"[10.8125, 11.0625, 10.8125, 11.0625]"
True,8107,1,35919,1,"[11.1875, 11.0, 11.0, 11.0]"
False,8108,3,35921,1,"[11.125, 10.9375, 10.9375, 11.125]"
False,8109,0,35928,3,"[11.0, 11.0, 11.0625, 10.9375]"
False,8110,2,35938,0,"[10.9375, 11.0, 11.0, 10.9375]"
False,8111,3,35941,1,"[11.125, 10.8125, 10.875, 10.9375]"
False,8112,1,35942,0,"[10.9375, 10.9375, 11.125, 11.0]"
False,8113,2,35943,1,"[11.0625, 11.0, 11.125, 11.0]"
False,8114,0,35952,2,"[11.125, 11.0625, 10.9375, 11.0625]"
True,8115,0,35957,0,"[10.9375, 11.0625, 11.0, 11.0]"
False,8116,3,35958,0,"[10.875, 10.9375, 10.9375, 11.0625]"
False,8117,1,35965,0,"[10.9375, 11.0, 11.0625, 11.0625]"
False,8118,1,35972,0,"[10.9375, 11.125, 11.0, 11.25]"
False,8119,3,35975,1,"[11.0, 10.875, 11.0625, 10.9375]"
False,8120,2,35980,3,"[11.1875, 11.1875, 11.125, 11.0625]"
False,8121,0,35981,1,"[10.9375, 10.875, 11.125, 10.875]"
False,8122,3,35983,2,"[11.0, 11.0, 10.875, 11.0625]"
False,8123,0,35998,3,"[11.125, 11.125, 11.1875, 10.9375]"
True,8124,0,36004,0,"[10.9375, 11.1875, 11.0625, 11.125]"
False,8125,0,36005,3,"[11.0625, 10.9375, 11.0, 10.875]"
False,8126,0,36009,1,"[11.0625, 11.0, 11.1875, 11.0]"
False,8127,0,36010,1,"[11.0, 10.875, 11.0625, 11.0625]"
True,8128,0,36027,0,"[10.875, 11.125, 11.125, 11.0625]"
False,8129,2,36029,0,"[11.0, 11.0625, 11.125, 11.0625]"
False,8130,1,36031,2,"[11.0625, 11.3125, 10.9375, 11.0]"
False,8131,3,36036,1,"[10.9375, 10.8125, 11.0, 11.0]"
False,8132,1,36046,0,"[11.0, 11.0, 11.25, 11.0]"
True,8133,0,36056,0,"[10.9375, 11.25, 11.125, 11.1875]"
False,8134,0,36059,1,"[11.125, 10.9375, 11.0625, 11.0]"
False,8135,3,36066,0,"[11.0, 11.125, 11.125, 11.0625]"
False,8136,0,36087,1,"[11.0625, 11.0, 11.0, 11.0]"
False,8137,3,36089,2,"[11.0625, 11.125, 11.0, 11.0]"
False,8138,1,36101,0,"[10.8125, 11.0625, 10.8125, 10.875]"
False,8139,0,36108,1,"[11.0625, 11.0, 11.125, 11.0625]"
True,8140,1,36109,1,"[11.0625, 11.0, 11.0, 11.0]"
False,8141,1,36115,0,"[10.9375, 10.9375, 11.0625, 11.0625]"
True,8142,3,36116,3,"[11.125, 11.125, 11.125, 11.0625]"
False,8143,1,36117,0,"[10.9375, 10.9375, 11.125, 10.9375]"
False,8144,3,36118,1,"[11.125, 10.875, 11.125, 10.9375]"
False,8145,0,36125,1,"[11.125, 11.0, 11.0625, 11.0]"
False,8146,2,36136,3,"[11.0625, 11.0, 11.0, 10.9375]"
False,8147,3,36145,0,"[10.9375, 11.125, 11.0, 11.0]"
False,8148,0,36148,1,"[11.125, 11.0, 11.0625, 11.0625]"
True,8149,0,36149,0,"[11.0, 11.125, 11.0, 11.0625]"
False,8150,3,36158,0,"[10.875, 11.125, 10.9375, 11.0625]"
False,8151,1,36161,3,"[11.0, 11.0, 10.9375, 10.875]"
False,8152,1,36164,0,"[11.0625, 11.125, 11.0625, 11.125]"
False,8153,0,36166,3,"[11.0625, 11.0625, 11.0, 10.9375]"
True,8154,2,36176,2,"[11.125, 11.125, 11.0, 11.0625]"
True,8155,0,36177,0,"[10.75, 11.0, 10.9375, 11.0]"
True,8156,2,36186,2,"[11.0625, 11.0, 10.9375, 11.0]"
False,8157,3,36187,1,"[11.0, 10.875, 11.0, 10.875]"
False,8158,1,36208,0,"[10.9375, 11.125, 10.9375, 11.0]"
False,8159,3,36214,1,"[11.125, 11.0, 11.0, 11.0]"
False,8160,0,36234,1,"[11.0, 10.8125, 11.0, 10.9375]"
False,8161,3,36238,0,"[10.9375, 11.125, 10.9375, 11.0]"
True,8162,1,36241,1,"[11.0625, 10.9375, 11.0, 11.0625]"
False,8163,0,36242,1,"[11.0, 10.875, 10.9375, 11.1875]"
False,8164,3,36247,1,"[11.0625, 11.0, 11.0, 11.1875]"
False,8165,0,36263,2,"[11.125, 11.0, 10.8125, 11.0625]"
True,8166,1,36265,1,"[11.0625, 10.875, 11.0, 10.9375]"
False,8167,3,36267,1,"[11.125, 10.9375, 11.0625, 11.125]"
False,8168,2,36275,0,"[10.875, 10.9375, 11.0625, 10.9375]"
False,8169,2,36276,1,"[11.0, 10.9375, 11.0, 11.0]"
False,8170,1,36283,3,"[11.0, 11.0625, 11.0625, 10.9375]"
False,8171,0,36315,1,"[11.0625, 11.0, 11.125, 11.0625]"
False,8172,2,36320,0,"[10.9375, 11.125, 11.0625, 11.1875]"
False,8173,3,36335,1,"[11.0625, 11.0, 11.125, 11.0]"
True,8174,1,36338,1,"[11.0625, 11.0, 11.1875, 11.125]"
False,8175,2,36346,3,"[11.0625, 11.0, 11.0, 10.875]"
True,8176,3,36347,3,"[11.0625, 11.125, 11.0625, 11.0]"
False,8177,1,36351,0,"[11.0, 11.0625, 11.0625, 11.0]"
False,8178,0,36353,3,"[11.0, 11.0625, 11.0, 10.9375]"
False,8179,2,36358,0,"[10.9375, 11.0625, 11.0, 11.0]"
False,8180,2,36360,1,"[11.0625, 10.875, 11.0, 11.0]"
True,8181,0,36368,0,"[11.0625, 11.25, 11.0625, 11.0625]"
False,8182,2,36374,3,"[11.0625, 11.0625, 11.0625, 10.9375]"
True,8183,3,36379,3,"[11.1875, 11.0, 11.0, 10.9375]"
False,8184,3,36387,1,"[11.0625, 10.9375, 11.0625, 11.0]"
True,8185,0,36389,0,"[10.8125, 10.875, 11.0625, 11.0625]"
False,8186,0,36400,2,"[10.9375, 11.0, 10.875, 10.9375]"
True,8187,0,36403,0,"[10.9375, 10.9375, 11.125, 11.0625]"
False,8188,2,36406,1,"[11.0, 10.875, 11.0625, 11.0]"
True,8189,2,36410,2,"[10.875, 11.0625, 10.75, 10.8125]"
True,8190,2,36440,2,"[11.125, 11.125, 11.0625, 11.125]"
False,8191,1,36448,3,"[11.0625, 11.0625, 11.125, 11.0]"
True,8192,2,36453,2,"[11.125, 11.0, 10.9375, 11.0625]"
False,8193,1,36471,2,"[11.0, 11.0, 10.9375, 11.125]"
False,8194,0,36480,1,"[11.1875, 11.0, 11.1875, 11.0]"
False,8195,0,36482,2,"[11.0625, 11.0625, 10.875, 10.9375]"
True,8196,0,36484,0,"[10.9375, 11.0625, 11.0625, 11.0]"
False,8197,2,36489,3,"[11.0625, 11.0625, 11.0625, 11.0]"
False,8198,2,36508,0,"[11.0, 11.125, 11.0, 11.0625]"
False,8199,2,36516,3,"[11.0625, 11.0625, 11.0, 10.9375]"
False,8200,3,36523,1,"[10.9375, 10.875, 10.875, 11.0625]"
True,8201,0,36525,0,"[11.125, 11.25, 11.125, 11.125]"
True,8202,0,36528,0,"[10.9375, 11.0625, 11.1875, 11.125]"
False,8203,1,36536,0,"[10.9375, 11.0, 10.9375, 11.0]"
False,8204,2,36537,3,"[11.125, 11.0, 11.0625, 10.9375]"
False,8205,1,36540,3,"[11.125, 11.0, 11.0, 10.875]"
False,8206,2,36554,0,"[10.875, 10.9375, 11.0625, 11.0]"
False,8207,1,36559,2,"[11.0625, 11.0625, 11.0, 11.0]"
True,8208,1,36582,1,"[11.1875, 10.8125, 11.0625, 10.875]"
True,8209,1,36587,1,"[11.1875, 10.9375, 11.125, 11.1875]"
False,8210,3,36610,2,"[10.9375, 10.9375, 10.875, 11.0]"
False,8211,0,36616,3,"[10.9375, 11.0, 11.0625, 10.875]"
False,8212,1,36628,0,"[11.0625, 11.125, 11.0625, 11.0625]"
True,8213,3,36633,3,"[11.0, 10.875, 10.9375, 10.8125]"
True,8214,0,36641,0,"[11.0625, 11.0625, 11.1875, 11.1875]"
True,8215,0,36644,0,"[10.9375, 11.1875, 11.0625, 11.0625]"
True,8216,1,36652,1,"[11.125, 10.8125, 11.0, 11.0]"
False,8217,2,36655,0,"[11.0, 11.125, 11.0625, 11.125]"
False,8218,1,36658,0,"[11.0, 11.0, 11.0, 11.25]"
True,8219,1,36659,1,"[11.0625, 10.9375, 11.0, 10.9375]"
True,8220,3,36665,3,"[11.0, 11.0, 11.0625, 10.9375]"
True,8221,0,36666,0,"[11.0, 11.125, 11.0, 11.25]"
False,8222,1,36671,2,"[11.0, 11.0, 10.9375, 10.9375]"
False,8223,1,36672,0,"[11.0, 11.0625, 11.0, 11.0625]"
False,8224,2,36681,0,"[10.9375, 11.0625, 10.9375, 11.125]"
True,8225,1,36686,1,"[11.0625, 10.9375, 11.125, 11.0625]"
True,8226,2,36692,2,"[11.0, 11.0, 10.9375, 11.125]"
False,8227,2,36698,3,"[11.125, 11.125, 11.0625, 10.875]"
False,8228,2,36703,3,"[11.0, 10.9375, 11.0625, 10.875]"
False,8229,3,36716,1,"[11.0625, 11.0, 11.0, 11.0]"
True,8230,3,36727,3,"[11.0, 11.0625, 10.9375, 10.875]"
False,8231,1,36733,3,"[11.0, 11.0, 11.0, 10.875]"
True,8232,1,36741,1,"[11.0, 10.875, 11.0, 11.0625]"
False,8233,1,36751,0,"[10.875, 10.9375, 10.875, 11.0625]"
False,8234,2,36761,0,"[10.9375, 10.9375, 11.0, 10.9375]"
False,8235,3,36763,0,"[11.125, 11.125, 11.125, 11.125]"
False,8236,1,36787,0,"[10.9375, 11.0625, 11.0625, 11.0625]"
False,8237,0,36792,3,"[10.9375, 11.0625, 10.9375, 10.875]"
False,8238,2,36798,1,"[11.0625, 10.875, 11.0625, 11.0]"
True,8239,3,36799,3,"[11.0625, 10.9375, 10.9375, 10.8125]"
False,8240,2,36806,1,"[11.0, 10.9375, 11.0, 11.0625]"
True,8241,1,36810,1,"[11.125, 10.9375, 11.0, 10.9375]"
False,8242,3,36821,1,"[11.125, 11.0, 11.0625, 11.0]"
False,8243,3,36822,0,"[11.0, 11.0, 11.125, 11.0]"
False,8244,0,36824,1,"[11.0625, 10.9375, 10.9375, 11.0]"
False,8245,2,36830,3,"[11.0625, 11.125, 11.125, 11.0]"
False,8246,3,36855,0,"[11.0625, 11.125, 11.125, 11.1875]"
True,8247,1,36870,1,"[11.0625, 11.0, 11.0, 11.0]"
False,8248,2,36871,3,"[11.0625, 11.0625, 11.0625, 11.0]"
False,8249,2,36886,0,"[10.8125, 11.0625, 10.8125, 11.0625]"
False,8250,2,36901,1,"[11.0625, 10.9375, 11.0, 10.9375]"
False,8251,3,36902,1,"[11.125, 11.0625, 11.25, 11.125]"
False,8252,3,36904,0,"[10.9375, 11.0625, 11.0625, 11.0]"
False,8253,2,36910,0,"[11.0625, 11.0625, 11.125, 11.0625]"
False,8254,0,36912,3,"[11.0, 11.125, 11.0, 10.875]"
False,8255,0,36917,2,"[10.875, 11.0, 10.8125, 10.9375]"
True,8256,2,36927,2,"[10.9375, 10.9375, 10.8125, 10.8125]"
False,8257,0,36928,3,"[11.0, 11.125, 10.9375, 10.875]"
False,8258,2,36935,1,"[11.0, 10.8125, 11.0625, 11.0625]"
False,8259,3,36956,1,"[11.25, 10.875, 11.125, 11.125]"
False,8260,2,36991,3,"[11.0, 11.0, 11.125, 10.9375]"
False,8261,1,36995,0,"[10.8125, 11.0625, 11.125, 11.0]"
False,8262,3,37000,0,"[11.0, 11.125, 11.0, 11.0]"
False,8263,3,37003,1,"[11.1875, 11.0, 11.0625, 11.125]"
False,8264,3,37009,2,"[11.0, 11.0, 10.875, 11.0625]"
True,8265,1,37021,1,"[11.0, 10.9375, 11.0, 11.0]"
False,8266,1,37024,0,"[10.8125, 11.0625, 10.9375, 11.0]"
False,8267,0,37026,2,"[11.0625, 11.125, 11.0, 11.0]"
False,8268,2,37035,3,"[11.125, 11.25, 11.0625, 11.0]"
False,8269,2,37048,1,"[11.125, 10.875, 11.0, 11.0]"
False,8270,2,37054,1,"[11.125, 11.0, 11.125, 11.125]"
True,8271,2,37057,2,"[11.125, 11.125, 11.0625, 11.0625]"
True,8272,2,37063,2,"[11.0625, 11.0625, 10.75, 10.8125]"
True,8273,1,37076,1,"[11.0625, 10.9375, 11.125, 11.125]"
True,8274,1,37084,1,"[11.0, 10.875, 11.0, 11.0]"
False,8275,1,37090,3,"[11.1875, 11.0, 11.125, 10.9375]"
False,8276,0,37091,1,"[11.25, 10.9375, 11.0, 11.125]"
True,8277,3,37097,3,"[11.0625, 11.0625, 11.0, 10.875]"
False,8278,2,37098,3,"[11.125, 11.0625, 11.0, 10.9375]"
False,8279,3,37099,1,"[11.0, 10.9375, 11.0, 11.0]"
False,8280,0,37100,1,"[11.0, 10.9375, 11.0, 11.0]"
False,8281,2,37102,0,"[10.9375, 11.0625, 11.0, 11.1875]"
False,8282,3,37108,1,"[11.0625, 10.75, 11.0, 11.0625]"
True,8283,3,37114,3,"[11.125, 11.125, 11.0625, 11.0]"
True,8284,0,37119,0,"[10.8125, 11.0625, 10.9375, 10.9375]"
True,8285,0,37132,0,"[11.0, 11.0625, 11.0625, 11.0]"
False,8286,3,37137,0,"[11.0, 11.0, 11.125, 11.0625]"
False,8287,1,37145,0,"[11.0, 11.0625, 11.0, 11.0625]"
False,8288,0,37149,1,"[11.0625, 11.0, 11.0625, 11.0625]"
True,8289,0,37173,0,"[10.8125, 10.875, 10.875, 10.9375]"
False,8290,2,37183,0,"[10.9375, 11.0, 11.0625, 10.9375]"
False,8291,1,37188,0,"[10.9375, 10.9375, 11.0, 11.1875]"
False,8292,3,37191,2,"[10.9375, 10.9375, 10.875, 11.0]"
True,8293,0,37214,0,"[11.0, 11.0, 11.25, 11.0625]"
False,8294,2,37240,3,"[11.0, 11.0625, 11.125, 10.9375]"
False,8295,2,37244,1,"[11.0625, 10.9375, 11.125, 11.3125]"
False,8296,3,37253,1,"[11.0, 10.9375, 11.0625, 11.0625]"
True,8297,2,37259,2,"[11.125, 10.875, 10.8125, 11.0625]"
False,8298,2,37270,0,"[10.9375, 11.0, 11.0625, 10.9375]"
True,8299,0,37275,0,"[10.9375, 11.0625, 11.0625, 11.0625]"
False,8300,0,37276,1,"[11.0625, 11.0, 11.1875, 11.125]"
False,8301,3,37280,0,"[10.875, 11.0, 11.0, 10.9375]"
False,8302,0,37283,1,"[11.125, 10.9375, 11.0625, 11.0]"
False,8303,2,37286,0,"[10.9375, 11.0625, 11.125, 11.0]"
False,8304,1,37304,3,"[11.0625, 11.125, 11.0, 10.9375]"
False,8305,1,37309,3,"[11.0, 10.875, 10.9375, 10.8125]"
False,8306,2,37334,3,"[11.125, 11.1875, 11.0625, 10.9375]"
True,8307,0,37335,0,"[10.9375, 10.9375, 11.0625, 11.0625]"
False,8308,3,37340,1,"[11.0625, 10.875, 11.0, 11.0]"
False,8309,3,37345,0,"[10.875, 11.0, 11.1875, 10.875]"
True,8310,1,37354,1,"[10.875, 10.8125, 10.9375, 11.0]"
False,8311,2,37358,0,"[11.0, 11.0625, 11.125, 11.125]"
True,8312,0,37370,0,"[10.9375, 11.0, 10.9375, 11.0625]"
False,8313,3,37373,2,"[10.9375, 11.0625, 10.875, 11.0625]"
False,8314,0,37374,2,"[11.0, 11.0625, 10.875, 10.9375]"
False,8315,3,37375,1,"[11.0, 10.8125, 11.125, 10.9375]"
False,8316,1,37379,3,"[11.0, 11.0, 11.125, 10.9375]"
False,8317,1,37396,0,"[11.0, 11.125, 11.0625, 11.0625]"
False,8318,2,37398,1,"[11.125, 10.875, 11.125, 11.125]"
False,8319,3,37413,1,"[10.875, 10.8125, 10.875, 10.875]"
True,8320,1,37429,1,"[11.0625, 11.0, 11.0625, 11.0625]"
False,8321,2,37444,1,"[10.9375, 10.875, 11.125, 11.0]"
False,8322,3,37446,1,"[11.0, 10.9375, 11.0625, 10.9375]"
False,8323,3,37462,2,"[11.0, 11.0, 10.9375, 11.0]"
True,8324,0,37463,0,"[11.0625, 11.1875, 11.125, 11.125]"
False,8325,3,37469,1,"[11.0, 10.875, 10.9375, 10.875]"
False,8326,0,37489,1,"[11.0, 10.9375, 11.0625, 10.9375]"
True,8327,2,37498,2,"[11.0, 11.0625, 10.9375, 11.0]"
False,8328,3,37502,1,"[11.0625, 10.9375, 11.125, 11.0]"
False,8329,3,37505,0,"[10.875, 11.125, 11.0625, 11.0]"
False,8330,3,37514,2,"[11.125, 11.0, 10.875, 10.9375]"
False,8331,2,37520,0,"[11.0625, 11.0625, 11.0625, 11.125]"
True,8332,2,37526,2,"[11.125, 11.0, 10.9375, 11.1875]"
True,8333,0,37528,0,"[10.875, 11.0, 11.0, 10.9375]"
True,8334,1,37533,1,"[11.0, 10.9375, 11.0625, 11.0625]"
False,8335,0,37542,2,"[10.875, 10.875, 10.8125, 10.9375]"
False,8336,0,37549,2,"[11.0625, 11.0625, 10.9375, 11.0625]"
True,8337,0,37550,0,"[11.0625, 11.125, 11.0625, 11.125]"
False,8338,0,37551,2,"[10.875, 11.0, 10.8125, 10.9375]"
False,8339,2,37553,0,"[11.0, 11.125, 11.0625, 11.0625]"
False,8340,2,37556,0,"[11.0, 11.0, 11.125, 11.125]"
False,8341,3,37577,1,"[11.0625, 10.9375, 10.9375, 11.0625]"
False,8342,2,37607,0,"[10.8125, 11.0625, 11.125, 11.125]"
False,8343,2,37613,0,"[10.9375, 10.9375, 10.9375, 11.0625]"
False,8344,3,37626,2,"[11.0625, 11.125, 11.0, 11.0]"
True,8345,1,37632,1,"[11.125, 10.875, 11.0625, 11.0625]"
False,8346,2,37637,3,"[11.0, 11.1875, 10.875, 10.6875]"
False,8347,0,37640,2,"[11.0625, 11.125, 10.875, 11.25]"
True,8348,1,37648,1,"[11.0, 10.8125, 11.0625, 11.125]"
False,8349,3,37658,0,"[10.875, 10.9375, 11.125, 11.0625]"
False,8350,0,37659,2,"[11.0625, 11.0, 10.9375, 11.0]"
False,8351,0,37670,1,"[11.1875, 10.875, 10.9375, 11.0625]"
True,8352,2,37672,2,"[10.875, 11.0625, 10.8125, 11.0625]"
False,8353,1,37676,0,"[11.0, 11.25, 11.0625, 11.0]"
False,8354,1,37679,2,"[11.0, 11.0625, 10.9375, 11.0]"
True,8355,1,37689,1,"[11.0625, 10.875, 11.0, 11.0]"
False,8356,0,37690,1,"[11.0625, 10.8125, 11.0, 11.0]"
False,8357,2,37698,3,"[11.125, 11.125, 11.0625, 11.0]"
False,8358,3,37699,0,"[10.9375, 11.0, 11.0, 10.9375]"
True,8359,3,37705,3,"[11.0625, 11.0625, 11.0625, 11.0]"
False,8360,0,37708,1,"[11.0, 10.9375, 11.0, 11.0]"
False,8361,1,37716,2,"[10.9375, 11.0, 10.6875, 10.9375]"
False,8362,3,37720,0,"[11.0625, 11.125, 11.1875, 11.0625]"
False,8363,1,37721,3,"[11.0625, 11.0, 11.0625, 10.9375]"
True,8364,2,37723,2,"[11.0625, 10.9375, 10.875, 11.0]"
True,8365,0,37729,0,"[10.9375, 11.0625, 11.0, 11.0]"
False,8366,1,37738,2,"[11.0625, 11.0, 10.875, 10.9375]"
False,8367,2,37743,1,"[11.0, 10.9375, 11.0, 11.0]"
False,8368,1,37749,2,"[11.125, 11.0, 10.875, 11.0625]"
False,8369,2,37750,0,"[11.0, 11.0, 11.0625, 11.0625]"
False,8370,2,37751,1,"[11.0, 10.9375, 11.125, 10.9375]"
False,8371,3,37754,0,"[11.0, 11.0625, 11.0, 11.125]"
False,8372,1,37760,0,"[10.9375, 11.0, 11.0, 11.0625]"
False,8373,2,37762,3,"[10.9375, 10.9375, 11.0625, 10.75]"
False,8374,2,37787,3,"[10.9375, 11.0625, 11.0625, 10.875]"
False,8375,1,37795,3,"[11.0625, 11.0625, 11.125, 11.0]"
False,8376,3,37823,1,"[11.0625, 11.0, 11.0, 11.0]"
False,8377,1,37839,0,"[10.875, 10.875, 10.875, 10.9375]"
True,8378,2,37842,2,"[10.9375, 11.0, 10.875, 11.125]"
False,8379,3,37845,0,"[10.9375, 11.0, 11.0625, 10.9375]"
True,8380,2,37849,2,"[11.1875, 11.125, 11.0625, 11.0625]"
False,8381,0,37860,2,"[11.0, 10.9375, 10.875, 11.0625]"
False,8382,1,37867,0,"[10.875, 11.0625, 11.0625, 11.0]"
False,8383,2,37869,0,"[10.8125, 11.1875, 11.125, 11.125]"
True,8384,2,37876,2,"[11.125, 11.0625, 10.875, 10.9375]"
True,8385,2,37889,2,"[11.0625, 11.125, 11.0, 11.125]"
False,8386,1,37909,0,"[10.875, 11.0, 10.875, 11.0]"
False,8387,2,37916,3,"[11.125, 11.1875, 11.1875, 10.875]"
False,8388,0,37920,1,"[11.0, 10.9375, 10.9375, 11.0625]"
True,8389,0,37921,0,"[11.0, 11.0, 11.0, 11.1875]"
True,8390,0,37922,0,"[10.875, 11.125, 11.0625, 11.0625]"
True,8391,0,37930,0,"[10.9375, 11.0, 11.125, 10.9375]"
False,8392,0,37941,2,"[11.125, 11.0625, 10.9375, 11.0625]"
False,8393,2,37952,0,"[10.9375, 11.0, 11.0, 10.9375]"
False,8394,1,37953,2,"[11.0625, 11.0, 10.8125, 11.0625]"
False,8395,2,37956,0,"[11.0, 11.125, 11.0625, 11.25]"
False,8396,1,37964,3,"[11.0625, 11.0, 11.0, 10.9375]"
False,8397,1,37968,2,"[11.0, 11.0625, 10.875, 10.9375]"
True,8398,1,37974,1,"[11.0625, 10.9375, 11.125, 11.125]"
False,8399,2,37977,1,"[11.0, 10.9375, 11.125, 11.125]"
False,8400,3,37978,2,"[11.0625, 11.125, 10.875, 11.0]"
True,8401,2,37993,2,"[10.9375, 10.9375, 10.875, 11.125]"
False,8402,2,38002,0,"[10.9375, 10.9375, 11.125, 11.0]"
False,8403,0,38005,2,"[10.9375, 10.9375, 10.8125, 10.9375]"
False,8404,0,38014,2,"[11.1875, 11.125, 11.0625, 11.1875]"
False,8405,1,38018,0,"[10.9375, 11.0625, 11.0, 11.0625]"
False,8406,1,38050,0,"[11.0625, 11.125, 11.125, 11.0625]"
True,8407,2,38054,2,"[11.0625, 11.0625, 10.9375, 11.0]"
False,8408,0,38056,1,"[11.0, 10.9375, 10.9375, 11.125]"
False,8409,3,38057,1,"[11.1875, 11.0, 11.0625, 11.0625]"
False,8410,0,38060,2,"[10.9375, 11.0, 10.8125, 11.0]"
False,8411,2,38061,1,"[11.125, 11.0, 11.0, 11.0625]"
False,8412,1,38064,0,"[10.9375, 11.0625, 11.125, 11.25]"
True,8413,3,38080,3,"[11.0, 11.0625, 10.9375, 10.875]"
True,8414,3,38085,3,"[11.0, 11.0, 11.0, 10.9375]"
False,8415,0,38088,2,"[10.9375, 11.0625, 10.8125, 11.0625]"
False,8416,2,38098,0,"[11.0, 11.125, 11.125, 11.0]"
False,8417,1,38109,0,"[10.875, 11.0625, 10.875, 10.875]"
False,8418,0,38123,3,"[10.9375, 11.0625, 11.1875, 10.875]"
False,8419,0,38125,3,"[10.9375, 11.0625, 10.9375, 10.875]"
False,8420,2,38144,1,"[11.0625, 11.0, 11.1875, 11.0]"
False,8421,1,38145,2,"[11.125, 11.125, 10.9375, 11.125]"
False,8422,2,38179,3,"[11.0, 11.0, 11.0, 10.875]"
False,8423,2,38187,0,"[10.9375, 11.0, 11.0, 11.0]"
False,8424,0,38196,2,"[11.0, 11.0, 10.875, 11.0]"
True,8425,0,38205,0,"[11.0625, 11.0625, 11.0625, 11.125]"
True,8426,1,38221,1,"[11.125, 11.0, 11.0625, 11.0]"
False,8427,2,38223,0,"[10.8125, 11.25, 11.0, 11.0]"
False,8428,2,38225,0,"[10.9375, 11.0, 11.1875, 11.125]"
False,8429,0,38252,2,"[10.875, 10.875, 10.8125, 11.0625]"
True,8430,0,38258,0,"[10.9375, 11.25, 10.9375, 11.0625]"
False,8431,3,38262,1,"[11.0, 10.9375, 10.9375, 11.0]"
False,8432,0,38266,1,"[11.125, 11.0, 11.125, 11.0]"
False,8433,2,38268,3,"[11.1875, 11.0625, 11.1875, 10.8125]"
False,8434,2,38270,3,"[11.125, 10.9375, 11.0, 10.875]"
False,8435,2,38283,0,"[10.9375, 11.0, 11.0, 11.0]"
True,8436,2,38284,2,"[11.125, 11.125, 10.8125, 11.125]"
False,8437,2,38285,3,"[11.0, 11.125, 11.125, 10.875]"
True,8438,2,38297,2,"[11.125, 11.0625, 10.875, 11.0]"
True,8439,3,38302,3,"[11.1875, 11.0, 11.0625, 10.875]"
True,8440,0,38308,0,"[11.0625, 11.3125, 11.0625, 11.0625]"
False,8441,1,38312,3,"[10.9375, 11.0, 11.125, 10.875]"
False,8442,3,38322,2,"[11.0, 11.0, 10.9375, 11.0625]"
False,8443,1,38323,0,"[10.8125, 11.0625, 11.0, 11.125]"
False,8444,2,38325,0,"[10.9375, 11.0, 11.125, 10.9375]"
False,8445,0,38329,2,"[10.9375, 10.9375, 10.6875, 10.9375]"
False,8446,1,38332,0,"[10.875, 11.0, 10.875, 11.0]"
False,8447,2,38341,0,"[10.875, 10.9375, 11.0625, 10.875]"
False,8448,2,38350,0,"[11.0, 11.0, 11.1875, 11.125]"
False,8449,2,38358,3,"[11.125, 11.125, 11.125, 11.0]"
False,8450,3,38362,0,"[11.0625, 11.0625, 11.0625, 11.0625]"
True,8451,0,38365,0,"[10.9375, 10.9375, 11.0, 11.0]"
False,8452,3,38381,1,"[11.125, 10.9375, 11.0625, 11.0625]"
False,8453,2,38402,0,"[11.0, 11.0625, 11.0625, 11.0]"
True,8454,2,38416,2,"[10.9375, 11.0, 10.8125, 11.125]"
False,8455,2,38425,0,"[10.875, 11.0, 11.0625, 10.9375]"
False,8456,2,38429,3,"[11.0, 11.125, 11.0, 10.8125]"
False,8457,1,38439,2,"[11.0625, 11.1875, 10.875, 11.0625]"
False,8458,2,38443,3,"[11.0625, 11.0, 11.125, 10.8125]"
False,8459,0,38488,1,"[11.0625, 10.875, 10.9375, 10.9375]"
True,8460,0,38490,0,"[10.875, 11.0, 11.0, 11.0]"
False,8461,0,38496,1,"[11.125, 10.9375, 11.0625, 11.0625]"
True,8462,1,38507,1,"[11.0, 10.9375, 11.0, 11.125]"
False,8463,3,38521,0,"[10.9375, 11.0625, 11.0625, 10.9375]"
True,8464,0,38522,0,"[10.9375, 10.9375, 11.0, 11.3125]"
False,8465,3,38529,0,"[11.0625, 11.125, 11.125, 11.0625]"
False,8466,1,38540,0,"[11.0625, 11.0625, 11.0625, 11.125]"
False,8467,0,38541,1,"[11.0625, 10.9375, 10.9375, 11.0625]"
False,8468,0,38558,2,"[11.125, 11.0625, 10.9375, 11.0625]"
False,8469,0,38562,3,"[11.125, 11.0625, 11.0, 10.8125]"
False,8470,3,38567,0,"[11.0, 11.0, 11.0625, 11.125]"
False,8471,1,38573,0,"[10.875, 11.0625, 10.875, 10.9375]"
False,8472,1,38576,2,"[11.0625, 11.0625, 11.0, 11.1875]"
False,8473,0,38578,1,"[11.0, 10.9375, 11.0625, 10.9375]"
False,8474,1,38586,0,"[10.875, 11.0625, 11.0, 11.0]"
False,8475,2,38588,0,"[11.0625, 11.0625, 11.25, 11.0625]"
False,8476,2,38602,3,"[11.1875, 11.3125, 11.1875, 11.0625]"
False,8477,3,38604,1,"[11.125, 11.0625, 11.1875, 11.0625]"
True,8478,1,38606,1,"[11.0, 10.9375, 11.0, 10.9375]"
False,8479,2,38608,3,"[11.0, 11.125, 11.0, 10.875]"
False,8480,0,38610,2,"[10.9375, 11.0, 10.875, 11.0625]"
False,8481,1,38628,3,"[11.0, 11.125, 11.125, 10.875]"
False,8482,2,38639,0,"[10.9375, 11.0, 11.1875, 11.0625]"
False,8483,1,38647,0,"[10.9375, 11.125, 11.0, 11.0]"
False,8484,3,38654,1,"[11.0, 10.875, 10.9375, 11.0625]"
False,8485,0,38656,3,"[11.0, 11.0625, 11.0625, 10.875]"
False,8486,1,38658,0,"[10.9375, 11.125, 11.0, 11.0625]"
False,8487,2,38660,3,"[11.0625, 11.0625, 11.0625, 10.8125]"
False,8488,1,38665,2,"[11.125, 11.0625, 10.875, 11.0625]"
False,8489,3,38696,0,"[10.875, 11.0, 11.0625, 11.125]"
False,8490,1,38714,0,"[10.9375, 11.0625, 11.0, 10.9375]"
False,8491,3,38718,0,"[11.0, 11.1875, 11.0625, 11.0625]"
True,8492,0,38728,0,"[10.875, 10.9375, 10.875, 10.9375]"
False,8493,1,38733,0,"[10.9375, 11.125, 10.9375, 11.0625]"
False,8494,1,38736,3,"[11.0625, 11.1875, 11.0625, 11.0]"
False,8495,2,38737,1,"[11.125, 10.9375, 10.9375, 10.9375]"
False,8496,0,38745,2,"[11.0, 11.0, 10.9375, 10.9375]"
False,8497,2,38748,0,"[11.0625, 11.0625, 11.0625, 11.125]"
False,8498,3,38763,2,"[10.9375, 10.9375, 10.875, 11.0]"
False,8499,3,38770,0,"[10.9375, 11.125, 11.0625, 11.125]"
False,8500,2,38773,0,"[11.0, 11.0625, 11.0625, 11.0]"
False,8501,2,38774,3,"[11.125, 11.0625, 11.0625, 10.875]"
True,8502,0,38835,0,"[11.0, 11.0625, 11.0625, 11.125]"
True,8503,0,38872,0,"[11.0, 11.0625, 11.1875, 11.0]"
False,8504,1,38880,0,"[10.9375, 11.0, 11.25, 11.0625]"
True,8505,1,38894,1,"[11.0625, 10.9375, 11.0, 11.0625]"
True,8506,0,38912,0,"[10.875, 11.1875, 11.0625, 10.875]"
False,8507,2,38927,3,"[10.9375, 11.0625, 11.125, 10.875]"
False,8508,2,38935,3,"[11.0625, 11.1875, 11.0, 10.9375]"
False,8509,1,38948,2,"[11.0, 11.0, 10.875, 11.0]"
False,8510,0,38957,2,"[11.0, 11.0625, 10.8125, 11.125]"
False,8511,1,38968,2,"[10.9375, 11.0625, 10.8125, 10.9375]"
True,8512,1,38974,1,"[10.9375, 10.875, 10.9375, 11.0625]"
False,8513,3,38977,1,"[11.0, 10.9375, 11.125, 11.0]"
False,8514,3,38986,1,"[11.0, 10.875, 11.0, 10.9375]"
False,8515,2,39007,0,"[11.0625, 11.125, 11.0625, 11.1875]"
False,8516,0,39012,1,"[11.0, 10.875, 10.9375, 11.0]"
True,8517,3,39021,3,"[11.0, 11.125, 11.125, 10.9375]"
True,8518,2,39031,2,"[11.0625, 11.125, 10.9375, 11.0]"
True,8519,3,39035,3,"[11.125, 11.1875, 11.125, 11.0625]"
False,8520,0,39039,1,"[11.125, 11.0625, 11.0625, 11.125]"
False,8521,3,39041,1,"[10.9375, 10.75, 11.0625, 11.0]"
False,8522,1,39053,3,"[11.0, 11.0, 11.0625, 10.875]"
False,8523,0,39059,1,"[11.1875, 10.9375, 11.0, 11.125]"
False,8524,0,39064,3,"[11.1875, 11.125, 11.125, 11.0625]"
False,8525,2,39068,1,"[11.0, 10.875, 11.0625, 11.0]"
False,8526,0,39076,2,"[11.1875, 11.125, 11.0625, 11.125]"
True,8527,0,39085,0,"[10.875, 10.875, 10.9375, 11.0]"
True,8528,1,39088,1,"[11.0625, 11.0, 11.0, 11.0625]"
False,8529,0,39091,2,"[10.9375, 11.0, 10.875, 11.0625]"
False,8530,3,39097,2,"[11.0625, 11.125, 11.0, 11.0]"
True,8531,0,39100,0,"[11.0, 11.0625, 11.0625, 11.125]"
True,8532,0,39110,0,"[10.9375, 11.1875, 11.0, 11.0625]"
False,8533,1,39111,2,"[11.0625, 10.9375, 10.8125, 11.0]"
True,8534,2,39118,2,"[10.9375, 11.0, 10.8125, 11.0]"
False,8535,2,39120,3,"[11.125, 11.0625, 11.0625, 11.0]"
False,8536,3,39129,0,"[10.875, 11.0, 11.125, 11.0625]"
False,8537,0,39132,1,"[11.125, 10.875, 10.875, 11.1875]"
True,8538,2,39135,2,"[11.0, 11.0, 10.9375, 11.0625]"
False,8539,1,39145,0,"[10.9375, 11.0625, 11.125, 11.0]"
False,8540,3,39149,0,"[10.9375, 11.0, 11.0625, 11.125]"
False,8541,0,39158,1,"[11.0625, 11.0, 11.0, 11.0625]"
False,8542,3,39161,0,"[10.9375, 11.125, 10.9375, 10.9375]"
False,8543,0,39163,2,"[11.125, 11.0, 10.9375, 11.1875]"
False,8544,1,39169,3,"[11.0, 11.0625, 11.0625, 10.9375]"
True,8545,1,39170,1,"[11.0625, 11.0, 11.0625, 11.125]"
False,8546,3,39173,0,"[10.75, 10.9375, 11.0, 11.0625]"
False,8547,2,39176,3,"[11.125, 11.0625, 11.0625, 10.9375]"
True,8548,1,39184,1,"[11.125, 11.0625, 11.0625, 11.1875]"
False,8549,0,39186,3,"[10.9375, 11.125, 10.9375, 10.875]"
False,8550,3,39201,1,"[11.0, 10.9375, 11.0, 11.0625]"
False,8551,3,39203,1,"[10.875, 10.8125, 11.0625, 11.0]"
False,8552,1,39220,2,"[11.125, 11.0625, 10.9375, 11.0]"
False,8553,1,39226,3,"[11.0, 11.0, 10.875, 10.75]"
False,8554,3,39244,0,"[10.875, 11.0, 10.9375, 11.125]"
False,8555,0,39250,2,"[11.125, 11.1875, 11.0, 11.1875]"
False,8556,3,39258,0,"[10.8125, 11.0, 10.875, 10.875]"
False,8557,3,39268,1,"[11.125, 10.9375, 11.125, 11.0625]"
True,8558,1,39275,1,"[11.125, 11.0, 11.0625, 11.0]"
False,8559,1,39299,0,"[10.875, 11.0, 10.9375, 11.0625]"
True,8560,2,39300,2,"[11.0, 11.0, 10.875, 11.0]"
True,8561,1,39308,1,"[11.0625, 11.0, 11.0625, 11.0625]"
True,8562,0,39309,0,"[10.8125, 11.0, 11.0, 11.0]"
False,8563,1,39311,2,"[11.0625, 11.0, 10.9375, 11.0625]"
False,8564,1,39312,3,"[11.0625, 11.0625, 11.0625, 11.0]"
False,8565,1,39317,3,"[11.0, 11.0, 11.0625, 10.875]"
True,8566,3,39321,3,"[10.9375, 11.25, 11.125, 10.875]"
False,8567,2,39322,0,"[10.9375, 11.0625, 11.0, 10.9375]"
False,8568,1,39356,0,"[11.0, 11.125, 11.0625, 11.0625]"
False,8569,1,39373,0,"[11.0, 11.0625, 11.0, 11.0]"
False,8570,3,39374,2,"[11.125, 11.125, 10.9375, 11.0625]"
False,8571,1,39375,0,"[10.9375, 11.0, 11.0, 11.0625]"
False,8572,3,39378,0,"[11.0, 11.125, 11.125, 11.125]"
True,8573,2,39385,2,"[11.125, 11.0625, 11.0, 11.1875]"
False,8574,2,39398,1,"[11.125, 10.9375, 11.0625, 11.125]"
False,8575,1,39404,0,"[10.875, 10.9375, 11.0, 11.0625]"
False,8576,3,39406,1,"[11.0625, 10.9375, 11.0625, 11.0625]"
True,8577,1,39420,1,"[11.125, 11.0, 11.0625, 11.0625]"
False,8578,2,39436,1,"[11.0, 10.875, 11.0, 11.0]"
True,8579,0,39438,0,"[10.875, 10.9375, 11.0625, 11.0]"
False,8580,0,39463,3,"[11.0, 11.0625, 10.9375, 10.875]"
False,8581,3,39464,0,"[11.0, 11.0625, 11.1875, 11.0]"
False,8582,3,39482,0,"[10.9375, 11.1875, 11.0, 11.0625]"
False,8583,3,39484,0,"[11.0625, 11.125, 11.0625, 11.1875]"
False,8584,3,39493,0,"[11.0625, 11.125, 11.125, 11.125]"
False,8585,1,39495,0,"[10.9375, 11.0625, 11.0625, 11.0]"
False,8586,0,39497,2,"[11.1875, 11.0625, 10.9375, 11.1875]"
False,8587,3,39501,1,"[11.0625, 11.0, 11.0625, 11.0]"
False,8588,2,39509,0,"[10.9375, 11.0625, 11.0, 11.0]"
False,8589,1,39511,2,"[11.125, 11.0625, 11.0, 11.0]"
False,8590,3,39516,0,"[10.9375, 11.125, 11.0, 11.0625]"
True,8591,1,39528,1,"[11.0, 10.8125, 11.0, 11.0625]"
False,8592,3,39533,1,"[11.0625, 11.0, 11.125, 11.125]"
False,8593,1,39546,0,"[10.9375, 10.9375, 10.9375, 11.0]"
False,8594,2,39554,0,"[10.875, 11.125, 11.0, 10.9375]"
False,8595,1,39564,0,"[10.9375, 11.0, 10.9375, 11.1875]"
False,8596,2,39569,0,"[11.0, 11.0625, 11.0625, 11.125]"
False,8597,3,39572,2,"[11.0, 11.1875, 10.9375, 11.0]"
False,8598,1,39576,0,"[11.0625, 11.0625, 11.0625, 11.0625]"
False,8599,3,39586,0,"[10.9375, 11.0, 11.0, 11.0]"
True,8600,0,39587,0,"[11.0, 11.125, 11.125, 11.125]"
False,8601,2,39595,1,"[10.9375, 10.8125, 11.0625, 10.9375]"
False,8602,1,39602,2,"[11.0, 11.0, 10.9375, 11.0]"
False,8603,1,39607,0,"[10.9375, 11.125, 11.125, 11.125]"
False,8604,3,39609,1,"[11.0625, 10.9375, 11.0625, 11.125]"
True,8605,0,39617,0,"[11.0, 11.0625, 11.125, 11.125]"
False,8606,2,39631,0,"[10.875, 11.1875, 10.875, 11.0]"
False,8607,2,39642,1,"[11.0, 10.875, 11.0625, 11.0]"
False,8608,0,39647,1,"[11.0, 10.9375, 10.9375, 11.0625]"
False,8609,0,39659,3,"[11.0, 11.0, 11.0625, 10.9375]"
False,8610,3,39687,1,"[11.0, 10.875, 11.125, 10.9375]"
False,8611,3,39689,0,"[10.875, 11.0, 11.125, 11.125]"
False,8612,2,39696,0,"[10.875, 10.875, 11.0, 10.9375]"
False,8613,1,39704,3,"[11.125, 10.9375, 11.125, 10.875]"
False,8614,0,39705,2,"[11.125, 11.25, 11.0, 11.0]"
False,8615,2,39711,3,"[11.0625, 10.875, 11.0, 10.8125]"
False,8616,1,39714,2,"[10.9375, 11.0625, 10.875, 10.875]"
False,8617,3,39726,2,"[11.0, 11.0, 10.875, 11.125]"
False,8618,0,39730,2,"[11.0, 10.9375, 10.875, 11.0]"
False,8619,1,39731,0,"[11.0, 11.0, 11.0625, 11.0625]"
False,8620,2,39747,1,"[10.875, 10.8125, 11.0, 11.0]"
False,8621,1,39748,0,"[10.9375, 11.0, 10.9375, 11.125]"
False,8622,3,39754,2,"[11.0, 11.0625, 10.875, 11.1875]"
True,8623,3,39760,3,"[11.0625, 11.0625, 11.0625, 11.0]"
False,8624,0,39781,1,"[11.1875, 10.875, 10.9375, 11.0625]"
False,8625,0,39785,1,"[11.0625, 11.0, 11.0, 11.0]"
False,8626,0,39801,1,"[11.0625, 10.875, 10.875, 11.0]"
False,8627,3,39803,1,"[11.125, 10.9375, 11.0, 11.125]"
False,8628,1,39808,2,"[11.0625, 11.1875, 10.9375, 11.0625]"
False,8629,1,39814,3,"[11.125, 11.125, 11.0, 10.875]"
False,8630,2,39821,1,"[11.0, 10.9375, 11.125, 11.125]"
True,8631,3,39832,3,"[11.0, 11.125, 11.0, 10.75]"
False,8632,2,39835,1,"[11.0625, 10.875, 11.125, 11.0]"
False,8633,0,39839,2,"[11.125, 11.1875, 11.0625, 11.125]"
False,8634,3,39843,0,"[11.0, 11.0, 11.0625, 11.25]"
False,8635,2,39852,1,"[11.125, 10.8125, 11.0625, 11.0]"
False,8636,2,39853,1,"[11.0625, 11.0, 11.0, 11.0625]"
False,8637,1,39866,0,"[10.875, 11.125, 10.9375, 10.875]"
False,8638,0,39875,1,"[10.9375, 10.875, 11.0625, 11.0]"
True,8639,3,39897,3,"[11.125, 11.1875, 11.0, 10.9375]"
False,8640,1,39898,2,"[11.0, 11.125, 10.875, 11.0]"
True,8641,1,39900,1,"[10.9375, 10.8125, 10.875, 11.125]"
False,8642,2,39915,0,"[10.9375, 10.9375, 10.9375, 10.9375]"
False,8643,1,39923,0,"[11.0, 11.0, 11.0, 11.0]"
False,8644,2,39937,1,"[11.125, 11.0625, 11.125, 11.0625]"
False,8645,2,39955,0,"[10.9375, 11.25, 11.0, 11.0]"
True,8646,3,39961,3,"[11.0, 11.0625, 11.0, 10.9375]"
False,8647,0,39972,3,"[11.0, 11.125, 11.0, 10.9375]"
False,8648,3,39975,0,"[10.8125, 11.0, 10.875, 11.125]"
True,8649,0,39987,0,"[10.9375, 11.0, 11.0, 11.0]"
False,8650,1,40002,3,"[11.0625, 11.0625, 11.0625, 11.0]"
False,8651,0,40007,1,"[11.125, 11.0, 11.0, 11.0]"
False,8652,3,40008,2,"[10.9375, 10.9375, 10.8125, 10.875]"
False,8653,3,40010,0,"[10.9375, 11.125, 10.9375, 11.125]"
False,8654,3,40019,2,"[11.125, 11.0625, 11.0, 11.0]"
True,8655,1,40028,1,"[11.125, 10.875, 11.0, 11.0]"
False,8656,0,40034,2,"[11.0, 11.0, 10.9375, 11.0]"
False,8657,3,40039,0,"[11.0625, 11.125, 11.0625, 11.0625]"
False,8658,1,40047,0,"[11.0, 11.125, 11.0, 11.0]"
False,8659,3,40049,1,"[11.0625, 11.0, 11.125, 11.0]"
False,8660,0,40065,1,"[10.9375, 10.875, 11.0, 11.1875]"
False,8661,0,40066,1,"[11.1875, 10.9375, 11.0625, 10.9375]"
True,8662,0,40078,0,"[10.875, 11.0625, 11.0, 11.0]"
False,8663,0,40098,1,"[11.0625, 10.9375, 10.9375, 11.0]"
False,8664,2,40099,0,"[10.9375, 11.0, 10.9375, 11.0]"
True,8665,1,40103,1,"[11.125, 11.0625, 11.0625, 11.1875]"
False,8666,2,40104,1,"[11.125, 11.0625, 11.0625, 11.0625]"
False,8667,3,40105,1,"[11.0, 10.875, 10.9375, 11.125]"
False,8668,3,40119,1,"[11.0625, 10.9375, 11.0, 11.0]"
False,8669,0,40143,1,"[10.875, 10.8125, 11.0625, 11.1875]"
True,8670,3,40153,3,"[10.9375, 10.875, 10.9375, 10.8125]"
False,8671,1,40168,3,"[11.0, 11.0, 11.0, 10.9375]"
False,8672,3,40176,0,"[10.875, 11.0, 10.875, 11.0]"
False,8673,3,40182,1,"[11.125, 11.0, 11.125, 11.0625]"
False,8674,2,40192,1,"[11.1875, 11.125, 11.1875, 11.1875]"
True,8675,2,40202,2,"[11.125, 11.0625, 11.0, 11.125]"
False,8676,3,40203,0,"[10.9375, 11.0625, 11.0, 11.125]"
False,8677,1,40207,0,"[11.0, 11.0, 11.0, 11.25]"
False,8678,0,40212,1,"[10.9375, 10.875, 10.9375, 11.0]"
False,8679,2,40220,0,"[11.0, 11.0, 11.0, 11.0]"
True,8680,0,40243,0,"[10.9375, 10.9375, 10.9375, 11.0]"
False,8681,3,40248,0,"[11.0, 11.0625, 11.125, 11.0625]"
False,8682,3,40256,2,"[11.0, 10.9375, 10.875, 11.125]"
False,8683,1,40260,2,"[11.125, 11.0, 10.875, 11.0625]"
False,8684,1,40271,3,"[11.0625, 11.125, 11.0625, 11.0]"
False,8685,1,40273,2,"[11.1875, 11.0, 10.8125, 10.9375]"
True,8686,1,40282,1,"[11.0, 10.9375, 11.0, 10.9375]"
False,8687,2,40283,0,"[10.875, 10.9375, 10.875, 11.125]"
False,8688,2,40298,1,"[11.0625, 10.9375, 10.9375, 10.9375]"
False,8689,1,40302,3,"[11.1875, 11.125, 11.125, 10.8125]"
False,8690,0,40313,3,"[11.0625, 11.0625, 11.0, 10.9375]"
False,8691,3,40315,0,"[11.0625, 11.1875, 11.0625, 11.1875]"
False,8692,1,40323,0,"[10.875, 11.0, 10.875, 11.0625]"
False,8693,1,40325,2,"[10.9375, 10.9375, 10.875, 11.0]"
True,8694,1,40347,1,"[11.0625, 10.875, 11.125, 10.9375]"
True,8695,2,40356,2,"[11.0625, 11.1875, 11.0, 11.0]"
False,8696,2,40360,0,"[11.0625, 11.1875, 11.0625, 11.0625]"
True,8697,1,40362,1,"[11.0625, 10.9375, 10.9375, 11.0625]"
False,8698,1,40364,0,"[11.0625, 11.0625, 11.0625, 11.0625]"
False,8699,2,40365,3,"[10.875, 10.9375, 11.0, 10.8125]"
False,8700,1,40378,2,"[11.0625, 11.0625, 10.875, 10.875]"
False,8701,3,40380,0,"[11.0, 11.1875, 11.0, 11.0625]"
True,8702,0,40389,0,"[10.9375, 11.125, 11.3125, 11.3125]"
True,8703,0,40393,0,"[11.0, 11.0, 11.0625, 11.0625]"
False,8704,3,40400,0,"[10.9375, 11.0, 11.0, 11.0625]"
False,8705,2,40401,1,"[10.9375, 10.875, 11.25, 11.0]"
True,8706,3,40417,3,"[11.0625, 11.1875, 11.125, 11.0]"
True,8707,0,40424,0,"[10.875, 11.0625, 10.875, 11.0625]"
True,8708,3,40430,3,"[11.0, 11.125, 11.0, 10.8125]"
False,8709,1,40452,2,"[11.0, 11.1875, 10.9375, 11.0]"
True,8710,0,40464,0,"[11.0, 11.0, 11.125, 11.1875]"
False,8711,2,40470,1,"[11.125, 11.0, 11.0, 11.0625]"
False,8712,1,40484,3,"[11.0625, 11.125, 10.9375, 10.875]"
True,8713,0,40498,0,"[11.0, 11.0, 11.0, 11.0625]"
False,8714,1,40506,0,"[10.875, 10.875, 11.0625, 11.0]"
False,8715,1,40510,0,"[11.0, 11.0, 11.0, 11.0625]"
False,8716,1,40515,2,"[11.0, 10.9375, 10.8125, 11.0625]"
True,8717,0,40517,0,"[10.9375, 11.1875, 10.9375, 11.125]"
True,8718,0,40519,0,"[11.0, 11.125, 11.0, 11.0]"
False,8719,2,40529,1,"[11.1875, 10.875, 11.125, 11.0]"
False,8720,3,40530,0,"[11.0, 11.0, 11.125, 11.0]"
True,8721,3,40557,3,"[11.0, 11.0, 11.1875, 10.9375]"
False,8722,0,40559,1,"[11.0625, 11.0, 11.0625, 11.0625]"
False,8723,3,40562,0,"[11.0, 11.0625, 11.0, 11.0625]"
False,8724,0,40565,1,"[11.0625, 11.0, 11.1875, 11.0]"
False,8725,3,40577,0,"[11.0, 11.0, 11.125, 11.0]"
True,8726,2,40591,2,"[11.1875, 11.0, 10.9375, 11.0]"
True,8727,2,40609,2,"[11.1875, 11.125, 11.0, 11.0625]"
False,8728,1,40630,0,"[10.9375, 11.0625, 10.9375, 10.9375]"
False,8729,2,40636,0,"[11.0, 11.0, 11.125, 11.125]"
False,8730,0,40647,1,"[11.0625, 10.9375, 11.0, 11.0]"
True,8731,3,40648,3,"[11.125, 11.1875, 11.125, 11.0625]"
False,8732,3,40655,0,"[11.0, 11.0, 11.0625, 11.0625]"
False,8733,3,40661,0,"[10.9375, 11.0, 10.9375, 11.0]"
False,8734,3,40666,0,"[11.0, 11.25, 11.0, 11.25]"
False,8735,0,40667,3,"[11.0, 11.0625, 11.0, 10.875]"
True,8736,0,40690,0,"[10.9375, 10.9375, 11.0625, 11.0]"
False,8737,3,40709,0,"[11.0625, 11.125, 11.125, 11.1875]"
False,8738,1,40710,2,"[11.0, 11.125, 10.9375, 10.9375]"
False,8739,1,40717,0,"[11.0, 11.0625, 11.125, 11.1875]"
True,8740,0,40733,0,"[10.875, 11.0625, 11.0, 11.0]"
True,8741,0,40747,0,"[11.0, 11.125, 11.125, 11.0]"
False,8742,3,40748,0,"[11.0, 11.0, 11.0, 11.0]"
True,8743,1,40749,1,"[11.0, 10.9375, 11.0625, 11.0625]"
True,8744,2,40783,2,"[11.0, 11.0625, 10.9375, 11.0625]"
False,8745,3,40787,0,"[11.0, 11.0, 11.3125, 11.125]"
False,8746,2,40793,1,"[11.125, 10.9375, 11.0625, 11.0]"
False,8747,2,40801,1,"[10.9375, 10.8125, 10.875, 11.0]"
True,8748,2,40810,2,"[11.0, 11.0625, 10.9375, 10.9375]"
False,8749,0,40811,3,"[11.25, 11.125, 11.0625, 11.0]"
False,8750,1,40820,0,"[10.8125, 11.0, 10.9375, 10.875]"
False,8751,2,40833,1,"[11.0625, 10.9375, 11.0625, 11.0625]"
False,8752,3,40838,0,"[11.0, 11.125, 11.0, 11.0625]"
False,8753,1,40842,3,"[10.9375, 11.0, 11.1875, 10.875]"
True,8754,1,40853,1,"[11.0, 10.875, 11.0, 11.0]"
False,8755,1,40861,0,"[11.0, 11.125, 11.0625, 11.1875]"
True,8756,0,40881,0,"[10.8125, 11.0625, 10.875, 11.0]"
True,8757,1,40884,1,"[11.125, 11.0, 11.0, 11.0]"
True,8758,1,40891,1,"[11.0625, 10.9375, 11.0, 11.0625]"
False,8759,2,40895,0,"[10.9375, 11.0, 10.9375, 11.1875]"
False,8760,3,40902,2,"[11.0625, 11.125, 10.9375, 10.9375]"
True,8761,1,40905,1,"[11.0, 10.75, 11.0, 11.0]"
False,8762,2,40907,3,"[11.0625, 11.125, 10.9375, 10.8125]"
False,8763,1,40908,2,"[10.9375, 10.9375, 10.8125, 11.125]"
False,8764,1,40915,0,"[10.8125, 11.0, 11.0, 11.0]"
False,8765,2,40917,3,"[11.0625, 11.0, 11.0625, 10.875]"
False,8766,3,40921,2,"[11.1875, 11.25, 11.0625, 11.1875]"
False,8767,0,40932,2,"[11.0, 11.0625, 10.8125, 11.0625]"
False,8768,1,40935,2,"[11.0, 10.9375, 10.875, 11.1875]"
False,8769,2,40938,0,"[10.875, 11.125, 11.0625, 11.1875]"
False,8770,2,40943,0,"[11.0, 11.0, 11.0, 11.125]"
True,8771,2,40944,2,"[11.0625, 11.0, 10.875, 10.9375]"
False,8772,2,40951,0,"[10.9375, 10.9375, 11.125, 11.0]"
True,8773,3,40973,3,"[11.0, 11.125, 11.125, 10.875]"
False,8774,1,40977,0,"[10.9375, 11.0625, 10.9375, 11.1875]"
True,8775,1,40979,1,"[11.0625, 11.0, 11.0, 11.0625]"
True,8776,3,40983,3,"[11.0625, 11.0625, 11.0625, 10.75]"
False,8777,0,40985,3,"[11.125, 11.0, 11.0, 10.9375]"
False,8778,1,41003,3,"[11.125, 11.0, 11.0, 10.9375]"
False,8779,3,41006,1,"[10.9375, 10.875, 10.9375, 10.9375]"
False,8780,2,41009,3,"[11.0625, 11.0625, 11.0625, 11.0]"
True,8781,0,41016,0,"[10.9375, 10.9375, 10.9375, 10.9375]"
True,8782,0,41022,0,"[10.9375, 10.9375, 11.0, 10.9375]"
False,8783,3,41028,2,"[11.0625, 11.0625, 11.0, 11.0625]"
False,8784,1,41030,3,"[11.0625, 11.0625, 11.25, 11.0]"
False,8785,2,41032,0,"[10.9375, 11.0, 11.1875, 11.125]"
True,8786,3,41037,3,"[11.0625, 11.0625, 11.0625, 11.0]"
False,8787,0,41045,2,"[11.0, 11.0, 10.875, 10.9375]"
True,8788,2,41050,2,"[11.125, 11.0625, 10.9375, 11.1875]"
False,8789,1,41055,2,"[11.125, 11.0625, 11.0, 11.125]"
True,8790,2,41061,2,"[11.1875, 11.125, 11.0625, 11.125]"
False,8791,1,41066,3,"[11.0625, 11.0625, 11.0, 10.9375]"
False,8792,0,41073,2,"[11.0, 11.0, 10.9375, 11.125]"
True,8793,0,41087,0,"[11.0625, 11.0625, 11.125, 11.1875]"
False,8794,0,41094,1,"[11.0, 10.9375, 11.0625, 11.0625]"
False,8795,0,41097,3,"[10.9375, 10.9375, 11.0, 10.8125]"
False,8796,1,41099,2,"[10.9375, 11.125, 10.8125, 10.9375]"
False,8797,0,41100,3,"[11.0, 11.125, 11.0, 10.875]"
False,8798,2,41103,1,"[11.125, 10.9375, 11.125, 10.9375]"
False,8799,3,41104,2,"[11.0, 11.0625, 10.875, 10.9375]"
True,8800,1,41116,1,"[11.125, 10.9375, 11.0625, 11.0625]"
False,8801,3,41124,1,"[11.125, 11.0625, 11.0625, 11.0625]"
False,8802,2,41130,3,"[11.0, 11.0625, 11.125, 10.875]"
False,8803,0,41143,1,"[11.0625, 10.8125, 10.875, 11.125]"
False,8804,2,41163,1,"[11.25, 10.875, 11.0, 11.125]"
True,8805,0,41168,0,"[11.0, 11.0, 11.0, 11.0]"
True,8806,1,41173,1,"[11.125, 10.9375, 11.0, 11.0]"
False,8807,3,41176,0,"[11.0625, 11.0625, 11.1875, 11.1875]"
False,8808,0,41181,1,"[10.875, 10.8125, 11.0625, 11.125]"
False,8809,2,41189,0,"[10.9375, 11.125, 10.9375, 11.125]"
False,8810,2,41192,0,"[11.0, 11.0, 11.0, 11.0]"
False,8811,1,41203,0,"[11.0, 11.0625, 11.125, 11.125]"
True,8812,2,41207,2,"[10.9375, 11.0, 10.875, 11.0625]"
False,8813,2,41211,0,"[10.9375, 11.0, 11.0625, 11.125]"
False,8814,1,41220,0,"[10.875, 10.9375, 11.0, 11.125]"
False,8815,0,41230,1,"[11.125, 10.9375, 11.125, 11.0]"
False,8816,1,41247,2,"[11.125, 11.0, 10.9375, 11.0625]"
False,8817,1,41266,2,"[10.9375, 11.0, 10.8125, 11.0]"
False,8818,2,41274,0,"[11.0, 11.125, 11.0, 11.0]"
False,8819,0,41276,1,"[11.0625, 10.9375, 11.125, 11.0]"
False,8820,3,41280,0,"[10.875, 11.125, 11.0625, 11.1875]"
False,8821,3,41292,0,"[11.0, 11.0625, 11.0, 11.0625]"
True,8822,2,41301,2,"[11.0625, 11.0625, 10.875, 11.125]"
True,8823,2,41303,2,"[11.1875, 11.0625, 11.0, 11.0]"
False,8824,2,41310,1,"[11.0625, 10.9375, 11.0625, 11.0]"
False,8825,3,41322,2,"[11.125, 11.0625, 11.0, 11.0625]"
True,8826,3,41346,3,"[11.0, 11.0, 11.0625, 10.9375]"
True,8827,3,41355,3,"[11.0625, 11.0625, 11.375, 11.0]"
True,8828,3,41365,3,"[11.0625, 11.0625, 11.0625, 11.0]"
False,8829,1,41368,3,"[11.0, 11.1875, 11.125, 10.9375]"
True,8830,1,41384,1,"[11.0625, 11.0, 11.0, 11.125]"
True,8831,0,41385,0,"[10.9375, 11.0, 11.0, 10.9375]"
False,8832,0,41410,2,"[11.0625, 11.0, 10.9375, 10.9375]"
False,8833,0,41420,3,"[10.9375, 11.0, 11.0, 10.8125]"
False,8834,2,41427,1,"[10.9375, 10.875, 10.875, 11.0]"
False,8835,3,41430,0,"[11.0, 11.1875, 11.0, 11.0625]"
False,8836,0,41436,2,"[10.9375, 11.0, 10.875, 11.0]"
True,8837,1,41445,1,"[11.125, 10.8125, 11.0625, 11.0625]"
True,8838,0,41458,0,"[11.0, 11.125, 11.125, 11.0]"
False,8839,2,41481,1,"[11.125, 10.9375, 11.0, 11.1875]"
False,8840,0,41486,3,"[11.0, 10.9375, 11.0, 10.8125]"
False,8841,1,41501,2,"[11.0, 11.0625, 10.9375, 11.0625]"
False,8842,0,41502,1,"[11.125, 11.0625, 11.25, 11.0625]"
False,8843,3,41518,2,"[11.125, 11.0, 10.9375, 11.0]"
True,8844,1,41521,1,"[11.0, 10.875, 11.0625, 10.875]"
False,8845,1,41525,0,"[11.0, 11.0625, 11.0625, 11.0]"
False,8846,1,41526,3,"[11.0, 11.0625, 11.0, 10.9375]"
False,8847,2,41548,1,"[11.0625, 11.0, 11.0, 11.0]"
False,8848,2,41551,1,"[11.25, 11.0625, 11.0625, 11.125]"
False,8849,2,41552,3,"[11.125, 11.1875, 11.0625, 11.0]"
False,8850,3,41566,0,"[10.8125, 10.9375, 11.0625, 11.25]"
False,8851,2,41573,1,"[11.0625, 11.0, 11.0625, 11.0625]"
False,8852,1,41576,3,"[11.125, 11.0, 11.0, 10.9375]"
False,8853,0,41577,2,"[11.0, 11.125, 10.9375, 11.125]"
False,8854,3,41580,0,"[11.0, 11.0, 11.0, 11.0625]"
True,8855,3,41583,3,"[11.0, 11.0, 11.0, 10.9375]"
False,8856,3,41588,0,"[10.875, 10.9375, 10.9375, 10.9375]"
False,8857,1,41590,2,"[11.0, 11.125, 10.875, 11.0]"
False,8858,3,41601,0,"[10.8125, 11.0, 10.9375, 11.0625]"
True,8859,0,41603,0,"[11.0, 11.0625, 11.0, 11.0625]"
False,8860,1,41618,0,"[11.0625, 11.25, 11.0625, 11.0625]"
False,8861,1,41628,0,"[11.0, 11.0625, 11.1875, 11.0]"
False,8862,2,41637,1,"[11.0, 10.9375, 11.125, 11.0625]"
False,8863,1,41640,0,"[10.9375, 11.0, 10.9375, 11.125]"
True,8864,1,41642,1,"[11.0, 10.9375, 11.0, 11.0625]"
False,8865,0,41644,3,"[11.0625, 11.0625, 10.9375, 10.875]"
False,8866,1,41648,2,"[11.125, 11.125, 11.0625, 11.0625]"
False,8867,3,41658,0,"[10.9375, 11.0, 11.0625, 11.0]"
True,8868,3,41663,3,"[11.0, 10.9375, 11.0, 10.8125]"
False,8869,1,41666,0,"[10.8125, 11.0, 10.9375, 11.1875]"
False,8870,3,41674,2,"[11.1875, 11.0625, 11.0, 11.0]"
True,8871,3,41678,3,"[11.0625, 10.9375, 11.0625, 10.875]"
False,8872,1,41679,3,"[11.0, 11.25, 11.0, 10.9375]"
False,8873,0,41681,1,"[11.0625, 10.9375, 10.9375, 11.125]"
False,8874,1,41682,2,"[11.0625, 11.0, 10.9375, 11.0625]"
False,8875,3,41692,0,"[10.9375, 11.125, 11.125, 11.1875]"
True,8876,0,41698,0,"[10.9375, 11.0625, 11.0, 11.0]"
False,8877,1,41700,0,"[11.0625, 11.125, 11.1875, 11.0625]"
False,8878,3,41701,0,"[11.0, 11.125, 11.125, 11.125]"
True,8879,2,41713,2,"[11.0625, 11.0625, 10.875, 11.25]"
False,8880,0,41715,3,"[11.0, 11.0625, 11.0, 10.9375]"
True,8881,0,41722,0,"[10.9375, 11.125, 11.0, 11.0625]"
False,8882,1,41727,0,"[10.8125, 11.0, 10.875, 11.0]"
True,8883,1,41734,1,"[11.0, 10.875, 10.9375, 11.0]"
False,8884,2,41747,3,"[11.1875, 11.25, 11.0625, 11.0]"
False,8885,3,41748,0,"[11.0, 11.0, 11.0, 11.125]"
False,8886,1,41755,0,"[10.9375, 11.0625, 11.0625, 11.0]"
False,8887,3,41760,0,"[10.875, 11.0, 11.0, 11.0625]"
False,8888,2,41761,1,"[11.0625, 10.875, 11.0625, 11.0]"
False,8889,2,41772,3,"[11.1875, 11.0625, 11.0625, 10.9375]"
True,8890,0,41779,0,"[11.0, 11.0, 11.0625, 11.1875]"
True,8891,0,41790,0,"[10.875, 11.0625, 11.0, 11.0]"
False,8892,3,41797,0,"[10.9375, 10.9375, 10.9375, 11.0]"
False,8893,3,41810,2,"[11.125, 11.0, 10.9375, 11.0625]"
False,8894,2,41811,0,"[10.9375, 11.0, 11.0625, 10.9375]"
True,8895,0,41825,0,"[10.9375, 11.0625, 10.9375, 11.125]"
False,8896,3,41827,2,"[11.125, 11.1875, 10.9375, 11.0625]"
False,8897,2,41828,3,"[11.0, 11.0, 11.1875, 10.9375]"
False,8898,1,41830,2,"[11.3125, 11.125, 11.0625, 11.0625]"
True,8899,3,41831,3,"[11.0625, 11.0625, 11.0625, 11.0]"
True,8900,3,41833,3,"[11.0625, 11.0625, 11.0, 10.625]"
False,8901,0,41844,3,"[11.0, 11.25, 10.9375, 10.875]"
False,8902,2,41849,1,"[11.0625, 10.9375, 11.0, 10.9375]"
False,8903,1,41874,2,"[11.1875, 11.125, 11.0, 11.0625]"
False,8904,2,41893,1,"[11.0625, 11.0, 11.0625, 11.1875]"
False,8905,1,41902,2,"[11.25, 11.125, 11.0, 11.0]"
False,8906,2,41908,3,"[10.9375, 11.0625, 11.0, 10.8125]"
True,8907,2,41919,2,"[10.875, 11.0, 10.6875, 11.0]"
False,8908,2,41920,1,"[11.125, 11.0625, 11.125, 11.0625]"
False,8909,2,41950,0,"[11.0, 11.0, 11.0625, 11.0625]"
False,8910,1,41952,0,"[10.8125, 11.0, 11.0625, 11.0]"
True,8911,0,41955,0,"[11.0625, 11.0625, 11.0625, 11.0625]"
False,8912,1,41969,2,"[11.125, 11.125, 11.0, 11.0]"
False,8913,1,41970,2,"[11.0, 11.0, 10.9375, 11.0625]"
False,8914,2,41972,0,"[11.0625, 11.0625, 11.125, 11.0625]"
False,8915,0,41980,2,"[11.3125, 11.125, 11.0, 11.0]"
True,8916,0,41981,0,"[10.9375, 11.0625, 10.9375, 10.9375]"
False,8917,3,41999,0,"[11.0625, 11.125, 11.0625, 11.125]"
True,8918,0,42005,0,"[11.0, 11.125, 11.0, 11.0625]"
False,8919,2,42030,0,"[10.9375, 11.0625, 11.0625, 11.125]"
False,8920,2,42034,1,"[11.0625, 10.875, 10.875, 11.0]"
False,8921,1,42045,3,"[11.0625, 11.0625, 11.0, 10.875]"
False,8922,1,42047,2,"[11.0, 11.0, 10.9375, 11.0]"
True,8923,1,42048,1,"[11.0625, 10.9375, 11.0, 11.125]"
False,8924,0,42072,2,"[11.0625, 11.0, 10.9375, 11.0]"
True,8925,0,42073,0,"[11.0, 11.125, 11.0625, 11.1875]"
True,8926,1,42079,1,"[11.125, 10.8125, 11.0, 11.0]"
False,8927,1,42092,0,"[10.875, 11.0, 11.0, 11.125]"
False,8928,2,42099,1,"[11.0625, 10.9375, 11.125, 10.9375]"
False,8929,0,42133,1,"[11.0, 10.9375, 11.0625, 11.0625]"
False,8930,1,42136,0,"[10.875, 11.0, 11.125, 10.9375]"
False,8931,2,42149,0,"[10.9375, 11.125, 11.0, 11.0625]"
False,8932,2,42165,0,"[10.75, 11.0, 10.9375, 10.9375]"
False,8933,0,42169,1,"[11.0625, 11.0, 11.125, 11.0625]"
False,8934,2,42175,0,"[11.0, 11.0, 11.125, 11.125]"
False,8935,1,42181,2,"[11.1875, 11.125, 11.0, 11.0]"
False,8936,3,42182,0,"[10.875, 11.125, 11.0, 10.9375]"
True,8937,2,42188,2,"[11.0, 10.9375, 10.8125, 10.875]"
False,8938,2,42189,0,"[10.9375, 11.125, 11.125, 11.1875]"
False,8939,2,42200,1,"[11.0, 10.9375, 11.0625, 11.125]"
False,8940,2,42205,0,"[10.9375, 11.0625, 11.0625, 11.0625]"
False,8941,1,42207,3,"[11.0, 11.25, 11.0, 10.9375]"
False,8942,1,42211,0,"[10.75, 10.9375, 11.0625, 11.0]"
False,8943,0,42216,2,"[11.125, 11.125, 11.0625, 11.0625]"
True,8944,0,42224,0,"[10.9375, 11.125, 11.0625, 11.0]"
False,8945,2,42226,1,"[11.0625, 11.0, 11.0, 11.0625]"
False,8946,1,42247,2,"[10.9375, 10.875, 10.8125, 11.0]"
False,8947,0,42251,2,"[11.125, 10.9375, 10.875, 10.875]"
False,8948,3,42262,0,"[11.0, 11.0, 11.0, 11.0]"
True,8949,3,42263,3,"[11.0, 11.0, 11.0, 10.9375]"
False,8950,3,42270,2,"[11.125, 10.9375, 10.875, 11.0]"
False,8951,2,42271,1,"[11.125, 11.0, 11.0625, 11.0]"
False,8952,1,42280,2,"[11.0625, 11.0625, 11.0, 11.0625]"
True,8953,3,42286,3,"[11.1875, 11.125, 11.0625, 10.9375]"
True,8954,0,42288,0,"[10.9375, 11.0, 10.9375, 10.9375]"
False,8955,2,42293,0,"[10.8125, 11.0, 11.0625, 10.9375]"
False,8956,3,42297,2,"[11.0, 11.125, 10.9375, 11.125]"
True,8957,0,42304,0,"[11.0, 11.125, 11.0, 11.0625]"
False,8958,1,42306,2,"[11.0625, 11.125, 11.0, 11.0]"
False,8959,1,42307,2,"[11.0, 11.0, 10.9375, 11.0]"
False,8960,2,42318,0,"[11.0, 11.1875, 11.0625, 11.1875]"
False,8961,2,42319,0,"[11.0, 11.0, 11.0, 11.0625]"
True,8962,0,42324,0,"[10.875, 11.0625, 11.125, 11.0]"
True,8963,0,42325,0,"[11.0, 11.0, 11.0, 11.0]"
True,8964,0,42326,0,"[10.9375, 10.9375, 11.0625, 11.0625]"
False,8965,0,42336,3,"[11.0, 11.0625, 11.0625, 10.9375]"
False,8966,1,42339,3,"[11.0625, 11.125, 11.0, 10.9375]"
True,8967,0,42342,0,"[11.0, 11.0, 11.125, 11.0]"
True,8968,1,42344,1,"[11.0625, 10.9375, 11.0, 11.125]"
False,8969,3,42358,2,"[11.0625, 11.0625, 10.875, 11.125]"
False,8970,1,42364,0,"[10.8125, 11.0625, 10.875, 10.9375]"
False,8971,1,42365,3,"[11.0625, 11.125, 11.0, 10.9375]"
False,8972,0,42370,2,"[11.0, 11.125, 10.9375, 10.9375]"
False,8973,1,42372,0,"[11.0, 11.0, 11.0625, 11.0]"
False,8974,3,42378,1,"[11.1875, 10.9375, 11.0, 11.125]"
False,8975,0,42379,3,"[11.0, 11.0625, 11.0, 10.875]"
False,8976,3,42392,0,"[11.0625, 11.1875, 11.0625, 11.0625]"
False,8977,1,42397,2,"[11.0625, 11.0, 10.875, 11.125]"
False,8978,2,42401,1,"[11.0625, 10.9375, 11.0, 10.9375]"
False,8979,2,42405,3,"[11.125, 11.0, 11.125, 10.9375]"
False,8980,0,42413,1,"[11.0, 10.9375, 11.0625, 11.0]"
True,8981,2,42425,2,"[11.0, 11.125, 10.875, 11.1875]"
False,8982,1,42442,0,"[11.0, 11.125, 11.125, 11.0625]"
False,8983,3,42446,1,"[11.125, 10.9375, 11.1875, 10.9375]"
True,8984,2,42447,2,"[11.0625, 11.125, 11.0, 11.0625]"
True,8985,0,42451,0,"[10.875, 10.9375, 11.0625, 11.0]"
True,8986,0,42455,0,"[10.8125, 11.0625, 11.0, 11.0]"
False,8987,0,42461,2,"[11.0, 11.125, 10.875, 10.9375]"
False,8988,2,42468,3,"[11.0, 11.0, 11.0, 10.9375]"
True,8989,0,42476,0,"[10.8125, 11.0625, 11.0625, 11.0]"
False,8990,3,42486,2,"[11.1875, 11.1875, 11.0, 11.0625]"
True,8991,0,42488,0,"[11.0625, 11.125, 11.1875, 11.125]"
False,8992,3,42491,0,"[10.9375, 11.0, 11.125, 11.0625]"
False,8993,0,42518,2,"[10.9375, 11.0, 10.8125, 11.0]"
False,8994,0,42525,2,"[11.1875, 11.125, 11.0, 11.0]"
False,8995,0,42532,1,"[11.125, 11.0625, 11.125, 11.125]"
True,8996,1,42540,1,"[11.125, 11.0, 11.0, 11.125]"
False,8997,1,42556,2,"[11.0625, 11.0625, 10.9375, 10.9375]"
False,8998,2,42565,1,"[10.875, 10.75, 10.875, 10.875]"
False,8999,3,42579,2,"[11.0625, 11.0, 10.875, 11.1875]"
False,9000,2,42581,0,"[10.9375, 11.0, 11.0, 11.0]"
False,9001,2,42584,3,"[11.0625, 11.0625, 10.9375, 10.875]"
False,9002,2,42599,0,"[10.9375, 11.0, 11.0, 11.0625]"
False,9003,0,42600,2,"[11.0, 11.0625, 10.875, 11.0]"
True,9004,0,42607,0,"[10.9375, 11.0625, 11.3125, 11.0]"
False,9005,3,42611,0,"[10.875, 10.9375, 10.9375, 11.25]"
False,9006,3,42617,1,"[11.0, 10.9375, 11.0625, 11.0]"
False,9007,3,42636,0,"[10.9375, 11.0, 11.0625, 11.0]"
False,9008,1,42648,3,"[10.9375, 11.0, 11.0625, 10.875]"
False,9009,0,42651,1,"[11.0, 10.875, 11.0, 10.9375]"
False,9010,0,42654,2,"[11.0, 11.0, 10.9375, 11.0]"
False,9011,3,42655,1,"[11.125, 10.875, 11.0625, 11.0625]"
True,9012,1,42663,1,"[10.9375, 10.75, 11.1875, 10.9375]"
True,9013,1,42668,1,"[11.0625, 11.0, 11.0625, 11.125]"
True,9014,0,42672,0,"[10.875, 11.0, 10.9375, 11.0625]"
True,9015,0,42683,0,"[10.625, 11.0, 10.9375, 11.0625]"
False,9016,3,42687,1,"[10.9375, 10.875, 11.0625, 10.875]"
False,9017,1,42695,0,"[11.0625, 11.0625, 11.125, 11.125]"
False,9018,1,42697,0,"[10.875, 11.0, 11.0, 11.125]"
False,9019,2,42698,1,"[11.0, 10.9375, 11.0625, 11.0]"
False,9020,1,42712,0,"[10.875, 11.0625, 10.875, 11.0625]"
False,9021,3,42734,1,"[11.0625, 10.9375, 11.0, 11.125]"
False,9022,0,42740,1,"[11.0, 10.875, 11.0625, 10.9375]"
False,9023,1,42741,2,"[11.0, 11.1875, 10.875, 11.0]"
False,9024,0,42749,2,"[11.125, 11.125, 10.9375, 11.125]"
True,9025,2,42754,2,"[11.1875, 11.0, 10.9375, 11.0]"
False,9026,3,42756,2,"[11.0, 11.1875, 10.9375, 11.0625]"
False,9027,0,42765,1,"[11.125, 10.8125, 10.9375, 11.0625]"
False,9028,2,42766,0,"[11.0, 11.0, 11.0, 11.0625]"
False,9029,1,42770,0,"[10.875, 11.0625, 11.0625, 11.0625]"
False,9030,3,42772,2,"[11.125, 11.0625, 11.0, 11.1875]"
True,9031,2,42777,2,"[11.0625, 11.0625, 11.0, 11.0625]"
False,9032,1,42802,0,"[10.875, 10.9375, 10.875, 11.0625]"
False,9033,3,42805,2,"[11.125, 11.0625, 10.875, 11.0625]"
True,9034,0,42824,0,"[10.9375, 11.1875, 11.0, 11.0625]"
False,9035,3,42830,1,"[11.125, 11.0, 11.25, 11.1875]"
False,9036,2,42852,3,"[11.0, 11.0, 11.0625, 10.9375]"
False,9037,2,42853,0,"[10.9375, 11.0625, 10.9375, 10.9375]"
False,9038,1,42869,0,"[10.9375, 10.9375, 11.125, 10.9375]"
False,9039,3,42870,2,"[11.1875, 11.0625, 11.0, 11.0625]"
False,9040,0,42873,2,"[11.125, 11.0, 10.8125, 11.0625]"
False,9041,2,42899,3,"[11.1875, 11.0625, 11.125, 11.0]"
False,9042,3,42900,2,"[11.125, 10.9375, 10.8125, 11.0]"
False,9043,2,42906,1,"[11.0625, 10.875, 11.0625, 11.0]"
False,9044,1,42911,0,"[10.875, 10.875, 10.9375, 11.0]"
False,9045,2,42916,0,"[10.875, 10.875, 10.9375, 11.0]"
False,9046,1,42923,2,"[11.0625, 11.0625, 11.0, 11.0]"
False,9047,3,42929,1,"[11.1875, 10.875, 10.9375, 10.9375]"
False,9048,2,42936,0,"[10.9375, 11.0625, 11.125, 10.9375]"
False,9049,3,42938,1,"[11.0625, 11.0, 11.0, 11.0]"
False,9050,0,42939,1,"[11.0625, 10.75, 11.0, 11.125]"
False,9051,2,42942,0,"[10.875, 11.0625, 11.125, 10.9375]"
True,9052,3,42945,3,"[10.9375, 10.9375, 11.0625, 10.875]"
False,9053,1,42967,3,"[11.0, 10.9375, 11.125, 10.875]"
True,9054,0,42973,0,"[10.875, 11.125, 10.9375, 11.25]"
False,9055,3,42981,0,"[10.9375, 11.125, 11.125, 11.0]"
False,9056,1,42983,3,"[11.0625, 11.125, 11.125, 10.9375]"
True,9057,0,42988,0,"[10.8125, 10.9375, 10.9375, 10.9375]"
False,9058,3,43010,0,"[11.0, 11.0, 11.0625, 11.0]"
True,9059,2,43012,2,"[11.0625, 11.0625, 11.0, 11.0625]"
False,9060,3,43014,0,"[10.875, 11.0, 10.875, 10.875]"
False,9061,0,43024,1,"[11.1875, 11.0625, 11.125, 11.0625]"
False,9062,2,43035,0,"[11.0, 11.125, 11.125, 11.0625]"
False,9063,3,43044,0,"[11.0, 11.0, 11.0625, 11.0]"
False,9064,2,43050,3,"[11.0625, 11.0, 11.0625, 10.9375]"
False,9065,0,43053,3,"[11.0625, 11.0625, 11.125, 10.9375]"
False,9066,1,43055,2,"[11.0, 11.0625, 10.9375, 11.125]"
False,9067,3,43065,1,"[11.0625, 10.9375, 11.0, 11.0625]"
True,9068,0,43070,0,"[11.0625, 11.125, 11.0625, 11.0625]"
False,9069,1,43073,3,"[11.0, 10.9375, 11.0625, 10.875]"
False,9070,2,43074,0,"[10.9375, 11.0625, 11.0, 11.0625]"
False,9071,0,43085,3,"[11.0, 11.125, 11.0625, 10.9375]"
False,9072,3,43095,0,"[10.9375, 11.0625, 11.0, 10.9375]"
False,9073,1,43096,2,"[11.0625, 11.0625, 11.0, 11.0625]"
False,9074,0,43100,3,"[11.0625, 11.0, 11.125, 10.875]"
False,9075,0,43103,3,"[11.125, 11.1875, 11.1875, 10.875]"
False,9076,2,43104,3,"[11.25, 11.0625, 11.0625, 10.875]"
False,9077,3,43112,1,"[11.0625, 10.9375, 11.0, 10.9375]"
False,9078,1,43113,3,"[11.125, 11.0, 11.0, 10.875]"
False,9079,0,43131,3,"[11.125, 10.875, 11.0, 10.8125]"
True,9080,2,43140,2,"[11.0625, 11.0625, 11.0, 11.125]"
False,9081,2,43165,3,"[11.125, 10.875, 10.9375, 10.8125]"
True,9082,0,43174,0,"[10.875, 10.9375, 10.875, 10.9375]"
False,9083,0,43193,1,"[11.125, 10.8125, 11.0, 10.9375]"
False,9084,0,43196,1,"[11.25, 10.875, 10.9375, 11.1875]"
False,9085,3,43204,0,"[11.0, 11.0, 11.0, 11.0]"
True,9086,0,43207,0,"[11.0, 11.1875, 11.1875, 11.0625]"
True,9087,1,43216,1,"[11.0625, 10.9375, 11.0, 11.0625]"
True,9088,0,43218,0,"[10.9375, 11.0625, 11.125, 11.125]"
False,9089,1,43223,2,"[11.125, 11.125, 10.9375, 11.0]"
False,9090,3,43230,1,"[10.9375, 10.8125, 10.9375, 11.0625]"
False,9091,3,43246,0,"[10.9375, 11.1875, 10.9375, 11.0]"
True,9092,1,43250,1,"[11.0625, 10.9375, 11.0, 11.0]"
False,9093,3,43269,0,"[10.9375, 10.9375, 10.9375, 11.0]"
False,9094,0,43274,3,"[11.0625, 11.0625, 11.0, 10.9375]"
False,9095,1,43277,0,"[10.9375, 11.0, 11.0, 10.9375]"
False,9096,2,43278,0,"[10.875, 11.0, 11.0, 11.0625]"
False,9097,3,43282,0,"[11.0, 11.0, 11.125, 11.0]"
False,9098,1,43297,2,"[11.125, 11.125, 11.0, 11.1875]"
True,9099,0,43303,0,"[11.0625, 11.1875, 11.1875, 11.375]"
False,9100,2,43311,1,"[11.0625, 10.875, 11.0, 11.0625]"
False,9101,1,43317,2,"[11.0625, 11.0625, 10.9375, 11.1875]"
False,9102,1,43320,0,"[10.875, 11.0, 11.375, 10.875]"
False,9103,2,43337,0,"[10.9375, 11.0625, 11.0625, 11.0]"
False,9104,1,43354,3,"[11.0, 11.0, 11.0, 10.9375]"
False,9105,2,43358,0,"[11.0, 11.0625, 11.0, 11.0]"
False,9106,0,43369,2,"[11.0625, 11.0625, 10.875, 11.0625]"
False,9107,0,43404,2,"[11.125, 11.1875, 10.8125, 11.1875]"
True,9108,0,43407,0,"[10.8125, 11.0625, 11.125, 11.0625]"
False,9109,1,43419,3,"[11.0625, 11.125, 11.0625, 10.9375]"
False,9110,1,43424,0,"[10.9375, 11.0625, 11.0, 10.9375]"
False,9111,2,43429,0,"[11.0, 11.0, 11.0625, 11.0]"
False,9112,3,43435,2,"[11.125, 11.1875, 11.0, 11.0]"
False,9113,1,43437,2,"[11.125, 11.125, 10.9375, 11.0]"
False,9114,3,43443,1,"[11.0625, 11.0, 11.0, 11.1875]"
False,9115,0,43448,3,"[11.0625, 11.0, 10.9375, 10.8125]"
False,9116,0,43449,3,"[11.1875, 11.125, 11.0, 10.9375]"
False,9117,0,43457,1,"[11.0625, 10.875, 10.875, 10.9375]"
False,9118,3,43458,0,"[10.875, 10.875, 11.0, 11.0625]"
False,9119,1,43465,0,"[10.875, 10.9375, 11.0625, 11.1875]"
False,9120,1,43467,3,"[10.9375, 11.0625, 11.0625, 10.875]"
False,9121,3,43469,0,"[10.875, 10.9375, 10.9375, 11.125]"
False,9122,0,43485,1,"[11.0, 10.9375, 11.0625, 11.0]"
False,9123,2,43488,0,"[11.0625, 11.1875, 11.125, 11.0625]"
False,9124,0,43491,3,"[11.0, 11.0625, 11.0, 10.9375]"
False,9125,0,43498,1,"[11.0625, 10.875, 11.1875, 11.0625]"
False,9126,0,43502,1,"[11.0, 10.9375, 11.1875, 11.0625]"
True,9127,3,43508,3,"[11.0625, 11.125, 11.125, 11.0]"
False,9128,2,43512,0,"[10.9375, 11.0, 11.125, 11.0625]"
True,9129,2,43517,2,"[11.1875, 11.125, 11.0625, 11.0625]"
False,9130,0,43528,3,"[11.0625, 11.0, 10.9375, 10.8125]"
True,9131,0,43540,0,"[10.9375, 10.9375, 11.0, 11.0]"
True,9132,0,43546,0,"[11.0, 11.25, 11.0625, 11.0]"
True,9133,2,43551,2,"[11.0625, 11.125, 11.0, 11.0625]"
False,9134,2,43556,0,"[10.9375, 11.0625, 11.0625, 11.0625]"
True,9135,3,43575,3,"[11.0625, 11.125, 11.0625, 11.0]"
False,9136,2,43583,0,"[10.875, 10.875, 10.9375, 10.9375]"
False,9137,0,43600,1,"[11.125, 11.0, 11.0, 11.0]"
True,9138,1,43603,1,"[11.1875, 11.0, 11.0625, 11.125]"
False,9139,2,43611,0,"[10.875, 11.0, 10.875, 11.0]"
False,9140,1,43617,3,"[11.125, 11.1875, 11.0625, 10.9375]"
False,9141,2,43619,0,"[11.0, 11.0, 11.0625, 11.1875]"
False,9142,3,43621,1,"[11.0, 10.875, 10.9375, 10.875]"
True,9143,0,43627,0,"[10.875, 10.875, 11.0, 10.9375]"
True,9144,3,43630,3,"[11.0625, 11.0625, 11.0625, 10.875]"
True,9145,2,43631,2,"[10.875, 11.0, 10.8125, 10.9375]"
False,9146,2,43632,0,"[11.0, 11.0625, 11.0, 11.0]"
False,9147,2,43633,1,"[11.0, 10.9375, 11.0, 11.0625]"
True,9148,0,43635,0,"[11.0, 11.25, 11.1875, 11.0]"
False,9149,2,43637,1,"[11.0625, 11.0, 11.0625, 11.0]"
False,9150,0,43642,1,"[11.0625, 11.0, 11.0, 11.0625]"
True,9151,2,43647,2,"[11.125, 11.0625, 11.0, 11.0]"
False,9152,1,43663,2,"[11.125, 11.3125, 11.0, 11.0625]"
False,9153,1,43668,2,"[11.0625, 11.0, 10.9375, 10.9375]"
False,9154,0,43680,2,"[11.125, 11.0625, 10.9375, 11.0]"
True,9155,2,43701,2,"[11.0625, 11.1875, 11.0, 11.125]"
False,9156,0,43705,1,"[10.9375, 10.875, 11.0, 11.0]"
False,9157,2,43708,1,"[11.1875, 11.0, 11.0625, 11.125]"
True,9158,1,43713,1,"[11.0625, 10.9375, 10.9375, 11.0]"
False,9159,3,43717,2,"[11.0, 10.9375, 10.8125, 11.0]"
True,9160,1,43718,1,"[11.125, 10.75, 11.0, 11.0]"
False,9161,1,43725,2,"[11.125, 11.125, 11.0625, 11.125]"
False,9162,0,43728,1,"[11.1875, 10.9375, 11.125, 10.9375]"
False,9163,3,43732,2,"[11.125, 11.0625, 11.0, 11.0625]"
False,9164,2,43737,0,"[10.9375, 10.9375, 11.0625, 11.0625]"
False,9165,3,43750,1,"[11.0625, 11.0, 11.25, 11.0]"
True,9166,1,43752,1,"[11.125, 11.0, 11.1875, 11.125]"
False,9167,3,43753,2,"[11.0625, 11.0625, 10.875, 10.875]"
False,9168,2,43763,0,"[11.0, 11.0, 11.1875, 11.0]"
False,9169,2,43764,0,"[11.0, 11.0625, 11.125, 11.0]"
False,9170,0,43776,2,"[11.0, 11.0, 10.9375, 10.9375]"
False,9171,2,43785,1,"[11.1875, 11.0625, 11.125, 11.125]"
False,9172,3,43787,0,"[10.875, 11.0625, 11.0, 10.875]"
True,9173,0,43792,0,"[11.0, 11.25, 11.0, 11.1875]"
False,9174,2,43802,1,"[11.0, 10.875, 11.0625, 11.0]"
True,9175,0,43808,0,"[10.75, 11.0, 11.0, 11.0]"
False,9176,1,43811,0,"[10.875, 11.125, 11.0625, 11.125]"
False,9177,0,43836,1,"[11.0625, 10.875, 11.0, 10.9375]"
True,9178,0,43842,0,"[11.0, 11.1875, 11.0, 11.0]"
True,9179,0,43844,0,"[10.9375, 11.125, 11.0625, 11.0625]"
False,9180,2,43845,3,"[11.0, 11.0625, 11.0625, 10.9375]"
False,9181,0,43849,1,"[11.1875, 10.9375, 10.9375, 11.0]"
True,9182,2,43867,2,"[11.0, 10.875, 10.8125, 10.9375]"
False,9183,1,43868,3,"[11.0625, 11.125, 11.125, 11.0]"
True,9184,3,43870,3,"[11.0, 11.125, 11.0, 10.875]"
False,9185,0,43889,3,"[11.0, 11.0625, 11.0, 10.9375]"
True,9186,3,43899,3,"[11.125, 11.0, 11.0, 10.9375]"
True,9187,2,43932,2,"[11.0, 11.125, 10.875, 11.1875]"
False,9188,0,43933,2,"[11.0, 10.9375, 10.8125, 11.125]"
False,9189,0,43950,1,"[11.0, 10.875, 10.9375, 11.0]"
False,9190,2,43955,1,"[11.0, 10.875, 11.0, 11.125]"
True,9191,0,43957,0,"[10.9375, 11.0625, 11.1875, 11.0625]"
True,9192,2,43969,2,"[11.0625, 10.9375, 10.875, 10.9375]"
False,9193,0,43974,2,"[11.125, 11.0625, 10.9375, 10.9375]"
False,9194,0,43975,2,"[11.125, 11.0625, 10.9375, 10.9375]"
True,9195,3,43998,3,"[11.0625, 10.9375, 11.0625, 10.8125]"
False,9196,3,44013,0,"[10.6875, 11.0, 11.0625, 10.9375]"
False,9197,1,44021,0,"[11.0625, 11.25, 11.125, 11.25]"
True,9198,1,44030,1,"[11.0625, 11.0, 11.0, 11.125]"
False,9199,2,44033,1,"[11.0625, 11.0, 11.0, 11.125]"
False,9200,0,44041,3,"[11.125, 11.0625, 11.25, 11.0]"
False,9201,0,44043,1,"[11.125, 11.0625, 11.1875, 11.1875]"
True,9202,0,44044,0,"[11.0, 11.0, 11.0, 11.0]"
False,9203,1,44046,3,"[11.0625, 11.125, 11.1875, 11.0]"
False,9204,2,44049,0,"[10.9375, 11.0, 11.0625, 11.0]"
False,9205,0,44055,2,"[11.0, 11.0625, 10.9375, 11.0625]"
True,9206,0,44062,0,"[10.9375, 11.0, 11.0, 11.0625]"
False,9207,3,44067,2,"[10.9375, 11.0625, 10.875, 11.0]"
False,9208,3,44082,1,"[11.0625, 10.8125, 11.125, 10.875]"
True,9209,1,44090,1,"[10.9375, 10.875, 11.0625, 10.9375]"
True,9210,3,44093,3,"[11.0, 11.0, 11.0, 10.8125]"
False,9211,3,44095,0,"[10.8125, 11.0, 11.1875, 11.0625]"
False,9212,0,44101,1,"[11.0625, 10.875, 10.9375, 11.125]"
False,9213,2,44102,0,"[11.0, 11.0, 11.0, 11.0625]"
False,9214,2,44115,0,"[11.0, 11.25, 11.125, 11.0625]"
False,9215,3,44118,0,"[11.0, 11.0625, 11.0625, 11.0625]"
True,9216,2,44119,2,"[11.0, 11.1875, 10.9375, 11.0625]"
False,9217,2,44143,1,"[11.0, 10.8125, 11.0, 11.0]"
False,9218,2,44144,1,"[11.1875, 10.9375, 11.125, 11.0625]"
True,9219,0,44149,0,"[10.8125, 10.9375, 11.1875, 10.9375]"
True,9220,2,44167,2,"[11.1875, 11.0, 10.9375, 10.9375]"
False,9221,2,44174,3,"[11.0625, 11.0, 11.0, 10.9375]"
False,9222,0,44180,2,"[11.0, 10.9375, 10.875, 11.1875]"
False,9223,2,44186,3,"[10.9375, 11.0, 11.125, 10.875]"
False,9224,0,44187,3,"[11.0, 11.0625, 11.0625, 10.9375]"
False,9225,0,44198,2,"[11.0, 11.0625, 10.875, 11.0625]"
True,9226,0,44208,0,"[10.9375, 10.9375, 11.0, 11.0625]"
False,9227,2,44218,1,"[11.0, 10.9375, 11.1875, 11.125]"
False,9228,3,44225,2,"[11.125, 11.0625, 10.9375, 10.9375]"
True,9229,2,44236,2,"[11.0, 11.0, 10.8125, 11.0]"
True,9230,1,44247,1,"[11.125, 11.0, 11.0, 11.0]"
True,9231,0,44248,0,"[10.875, 10.875, 11.0, 11.0625]"
False,9232,2,44251,3,"[11.0625, 10.9375, 10.9375, 10.875]"
False,9233,2,44254,1,"[11.125, 11.0625, 11.0625, 11.0625]"
False,9234,3,44265,2,"[11.125, 11.125, 10.9375, 10.9375]"
False,9235,3,44271,2,"[11.25, 11.1875, 11.0, 11.1875]"
False,9236,2,44278,1,"[11.0625, 10.9375, 11.0, 11.0625]"
False,9237,3,44303,2,"[11.0, 11.0625, 10.875, 11.0625]"
False,9238,2,44304,1,"[11.125, 11.0, 11.0625, 11.125]"
False,9239,3,44322,2,"[11.0625, 11.0625, 11.0, 11.0625]"
True,9240,0,44327,0,"[11.0625, 11.0625, 11.0625, 11.0625]"
False,9241,3,44345,0,"[10.875, 11.0, 11.0625, 10.875]"
False,9242,3,44351,2,"[11.1875, 11.0, 10.8125, 11.125]"
False,9243,1,44353,0,"[10.9375, 10.9375, 11.0, 11.0]"
False,9244,0,44356,2,"[11.1875, 11.0625, 11.0, 11.0]"
False,9245,3,44371,0,"[10.9375, 11.0, 11.0, 11.0625]"
False,9246,1,44384,3,"[10.9375, 11.0, 11.0625, 10.75]"
False,9247,0,44386,3,"[11.0, 11.0625, 11.0625, 10.9375]"
False,9248,2,44399,0,"[11.0625, 11.0625, 11.0625, 11.0625]"
False,9249,1,44405,2,"[11.0625, 11.125, 10.875, 11.125]"
False,9250,2,44408,0,"[10.875, 10.9375, 11.125, 11.0625]"
True,9251,0,44419,0,"[10.9375, 11.0625, 10.9375, 11.125]"
True,9252,1,44428,1,"[11.1875, 11.0625, 11.25, 11.125]"
False,9253,3,44430,1,"[10.9375, 10.875, 10.9375, 11.0]"
False,9254,3,44435,0,"[10.875, 10.9375, 11.125, 11.0]"
False,9255,3,44436,1,"[11.125, 10.9375, 11.0, 11.0]"
False,9256,0,44439,2,"[11.0625, 11.0625, 11.0, 11.0625]"
True,9257,1,44444,1,"[11.125, 11.0625, 11.0625, 11.125]"
False,9258,1,44448,2,"[10.9375, 11.0, 10.875, 11.1875]"
True,9259,1,44463,1,"[11.0625, 10.9375, 11.0625, 11.0]"
False,9260,0,44482,2,"[11.0625, 11.1875, 10.9375, 11.375]"
False,9261,0,44489,1,"[11.125, 10.9375, 11.0, 11.0625]"
False,9262,2,44490,1,"[11.0625, 11.0, 11.0, 11.0625]"
False,9263,2,44500,1,"[11.0625, 10.9375, 11.125, 10.9375]"
False,9264,1,44507,0,"[11.0, 11.0, 11.0625, 11.0]"
False,9265,1,44515,0,"[10.9375, 11.125, 11.25, 11.0]"
False,9266,3,44535,1,"[11.125, 11.0, 11.0625, 11.0625]"
True,9267,2,44552,2,"[11.0, 11.0, 10.875, 11.1875]"
False,9268,2,44557,0,"[11.0, 11.0625, 11.125, 11.0]"
False,9269,1,44565,2,"[11.0625, 11.0, 10.9375, 10.9375]"
False,9270,0,44573,1,"[11.0625, 10.8125, 10.9375, 10.9375]"
True,9271,1,44588,1,"[10.9375, 10.875, 10.9375, 11.0625]"
False,9272,1,44589,2,"[11.0625, 11.0625, 10.9375, 11.0625]"
False,9273,1,44591,0,"[11.0625, 11.125, 11.1875, 11.0625]"
False,9274,3,44597,0,"[10.875, 11.1875, 11.0, 11.0]"
False,9275,2,44622,0,"[10.875, 11.125, 11.0, 11.0625]"
True,9276,1,44647,1,"[11.125, 10.9375, 11.1875, 11.0625]"
False,9277,3,44654,0,"[10.9375, 10.9375, 10.9375, 10.9375]"
False,9278,3,44658,0,"[10.875, 11.1875, 11.125, 11.0]"
True,9279,2,44667,2,"[11.0, 11.0, 10.8125, 10.875]"
False,9280,2,44668,0,"[10.9375, 11.125, 11.0, 11.0]"
False,9281,2,44669,0,"[10.9375, 10.9375, 11.0, 11.125]"
False,9282,3,44675,1,"[10.875, 10.8125, 10.875, 11.25]"
False,9283,2,44676,0,"[10.9375, 11.0625, 11.0625, 10.9375]"
False,9284,0,44688,3,"[11.0625, 10.9375, 11.0, 10.875]"
True,9285,0,44698,0,"[11.0, 11.125, 11.0625, 11.0]"
False,9286,0,44709,1,"[11.0, 10.9375, 11.125, 11.1875]"
False,9287,2,44711,3,"[11.0625, 10.9375, 11.0625, 10.875]"
False,9288,1,44732,0,"[10.9375, 10.9375, 11.0, 11.0]"
False,9289,2,44733,0,"[10.875, 11.0, 10.9375, 11.0]"
False,9290,0,44735,1,"[11.0625, 11.0, 11.0, 11.0625]"
True,9291,1,44740,1,"[11.0, 10.9375, 11.1875, 11.0625]"
False,9292,2,44754,0,"[10.8125, 11.0, 11.0625, 10.9375]"
False,9293,0,44755,3,"[11.0625, 11.0625, 11.125, 10.9375]"
True,9294,0,44762,0,"[10.9375, 11.125, 11.0, 11.1875]"
True,9295,3,44774,3,"[11.125, 11.125, 11.0625, 11.0]"
False,9296,3,44796,1,"[11.0, 10.9375, 11.0, 11.0]"
False,9297,3,44805,2,"[10.9375, 11.0625, 10.875, 10.9375]"
True,9298,3,44808,3,"[10.875, 10.875, 11.0625, 10.6875]"
False,9299,2,44816,0,"[10.875, 11.0, 10.9375, 10.9375]"
False,9300,3,44818,0,"[10.875, 11.125, 11.125, 10.875]"
True,9301,0,44831,0,"[11.0, 11.0625, 11.0, 11.0625]"
True,9302,2,44832,2,"[11.0625, 11.125, 11.0, 11.1875]"
True,9303,1,44837,1,"[10.9375, 10.875, 11.0, 10.875]"
True,9304,1,44843,1,"[11.0, 10.875, 11.0, 10.875]"
False,9305,1,44844,0,"[10.8125, 11.0625, 10.875, 11.0]"
True,9306,3,44846,3,"[11.0, 11.0, 11.0, 10.875]"
True,9307,1,44857,1,"[10.9375, 10.8125, 11.0, 11.0]"
False,9308,3,44862,0,"[10.875, 11.0, 11.125, 10.9375]"
False,9309,2,44864,0,"[10.875, 10.875, 10.9375, 10.9375]"
False,9310,2,44871,1,"[11.125, 11.0, 11.0, 11.0]"
False,9311,0,44890,3,"[11.0625, 11.0625, 11.0625, 11.0]"
False,9312,3,44894,1,"[11.125, 11.0, 11.0, 11.0]"
False,9313,3,44914,1,"[10.9375, 10.875, 11.0625, 10.9375]"
False,9314,1,44919,0,"[10.9375, 11.0, 11.125, 11.0625]"
False,9315,1,44927,2,"[11.1875, 11.0625, 10.9375, 11.0625]"
False,9316,0,44931,2,"[10.9375, 11.0625, 10.875, 10.9375]"
False,9317,2,44932,1,"[11.125, 11.0, 11.0625, 11.0]"
False,9318,0,44938,1,"[11.0625, 10.9375, 11.0, 11.0]"
True,9319,1,44943,1,"[11.0, 10.9375, 10.9375, 11.0]"
False,9320,0,44944,3,"[11.0, 11.0625, 11.0, 10.875]"
False,9321,3,44956,1,"[10.9375, 10.875, 11.0, 10.9375]"
False,9322,2,44962,0,"[11.0, 11.1875, 11.0, 11.25]"
False,9323,0,44966,3,"[11.1875, 11.1875, 11.125, 11.0]"
True,9324,2,44982,2,"[11.125, 11.0, 10.9375, 11.1875]"
False,9325,2,44985,1,"[10.875, 10.8125, 10.8125, 11.125]"
False,9326,3,44987,2,"[11.0625, 11.0625, 11.0, 11.125]"
False,9327,1,44988,0,"[11.0, 11.0625, 11.0625, 11.0625]"
False,9328,0,44996,2,"[11.125, 11.0625, 10.9375, 10.9375]"
False,9329,0,44998,2,"[11.0, 11.0625, 10.9375, 11.0]"
False,9330,2,45007,0,"[11.0625, 11.0625, 11.0625, 11.125]"
False,9331,1,45010,3,"[11.0625, 11.125, 11.125, 10.9375]"
False,9332,3,45021,1,"[11.0625, 10.9375, 11.0625, 11.0]"
False,9333,3,45022,1,"[11.0, 10.875, 11.0, 11.0625]"
False,9334,3,45026,0,"[10.8125, 11.0625, 11.0, 11.0]"
False,9335,0,45027,1,"[11.125, 10.875, 11.0, 11.125]"
True,9336,0,45031,0,"[10.9375, 10.9375, 11.0625, 10.9375]"
True,9337,0,45032,0,"[11.0, 11.1875, 11.0625, 11.0625]"
False,9338,0,45037,1,"[11.25, 11.0, 11.0625, 11.0]"
True,9339,2,45043,2,"[11.0, 11.0, 10.9375, 11.0]"
False,9340,3,45048,1,"[10.9375, 10.8125, 11.125, 11.0]"
False,9341,3,45063,0,"[10.9375, 10.9375, 10.9375, 11.25]"
False,9342,1,45066,2,"[11.0625, 11.0625, 11.0, 11.0625]"
False,9343,2,45067,3,"[11.0, 11.0, 11.0625, 10.9375]"
False,9344,1,45072,0,"[11.0, 11.125, 11.25, 11.0]"
False,9345,1,45099,3,"[11.1875, 10.9375, 11.1875, 10.8125]"
False,9346,0,45100,1,"[11.0625, 10.8125, 11.0, 10.9375]"
False,9347,3,45105,0,"[10.875, 11.0625, 11.0625, 11.0]"
False,9348,0,45107,1,"[11.125, 10.9375, 11.0, 11.0]"
False,9349,3,45113,0,"[11.0625, 11.0625, 11.0625, 11.0625]"
False,9350,0,45129,2,"[10.875, 10.9375, 10.8125, 10.9375]"
True,9351,1,45149,1,"[10.9375, 10.875, 11.125, 11.0625]"
True,9352,2,45153,2,"[11.0, 11.0625, 10.875, 10.9375]"
False,9353,1,45158,0,"[10.875, 10.9375, 10.875, 11.0]"
True,9354,0,45167,0,"[10.875, 10.9375, 11.0, 11.125]"
False,9355,3,45174,0,"[10.9375, 11.0, 11.0, 11.125]"
False,9356,1,45178,0,"[10.9375, 11.0625, 11.0, 11.0]"
False,9357,2,45185,1,"[11.1875, 11.125, 11.3125, 11.1875]"
True,9358,0,45191,0,"[10.875, 11.0, 11.0625, 11.0]"
False,9359,0,45203,2,"[11.1875, 11.25, 11.125, 11.1875]"
False,9360,1,45204,0,"[11.0, 11.0625, 11.0625, 11.0]"
True,9361,1,45216,1,"[11.0, 10.9375, 11.125, 11.125]"
True,9362,1,45232,1,"[11.0625, 11.0, 11.25, 11.125]"
False,9363,3,45237,0,"[10.875, 10.9375, 11.0625, 11.0625]"
False,9364,2,45241,3,"[11.0625, 11.125, 11.0625, 11.0]"
False,9365,3,45247,1,"[11.1875, 11.0, 11.0625, 11.125]"
False,9366,2,45249,1,"[11.125, 11.0, 11.0, 11.125]"
True,9367,1,45259,1,"[11.0625, 10.9375, 11.0, 11.125]"
False,9368,2,45267,1,"[11.125, 11.0, 11.125, 11.125]"
False,9369,0,45277,2,"[10.9375, 11.0, 10.875, 11.125]"
True,9370,0,45336,0,"[10.875, 11.0625, 11.125, 11.0625]"
False,9371,1,45359,0,"[11.0625, 11.125, 11.0625, 11.0625]"
True,9372,1,45366,1,"[11.25, 10.9375, 11.0, 11.1875]"
False,9373,1,45383,3,"[11.125, 11.125, 11.0625, 11.0]"
True,9374,3,45396,3,"[11.125, 11.0625, 10.9375, 10.875]"
False,9375,0,45400,1,"[11.0625, 11.0, 11.0625, 11.125]"
True,9376,0,45409,0,"[11.0625, 11.125, 11.0625, 11.1875]"
True,9377,1,45414,1,"[11.0625, 10.9375, 11.0625, 11.0625]"
False,9378,1,45417,2,"[11.0, 11.125, 10.9375, 11.0]"
True,9379,2,45421,2,"[11.0625, 11.0, 10.875, 11.0]"
False,9380,1,45437,0,"[11.0625, 11.1875, 11.0625, 11.125]"
False,9381,3,45453,1,"[11.0625, 10.9375, 11.1875, 11.0]"
True,9382,2,45455,2,"[11.0, 11.125, 10.875, 11.0]"
True,9383,3,45456,3,"[11.0625, 11.125, 11.125, 11.0]"
False,9384,0,45459,1,"[11.0, 10.875, 11.0, 10.9375]"
False,9385,1,45461,2,"[11.25, 11.1875, 10.9375, 11.0]"
False,9386,2,45463,0,"[10.9375, 11.125, 10.9375, 11.0625]"
False,9387,2,45467,3,"[10.875, 11.125, 11.0625, 10.8125]"
False,9388,1,45468,0,"[11.0, 11.0625, 11.0, 11.0]"
False,9389,2,45469,1,"[11.0, 10.9375, 11.0, 10.9375]"
False,9390,1,45473,0,"[11.0, 11.0, 11.0625, 11.0]"
False,9391,1,45489,0,"[10.9375, 11.0625, 11.0625, 11.0]"
True,9392,3,45491,3,"[11.0625, 11.1875, 11.125, 11.0]"
False,9393,1,45498,3,"[11.0625, 11.125, 11.125, 11.0]"
False,9394,1,45501,2,"[11.0625, 11.0625, 10.9375, 10.9375]"
True,9395,1,45507,1,"[11.0625, 10.9375, 11.0, 11.1875]"
False,9396,1,45518,0,"[10.9375, 11.0625, 10.9375, 11.0]"
False,9397,0,45526,1,"[11.0625, 11.0, 11.125, 11.0625]"
False,9398,3,45529,2,"[11.0625, 11.0625, 11.0, 11.0625]"
False,9399,0,45530,1,"[11.0625, 10.875, 10.9375, 11.0625]"
True,9400,1,45535,1,"[11.0625, 10.875, 10.9375, 11.125]"
False,9401,3,45548,1,"[11.0625, 10.8125, 11.0, 11.0625]"
False,9402,2,45566,1,"[11.0625, 10.8125, 10.9375, 10.9375]"
True,9403,1,45575,1,"[11.125, 11.0, 11.0, 11.0625]"
False,9404,2,45591,0,"[10.75, 10.9375, 11.0, 11.0625]"
False,9405,3,45596,2,"[10.875, 10.9375, 10.8125, 11.1875]"
False,9406,1,45597,0,"[10.75, 10.875, 11.0625, 10.9375]"
True,9407,2,45609,2,"[11.0625, 10.9375, 10.875, 11.0]"
False,9408,2,45610,3,"[11.25, 11.1875, 11.0, 10.875]"
False,9409,3,45611,1,"[11.0625, 10.9375, 11.125, 11.0625]"
True,9410,0,45616,0,"[10.9375, 10.9375, 11.0625, 10.9375]"
False,9411,2,45617,1,"[11.0625, 10.875, 11.0625, 11.125]"
False,9412,3,45622,0,"[11.0, 11.0, 11.125, 11.0]"
True,9413,3,45623,3,"[11.0625, 11.1875, 11.0625, 11.0]"
True,9414,2,45630,2,"[10.9375, 10.9375, 10.875, 11.0]"
True,9415,2,45634,2,"[11.0625, 10.9375, 10.875, 11.0]"
True,9416,0,45637,0,"[10.9375, 11.0625, 11.125, 11.125]"
False,9417,2,45640,3,"[11.0625, 11.0625, 11.125, 10.875]"
False,9418,1,45642,3,"[11.0, 11.0625, 11.0625, 10.9375]"
False,9419,0,45655,3,"[11.0, 11.125, 11.0, 10.875]"
False,9420,3,45657,0,"[10.875, 11.0625, 11.0, 11.0625]"
False,9421,3,45677,1,"[11.0625, 10.875, 11.125, 11.0]"
True,9422,0,45678,0,"[11.0625, 11.0625, 11.0625, 11.125]"
False,9423,2,45721,0,"[10.8125, 11.0, 11.1875, 11.3125]"
False,9424,1,45765,0,"[10.8125, 10.875, 11.0, 10.9375]"
False,9425,0,45766,2,"[11.125, 11.125, 11.0, 11.0]"
True,9426,2,45768,2,"[11.125, 11.125, 11.0625, 11.0625]"
False,9427,2,45783,1,"[11.0625, 11.0, 11.1875, 11.0]"
False,9428,0,45784,3,"[11.0625, 11.125, 11.0625, 11.0]"
True,9429,3,45793,3,"[11.1875, 10.9375, 10.9375, 10.875]"
False,9430,0,45800,2,"[11.0625, 11.0, 10.875, 11.0625]"
False,9431,0,45805,2,"[11.1875, 11.1875, 10.9375, 11.0]"
False,9432,1,45809,2,"[10.9375, 10.9375, 10.875, 11.1875]"
False,9433,2,45813,0,"[10.9375, 11.25, 10.9375, 11.0625]"
False,9434,3,45814,1,"[11.0625, 11.0, 11.1875, 11.125]"
False,9435,1,45817,0,"[11.0, 11.25, 11.0625, 11.0625]"
False,9436,1,45827,0,"[11.0625, 11.125, 11.125, 11.125]"
False,9437,1,45842,2,"[11.0, 11.25, 10.875, 11.0625]"
False,9438,0,45850,1,"[11.0625, 10.9375, 11.1875, 11.0]"
False,9439,0,45863,2,"[11.0, 10.9375, 10.875, 11.0]"
False,9440,0,45876,2,"[11.0, 11.0, 10.9375, 11.0]"
False,9441,0,45886,1,"[10.9375, 10.875, 11.0, 11.0625]"
False,9442,3,45888,2,"[11.0, 11.0, 10.9375, 11.0625]"
True,9443,3,45890,3,"[11.3125, 11.125, 11.0625, 10.9375]"
True,9444,0,45895,0,"[11.0, 11.0625, 11.0625, 11.0625]"
False,9445,1,45897,3,"[11.0, 11.0625, 11.0, 10.9375]"
False,9446,3,45909,0,"[11.0625, 11.0625, 11.0625, 11.125]"
False,9447,0,45910,1,"[11.0, 10.9375, 11.0, 11.0]"
False,9448,1,45911,0,"[10.875, 10.9375, 11.0, 11.125]"
False,9449,3,45912,1,"[11.0, 10.875, 10.9375, 10.9375]"
False,9450,3,45913,0,"[11.0, 11.0625, 11.25, 11.25]"
False,9451,0,45922,1,"[11.0625, 11.0, 11.1875, 11.125]"
False,9452,2,45945,0,"[10.9375, 11.0625, 11.0, 10.9375]"
False,9453,0,45951,1,"[11.125, 11.0625, 11.125, 11.125]"
False,9454,0,45952,2,"[11.0625, 11.0, 10.9375, 11.0625]"
False,9455,3,45955,0,"[10.9375, 11.0625, 10.9375, 11.0625]"
False,9456,1,45965,0,"[10.875, 10.9375, 11.0, 10.9375]"
True,9457,0,45972,0,"[10.9375, 11.125, 11.125, 10.9375]"
False,9458,3,45976,0,"[11.0, 11.0625, 11.0, 11.125]"
True,9459,1,45979,1,"[11.0, 10.8125, 10.9375, 10.9375]"
False,9460,0,45987,1,"[11.0, 10.875, 11.125, 10.9375]"
False,9461,3,45995,0,"[11.0625, 11.125, 11.0625, 11.125]"
False,9462,1,46009,0,"[10.875, 11.0, 11.0, 10.9375]"
True,9463,1,46011,1,"[11.0625, 10.9375, 11.125, 11.0625]"
True,9464,2,46012,2,"[11.125, 11.0625, 10.875, 11.0]"
False,9465,3,46015,1,"[11.0625, 11.0, 11.125, 11.0625]"
True,9466,0,46019,0,"[11.0, 11.0625, 11.0, 11.0]"
False,9467,3,46027,0,"[11.0, 11.0, 11.0625, 11.0]"
False,9468,0,46036,3,"[10.9375, 10.9375, 11.0625, 10.875]"
False,9469,3,46038,0,"[11.0, 11.0625, 11.0, 11.0625]"
False,9470,1,46043,3,"[10.9375, 11.0625, 11.0, 10.875]"
False,9471,1,46045,2,"[11.0, 10.9375, 10.875, 10.9375]"
False,9472,2,46050,0,"[10.9375, 11.0, 11.1875, 11.0625]"
False,9473,0,46054,3,"[10.9375, 11.125, 11.125, 10.875]"
False,9474,0,46057,1,"[11.0625, 10.8125, 10.875, 10.9375]"
False,9475,1,46071,0,"[10.9375, 10.9375, 10.9375, 10.9375]"
False,9476,1,46078,0,"[10.875, 11.0625, 11.0625, 11.0625]"
False,9477,1,46080,2,"[11.0625, 11.125, 10.9375, 11.1875]"
False,9478,0,46081,2,"[11.0625, 11.0625, 10.9375, 11.0]"
True,9479,0,46083,0,"[10.9375, 11.0625, 11.0, 11.0]"
True,9480,0,46089,0,"[10.9375, 11.125, 11.0, 11.0625]"
False,9481,2,46093,1,"[11.125, 11.0, 11.0625, 11.0625]"
True,9482,1,46099,1,"[11.0625, 10.875, 11.0625, 10.9375]"
False,9483,2,46104,0,"[10.8125, 11.0, 11.0625, 11.0]"
False,9484,1,46106,0,"[10.9375, 11.125, 10.9375, 11.0]"
False,9485,0,46108,2,"[11.0, 11.0, 10.9375, 11.125]"
True,9486,2,46128,2,"[11.0625, 11.125, 10.875, 11.0625]"
True,9487,2,46135,2,"[11.1875, 11.0, 10.9375, 11.0625]"
True,9488,1,46138,1,"[11.125, 10.9375, 11.0, 11.0]"
False,9489,0,46147,2,"[11.0625, 10.9375, 10.875, 10.875]"
False,9490,1,46150,2,"[11.125, 11.0, 10.875, 11.0]"
False,9491,0,46161,1,"[11.125, 10.875, 11.0625, 11.0]"
False,9492,2,46170,1,"[10.9375, 10.875, 11.0, 10.9375]"
True,9493,0,46171,0,"[10.9375, 11.125, 10.9375, 11.0625]"
False,9494,1,46185,3,"[11.0, 11.0, 11.125, 10.9375]"
True,9495,0,46204,0,"[11.0, 11.0, 11.0625, 11.0625]"
False,9496,3,46207,0,"[11.0, 11.0, 11.0625, 11.0]"
False,9497,2,46211,0,"[11.0, 11.125, 11.0625, 11.0]"
False,9498,2,46225,1,"[11.0625, 10.8125, 10.9375, 11.0625]"
False,9499,0,46259,1,"[10.9375, 10.875, 11.0, 11.0]"
False,9500,1,46261,2,"[11.0, 11.125, 10.8125, 10.9375]"
False,9501,0,46268,1,"[11.0625, 11.0, 11.0, 11.0]"
False,9502,0,46282,3,"[11.0625, 10.9375, 10.9375, 10.875]"
False,9503,3,46289,0,"[10.875, 11.0, 11.125, 11.0]"
False,9504,2,46293,0,"[10.9375, 11.0, 10.9375, 11.125]"
False,9505,0,46297,1,"[11.0625, 10.9375, 10.9375, 11.0]"
False,9506,2,46300,1,"[11.125, 10.9375, 11.0625, 11.0625]"
False,9507,3,46306,0,"[10.75, 10.9375, 11.125, 11.125]"
False,9508,1,46312,0,"[10.875, 11.0, 10.9375, 11.0]"
False,9509,3,46313,0,"[10.875, 11.25, 11.3125, 11.0]"
True,9510,0,46320,0,"[10.875, 11.1875, 11.0, 11.1875]"
False,9511,2,46330,0,"[11.0, 11.0625, 11.0625, 11.0]"
False,9512,0,46344,2,"[11.0625, 11.125, 11.0, 11.0625]"
False,9513,2,46349,0,"[11.0, 11.0, 11.125, 11.125]"
False,9514,2,46357,3,"[11.125, 11.0625, 11.1875, 11.0]"
False,9515,0,46359,1,"[11.0, 10.9375, 11.0, 11.125]"
False,9516,3,46365,1,"[11.0625, 11.0, 11.3125, 11.1875]"
False,9517,2,46372,0,"[11.0625, 11.0625, 11.0625, 11.125]"
False,9518,0,46375,1,"[11.0, 10.9375, 11.125, 11.0625]"
False,9519,0,46396,2,"[11.0, 11.0, 10.9375, 10.9375]"
True,9520,3,46405,3,"[11.0, 11.125, 11.0625, 10.8125]"
False,9521,2,46412,3,"[11.0625, 11.125, 11.0625, 10.875]"
False,9522,2,46413,0,"[10.875, 11.125, 11.0, 11.0]"
True,9523,1,46443,1,"[11.1875, 10.875, 11.0625, 11.0]"
True,9524,1,46444,1,"[11.1875, 11.0625, 11.125, 11.1875]"
False,9525,2,46455,1,"[11.125, 11.0625, 11.125, 11.125]"
False,9526,0,46459,2,"[10.9375, 11.0, 10.875, 10.9375]"
False,9527,2,46463,0,"[10.9375, 11.0, 11.0, 10.9375]"
False,9528,2,46464,1,"[11.0, 10.9375, 11.0625, 11.1875]"
False,9529,1,46469,0,"[10.9375, 11.0, 11.1875, 11.1875]"
False,9530,1,46471,0,"[10.9375, 11.0625, 11.0, 10.9375]"
False,9531,1,46472,0,"[10.9375, 11.0, 11.0625, 11.0625]"
False,9532,3,46478,2,"[10.9375, 10.9375, 10.875, 11.0]"
False,9533,1,46481,0,"[11.0, 11.0625, 11.125, 11.125]"
False,9534,0,46482,2,"[11.1875, 11.0625, 11.0, 11.125]"
False,9535,3,46490,1,"[11.0, 10.9375, 11.0, 10.9375]"
False,9536,3,46491,0,"[10.875, 11.0625, 11.0, 10.875]"
False,9537,3,46500,1,"[11.125, 10.9375, 11.0, 10.9375]"
True,9538,1,46504,1,"[11.125, 11.0, 11.0625, 11.0]"
False,9539,2,46509,3,"[11.0625, 11.0, 11.125, 10.9375]"
False,9540,0,46516,2,"[11.0625, 11.0, 10.9375, 11.125]"
False,9541,3,46520,0,"[11.0625, 11.1875, 11.0625, 11.125]"
False,9542,1,46521,3,"[10.9375, 11.0625, 11.0625, 10.8125]"
False,9543,1,46522,3,"[11.125, 11.0625, 11.0625, 10.9375]"
True,9544,0,46524,0,"[11.0, 11.125, 11.0, 11.0625]"
False,9545,3,46533,1,"[11.0625, 10.9375, 10.9375, 11.0]"
True,9546,1,46551,1,"[11.0625, 11.0, 11.0625, 11.0]"
False,9547,2,46556,3,"[10.9375, 11.0625, 11.0, 10.875]"
True,9548,3,46568,3,"[11.0, 11.0, 11.0625, 10.9375]"
False,9549,1,46569,2,"[11.125, 11.0625, 10.9375, 10.9375]"
False,9550,1,46573,2,"[11.0625, 11.125, 11.0, 11.125]"
False,9551,0,46579,1,"[11.125, 10.875, 11.125, 11.0]"
False,9552,3,46596,0,"[11.0, 11.0, 11.0, 11.0]"
True,9553,0,46603,0,"[10.8125, 10.9375, 11.0625, 11.125]"
True,9554,3,46612,3,"[11.0, 10.9375, 11.0, 10.875]"
False,9555,3,46636,0,"[11.0, 11.0625, 11.0625, 11.125]"
False,9556,0,46641,1,"[11.125, 11.0625, 11.0625, 11.0625]"
True,9557,2,46645,2,"[11.0, 11.0, 10.875, 10.9375]"
True,9558,1,46647,1,"[11.0625, 11.0, 11.0625, 11.1875]"
False,9559,0,46649,1,"[11.0625, 10.9375, 11.0, 11.0]"
False,9560,0,46655,1,"[11.125, 10.875, 10.875, 11.0]"
False,9561,3,46674,0,"[11.0, 11.1875, 11.0, 11.125]"
False,9562,0,46686,2,"[11.0, 11.0, 10.9375, 11.1875]"
False,9563,0,46689,2,"[11.125, 11.125, 11.0, 11.0]"
True,9564,2,46693,2,"[11.0, 11.0, 10.9375, 11.0]"
False,9565,0,46711,1,"[10.875, 10.8125, 10.875, 10.9375]"
False,9566,0,46734,3,"[10.9375, 11.0, 10.9375, 10.875]"
False,9567,1,46735,2,"[11.125, 11.0625, 10.9375, 11.0625]"
True,9568,2,46745,2,"[11.0625, 11.0625, 10.9375, 11.0]"
False,9569,2,46755,0,"[11.0, 11.0625, 11.0, 11.0]"
False,9570,3,46774,1,"[11.125, 11.0625, 11.0625, 11.0625]"
True,9571,2,46781,2,"[11.0625, 11.0625, 11.0, 11.125]"
False,9572,2,46788,1,"[11.125, 11.0625, 11.125, 11.0625]"
False,9573,2,46790,3,"[11.0625, 11.0, 11.0, 10.9375]"
True,9574,0,46795,0,"[10.9375, 11.0, 11.0, 11.0625]"
False,9575,0,46820,1,"[11.125, 10.875, 11.0625, 11.0]"
True,9576,1,46822,1,"[11.125, 10.875, 11.1875, 10.875]"
True,9577,0,46837,0,"[10.9375, 10.9375, 11.125, 11.0625]"
True,9578,2,46839,2,"[11.125, 10.9375, 10.875, 11.1875]"
False,9579,1,46844,0,"[10.9375, 11.1875, 11.0625, 11.0625]"
False,9580,1,46847,3,"[11.0, 11.125, 11.125, 10.9375]"
True,9581,2,46856,2,"[11.0, 11.0625, 10.9375, 10.9375]"
False,9582,0,46860,3,"[11.0625, 11.0, 10.9375, 10.8125]"
False,9583,0,46862,1,"[11.0625, 11.0, 11.125, 11.1875]"
True,9584,0,46865,0,"[11.0, 11.0, 11.125, 11.1875]"
False,9585,2,46868,1,"[10.9375, 10.875, 11.0, 10.9375]"
True,9586,0,46882,0,"[10.8125, 10.9375, 11.125, 11.0]"
False,9587,1,46887,3,"[11.0625, 11.0, 11.0625, 10.875]"
False,9588,3,46897,0,"[10.875, 11.0625, 11.0625, 11.125]"
False,9589,2,46898,0,"[10.875, 11.125, 11.0, 11.0625]"
False,9590,3,46901,1,"[11.1875, 11.0, 11.0625, 11.0]"
False,9591,0,46906,2,"[11.125, 11.125, 11.0625, 11.0625]"
False,9592,3,46908,0,"[11.0625, 11.0625, 11.125, 11.125]"
False,9593,0,46911,3,"[11.125, 11.0, 11.0625, 10.9375]"
False,9594,2,46917,1,"[11.0, 10.9375, 10.9375, 11.0625]"
True,9595,1,46920,1,"[11.1875, 10.875, 10.9375, 10.9375]"
False,9596,3,46921,0,"[10.875, 10.9375, 10.9375, 11.0]"
False,9597,1,46923,2,"[11.125, 11.0625, 11.0, 11.0]"
True,9598,3,46926,3,"[11.125, 11.0, 11.0625, 10.9375]"
True,9599,1,46930,1,"[11.0625, 11.0, 11.0, 11.0]"
True,9600,0,46931,0,"[10.9375, 11.0, 11.0, 11.125]"
True,9601,0,46935,0,"[11.0, 11.0625, 11.125, 11.0]"
True,9602,3,46936,3,"[11.0, 11.0, 11.0625, 10.9375]"
True,9603,3,46937,3,"[10.9375, 11.1875, 11.0625, 10.875]"
False,9604,3,46958,2,"[11.0625, 11.125, 11.0, 11.0625]"
False,9605,1,46981,3,"[11.0, 11.0, 11.0, 10.9375]"
False,9606,1,46983,3,"[11.0, 11.125, 11.0, 10.875]"
False,9607,1,46995,3,"[11.0, 11.0, 11.1875, 10.875]"
False,9608,0,46998,3,"[11.0, 11.0, 11.0625, 10.9375]"
False,9609,2,47032,1,"[11.0625, 10.875, 11.1875, 10.875]"
True,9610,1,47047,1,"[11.125, 10.9375, 11.125, 11.125]"
False,9611,0,47053,1,"[11.125, 10.9375, 11.1875, 10.9375]"
True,9612,3,47055,3,"[11.0, 11.0625, 11.125, 10.875]"
False,9613,1,47059,3,"[11.125, 11.0, 11.0, 10.9375]"
False,9614,3,47060,1,"[11.125, 11.0, 11.125, 11.0]"
False,9615,2,47085,1,"[11.125, 11.0, 11.0, 11.0]"
False,9616,3,47107,2,"[10.9375, 11.0, 10.8125, 11.0625]"
True,9617,1,47129,1,"[11.1875, 11.0, 11.1875, 11.0]"
True,9618,0,47133,0,"[10.9375, 11.1875, 11.0625, 11.0]"
False,9619,1,47144,2,"[11.125, 11.0625, 11.0, 11.1875]"
False,9620,0,47146,2,"[11.0, 10.9375, 10.875, 11.0]"
False,9621,1,47165,3,"[11.0625, 10.875, 11.0625, 10.8125]"
False,9622,1,47177,3,"[11.3125, 11.0, 11.0, 10.9375]"
False,9623,3,47193,1,"[11.3125, 10.9375, 11.1875, 11.0]"
False,9624,1,47195,0,"[11.0625, 11.1875, 11.0625, 11.125]"
False,9625,3,47210,0,"[10.9375, 11.0625, 11.0625, 10.9375]"
False,9626,0,47214,2,"[11.125, 11.125, 10.875, 10.9375]"
False,9627,1,47215,0,"[11.0, 11.0625, 11.0, 11.0625]"
True,9628,2,47222,2,"[11.0, 11.1875, 10.9375, 11.125]"
True,9629,2,47229,2,"[11.0625, 11.125, 10.9375, 11.0625]"
False,9630,2,47240,0,"[10.875, 10.9375, 11.0, 11.0625]"
False,9631,2,47241,0,"[10.8125, 11.125, 11.0, 10.9375]"
False,9632,3,47269,2,"[11.1875, 11.25, 11.125, 11.1875]"
True,9633,0,47277,0,"[10.875, 11.0, 11.0, 10.9375]"
True,9634,0,47282,0,"[10.9375, 11.125, 11.125, 11.0625]"
False,9635,1,47285,0,"[11.0, 11.0625, 11.1875, 11.0625]"
True,9636,2,47289,2,"[11.125, 11.1875, 11.0, 11.125]"
False,9637,3,47291,2,"[11.1875, 11.125, 10.9375, 11.0625]"
False,9638,2,47302,0,"[11.0, 11.125, 11.0625, 11.0625]"
False,9639,3,47304,2,"[11.0625, 11.0, 10.9375, 11.0]"
True,9640,0,47313,0,"[11.0, 11.0, 11.125, 11.0625]"
False,9641,3,47317,2,"[11.0, 11.0625, 10.875, 11.0625]"
False,9642,3,47323,2,"[10.9375, 11.0, 10.875, 10.9375]"
False,9643,1,47332,0,"[11.0625, 11.0625, 11.125, 11.1875]"
False,9644,1,47341,2,"[11.125, 11.0, 10.875, 10.875]"
False,9645,2,47353,3,"[11.0625, 11.0, 11.125, 10.9375]"
False,9646,2,47384,0,"[10.875, 11.0, 10.9375, 10.875]"
True,9647,0,47386,0,"[10.875, 11.125, 10.9375, 10.875]"
False,9648,1,47387,0,"[10.9375, 11.0625, 11.0625, 11.1875]"
False,9649,1,47398,0,"[10.9375, 11.0625, 11.0625, 11.0625]"
False,9650,1,47422,0,"[10.9375, 11.0625, 11.125, 11.125]"
False,9651,1,47436,0,"[10.875, 10.9375, 10.9375, 10.9375]"
False,9652,3,47440,1,"[11.125, 11.0, 11.1875, 11.0625]"
False,9653,1,47441,0,"[10.9375, 11.0625, 11.0, 11.0625]"
False,9654,3,47444,0,"[10.875, 11.0, 11.0, 10.9375]"
True,9655,1,47448,1,"[11.125, 10.9375, 11.0625, 10.9375]"
False,9656,0,47452,1,"[10.9375, 10.875, 11.0625, 11.0]"
False,9657,3,47454,0,"[11.0, 11.0625, 11.0625, 11.0]"
False,9658,2,47469,3,"[11.125, 11.0, 11.0625, 10.9375]"
False,9659,1,47497,2,"[11.0625, 11.1875, 10.9375, 11.125]"
False,9660,3,47508,1,"[11.0, 10.9375, 11.125, 11.0]"
False,9661,0,47512,2,"[11.0625, 11.0625, 10.9375, 11.0]"
False,9662,2,47517,1,"[11.0, 10.75, 10.8125, 11.1875]"
True,9663,0,47542,0,"[10.875, 10.9375, 10.9375, 10.9375]"
False,9664,1,47548,3,"[11.0625, 11.0625, 11.0625, 11.0]"
False,9665,1,47551,0,"[10.9375, 10.9375, 10.9375, 11.125]"
False,9666,2,47556,0,"[10.875, 11.0, 11.0, 10.875]"
True,9667,2,47559,2,"[10.9375, 10.9375, 10.8125, 10.9375]"
True,9668,0,47574,0,"[10.875, 11.125, 11.0625, 11.125]"
False,9669,1,47588,0,"[10.9375, 11.0, 11.0, 11.0]"
False,9670,1,47595,2,"[11.0625, 11.125, 11.0, 11.25]"
False,9671,0,47603,2,"[11.125, 11.0, 10.9375, 11.0]"
False,9672,2,47629,1,"[11.1875, 11.0, 11.0625, 11.0625]"
True,9673,1,47645,1,"[11.0, 10.875, 11.0625, 11.0]"
False,9674,3,47659,0,"[10.8125, 11.0, 11.1875, 11.1875]"
False,9675,2,47683,0,"[11.0, 11.1875, 11.0625, 11.0]"
False,9676,3,47685,0,"[10.875, 10.9375, 10.875, 10.9375]"
True,9677,0,47697,0,"[10.9375, 11.0625, 11.0, 11.0]"
False,9678,1,47698,0,"[10.8125, 11.0, 10.8125, 11.1875]"
False,9679,1,47705,0,"[11.0, 11.0, 11.125, 11.0]"
True,9680,0,47709,0,"[10.9375, 11.0625, 10.9375, 11.125]"
False,9681,3,47712,1,"[11.0625, 10.875, 11.125, 10.875]"
False,9682,2,47715,1,"[11.0625, 10.875, 11.0625, 11.0]"
True,9683,0,47720,0,"[11.0, 11.0625, 11.0, 11.1875]"
False,9684,3,47733,0,"[10.875, 11.0625, 11.125, 11.125]"
False,9685,1,47741,3,"[11.0625, 11.125, 11.0, 10.75]"
False,9686,2,47744,0,"[10.875, 11.0, 11.0, 10.875]"
False,9687,0,47766,3,"[11.125, 11.3125, 11.125, 11.0]"
False,9688,3,47767,1,"[11.0, 10.875, 11.0625, 10.9375]"
True,9689,1,47783,1,"[11.1875, 11.0, 11.25, 11.0]"
False,9690,1,47797,0,"[11.0, 11.0, 11.125, 11.0625]"
False,9691,2,47807,1,"[11.0, 10.9375, 11.125, 11.1875]"
False,9692,2,47817,3,"[11.4375, 11.0625, 11.1875, 10.9375]"
True,9693,3,47830,3,"[11.125, 11.125, 11.0, 10.9375]"
False,9694,3,47836,0,"[11.0625, 11.125, 11.1875, 11.0625]"
False,9695,0,47838,2,"[11.0625, 11.0, 10.8125, 10.9375]"
False,9696,2,47839,0,"[10.9375, 11.0625, 11.0, 11.125]"
False,9697,1,47843,0,"[10.9375, 11.0625, 10.9375, 11.1875]"
False,9698,0,47851,3,"[11.125, 11.125, 11.125, 11.0]"
False,9699,2,47859,1,"[11.125, 10.9375, 11.0, 10.9375]"
False,9700,2,47861,0,"[11.0, 11.0, 11.0, 11.0]"
False,9701,3,47868,0,"[10.8125, 11.0625, 11.0, 11.125]"
False,9702,3,47869,1,"[11.125, 10.9375, 11.0625, 11.1875]"
False,9703,1,47876,2,"[10.9375, 10.9375, 10.8125, 11.1875]"
False,9704,0,47884,1,"[11.0625, 10.875, 11.0625, 11.0]"
True,9705,0,47889,0,"[10.9375, 11.125, 11.0, 11.0]"
False,9706,2,47890,0,"[11.0, 11.0625, 11.0, 11.0]"
False,9707,2,47918,0,"[11.0625, 11.125, 11.1875, 11.1875]"
True,9708,1,47929,1,"[11.0625, 10.8125, 11.0, 11.0]"
False,9709,0,47944,1,"[11.0625, 10.9375, 11.0625, 11.0]"
False,9710,3,47950,0,"[11.0, 11.0, 11.125, 11.125]"
False,9711,2,47962,1,"[11.125, 11.0, 11.0, 11.0625]"
True,9712,2,47965,2,"[11.0, 11.125, 10.875, 11.0625]"
False,9713,2,47982,1,"[11.1875, 11.125, 11.125, 11.125]"
False,9714,0,47984,1,"[11.1875, 10.9375, 11.0, 11.0]"
True,9715,2,47998,2,"[11.0625, 11.0625, 10.9375, 10.9375]"
True,9716,1,48008,1,"[11.0, 10.9375, 11.125, 10.9375]"
False,9717,2,48028,1,"[10.9375, 10.8125, 11.0, 11.0]"
False,9718,1,48031,0,"[11.0625, 11.0625, 11.0625, 11.0625]"
False,9719,2,48034,0,"[11.0, 11.0625, 11.0625, 11.0625]"
False,9720,3,48043,1,"[11.0625, 10.9375, 11.0, 11.0]"
False,9721,0,48045,3,"[11.0625, 11.0625, 11.1875, 11.0]"
False,9722,1,48047,3,"[11.0, 11.0, 11.1875, 10.8125]"
False,9723,1,48050,0,"[11.0625, 11.0625, 11.125, 11.0625]"
True,9724,2,48051,2,"[11.0, 11.0, 10.9375, 11.0625]"
False,9725,3,48055,0,"[10.9375, 11.0625, 11.0625, 10.9375]"
True,9726,0,48060,0,"[10.9375, 10.9375, 10.9375, 11.0]"
True,9727,1,48063,1,"[11.0625, 11.0, 11.1875, 11.0]"
False,9728,2,48082,3,"[11.0625, 11.0, 11.0625, 10.9375]"
False,9729,2,48110,0,"[11.0, 11.0, 11.0625, 11.125]"
False,9730,3,48111,0,"[10.75, 10.9375, 10.9375, 10.9375]"
False,9731,3,48113,0,"[10.875, 11.1875, 11.125, 11.125]"
False,9732,1,48117,0,"[10.9375, 11.0, 11.0, 10.9375]"
False,9733,1,48135,3,"[11.0625, 11.0, 11.0, 10.9375]"
False,9734,0,48139,1,"[11.0625, 10.875, 10.875, 11.0625]"
False,9735,3,48141,2,"[11.0625, 11.125, 10.875, 11.125]"
True,9736,0,48144,0,"[10.9375, 10.9375, 11.0, 11.0625]"
False,9737,2,48146,1,"[11.0625, 10.9375, 11.0625, 11.0625]"
False,9738,3,48162,1,"[11.0625, 10.875, 11.1875, 10.9375]"
False,9739,1,48165,0,"[11.0, 11.0625, 11.1875, 11.0]"
False,9740,1,48175,3,"[11.0625, 11.125, 11.0625, 11.0]"
False,9741,3,48184,0,"[10.9375, 11.0, 10.9375, 11.125]"
True,9742,2,48186,2,"[11.0625, 11.0625, 10.9375, 11.0]"
False,9743,0,48188,3,"[11.0, 11.0, 11.0625, 10.9375]"
False,9744,3,48190,0,"[11.0, 11.125, 11.0625, 11.0625]"
False,9745,0,48217,2,"[11.0, 11.125, 10.875, 11.0]"
True,9746,3,48227,3,"[10.9375, 10.875, 11.0, 10.8125]"
False,9747,1,48229,0,"[10.9375, 11.0625, 11.125, 11.1875]"
False,9748,2,48277,1,"[11.25, 11.0, 11.125, 11.0]"
True,9749,2,48281,2,"[11.1875, 11.125, 10.875, 11.0625]"
False,9750,2,48327,1,"[11.0625, 10.9375, 11.0625, 10.9375]"
False,9751,0,48334,1,"[11.0625, 10.875, 11.0625, 11.0]"
True,9752,0,48344,0,"[10.875, 11.125, 11.0, 11.0625]"
True,9753,2,48346,2,"[11.125, 11.125, 11.0625, 11.125]"
False,9754,0,48351,3,"[11.0625, 11.3125, 11.0625, 10.9375]"
True,9755,0,48367,0,"[10.875, 10.9375, 11.1875, 11.0625]"
False,9756,2,48370,0,"[11.0625, 11.0625, 11.0625, 11.0625]"
True,9757,1,48372,1,"[11.125, 10.9375, 10.9375, 11.0]"
True,9758,1,48390,1,"[11.0, 10.875, 10.875, 11.0625]"
False,9759,1,48396,3,"[11.125, 10.9375, 11.0625, 10.875]"
False,9760,2,48397,0,"[10.875, 11.0625, 11.0625, 11.0]"
False,9761,1,48405,3,"[11.0625, 10.9375, 11.0625, 10.875]"
True,9762,1,48418,1,"[11.0625, 11.0, 11.0625, 11.25]"
False,9763,3,48423,0,"[10.9375, 11.125, 11.0625, 11.0625]"
True,9764,0,48436,0,"[11.0625, 11.0625, 11.0625, 11.0625]"
True,9765,2,48437,2,"[11.125, 11.0, 10.9375, 10.9375]"
False,9766,2,48438,1,"[11.0, 10.9375, 11.1875, 10.9375]"
False,9767,0,48439,1,"[11.125, 10.8125, 11.0, 11.0625]"
True,9768,1,48441,1,"[11.1875, 11.0625, 11.0625, 11.0625]"
False,9769,2,48450,3,"[11.0625, 11.0625, 11.0, 10.9375]"
False,9770,2,48472,0,"[11.0, 11.125, 11.1875, 11.25]"
False,9771,2,48484,3,"[11.125, 11.0625, 11.125, 10.9375]"
True,9772,3,48498,3,"[10.9375, 10.9375, 10.9375, 10.875]"
False,9773,1,48502,0,"[10.9375, 11.0, 11.0, 11.0625]"
False,9774,2,48516,0,"[11.0, 11.125, 11.0625, 11.0]"
False,9775,1,48520,2,"[11.0, 11.0, 10.9375, 11.0]"
True,9776,2,48544,2,"[11.1875, 11.0, 10.9375, 10.9375]"
True,9777,3,48545,3,"[11.125, 11.0625, 11.125, 11.0]"
False,9778,3,48559,2,"[11.0625, 10.9375, 10.8125, 10.9375]"
False,9779,0,48570,2,"[11.125, 11.125, 10.875, 11.0625]"
True,9780,1,48572,1,"[11.1875, 11.0625, 11.0625, 11.0625]"
False,9781,2,48580,0,"[10.875, 10.9375, 11.125, 11.0625]"
False,9782,2,48588,1,"[11.0, 10.875, 10.9375, 10.875]"
False,9783,1,48592,2,"[10.9375, 11.0, 10.875, 11.0625]"
False,9784,3,48609,1,"[11.125, 10.9375, 11.25, 11.0]"
False,9785,3,48612,1,"[11.0625, 10.9375, 10.9375, 11.0]"
False,9786,3,48613,0,"[10.875, 10.9375, 10.875, 10.9375]"
False,9787,2,48623,1,"[11.125, 11.0, 11.125, 11.0625]"
False,9788,2,48624,0,"[10.875, 11.0625, 11.0, 11.0]"
False,9789,2,48627,1,"[11.125, 10.9375, 11.125, 11.0]"
False,9790,3,48639,2,"[11.0625, 11.125, 10.8125, 11.125]"
True,9791,1,48640,1,"[11.125, 10.9375, 11.125, 10.9375]"
False,9792,0,48645,3,"[10.9375, 11.0, 11.0, 10.875]"
False,9793,1,48650,3,"[11.0, 11.0, 11.1875, 10.875]"
True,9794,0,48651,0,"[10.9375, 11.0625, 11.0, 10.9375]"
False,9795,3,48657,0,"[10.8125, 11.125, 10.9375, 11.0]"
False,9796,2,48659,1,"[11.125, 10.875, 11.0, 10.9375]"
False,9797,2,48662,3,"[11.0, 11.125, 11.0, 10.9375]"
False,9798,1,48671,2,"[11.0, 11.0625, 10.875, 11.0]"
False,9799,3,48686,1,"[11.125, 10.8125, 11.0, 11.0625]"
False,9800,1,48689,2,"[11.0625, 11.125, 11.0, 11.125]"
True,9801,1,48697,1,"[11.0, 10.875, 11.0, 11.0625]"
False,9802,3,48712,0,"[11.0, 11.0625, 11.0, 11.0625]"
False,9803,1,48724,0,"[11.0625, 11.1875, 11.125, 11.0625]"
False,9804,2,48751,1,"[11.25, 10.9375, 11.0, 11.0]"
True,9805,1,48759,1,"[11.0625, 11.0, 11.1875, 11.0625]"
False,9806,2,48773,3,"[11.0625, 11.0625, 11.125, 11.0]"
True,9807,0,48783,0,"[10.875, 11.0, 11.0625, 10.875]"
False,9808,2,48784,3,"[10.9375, 11.1875, 11.0625, 10.8125]"
False,9809,0,48793,3,"[11.0, 11.0625, 11.0625, 10.9375]"
False,9810,1,48795,0,"[10.9375, 11.4375, 11.0625, 11.125]"
True,9811,3,48797,3,"[11.0625, 11.125, 11.0, 10.875]"
False,9812,2,48801,0,"[11.0, 11.0, 11.0625, 11.25]"
False,9813,2,48813,1,"[11.0625, 11.0, 11.3125, 11.0625]"
True,9814,2,48836,2,"[11.1875, 11.125, 10.875, 11.0]"
False,9815,2,48847,0,"[10.9375, 11.0, 11.0625, 10.9375]"
False,9816,0,48849,1,"[11.0625, 10.9375, 11.125, 11.0625]"
False,9817,0,48854,1,"[11.0, 10.875, 11.0625, 11.125]"
True,9818,2,48860,2,"[11.0625, 11.0625, 10.8125, 10.9375]"
False,9819,2,48885,1,"[11.0, 10.875, 10.9375, 11.0625]"
False,9820,3,48886,0,"[10.875, 11.1875, 11.0625, 11.0625]"
False,9821,1,48888,3,"[10.9375, 11.3125, 10.9375, 10.875]"
False,9822,0,48898,3,"[11.125, 11.0625, 11.125, 11.0]"
False,9823,1,48899,0,"[10.9375, 11.0625, 11.0, 11.3125]"
False,9824,0,48908,1,"[11.0, 10.9375, 10.9375, 11.0625]"
False,9825,2,48924,0,"[10.875, 11.0, 11.0625, 11.125]"
False,9826,1,48928,0,"[11.0, 11.0, 11.0, 11.125]"
True,9827,0,48932,0,"[10.9375, 11.25, 11.0, 11.0625]"
False,9828,2,48936,0,"[10.8125, 11.125, 10.9375, 10.9375]"
True,9829,1,48937,1,"[10.9375, 10.875, 11.0, 11.0625]"
False,9830,1,48942,2,"[11.0, 11.0625, 10.9375, 10.9375]"
False,9831,3,48945,2,"[11.0625, 11.125, 10.8125, 10.875]"
True,9832,0,48946,0,"[10.8125, 10.9375, 11.0, 11.0625]"
False,9833,2,48956,0,"[11.0625, 11.125, 11.0625, 11.125]"
False,9834,1,48961,2,"[10.9375, 11.0, 10.8125, 11.0625]"
True,9835,0,48962,0,"[10.9375, 11.0625, 11.125, 11.0]"
False,9836,3,48981,2,"[11.125, 11.125, 11.0, 11.1875]"
False,9837,0,48982,1,"[11.0, 10.9375, 11.0, 11.0625]"
False,9838,3,48990,0,"[10.9375, 11.0625, 11.125, 10.9375]"
False,9839,3,49011,1,"[11.0, 10.9375, 10.9375, 11.0]"
False,9840,0,49028,2,"[11.0625, 11.125, 11.0, 11.0]"
False,9841,1,49032,0,"[10.8125, 11.0625, 10.9375, 10.9375]"
False,9842,2,49042,0,"[10.9375, 11.0, 11.25, 11.0]"
False,9843,3,49043,1,"[11.1875, 10.9375, 11.125, 11.125]"
False,9844,3,49045,1,"[11.1875, 11.0, 11.0625, 11.0]"
True,9845,1,49050,1,"[11.0625, 10.875, 11.125, 10.9375]"
False,9846,3,49052,0,"[10.9375, 11.0, 11.0625, 11.0625]"
False,9847,0,49055,1,"[11.0625, 10.8125, 11.0, 11.0625]"
False,9848,2,49056,0,"[11.0, 11.0, 11.0, 11.125]"
False,9849,3,49060,0,"[10.875, 11.0625, 11.125, 10.875]"
True,9850,0,49063,0,"[11.0, 11.0625, 11.0, 11.0]"
False,9851,2,49068,3,"[10.9375, 11.0, 11.0, 10.8125]"
False,9852,3,49073,1,"[11.0, 10.9375, 10.9375, 11.0]"
False,9853,0,49074,2,"[11.0625, 11.125, 11.0, 11.0625]"
False,9854,2,49083,0,"[10.9375, 11.0625, 11.0625, 11.0625]"
False,9855,2,49090,0,"[11.0625, 11.125, 11.0625, 11.0625]"
False,9856,2,49114,1,"[10.875, 10.75, 10.9375, 11.0]"
True,9857,2,49122,2,"[11.125, 11.0, 10.9375, 11.0625]"
False,9858,0,49124,1,"[11.0, 10.875, 11.0, 11.125]"
False,9859,2,49133,0,"[10.9375, 10.9375, 11.0, 11.0]"
False,9860,2,49139,0,"[10.875, 11.0, 11.0625, 11.125]"
False,9861,1,49140,0,"[10.875, 10.875, 11.0625, 10.875]"
False,9862,0,49146,3,"[10.9375, 11.0625, 11.0625, 10.875]"
False,9863,1,49158,3,"[11.125, 11.125, 11.0625, 11.0]"
False,9864,1,49185,2,"[11.0, 11.0625, 10.875, 11.0]"
True,9865,1,49197,1,"[11.0625, 10.9375, 10.9375, 11.0625]"
False,9866,1,49207,3,"[11.0, 11.0, 11.0625, 10.875]"
False,9867,3,49217,0,"[11.0625, 11.0625, 11.1875, 11.125]"
True,9868,0,49219,0,"[10.9375, 11.0, 11.125, 10.9375]"
False,9869,0,49222,2,"[11.0625, 11.125, 11.0, 11.125]"
False,9870,2,49247,0,"[11.0, 11.0625, 11.0625, 11.125]"
False,9871,3,49250,2,"[11.0625, 11.0625, 10.875, 11.1875]"
False,9872,2,49262,0,"[11.0625, 11.1875, 11.125, 11.0625]"
False,9873,2,49269,3,"[11.0625, 11.0625, 11.0625, 11.0]"
False,9874,3,49271,0,"[11.0, 11.0625, 11.0, 11.0]"
False,9875,3,49278,0,"[10.875, 10.875, 11.125, 10.9375]"
False,9876,2,49281,0,"[11.0, 11.125, 11.125, 11.1875]"
False,9877,3,49282,2,"[11.1875, 10.9375, 10.8125, 10.875]"
False,9878,2,49284,0,"[11.0, 11.125, 11.0625, 11.0625]"
False,9879,1,49285,0,"[11.0, 11.125, 11.125, 11.0]"
False,9880,0,49291,3,"[11.125, 11.0625, 11.0, 10.9375]"
False,9881,1,49295,2,"[11.125, 11.1875, 10.875, 10.875]"
False,9882,2,49296,3,"[11.0, 11.125, 10.9375, 10.8125]"
False,9883,1,49315,0,"[11.0, 11.0, 11.0625, 11.0]"
True,9884,1,49324,1,"[11.1875, 10.875, 11.0, 11.0]"
False,9885,2,49336,1,"[11.125, 10.8125, 11.0625, 10.9375]"
False,9886,1,49361,3,"[11.0625, 11.0625, 11.125, 10.9375]"
False,9887,2,49373,3,"[11.125, 11.0625, 11.0625, 11.0]"
False,9888,2,49402,0,"[11.0, 11.0625, 11.0625, 11.0]"
False,9889,2,49407,1,"[11.125, 11.0, 11.125, 11.1875]"
False,9890,2,49412,3,"[11.25, 10.9375, 11.0, 10.875]"
False,9891,0,49427,2,"[10.9375, 10.9375, 10.875, 11.0]"
False,9892,1,49429,0,"[10.9375, 10.9375, 11.125, 11.0625]"
False,9893,3,49464,2,"[11.125, 11.0625, 11.0, 11.0625]"
False,9894,0,49479,2,"[11.0625, 11.125, 10.9375, 11.0625]"
False,9895,2,49488,0,"[10.875, 11.0625, 10.9375, 11.0625]"
False,9896,2,49492,0,"[10.9375, 11.0, 10.9375, 11.125]"
False,9897,0,49499,2,"[11.0, 11.0, 10.875, 10.875]"
False,9898,2,49505,0,"[11.0625, 11.125, 11.0625, 11.25]"
False,9899,1,49507,0,"[10.875, 10.9375, 11.0, 11.0625]"
False,9900,1,49508,0,"[10.875, 11.0625, 11.0, 10.9375]"
False,9901,3,49514,0,"[10.875, 11.0, 11.0, 11.0]"
False,9902,3,49544,0,"[10.875, 11.0, 11.0, 10.9375]"
True,9903,0,49553,0,"[10.875, 11.0, 11.0625, 11.125]"
False,9904,2,49558,3,"[11.0, 11.0, 11.125, 10.9375]"
False,9905,1,49562,3,"[11.0625, 11.125, 11.0625, 11.0]"
True,9906,3,49563,3,"[11.0, 11.125, 11.0, 10.9375]"
False,9907,0,49564,3,"[11.0625, 11.0, 11.0, 10.875]"
True,9908,0,49569,0,"[10.9375, 11.0, 11.125, 10.9375]"
False,9909,1,49578,2,"[11.0, 11.125, 10.9375, 10.9375]"
False,9910,2,49586,0,"[11.0, 11.125, 11.0625, 11.125]"
False,9911,3,49594,2,"[11.0, 11.0625, 10.9375, 11.1875]"
False,9912,3,49597,0,"[10.9375, 11.125, 10.9375, 11.0]"
True,9913,0,49612,0,"[10.875, 11.0, 11.0, 11.1875]"
True,9914,0,49624,0,"[11.0, 11.0, 11.0625, 11.0]"
True,9915,3,49626,3,"[11.0, 10.9375, 11.0, 10.75]"
False,9916,2,49639,1,"[10.875, 10.8125, 11.1875, 11.0625]"
False,9917,3,49643,0,"[10.9375, 11.25, 11.0625, 11.0625]"
False,9918,2,49648,3,"[11.125, 11.125, 11.0625, 10.875]"
True,9919,0,49658,0,"[11.0, 11.0625, 11.125, 11.0625]"
False,9920,2,49660,3,"[11.125, 11.125, 11.125, 10.9375]"
False,9921,1,49662,3,"[10.9375, 10.9375, 11.0, 10.8125]"
False,9922,1,49663,2,"[10.9375, 11.125, 10.875, 11.0]"
True,9923,0,49666,0,"[10.875, 10.9375, 11.0, 11.0]"
False,9924,3,49685,0,"[10.9375, 11.125, 11.0625, 11.0]"
False,9925,3,49698,2,"[11.25, 11.125, 11.0, 11.1875]"
True,9926,0,49700,0,"[11.0, 11.0625, 11.0, 11.0625]"
False,9927,1,49703,3,"[11.125, 11.1875, 11.0625, 11.0]"
True,9928,1,49710,1,"[11.0625, 11.0, 11.0625, 11.0625]"
True,9929,0,49712,0,"[10.9375, 11.0625, 11.125, 11.0]"
True,9930,2,49729,2,"[11.0, 11.0, 10.9375, 11.125]"
False,9931,3,49749,0,"[10.9375, 11.0, 11.0625, 11.0]"
True,9932,1,49758,1,"[11.0, 10.875, 10.9375, 11.1875]"
False,9933,0,49806,2,"[11.0, 11.0, 10.8125, 10.875]"
False,9934,0,49811,1,"[11.125, 10.875, 11.0625, 11.0]"
False,9935,3,49812,1,"[11.0625, 10.9375, 10.9375, 11.0625]"
False,9936,0,49817,1,"[11.0625, 11.0, 11.1875, 11.125]"
False,9937,0,49823,1,"[11.0625, 10.9375, 11.0, 11.0625]"
True,9938,0,49832,0,"[11.125, 11.25, 11.1875, 11.125]"
True,9939,1,49834,1,"[11.125, 11.0, 11.0625, 11.0625]"
False,9940,1,49856,0,"[11.0625, 11.25, 11.1875, 11.125]"
False,9941,3,49858,0,"[10.875, 11.0, 11.0, 11.1875]"
True,9942,1,49859,1,"[11.0, 10.9375, 11.0, 10.9375]"
False,9943,0,49860,2,"[11.0625, 11.125, 10.875, 11.0]"
True,9944,2,49865,2,"[11.0625, 11.1875, 11.0, 11.0]"
False,9945,3,49871,2,"[11.0, 11.0, 10.9375, 11.0]"
False,9946,1,49876,2,"[11.0625, 11.0, 10.75, 11.125]"
False,9947,1,49897,2,"[11.0, 11.0, 10.9375, 11.0]"
False,9948,2,49903,0,"[10.9375, 11.0, 11.0, 11.0]"
False,9949,1,49911,0,"[10.9375, 11.0, 11.0, 11.125]"
False,9950,0,49917,2,"[11.0, 11.0625, 10.9375, 11.0625]"
False,9951,3,49920,2,"[11.0, 11.125, 10.9375, 11.0625]"
False,9952,0,49949,1,"[11.125, 11.0, 11.0, 11.0625]"
True,9953,2,49952,2,"[11.0625, 11.0625, 10.9375, 11.0]"
True,9954,3,49953,3,"[11.0, 11.0625, 11.3125, 10.875]"
False,9955,1,49969,0,"[11.125, 11.125, 11.1875, 11.125]"
False,9956,3,49978,1,"[11.0, 10.9375, 11.0, 11.0625]"
False,9957,3,49981,2,"[11.125, 11.0625, 10.9375, 10.9375]"
False,9958,2,50015,0,"[10.9375, 11.0, 11.0625, 11.0625]"
True,9959,0,50034,0,"[10.9375, 11.0625, 11.0625, 10.9375]"
False,9960,0,50039,2,"[11.0, 11.0, 10.9375, 11.0]"
False,9961,3,50050,0,"[11.0, 11.0, 11.0625, 11.0625]"
False,9962,2,50068,3,"[10.9375, 11.1875, 11.0625, 10.875]"
True,9963,0,50074,0,"[10.875, 11.125, 10.9375, 11.0625]"
False,9964,0,50079,3,"[11.0, 11.1875, 11.125, 10.9375]"
False,9965,1,50083,3,"[11.0625, 11.0, 11.0625, 10.9375]"
False,9966,2,50092,1,"[11.125, 10.9375, 11.0625, 11.1875]"
False,9967,1,50102,0,"[10.875, 11.0, 10.9375, 11.0625]"
True,9968,0,50104,0,"[11.0625, 11.125, 11.125, 11.0625]"
False,9969,1,50111,0,"[10.8125, 11.0, 11.0, 11.0625]"
False,9970,0,50114,1,"[11.0, 10.9375, 11.0, 11.0625]"
False,9971,3,50140,0,"[11.0, 11.0625, 11.0625, 11.0625]"
False,9972,2,50141,1,"[11.0625, 10.875, 11.0625, 11.0625]"
False,9973,2,50149,0,"[11.0, 11.0, 11.0625, 11.0625]"
False,9974,2,50150,3,"[11.0, 11.125, 11.0, 10.9375]"
True,9975,0,50156,0,"[11.0, 11.375, 11.125, 11.0]"
False,9976,1,50178,3,"[11.0625, 11.125, 11.0625, 10.9375]"
False,9977,0,50179,3,"[11.0, 11.0625, 11.125, 10.9375]"
True,9978,2,50192,2,"[11.125, 11.0625, 10.9375, 10.9375]"
False,9979,0,50193,3,"[11.125, 11.125, 11.0625, 11.0]"
True,9980,0,50195,0,"[10.9375, 11.0625, 11.0625, 11.0625]"
True,9981,2,50198,2,"[11.0, 11.0, 10.9375, 11.25]"
False,9982,1,50200,0,"[10.9375, 10.9375, 11.0, 11.0625]"
True,9983,2,50207,2,"[11.0625, 11.0625, 11.0, 11.125]"
True,9984,1,50209,1,"[11.125, 10.9375, 10.9375, 11.0]"
True,9985,1,50229,1,"[11.0, 10.9375, 11.0, 11.0625]"
False,9986,0,50230,1,"[11.0, 10.9375, 11.0, 11.125]"
False,9987,0,50235,2,"[10.9375, 10.9375, 10.8125, 11.0625]"
False,9988,0,50238,1,"[11.0, 10.875, 11.125, 11.125]"
True,9989,0,50240,0,"[11.0625, 11.0625, 11.0625, 11.125]"
False,9990,2,50244,3,"[11.0, 11.125, 11.0625, 10.875]"
False,9991,2,50253,0,"[11.0, 11.0625, 11.1875, 11.0625]"
True,9992,1,50272,1,"[10.875, 10.8125, 11.0, 11.0625]"
False,9993,0,50285,2,"[11.0, 10.9375, 10.875, 11.0]"
False,9994,3,50310,2,"[10.9375, 11.0, 10.875, 11.0625]"
True,9995,3,50313,3,"[11.125, 11.0625, 11.0, 10.9375]"
False,9996,0,50315,3,"[11.0, 10.9375, 10.9375, 10.8125]"
False,9997,1,50320,0,"[11.0, 11.0625, 11.0, 11.0625]"
False,9998,3,50328,0,"[11.0625, 11.125, 11.0625, 11.0625]"
False,9999,2,50329,1,"[11.1875, 11.0625, 11.0625, 11.0625]"
False,10000,1,50351,3,"[11.0625, 11.375, 11.0, 10.9375]"
True,10001,1,50368,1,"[11.1875, 11.0625, 11.0625, 11.0625]"
False,10002,0,50375,1,"[11.0625, 11.0, 11.125, 11.0]"
True,10003,0,50379,0,"[10.8125, 10.875, 11.125, 11.125]"
True,10004,3,50383,3,"[11.0, 11.125, 11.0625, 10.9375]"
True,10005,0,50386,0,"[10.8125, 11.0625, 11.1875, 10.9375]"
False,10006,3,50390,2,"[11.0625, 11.0625, 10.875, 11.0]"
False,10007,1,50423,2,"[11.0, 10.9375, 10.75, 11.0]"
False,10008,2,50427,0,"[11.125, 11.1875, 11.125, 11.125]"
False,10009,3,50428,0,"[10.875, 11.0, 10.9375, 11.1875]"
False,10010,0,50438,2,"[11.125, 10.9375, 10.875, 11.125]"
False,10011,3,50445,2,"[10.9375, 11.0, 10.8125, 10.875]"
True,10012,1,50461,1,"[10.9375, 10.8125, 10.875, 11.125]"
False,10013,3,50463,2,"[11.125, 11.125, 10.9375, 11.0625]"
False,10014,1,50475,0,"[10.9375, 11.0, 11.0, 11.0]"
False,10015,1,50476,0,"[11.0, 11.0, 11.0, 11.0625]"
False,10016,0,50477,2,"[11.0, 11.0625, 10.875, 11.125]"
False,10017,1,50478,2,"[11.125, 11.125, 11.0625, 11.0625]"
False,10018,2,50481,3,"[11.0, 11.0625, 11.0625, 10.8125]"
False,10019,2,50485,3,"[11.1875, 11.0, 11.0, 10.9375]"
False,10020,2,50512,1,"[10.9375, 10.8125, 10.8125, 11.0625]"
False,10021,2,50515,1,"[10.9375, 10.8125, 11.0, 11.0]"
True,10022,2,50517,2,"[11.0625, 11.125, 10.875, 11.25]"
True,10023,3,50518,3,"[11.0, 11.1875, 11.1875, 10.9375]"
True,10024,3,50522,3,"[11.0625, 11.0, 11.0, 10.9375]"
True,10025,0,50536,0,"[11.0, 11.0625, 11.125, 11.1875]"
False,10026,3,50544,2,"[11.0625, 11.25, 10.9375, 11.125]"
True,10027,2,50547,2,"[11.1875, 11.0625, 10.8125, 11.0]"
True,10028,0,50548,0,"[10.8125, 11.0625, 10.9375, 10.9375]"
False,10029,1,50557,3,"[11.0625, 11.0, 11.0625, 10.9375]"
True,10030,2,50566,2,"[11.0, 10.875, 10.75, 11.125]"
False,10031,0,50568,1,"[11.125, 10.9375, 11.0, 11.125]"
True,10032,0,50569,0,"[10.8125, 11.0, 10.8125, 11.0]"
False,10033,0,50576,3,"[11.0625, 11.125, 11.0, 10.9375]"
True,10034,2,50580,2,"[11.1875, 11.1875, 11.0, 11.0625]"
True,10035,3,50597,3,"[11.0, 11.125, 11.0, 10.9375]"
False,10036,1,50601,3,"[11.0625, 11.0, 11.0, 10.9375]"
False,10037,1,50634,2,"[11.1875, 11.0625, 11.0, 11.125]"
False,10038,3,50640,0,"[10.9375, 10.9375, 11.0, 10.9375]"
True,10039,3,50646,3,"[11.125, 11.125, 11.1875, 11.0]"
False,10040,2,50653,0,"[10.875, 10.875, 10.9375, 11.0625]"
True,10041,2,50657,2,"[11.0625, 11.0625, 10.8125, 11.125]"
